orgId,m_min,threshold,metric,n_eligible,n_total,frac_eligible
ANA3,3,0.1,tail_g,3668,3668,1.0
ANA3,3,0.2,tail_g,3666,3668,0.9994547437295529
ANA3,3,0.3,tail_g,3615,3668,0.9855507088331515
ANA3,3,0.4,tail_g,3463,3668,0.9441112322791713
ANA3,3,0.6,tail_g,2965,3668,0.8083424209378408
ANA3,3,0.8,tail_g,2413,3668,0.6578516902944384
ANA3,3,1.0,tail_g,1903,3668,0.5188113413304253
ANA3,3,1.5,tail_g,1111,3668,0.30288985823336967
ANA3,5,0.1,tail_g,3668,3668,1.0
ANA3,5,0.2,tail_g,3666,3668,0.9994547437295529
ANA3,5,0.3,tail_g,3615,3668,0.9855507088331515
ANA3,5,0.4,tail_g,3463,3668,0.9441112322791713
ANA3,5,0.6,tail_g,2965,3668,0.8083424209378408
ANA3,5,0.8,tail_g,2413,3668,0.6578516902944384
ANA3,5,1.0,tail_g,1903,3668,0.5188113413304253
ANA3,5,1.5,tail_g,1111,3668,0.30288985823336967
ANA3,10,0.1,tail_g,3668,3668,1.0
ANA3,10,0.2,tail_g,3666,3668,0.9994547437295529
ANA3,10,0.3,tail_g,3615,3668,0.9855507088331515
ANA3,10,0.4,tail_g,3463,3668,0.9441112322791713
ANA3,10,0.6,tail_g,2965,3668,0.8083424209378408
ANA3,10,0.8,tail_g,2413,3668,0.6578516902944384
ANA3,10,1.0,tail_g,1903,3668,0.5188113413304253
ANA3,10,1.5,tail_g,1111,3668,0.30288985823336967
ANA3,15,0.1,tail_g,3668,3668,1.0
ANA3,15,0.2,tail_g,3666,3668,0.9994547437295529
ANA3,15,0.3,tail_g,3615,3668,0.9855507088331515
ANA3,15,0.4,tail_g,3463,3668,0.9441112322791713
ANA3,15,0.6,tail_g,2965,3668,0.8083424209378408
ANA3,15,0.8,tail_g,2413,3668,0.6578516902944384
ANA3,15,1.0,tail_g,1903,3668,0.5188113413304253
ANA3,15,1.5,tail_g,1111,3668,0.30288985823336967
ANA3,20,0.1,tail_g,3668,3668,1.0
ANA3,20,0.2,tail_g,3666,3668,0.9994547437295529
ANA3,20,0.3,tail_g,3615,3668,0.9855507088331515
ANA3,20,0.4,tail_g,3463,3668,0.9441112322791713
ANA3,20,0.6,tail_g,2965,3668,0.8083424209378408
ANA3,20,0.8,tail_g,2413,3668,0.6578516902944384
ANA3,20,1.0,tail_g,1903,3668,0.5188113413304253
ANA3,20,1.5,tail_g,1111,3668,0.30288985823336967
ANA3,30,0.1,tail_g,3668,3668,1.0
ANA3,30,0.2,tail_g,3666,3668,0.9994547437295529
ANA3,30,0.3,tail_g,3615,3668,0.9855507088331515
ANA3,30,0.4,tail_g,3463,3668,0.9441112322791713
ANA3,30,0.6,tail_g,2965,3668,0.8083424209378408
ANA3,30,0.8,tail_g,2413,3668,0.6578516902944384
ANA3,30,1.0,tail_g,1903,3668,0.5188113413304253
ANA3,30,1.5,tail_g,1111,3668,0.30288985823336967
ANA3,50,0.1,tail_g,3668,3668,1.0
ANA3,50,0.2,tail_g,3666,3668,0.9994547437295529
ANA3,50,0.3,tail_g,3615,3668,0.9855507088331515
ANA3,50,0.4,tail_g,3463,3668,0.9441112322791713
ANA3,50,0.6,tail_g,2965,3668,0.8083424209378408
ANA3,50,0.8,tail_g,2413,3668,0.6578516902944384
ANA3,50,1.0,tail_g,1903,3668,0.5188113413304253
ANA3,50,1.5,tail_g,1111,3668,0.30288985823336967
BFirm,3,0.1,tail_g,5428,5428,1.0
BFirm,3,0.2,tail_g,5425,5428,0.9994473102431835
BFirm,3,0.3,tail_g,5322,5428,0.9804716285924834
BFirm,3,0.4,tail_g,5030,5428,0.9266764922623434
BFirm,3,0.6,tail_g,3823,5428,0.7043109801031687
BFirm,3,0.8,tail_g,2602,5428,0.4793662490788504
BFirm,3,1.0,tail_g,1729,5428,0.31853352984524685
BFirm,3,1.5,tail_g,686,5428,0.12638172439204126
BFirm,5,0.1,tail_g,5428,5428,1.0
BFirm,5,0.2,tail_g,5425,5428,0.9994473102431835
BFirm,5,0.3,tail_g,5322,5428,0.9804716285924834
BFirm,5,0.4,tail_g,5030,5428,0.9266764922623434
BFirm,5,0.6,tail_g,3823,5428,0.7043109801031687
BFirm,5,0.8,tail_g,2602,5428,0.4793662490788504
BFirm,5,1.0,tail_g,1729,5428,0.31853352984524685
BFirm,5,1.5,tail_g,686,5428,0.12638172439204126
BFirm,10,0.1,tail_g,5428,5428,1.0
BFirm,10,0.2,tail_g,5425,5428,0.9994473102431835
BFirm,10,0.3,tail_g,5322,5428,0.9804716285924834
BFirm,10,0.4,tail_g,5030,5428,0.9266764922623434
BFirm,10,0.6,tail_g,3823,5428,0.7043109801031687
BFirm,10,0.8,tail_g,2602,5428,0.4793662490788504
BFirm,10,1.0,tail_g,1729,5428,0.31853352984524685
BFirm,10,1.5,tail_g,686,5428,0.12638172439204126
BFirm,15,0.1,tail_g,5428,5428,1.0
BFirm,15,0.2,tail_g,5425,5428,0.9994473102431835
BFirm,15,0.3,tail_g,5322,5428,0.9804716285924834
BFirm,15,0.4,tail_g,5030,5428,0.9266764922623434
BFirm,15,0.6,tail_g,3823,5428,0.7043109801031687
BFirm,15,0.8,tail_g,2602,5428,0.4793662490788504
BFirm,15,1.0,tail_g,1729,5428,0.31853352984524685
BFirm,15,1.5,tail_g,686,5428,0.12638172439204126
BFirm,20,0.1,tail_g,5428,5428,1.0
BFirm,20,0.2,tail_g,5425,5428,0.9994473102431835
BFirm,20,0.3,tail_g,5322,5428,0.9804716285924834
BFirm,20,0.4,tail_g,5030,5428,0.9266764922623434
BFirm,20,0.6,tail_g,3823,5428,0.7043109801031687
BFirm,20,0.8,tail_g,2602,5428,0.4793662490788504
BFirm,20,1.0,tail_g,1729,5428,0.31853352984524685
BFirm,20,1.5,tail_g,686,5428,0.12638172439204126
BFirm,30,0.1,tail_g,5428,5428,1.0
BFirm,30,0.2,tail_g,5425,5428,0.9994473102431835
BFirm,30,0.3,tail_g,5322,5428,0.9804716285924834
BFirm,30,0.4,tail_g,5030,5428,0.9266764922623434
BFirm,30,0.6,tail_g,3823,5428,0.7043109801031687
BFirm,30,0.8,tail_g,2602,5428,0.4793662490788504
BFirm,30,1.0,tail_g,1729,5428,0.31853352984524685
BFirm,30,1.5,tail_g,686,5428,0.12638172439204126
BFirm,50,0.1,tail_g,5428,5428,1.0
BFirm,50,0.2,tail_g,5425,5428,0.9994473102431835
BFirm,50,0.3,tail_g,5322,5428,0.9804716285924834
BFirm,50,0.4,tail_g,5030,5428,0.9266764922623434
BFirm,50,0.6,tail_g,3823,5428,0.7043109801031687
BFirm,50,0.8,tail_g,2602,5428,0.4793662490788504
BFirm,50,1.0,tail_g,1729,5428,0.31853352984524685
BFirm,50,1.5,tail_g,686,5428,0.12638172439204126
Btheta,3,0.1,tail_g,4055,4055,1.0
Btheta,3,0.2,tail_g,4051,4055,0.9990135635018496
Btheta,3,0.3,tail_g,3973,4055,0.9797780517879161
Btheta,3,0.4,tail_g,3686,4055,0.9090012330456226
Btheta,3,0.6,tail_g,2886,4055,0.7117139334155363
Btheta,3,0.8,tail_g,2091,4055,0.5156596794081381
Btheta,3,1.0,tail_g,1540,4055,0.3797780517879161
Btheta,3,1.5,tail_g,721,4055,0.17780517879161528
Btheta,5,0.1,tail_g,4055,4055,1.0
Btheta,5,0.2,tail_g,4051,4055,0.9990135635018496
Btheta,5,0.3,tail_g,3973,4055,0.9797780517879161
Btheta,5,0.4,tail_g,3686,4055,0.9090012330456226
Btheta,5,0.6,tail_g,2886,4055,0.7117139334155363
Btheta,5,0.8,tail_g,2091,4055,0.5156596794081381
Btheta,5,1.0,tail_g,1540,4055,0.3797780517879161
Btheta,5,1.5,tail_g,721,4055,0.17780517879161528
Btheta,10,0.1,tail_g,4055,4055,1.0
Btheta,10,0.2,tail_g,4051,4055,0.9990135635018496
Btheta,10,0.3,tail_g,3973,4055,0.9797780517879161
Btheta,10,0.4,tail_g,3686,4055,0.9090012330456226
Btheta,10,0.6,tail_g,2886,4055,0.7117139334155363
Btheta,10,0.8,tail_g,2091,4055,0.5156596794081381
Btheta,10,1.0,tail_g,1540,4055,0.3797780517879161
Btheta,10,1.5,tail_g,721,4055,0.17780517879161528
Btheta,15,0.1,tail_g,4055,4055,1.0
Btheta,15,0.2,tail_g,4051,4055,0.9990135635018496
Btheta,15,0.3,tail_g,3973,4055,0.9797780517879161
Btheta,15,0.4,tail_g,3686,4055,0.9090012330456226
Btheta,15,0.6,tail_g,2886,4055,0.7117139334155363
Btheta,15,0.8,tail_g,2091,4055,0.5156596794081381
Btheta,15,1.0,tail_g,1540,4055,0.3797780517879161
Btheta,15,1.5,tail_g,721,4055,0.17780517879161528
Btheta,20,0.1,tail_g,4055,4055,1.0
Btheta,20,0.2,tail_g,4051,4055,0.9990135635018496
Btheta,20,0.3,tail_g,3973,4055,0.9797780517879161
Btheta,20,0.4,tail_g,3686,4055,0.9090012330456226
Btheta,20,0.6,tail_g,2886,4055,0.7117139334155363
Btheta,20,0.8,tail_g,2091,4055,0.5156596794081381
Btheta,20,1.0,tail_g,1540,4055,0.3797780517879161
Btheta,20,1.5,tail_g,721,4055,0.17780517879161528
Btheta,30,0.1,tail_g,4055,4055,1.0
Btheta,30,0.2,tail_g,4051,4055,0.9990135635018496
Btheta,30,0.3,tail_g,3973,4055,0.9797780517879161
Btheta,30,0.4,tail_g,3686,4055,0.9090012330456226
Btheta,30,0.6,tail_g,2886,4055,0.7117139334155363
Btheta,30,0.8,tail_g,2091,4055,0.5156596794081381
Btheta,30,1.0,tail_g,1540,4055,0.3797780517879161
Btheta,30,1.5,tail_g,721,4055,0.17780517879161528
Btheta,50,0.1,tail_g,4055,4055,1.0
Btheta,50,0.2,tail_g,4051,4055,0.9990135635018496
Btheta,50,0.3,tail_g,3973,4055,0.9797780517879161
Btheta,50,0.4,tail_g,3686,4055,0.9090012330456226
Btheta,50,0.6,tail_g,2886,4055,0.7117139334155363
Btheta,50,0.8,tail_g,2091,4055,0.5156596794081381
Btheta,50,1.0,tail_g,1540,4055,0.3797780517879161
Btheta,50,1.5,tail_g,721,4055,0.17780517879161528
Burk376,3,0.1,tail_g,5146,5153,0.9986415680186299
Burk376,3,0.2,tail_g,4883,5153,0.9476033378614399
Burk376,3,0.3,tail_g,4165,5153,0.8082670289151951
Burk376,3,0.4,tail_g,3262,5153,0.6330293033184553
Burk376,3,0.6,tail_g,1879,5153,0.3646419561420532
Burk376,3,0.8,tail_g,1075,5153,0.20861633999611875
Burk376,3,1.0,tail_g,680,5153,0.13196196390452164
Burk376,3,1.5,tail_g,315,5153,0.06112943916165341
Burk376,5,0.1,tail_g,5146,5153,0.9986415680186299
Burk376,5,0.2,tail_g,4883,5153,0.9476033378614399
Burk376,5,0.3,tail_g,4165,5153,0.8082670289151951
Burk376,5,0.4,tail_g,3262,5153,0.6330293033184553
Burk376,5,0.6,tail_g,1879,5153,0.3646419561420532
Burk376,5,0.8,tail_g,1075,5153,0.20861633999611875
Burk376,5,1.0,tail_g,680,5153,0.13196196390452164
Burk376,5,1.5,tail_g,315,5153,0.06112943916165341
Burk376,10,0.1,tail_g,5146,5153,0.9986415680186299
Burk376,10,0.2,tail_g,4883,5153,0.9476033378614399
Burk376,10,0.3,tail_g,4165,5153,0.8082670289151951
Burk376,10,0.4,tail_g,3262,5153,0.6330293033184553
Burk376,10,0.6,tail_g,1879,5153,0.3646419561420532
Burk376,10,0.8,tail_g,1075,5153,0.20861633999611875
Burk376,10,1.0,tail_g,680,5153,0.13196196390452164
Burk376,10,1.5,tail_g,315,5153,0.06112943916165341
Burk376,15,0.1,tail_g,0,5153,0.0
Burk376,15,0.2,tail_g,0,5153,0.0
Burk376,15,0.3,tail_g,0,5153,0.0
Burk376,15,0.4,tail_g,0,5153,0.0
Burk376,15,0.6,tail_g,0,5153,0.0
Burk376,15,0.8,tail_g,0,5153,0.0
Burk376,15,1.0,tail_g,0,5153,0.0
Burk376,15,1.5,tail_g,0,5153,0.0
Burk376,20,0.1,tail_g,0,5153,0.0
Burk376,20,0.2,tail_g,0,5153,0.0
Burk376,20,0.3,tail_g,0,5153,0.0
Burk376,20,0.4,tail_g,0,5153,0.0
Burk376,20,0.6,tail_g,0,5153,0.0
Burk376,20,0.8,tail_g,0,5153,0.0
Burk376,20,1.0,tail_g,0,5153,0.0
Burk376,20,1.5,tail_g,0,5153,0.0
Burk376,30,0.1,tail_g,0,5153,0.0
Burk376,30,0.2,tail_g,0,5153,0.0
Burk376,30,0.3,tail_g,0,5153,0.0
Burk376,30,0.4,tail_g,0,5153,0.0
Burk376,30,0.6,tail_g,0,5153,0.0
Burk376,30,0.8,tail_g,0,5153,0.0
Burk376,30,1.0,tail_g,0,5153,0.0
Burk376,30,1.5,tail_g,0,5153,0.0
Burk376,50,0.1,tail_g,0,5153,0.0
Burk376,50,0.2,tail_g,0,5153,0.0
Burk376,50,0.3,tail_g,0,5153,0.0
Burk376,50,0.4,tail_g,0,5153,0.0
Burk376,50,0.6,tail_g,0,5153,0.0
Burk376,50,0.8,tail_g,0,5153,0.0
Burk376,50,1.0,tail_g,0,5153,0.0
Burk376,50,1.5,tail_g,0,5153,0.0
Caulo,3,0.1,tail_g,3312,3312,1.0
Caulo,3,0.2,tail_g,3312,3312,1.0
Caulo,3,0.3,tail_g,3281,3312,0.9906400966183575
Caulo,3,0.4,tail_g,3113,3312,0.9399154589371981
Caulo,3,0.6,tail_g,2443,3312,0.7376207729468599
Caulo,3,0.8,tail_g,1784,3312,0.538647342995169
Caulo,3,1.0,tail_g,1358,3312,0.41002415458937197
Caulo,3,1.5,tail_g,821,3312,0.24788647342995168
Caulo,5,0.1,tail_g,3312,3312,1.0
Caulo,5,0.2,tail_g,3312,3312,1.0
Caulo,5,0.3,tail_g,3281,3312,0.9906400966183575
Caulo,5,0.4,tail_g,3113,3312,0.9399154589371981
Caulo,5,0.6,tail_g,2443,3312,0.7376207729468599
Caulo,5,0.8,tail_g,1784,3312,0.538647342995169
Caulo,5,1.0,tail_g,1358,3312,0.41002415458937197
Caulo,5,1.5,tail_g,821,3312,0.24788647342995168
Caulo,10,0.1,tail_g,3312,3312,1.0
Caulo,10,0.2,tail_g,3312,3312,1.0
Caulo,10,0.3,tail_g,3281,3312,0.9906400966183575
Caulo,10,0.4,tail_g,3113,3312,0.9399154589371981
Caulo,10,0.6,tail_g,2443,3312,0.7376207729468599
Caulo,10,0.8,tail_g,1784,3312,0.538647342995169
Caulo,10,1.0,tail_g,1358,3312,0.41002415458937197
Caulo,10,1.5,tail_g,821,3312,0.24788647342995168
Caulo,15,0.1,tail_g,3312,3312,1.0
Caulo,15,0.2,tail_g,3312,3312,1.0
Caulo,15,0.3,tail_g,3281,3312,0.9906400966183575
Caulo,15,0.4,tail_g,3113,3312,0.9399154589371981
Caulo,15,0.6,tail_g,2443,3312,0.7376207729468599
Caulo,15,0.8,tail_g,1784,3312,0.538647342995169
Caulo,15,1.0,tail_g,1358,3312,0.41002415458937197
Caulo,15,1.5,tail_g,821,3312,0.24788647342995168
Caulo,20,0.1,tail_g,3312,3312,1.0
Caulo,20,0.2,tail_g,3312,3312,1.0
Caulo,20,0.3,tail_g,3281,3312,0.9906400966183575
Caulo,20,0.4,tail_g,3113,3312,0.9399154589371981
Caulo,20,0.6,tail_g,2443,3312,0.7376207729468599
Caulo,20,0.8,tail_g,1784,3312,0.538647342995169
Caulo,20,1.0,tail_g,1358,3312,0.41002415458937197
Caulo,20,1.5,tail_g,821,3312,0.24788647342995168
Caulo,30,0.1,tail_g,3312,3312,1.0
Caulo,30,0.2,tail_g,3312,3312,1.0
Caulo,30,0.3,tail_g,3281,3312,0.9906400966183575
Caulo,30,0.4,tail_g,3113,3312,0.9399154589371981
Caulo,30,0.6,tail_g,2443,3312,0.7376207729468599
Caulo,30,0.8,tail_g,1784,3312,0.538647342995169
Caulo,30,1.0,tail_g,1358,3312,0.41002415458937197
Caulo,30,1.5,tail_g,821,3312,0.24788647342995168
Caulo,50,0.1,tail_g,3312,3312,1.0
Caulo,50,0.2,tail_g,3312,3312,1.0
Caulo,50,0.3,tail_g,3281,3312,0.9906400966183575
Caulo,50,0.4,tail_g,3113,3312,0.9399154589371981
Caulo,50,0.6,tail_g,2443,3312,0.7376207729468599
Caulo,50,0.8,tail_g,1784,3312,0.538647342995169
Caulo,50,1.0,tail_g,1358,3312,0.41002415458937197
Caulo,50,1.5,tail_g,821,3312,0.24788647342995168
Cola,3,0.1,tail_g,3953,3954,0.9997470915528579
Cola,3,0.2,tail_g,3838,3954,0.9706626201315124
Cola,3,0.3,tail_g,3222,3954,0.8148710166919575
Cola,3,0.4,tail_g,2461,3954,0.6224076884167932
Cola,3,0.6,tail_g,1458,3954,0.36874051593323215
Cola,3,0.8,tail_g,991,3954,0.25063227111785535
Cola,3,1.0,tail_g,759,3954,0.19195751138088013
Cola,3,1.5,tail_g,431,3954,0.10900354071825999
Cola,5,0.1,tail_g,3953,3954,0.9997470915528579
Cola,5,0.2,tail_g,3838,3954,0.9706626201315124
Cola,5,0.3,tail_g,3222,3954,0.8148710166919575
Cola,5,0.4,tail_g,2461,3954,0.6224076884167932
Cola,5,0.6,tail_g,1458,3954,0.36874051593323215
Cola,5,0.8,tail_g,991,3954,0.25063227111785535
Cola,5,1.0,tail_g,759,3954,0.19195751138088013
Cola,5,1.5,tail_g,431,3954,0.10900354071825999
Cola,10,0.1,tail_g,3953,3954,0.9997470915528579
Cola,10,0.2,tail_g,3838,3954,0.9706626201315124
Cola,10,0.3,tail_g,3222,3954,0.8148710166919575
Cola,10,0.4,tail_g,2461,3954,0.6224076884167932
Cola,10,0.6,tail_g,1458,3954,0.36874051593323215
Cola,10,0.8,tail_g,991,3954,0.25063227111785535
Cola,10,1.0,tail_g,759,3954,0.19195751138088013
Cola,10,1.5,tail_g,431,3954,0.10900354071825999
Cola,15,0.1,tail_g,3953,3954,0.9997470915528579
Cola,15,0.2,tail_g,3838,3954,0.9706626201315124
Cola,15,0.3,tail_g,3222,3954,0.8148710166919575
Cola,15,0.4,tail_g,2461,3954,0.6224076884167932
Cola,15,0.6,tail_g,1458,3954,0.36874051593323215
Cola,15,0.8,tail_g,991,3954,0.25063227111785535
Cola,15,1.0,tail_g,759,3954,0.19195751138088013
Cola,15,1.5,tail_g,431,3954,0.10900354071825999
Cola,20,0.1,tail_g,3953,3954,0.9997470915528579
Cola,20,0.2,tail_g,3838,3954,0.9706626201315124
Cola,20,0.3,tail_g,3222,3954,0.8148710166919575
Cola,20,0.4,tail_g,2461,3954,0.6224076884167932
Cola,20,0.6,tail_g,1458,3954,0.36874051593323215
Cola,20,0.8,tail_g,991,3954,0.25063227111785535
Cola,20,1.0,tail_g,759,3954,0.19195751138088013
Cola,20,1.5,tail_g,431,3954,0.10900354071825999
Cola,30,0.1,tail_g,3953,3954,0.9997470915528579
Cola,30,0.2,tail_g,3838,3954,0.9706626201315124
Cola,30,0.3,tail_g,3222,3954,0.8148710166919575
Cola,30,0.4,tail_g,2461,3954,0.6224076884167932
Cola,30,0.6,tail_g,1458,3954,0.36874051593323215
Cola,30,0.8,tail_g,991,3954,0.25063227111785535
Cola,30,1.0,tail_g,759,3954,0.19195751138088013
Cola,30,1.5,tail_g,431,3954,0.10900354071825999
Cola,50,0.1,tail_g,3953,3954,0.9997470915528579
Cola,50,0.2,tail_g,3838,3954,0.9706626201315124
Cola,50,0.3,tail_g,3222,3954,0.8148710166919575
Cola,50,0.4,tail_g,2461,3954,0.6224076884167932
Cola,50,0.6,tail_g,1458,3954,0.36874051593323215
Cola,50,0.8,tail_g,991,3954,0.25063227111785535
Cola,50,1.0,tail_g,759,3954,0.19195751138088013
Cola,50,1.5,tail_g,431,3954,0.10900354071825999
Cup4G11,3,0.1,tail_g,6384,6384,1.0
Cup4G11,3,0.2,tail_g,6380,6384,0.9993734335839599
Cup4G11,3,0.3,tail_g,6233,6384,0.9763471177944862
Cup4G11,3,0.4,tail_g,5576,6384,0.8734335839598998
Cup4G11,3,0.6,tail_g,3717,6384,0.5822368421052632
Cup4G11,3,0.8,tail_g,2367,6384,0.3707706766917293
Cup4G11,3,1.0,tail_g,1586,6384,0.24843358395989976
Cup4G11,3,1.5,tail_g,707,6384,0.11074561403508772
Cup4G11,5,0.1,tail_g,6384,6384,1.0
Cup4G11,5,0.2,tail_g,6380,6384,0.9993734335839599
Cup4G11,5,0.3,tail_g,6233,6384,0.9763471177944862
Cup4G11,5,0.4,tail_g,5576,6384,0.8734335839598998
Cup4G11,5,0.6,tail_g,3717,6384,0.5822368421052632
Cup4G11,5,0.8,tail_g,2367,6384,0.3707706766917293
Cup4G11,5,1.0,tail_g,1586,6384,0.24843358395989976
Cup4G11,5,1.5,tail_g,707,6384,0.11074561403508772
Cup4G11,10,0.1,tail_g,6384,6384,1.0
Cup4G11,10,0.2,tail_g,6380,6384,0.9993734335839599
Cup4G11,10,0.3,tail_g,6233,6384,0.9763471177944862
Cup4G11,10,0.4,tail_g,5576,6384,0.8734335839598998
Cup4G11,10,0.6,tail_g,3717,6384,0.5822368421052632
Cup4G11,10,0.8,tail_g,2367,6384,0.3707706766917293
Cup4G11,10,1.0,tail_g,1586,6384,0.24843358395989976
Cup4G11,10,1.5,tail_g,707,6384,0.11074561403508772
Cup4G11,15,0.1,tail_g,6384,6384,1.0
Cup4G11,15,0.2,tail_g,6380,6384,0.9993734335839599
Cup4G11,15,0.3,tail_g,6233,6384,0.9763471177944862
Cup4G11,15,0.4,tail_g,5576,6384,0.8734335839598998
Cup4G11,15,0.6,tail_g,3717,6384,0.5822368421052632
Cup4G11,15,0.8,tail_g,2367,6384,0.3707706766917293
Cup4G11,15,1.0,tail_g,1586,6384,0.24843358395989976
Cup4G11,15,1.5,tail_g,707,6384,0.11074561403508772
Cup4G11,20,0.1,tail_g,6384,6384,1.0
Cup4G11,20,0.2,tail_g,6380,6384,0.9993734335839599
Cup4G11,20,0.3,tail_g,6233,6384,0.9763471177944862
Cup4G11,20,0.4,tail_g,5576,6384,0.8734335839598998
Cup4G11,20,0.6,tail_g,3717,6384,0.5822368421052632
Cup4G11,20,0.8,tail_g,2367,6384,0.3707706766917293
Cup4G11,20,1.0,tail_g,1586,6384,0.24843358395989976
Cup4G11,20,1.5,tail_g,707,6384,0.11074561403508772
Cup4G11,30,0.1,tail_g,6384,6384,1.0
Cup4G11,30,0.2,tail_g,6380,6384,0.9993734335839599
Cup4G11,30,0.3,tail_g,6233,6384,0.9763471177944862
Cup4G11,30,0.4,tail_g,5576,6384,0.8734335839598998
Cup4G11,30,0.6,tail_g,3717,6384,0.5822368421052632
Cup4G11,30,0.8,tail_g,2367,6384,0.3707706766917293
Cup4G11,30,1.0,tail_g,1586,6384,0.24843358395989976
Cup4G11,30,1.5,tail_g,707,6384,0.11074561403508772
Cup4G11,50,0.1,tail_g,6384,6384,1.0
Cup4G11,50,0.2,tail_g,6380,6384,0.9993734335839599
Cup4G11,50,0.3,tail_g,6233,6384,0.9763471177944862
Cup4G11,50,0.4,tail_g,5576,6384,0.8734335839598998
Cup4G11,50,0.6,tail_g,3717,6384,0.5822368421052632
Cup4G11,50,0.8,tail_g,2367,6384,0.3707706766917293
Cup4G11,50,1.0,tail_g,1586,6384,0.24843358395989976
Cup4G11,50,1.5,tail_g,707,6384,0.11074561403508772
Dda3937,3,0.1,tail_g,3676,3705,0.9921727395411606
Dda3937,3,0.2,tail_g,3278,3705,0.8847503373819163
Dda3937,3,0.3,tail_g,2550,3705,0.6882591093117408
Dda3937,3,0.4,tail_g,1887,3705,0.5093117408906883
Dda3937,3,0.6,tail_g,1181,3705,0.31875843454790825
Dda3937,3,0.8,tail_g,815,3705,0.21997300944669365
Dda3937,3,1.0,tail_g,599,3705,0.16167341430499324
Dda3937,3,1.5,tail_g,337,3705,0.09095816464237517
Dda3937,5,0.1,tail_g,3676,3705,0.9921727395411606
Dda3937,5,0.2,tail_g,3278,3705,0.8847503373819163
Dda3937,5,0.3,tail_g,2550,3705,0.6882591093117408
Dda3937,5,0.4,tail_g,1887,3705,0.5093117408906883
Dda3937,5,0.6,tail_g,1181,3705,0.31875843454790825
Dda3937,5,0.8,tail_g,815,3705,0.21997300944669365
Dda3937,5,1.0,tail_g,599,3705,0.16167341430499324
Dda3937,5,1.5,tail_g,337,3705,0.09095816464237517
Dda3937,10,0.1,tail_g,0,3705,0.0
Dda3937,10,0.2,tail_g,0,3705,0.0
Dda3937,10,0.3,tail_g,0,3705,0.0
Dda3937,10,0.4,tail_g,0,3705,0.0
Dda3937,10,0.6,tail_g,0,3705,0.0
Dda3937,10,0.8,tail_g,0,3705,0.0
Dda3937,10,1.0,tail_g,0,3705,0.0
Dda3937,10,1.5,tail_g,0,3705,0.0
Dda3937,15,0.1,tail_g,0,3705,0.0
Dda3937,15,0.2,tail_g,0,3705,0.0
Dda3937,15,0.3,tail_g,0,3705,0.0
Dda3937,15,0.4,tail_g,0,3705,0.0
Dda3937,15,0.6,tail_g,0,3705,0.0
Dda3937,15,0.8,tail_g,0,3705,0.0
Dda3937,15,1.0,tail_g,0,3705,0.0
Dda3937,15,1.5,tail_g,0,3705,0.0
Dda3937,20,0.1,tail_g,0,3705,0.0
Dda3937,20,0.2,tail_g,0,3705,0.0
Dda3937,20,0.3,tail_g,0,3705,0.0
Dda3937,20,0.4,tail_g,0,3705,0.0
Dda3937,20,0.6,tail_g,0,3705,0.0
Dda3937,20,0.8,tail_g,0,3705,0.0
Dda3937,20,1.0,tail_g,0,3705,0.0
Dda3937,20,1.5,tail_g,0,3705,0.0
Dda3937,30,0.1,tail_g,0,3705,0.0
Dda3937,30,0.2,tail_g,0,3705,0.0
Dda3937,30,0.3,tail_g,0,3705,0.0
Dda3937,30,0.4,tail_g,0,3705,0.0
Dda3937,30,0.6,tail_g,0,3705,0.0
Dda3937,30,0.8,tail_g,0,3705,0.0
Dda3937,30,1.0,tail_g,0,3705,0.0
Dda3937,30,1.5,tail_g,0,3705,0.0
Dda3937,50,0.1,tail_g,0,3705,0.0
Dda3937,50,0.2,tail_g,0,3705,0.0
Dda3937,50,0.3,tail_g,0,3705,0.0
Dda3937,50,0.4,tail_g,0,3705,0.0
Dda3937,50,0.6,tail_g,0,3705,0.0
Dda3937,50,0.8,tail_g,0,3705,0.0
Dda3937,50,1.0,tail_g,0,3705,0.0
Dda3937,50,1.5,tail_g,0,3705,0.0
Ddia6719,3,0.1,tail_g,3381,3528,0.9583333333333334
Ddia6719,3,0.2,tail_g,2442,3528,0.6921768707482994
Ddia6719,3,0.3,tail_g,1610,3528,0.45634920634920634
Ddia6719,3,0.4,tail_g,1086,3528,0.3078231292517007
Ddia6719,3,0.6,tail_g,595,3528,0.16865079365079366
Ddia6719,3,0.8,tail_g,374,3528,0.10600907029478458
Ddia6719,3,1.0,tail_g,245,3528,0.06944444444444445
Ddia6719,3,1.5,tail_g,109,3528,0.030895691609977325
Ddia6719,5,0.1,tail_g,3381,3528,0.9583333333333334
Ddia6719,5,0.2,tail_g,2442,3528,0.6921768707482994
Ddia6719,5,0.3,tail_g,1610,3528,0.45634920634920634
Ddia6719,5,0.4,tail_g,1086,3528,0.3078231292517007
Ddia6719,5,0.6,tail_g,595,3528,0.16865079365079366
Ddia6719,5,0.8,tail_g,374,3528,0.10600907029478458
Ddia6719,5,1.0,tail_g,245,3528,0.06944444444444445
Ddia6719,5,1.5,tail_g,109,3528,0.030895691609977325
Ddia6719,10,0.1,tail_g,0,3528,0.0
Ddia6719,10,0.2,tail_g,0,3528,0.0
Ddia6719,10,0.3,tail_g,0,3528,0.0
Ddia6719,10,0.4,tail_g,0,3528,0.0
Ddia6719,10,0.6,tail_g,0,3528,0.0
Ddia6719,10,0.8,tail_g,0,3528,0.0
Ddia6719,10,1.0,tail_g,0,3528,0.0
Ddia6719,10,1.5,tail_g,0,3528,0.0
Ddia6719,15,0.1,tail_g,0,3528,0.0
Ddia6719,15,0.2,tail_g,0,3528,0.0
Ddia6719,15,0.3,tail_g,0,3528,0.0
Ddia6719,15,0.4,tail_g,0,3528,0.0
Ddia6719,15,0.6,tail_g,0,3528,0.0
Ddia6719,15,0.8,tail_g,0,3528,0.0
Ddia6719,15,1.0,tail_g,0,3528,0.0
Ddia6719,15,1.5,tail_g,0,3528,0.0
Ddia6719,20,0.1,tail_g,0,3528,0.0
Ddia6719,20,0.2,tail_g,0,3528,0.0
Ddia6719,20,0.3,tail_g,0,3528,0.0
Ddia6719,20,0.4,tail_g,0,3528,0.0
Ddia6719,20,0.6,tail_g,0,3528,0.0
Ddia6719,20,0.8,tail_g,0,3528,0.0
Ddia6719,20,1.0,tail_g,0,3528,0.0
Ddia6719,20,1.5,tail_g,0,3528,0.0
Ddia6719,30,0.1,tail_g,0,3528,0.0
Ddia6719,30,0.2,tail_g,0,3528,0.0
Ddia6719,30,0.3,tail_g,0,3528,0.0
Ddia6719,30,0.4,tail_g,0,3528,0.0
Ddia6719,30,0.6,tail_g,0,3528,0.0
Ddia6719,30,0.8,tail_g,0,3528,0.0
Ddia6719,30,1.0,tail_g,0,3528,0.0
Ddia6719,30,1.5,tail_g,0,3528,0.0
Ddia6719,50,0.1,tail_g,0,3528,0.0
Ddia6719,50,0.2,tail_g,0,3528,0.0
Ddia6719,50,0.3,tail_g,0,3528,0.0
Ddia6719,50,0.4,tail_g,0,3528,0.0
Ddia6719,50,0.6,tail_g,0,3528,0.0
Ddia6719,50,0.8,tail_g,0,3528,0.0
Ddia6719,50,1.0,tail_g,0,3528,0.0
Ddia6719,50,1.5,tail_g,0,3528,0.0
DdiaME23,3,0.1,tail_g,3710,3761,0.9864397766551449
DdiaME23,3,0.2,tail_g,2913,3761,0.7745280510502526
DdiaME23,3,0.3,tail_g,1971,3761,0.5240627492688115
DdiaME23,3,0.4,tail_g,1400,3761,0.3722414251528849
DdiaME23,3,0.6,tail_g,816,3761,0.21696357351768147
DdiaME23,3,0.8,tail_g,537,3761,0.14278117521935654
DdiaME23,3,1.0,tail_g,395,3761,0.10502525923956395
DdiaME23,3,1.5,tail_g,248,3761,0.06593990959851104
DdiaME23,5,0.1,tail_g,3710,3761,0.9864397766551449
DdiaME23,5,0.2,tail_g,2913,3761,0.7745280510502526
DdiaME23,5,0.3,tail_g,1971,3761,0.5240627492688115
DdiaME23,5,0.4,tail_g,1400,3761,0.3722414251528849
DdiaME23,5,0.6,tail_g,816,3761,0.21696357351768147
DdiaME23,5,0.8,tail_g,537,3761,0.14278117521935654
DdiaME23,5,1.0,tail_g,395,3761,0.10502525923956395
DdiaME23,5,1.5,tail_g,248,3761,0.06593990959851104
DdiaME23,10,0.1,tail_g,3710,3761,0.9864397766551449
DdiaME23,10,0.2,tail_g,2913,3761,0.7745280510502526
DdiaME23,10,0.3,tail_g,1971,3761,0.5240627492688115
DdiaME23,10,0.4,tail_g,1400,3761,0.3722414251528849
DdiaME23,10,0.6,tail_g,816,3761,0.21696357351768147
DdiaME23,10,0.8,tail_g,537,3761,0.14278117521935654
DdiaME23,10,1.0,tail_g,395,3761,0.10502525923956395
DdiaME23,10,1.5,tail_g,248,3761,0.06593990959851104
DdiaME23,15,0.1,tail_g,0,3761,0.0
DdiaME23,15,0.2,tail_g,0,3761,0.0
DdiaME23,15,0.3,tail_g,0,3761,0.0
DdiaME23,15,0.4,tail_g,0,3761,0.0
DdiaME23,15,0.6,tail_g,0,3761,0.0
DdiaME23,15,0.8,tail_g,0,3761,0.0
DdiaME23,15,1.0,tail_g,0,3761,0.0
DdiaME23,15,1.5,tail_g,0,3761,0.0
DdiaME23,20,0.1,tail_g,0,3761,0.0
DdiaME23,20,0.2,tail_g,0,3761,0.0
DdiaME23,20,0.3,tail_g,0,3761,0.0
DdiaME23,20,0.4,tail_g,0,3761,0.0
DdiaME23,20,0.6,tail_g,0,3761,0.0
DdiaME23,20,0.8,tail_g,0,3761,0.0
DdiaME23,20,1.0,tail_g,0,3761,0.0
DdiaME23,20,1.5,tail_g,0,3761,0.0
DdiaME23,30,0.1,tail_g,0,3761,0.0
DdiaME23,30,0.2,tail_g,0,3761,0.0
DdiaME23,30,0.3,tail_g,0,3761,0.0
DdiaME23,30,0.4,tail_g,0,3761,0.0
DdiaME23,30,0.6,tail_g,0,3761,0.0
DdiaME23,30,0.8,tail_g,0,3761,0.0
DdiaME23,30,1.0,tail_g,0,3761,0.0
DdiaME23,30,1.5,tail_g,0,3761,0.0
DdiaME23,50,0.1,tail_g,0,3761,0.0
DdiaME23,50,0.2,tail_g,0,3761,0.0
DdiaME23,50,0.3,tail_g,0,3761,0.0
DdiaME23,50,0.4,tail_g,0,3761,0.0
DdiaME23,50,0.6,tail_g,0,3761,0.0
DdiaME23,50,0.8,tail_g,0,3761,0.0
DdiaME23,50,1.0,tail_g,0,3761,0.0
DdiaME23,50,1.5,tail_g,0,3761,0.0
Dino,3,0.1,tail_g,3186,3187,0.9996862252902416
Dino,3,0.2,tail_g,3156,3187,0.9902729839974898
Dino,3,0.3,tail_g,3061,3187,0.9604643865704424
Dino,3,0.4,tail_g,2879,3187,0.9033573893944148
Dino,3,0.6,tail_g,2198,3187,0.6896768120489488
Dino,3,0.8,tail_g,1524,3187,0.47819265767179164
Dino,3,1.0,tail_g,1075,3187,0.33730781299027296
Dino,3,1.5,tail_g,467,3187,0.14653278945716974
Dino,5,0.1,tail_g,3186,3187,0.9996862252902416
Dino,5,0.2,tail_g,3156,3187,0.9902729839974898
Dino,5,0.3,tail_g,3061,3187,0.9604643865704424
Dino,5,0.4,tail_g,2879,3187,0.9033573893944148
Dino,5,0.6,tail_g,2198,3187,0.6896768120489488
Dino,5,0.8,tail_g,1524,3187,0.47819265767179164
Dino,5,1.0,tail_g,1075,3187,0.33730781299027296
Dino,5,1.5,tail_g,467,3187,0.14653278945716974
Dino,10,0.1,tail_g,3186,3187,0.9996862252902416
Dino,10,0.2,tail_g,3156,3187,0.9902729839974898
Dino,10,0.3,tail_g,3061,3187,0.9604643865704424
Dino,10,0.4,tail_g,2879,3187,0.9033573893944148
Dino,10,0.6,tail_g,2198,3187,0.6896768120489488
Dino,10,0.8,tail_g,1524,3187,0.47819265767179164
Dino,10,1.0,tail_g,1075,3187,0.33730781299027296
Dino,10,1.5,tail_g,467,3187,0.14653278945716974
Dino,15,0.1,tail_g,3186,3187,0.9996862252902416
Dino,15,0.2,tail_g,3156,3187,0.9902729839974898
Dino,15,0.3,tail_g,3061,3187,0.9604643865704424
Dino,15,0.4,tail_g,2879,3187,0.9033573893944148
Dino,15,0.6,tail_g,2198,3187,0.6896768120489488
Dino,15,0.8,tail_g,1524,3187,0.47819265767179164
Dino,15,1.0,tail_g,1075,3187,0.33730781299027296
Dino,15,1.5,tail_g,467,3187,0.14653278945716974
Dino,20,0.1,tail_g,3186,3187,0.9996862252902416
Dino,20,0.2,tail_g,3156,3187,0.9902729839974898
Dino,20,0.3,tail_g,3061,3187,0.9604643865704424
Dino,20,0.4,tail_g,2879,3187,0.9033573893944148
Dino,20,0.6,tail_g,2198,3187,0.6896768120489488
Dino,20,0.8,tail_g,1524,3187,0.47819265767179164
Dino,20,1.0,tail_g,1075,3187,0.33730781299027296
Dino,20,1.5,tail_g,467,3187,0.14653278945716974
Dino,30,0.1,tail_g,3186,3187,0.9996862252902416
Dino,30,0.2,tail_g,3156,3187,0.9902729839974898
Dino,30,0.3,tail_g,3061,3187,0.9604643865704424
Dino,30,0.4,tail_g,2879,3187,0.9033573893944148
Dino,30,0.6,tail_g,2198,3187,0.6896768120489488
Dino,30,0.8,tail_g,1524,3187,0.47819265767179164
Dino,30,1.0,tail_g,1075,3187,0.33730781299027296
Dino,30,1.5,tail_g,467,3187,0.14653278945716974
Dino,50,0.1,tail_g,3186,3187,0.9996862252902416
Dino,50,0.2,tail_g,3156,3187,0.9902729839974898
Dino,50,0.3,tail_g,3061,3187,0.9604643865704424
Dino,50,0.4,tail_g,2879,3187,0.9033573893944148
Dino,50,0.6,tail_g,2198,3187,0.6896768120489488
Dino,50,0.8,tail_g,1524,3187,0.47819265767179164
Dino,50,1.0,tail_g,1075,3187,0.33730781299027296
Dino,50,1.5,tail_g,467,3187,0.14653278945716974
DvH,3,0.1,tail_g,2741,2741,1.0
DvH,3,0.2,tail_g,2687,2741,0.9802991608901861
DvH,3,0.3,tail_g,2323,2741,0.8475009120758847
DvH,3,0.4,tail_g,1866,2741,0.6807734403502371
DvH,3,0.6,tail_g,1219,2741,0.4447282013863553
DvH,3,0.8,tail_g,816,2741,0.29770156877052173
DvH,3,1.0,tail_g,580,2741,0.2116016052535571
DvH,3,1.5,tail_g,331,2741,0.12075884713608172
DvH,5,0.1,tail_g,2741,2741,1.0
DvH,5,0.2,tail_g,2687,2741,0.9802991608901861
DvH,5,0.3,tail_g,2323,2741,0.8475009120758847
DvH,5,0.4,tail_g,1866,2741,0.6807734403502371
DvH,5,0.6,tail_g,1219,2741,0.4447282013863553
DvH,5,0.8,tail_g,816,2741,0.29770156877052173
DvH,5,1.0,tail_g,580,2741,0.2116016052535571
DvH,5,1.5,tail_g,331,2741,0.12075884713608172
DvH,10,0.1,tail_g,2741,2741,1.0
DvH,10,0.2,tail_g,2687,2741,0.9802991608901861
DvH,10,0.3,tail_g,2323,2741,0.8475009120758847
DvH,10,0.4,tail_g,1866,2741,0.6807734403502371
DvH,10,0.6,tail_g,1219,2741,0.4447282013863553
DvH,10,0.8,tail_g,816,2741,0.29770156877052173
DvH,10,1.0,tail_g,580,2741,0.2116016052535571
DvH,10,1.5,tail_g,331,2741,0.12075884713608172
DvH,15,0.1,tail_g,2741,2741,1.0
DvH,15,0.2,tail_g,2687,2741,0.9802991608901861
DvH,15,0.3,tail_g,2323,2741,0.8475009120758847
DvH,15,0.4,tail_g,1866,2741,0.6807734403502371
DvH,15,0.6,tail_g,1219,2741,0.4447282013863553
DvH,15,0.8,tail_g,816,2741,0.29770156877052173
DvH,15,1.0,tail_g,580,2741,0.2116016052535571
DvH,15,1.5,tail_g,331,2741,0.12075884713608172
DvH,20,0.1,tail_g,2741,2741,1.0
DvH,20,0.2,tail_g,2687,2741,0.9802991608901861
DvH,20,0.3,tail_g,2323,2741,0.8475009120758847
DvH,20,0.4,tail_g,1866,2741,0.6807734403502371
DvH,20,0.6,tail_g,1219,2741,0.4447282013863553
DvH,20,0.8,tail_g,816,2741,0.29770156877052173
DvH,20,1.0,tail_g,580,2741,0.2116016052535571
DvH,20,1.5,tail_g,331,2741,0.12075884713608172
DvH,30,0.1,tail_g,2741,2741,1.0
DvH,30,0.2,tail_g,2687,2741,0.9802991608901861
DvH,30,0.3,tail_g,2323,2741,0.8475009120758847
DvH,30,0.4,tail_g,1866,2741,0.6807734403502371
DvH,30,0.6,tail_g,1219,2741,0.4447282013863553
DvH,30,0.8,tail_g,816,2741,0.29770156877052173
DvH,30,1.0,tail_g,580,2741,0.2116016052535571
DvH,30,1.5,tail_g,331,2741,0.12075884713608172
DvH,50,0.1,tail_g,2741,2741,1.0
DvH,50,0.2,tail_g,2687,2741,0.9802991608901861
DvH,50,0.3,tail_g,2323,2741,0.8475009120758847
DvH,50,0.4,tail_g,1866,2741,0.6807734403502371
DvH,50,0.6,tail_g,1219,2741,0.4447282013863553
DvH,50,0.8,tail_g,816,2741,0.29770156877052173
DvH,50,1.0,tail_g,580,2741,0.2116016052535571
DvH,50,1.5,tail_g,331,2741,0.12075884713608172
Dyella79,3,0.1,tail_g,3625,3625,1.0
Dyella79,3,0.2,tail_g,3537,3625,0.9757241379310345
Dyella79,3,0.3,tail_g,3123,3625,0.8615172413793103
Dyella79,3,0.4,tail_g,2545,3625,0.7020689655172414
Dyella79,3,0.6,tail_g,1654,3625,0.45627586206896553
Dyella79,3,0.8,tail_g,1142,3625,0.31503448275862067
Dyella79,3,1.0,tail_g,872,3625,0.24055172413793102
Dyella79,3,1.5,tail_g,513,3625,0.14151724137931035
Dyella79,5,0.1,tail_g,3625,3625,1.0
Dyella79,5,0.2,tail_g,3537,3625,0.9757241379310345
Dyella79,5,0.3,tail_g,3123,3625,0.8615172413793103
Dyella79,5,0.4,tail_g,2545,3625,0.7020689655172414
Dyella79,5,0.6,tail_g,1654,3625,0.45627586206896553
Dyella79,5,0.8,tail_g,1142,3625,0.31503448275862067
Dyella79,5,1.0,tail_g,872,3625,0.24055172413793102
Dyella79,5,1.5,tail_g,513,3625,0.14151724137931035
Dyella79,10,0.1,tail_g,3625,3625,1.0
Dyella79,10,0.2,tail_g,3537,3625,0.9757241379310345
Dyella79,10,0.3,tail_g,3123,3625,0.8615172413793103
Dyella79,10,0.4,tail_g,2545,3625,0.7020689655172414
Dyella79,10,0.6,tail_g,1654,3625,0.45627586206896553
Dyella79,10,0.8,tail_g,1142,3625,0.31503448275862067
Dyella79,10,1.0,tail_g,872,3625,0.24055172413793102
Dyella79,10,1.5,tail_g,513,3625,0.14151724137931035
Dyella79,15,0.1,tail_g,3625,3625,1.0
Dyella79,15,0.2,tail_g,3537,3625,0.9757241379310345
Dyella79,15,0.3,tail_g,3123,3625,0.8615172413793103
Dyella79,15,0.4,tail_g,2545,3625,0.7020689655172414
Dyella79,15,0.6,tail_g,1654,3625,0.45627586206896553
Dyella79,15,0.8,tail_g,1142,3625,0.31503448275862067
Dyella79,15,1.0,tail_g,872,3625,0.24055172413793102
Dyella79,15,1.5,tail_g,513,3625,0.14151724137931035
Dyella79,20,0.1,tail_g,3625,3625,1.0
Dyella79,20,0.2,tail_g,3537,3625,0.9757241379310345
Dyella79,20,0.3,tail_g,3123,3625,0.8615172413793103
Dyella79,20,0.4,tail_g,2545,3625,0.7020689655172414
Dyella79,20,0.6,tail_g,1654,3625,0.45627586206896553
Dyella79,20,0.8,tail_g,1142,3625,0.31503448275862067
Dyella79,20,1.0,tail_g,872,3625,0.24055172413793102
Dyella79,20,1.5,tail_g,513,3625,0.14151724137931035
Dyella79,30,0.1,tail_g,3625,3625,1.0
Dyella79,30,0.2,tail_g,3537,3625,0.9757241379310345
Dyella79,30,0.3,tail_g,3123,3625,0.8615172413793103
Dyella79,30,0.4,tail_g,2545,3625,0.7020689655172414
Dyella79,30,0.6,tail_g,1654,3625,0.45627586206896553
Dyella79,30,0.8,tail_g,1142,3625,0.31503448275862067
Dyella79,30,1.0,tail_g,872,3625,0.24055172413793102
Dyella79,30,1.5,tail_g,513,3625,0.14151724137931035
Dyella79,50,0.1,tail_g,3625,3625,1.0
Dyella79,50,0.2,tail_g,3537,3625,0.9757241379310345
Dyella79,50,0.3,tail_g,3123,3625,0.8615172413793103
Dyella79,50,0.4,tail_g,2545,3625,0.7020689655172414
Dyella79,50,0.6,tail_g,1654,3625,0.45627586206896553
Dyella79,50,0.8,tail_g,1142,3625,0.31503448275862067
Dyella79,50,1.0,tail_g,872,3625,0.24055172413793102
Dyella79,50,1.5,tail_g,513,3625,0.14151724137931035
HerbieS,3,0.1,tail_g,3879,3879,1.0
HerbieS,3,0.2,tail_g,3856,3879,0.9940706367620521
HerbieS,3,0.3,tail_g,3784,3879,0.9755091518432586
HerbieS,3,0.4,tail_g,3525,3879,0.908739365815932
HerbieS,3,0.6,tail_g,2501,3879,0.6447538025264243
HerbieS,3,0.8,tail_g,1635,3879,0.4215003866976025
HerbieS,3,1.0,tail_g,1120,3879,0.28873420984789894
HerbieS,3,1.5,tail_g,504,3879,0.12993039443155452
HerbieS,5,0.1,tail_g,3879,3879,1.0
HerbieS,5,0.2,tail_g,3856,3879,0.9940706367620521
HerbieS,5,0.3,tail_g,3784,3879,0.9755091518432586
HerbieS,5,0.4,tail_g,3525,3879,0.908739365815932
HerbieS,5,0.6,tail_g,2501,3879,0.6447538025264243
HerbieS,5,0.8,tail_g,1635,3879,0.4215003866976025
HerbieS,5,1.0,tail_g,1120,3879,0.28873420984789894
HerbieS,5,1.5,tail_g,504,3879,0.12993039443155452
HerbieS,10,0.1,tail_g,3879,3879,1.0
HerbieS,10,0.2,tail_g,3856,3879,0.9940706367620521
HerbieS,10,0.3,tail_g,3784,3879,0.9755091518432586
HerbieS,10,0.4,tail_g,3525,3879,0.908739365815932
HerbieS,10,0.6,tail_g,2501,3879,0.6447538025264243
HerbieS,10,0.8,tail_g,1635,3879,0.4215003866976025
HerbieS,10,1.0,tail_g,1120,3879,0.28873420984789894
HerbieS,10,1.5,tail_g,504,3879,0.12993039443155452
HerbieS,15,0.1,tail_g,3879,3879,1.0
HerbieS,15,0.2,tail_g,3856,3879,0.9940706367620521
HerbieS,15,0.3,tail_g,3784,3879,0.9755091518432586
HerbieS,15,0.4,tail_g,3525,3879,0.908739365815932
HerbieS,15,0.6,tail_g,2501,3879,0.6447538025264243
HerbieS,15,0.8,tail_g,1635,3879,0.4215003866976025
HerbieS,15,1.0,tail_g,1120,3879,0.28873420984789894
HerbieS,15,1.5,tail_g,504,3879,0.12993039443155452
HerbieS,20,0.1,tail_g,3879,3879,1.0
HerbieS,20,0.2,tail_g,3856,3879,0.9940706367620521
HerbieS,20,0.3,tail_g,3784,3879,0.9755091518432586
HerbieS,20,0.4,tail_g,3525,3879,0.908739365815932
HerbieS,20,0.6,tail_g,2501,3879,0.6447538025264243
HerbieS,20,0.8,tail_g,1635,3879,0.4215003866976025
HerbieS,20,1.0,tail_g,1120,3879,0.28873420984789894
HerbieS,20,1.5,tail_g,504,3879,0.12993039443155452
HerbieS,30,0.1,tail_g,3879,3879,1.0
HerbieS,30,0.2,tail_g,3856,3879,0.9940706367620521
HerbieS,30,0.3,tail_g,3784,3879,0.9755091518432586
HerbieS,30,0.4,tail_g,3525,3879,0.908739365815932
HerbieS,30,0.6,tail_g,2501,3879,0.6447538025264243
HerbieS,30,0.8,tail_g,1635,3879,0.4215003866976025
HerbieS,30,1.0,tail_g,1120,3879,0.28873420984789894
HerbieS,30,1.5,tail_g,504,3879,0.12993039443155452
HerbieS,50,0.1,tail_g,3879,3879,1.0
HerbieS,50,0.2,tail_g,3856,3879,0.9940706367620521
HerbieS,50,0.3,tail_g,3784,3879,0.9755091518432586
HerbieS,50,0.4,tail_g,3525,3879,0.908739365815932
HerbieS,50,0.6,tail_g,2501,3879,0.6447538025264243
HerbieS,50,0.8,tail_g,1635,3879,0.4215003866976025
HerbieS,50,1.0,tail_g,1120,3879,0.28873420984789894
HerbieS,50,1.5,tail_g,504,3879,0.12993039443155452
Kang,3,0.1,tail_g,2003,2003,1.0
Kang,3,0.2,tail_g,1928,2003,0.9625561657513729
Kang,3,0.3,tail_g,1627,2003,0.8122815776335497
Kang,3,0.4,tail_g,1336,2003,0.6669995007488767
Kang,3,0.6,tail_g,955,2003,0.4767848227658512
Kang,3,0.8,tail_g,736,2003,0.36744882675986024
Kang,3,1.0,tail_g,620,2003,0.30953569645531703
Kang,3,1.5,tail_g,485,2003,0.24213679480778832
Kang,5,0.1,tail_g,2003,2003,1.0
Kang,5,0.2,tail_g,1928,2003,0.9625561657513729
Kang,5,0.3,tail_g,1627,2003,0.8122815776335497
Kang,5,0.4,tail_g,1336,2003,0.6669995007488767
Kang,5,0.6,tail_g,955,2003,0.4767848227658512
Kang,5,0.8,tail_g,736,2003,0.36744882675986024
Kang,5,1.0,tail_g,620,2003,0.30953569645531703
Kang,5,1.5,tail_g,485,2003,0.24213679480778832
Kang,10,0.1,tail_g,2003,2003,1.0
Kang,10,0.2,tail_g,1928,2003,0.9625561657513729
Kang,10,0.3,tail_g,1627,2003,0.8122815776335497
Kang,10,0.4,tail_g,1336,2003,0.6669995007488767
Kang,10,0.6,tail_g,955,2003,0.4767848227658512
Kang,10,0.8,tail_g,736,2003,0.36744882675986024
Kang,10,1.0,tail_g,620,2003,0.30953569645531703
Kang,10,1.5,tail_g,485,2003,0.24213679480778832
Kang,15,0.1,tail_g,2003,2003,1.0
Kang,15,0.2,tail_g,1928,2003,0.9625561657513729
Kang,15,0.3,tail_g,1627,2003,0.8122815776335497
Kang,15,0.4,tail_g,1336,2003,0.6669995007488767
Kang,15,0.6,tail_g,955,2003,0.4767848227658512
Kang,15,0.8,tail_g,736,2003,0.36744882675986024
Kang,15,1.0,tail_g,620,2003,0.30953569645531703
Kang,15,1.5,tail_g,485,2003,0.24213679480778832
Kang,20,0.1,tail_g,2003,2003,1.0
Kang,20,0.2,tail_g,1928,2003,0.9625561657513729
Kang,20,0.3,tail_g,1627,2003,0.8122815776335497
Kang,20,0.4,tail_g,1336,2003,0.6669995007488767
Kang,20,0.6,tail_g,955,2003,0.4767848227658512
Kang,20,0.8,tail_g,736,2003,0.36744882675986024
Kang,20,1.0,tail_g,620,2003,0.30953569645531703
Kang,20,1.5,tail_g,485,2003,0.24213679480778832
Kang,30,0.1,tail_g,2003,2003,1.0
Kang,30,0.2,tail_g,1928,2003,0.9625561657513729
Kang,30,0.3,tail_g,1627,2003,0.8122815776335497
Kang,30,0.4,tail_g,1336,2003,0.6669995007488767
Kang,30,0.6,tail_g,955,2003,0.4767848227658512
Kang,30,0.8,tail_g,736,2003,0.36744882675986024
Kang,30,1.0,tail_g,620,2003,0.30953569645531703
Kang,30,1.5,tail_g,485,2003,0.24213679480778832
Kang,50,0.1,tail_g,2003,2003,1.0
Kang,50,0.2,tail_g,1928,2003,0.9625561657513729
Kang,50,0.3,tail_g,1627,2003,0.8122815776335497
Kang,50,0.4,tail_g,1336,2003,0.6669995007488767
Kang,50,0.6,tail_g,955,2003,0.4767848227658512
Kang,50,0.8,tail_g,736,2003,0.36744882675986024
Kang,50,1.0,tail_g,620,2003,0.30953569645531703
Kang,50,1.5,tail_g,485,2003,0.24213679480778832
Keio,3,0.1,tail_g,3789,3789,1.0
Keio,3,0.2,tail_g,3756,3789,0.9912905779889153
Keio,3,0.3,tail_g,3547,3789,0.9361309052520453
Keio,3,0.4,tail_g,3105,3789,0.8194774346793349
Keio,3,0.6,tail_g,2176,3789,0.5742940089733439
Keio,3,0.8,tail_g,1566,3789,0.41330166270783847
Keio,3,1.0,tail_g,1162,3789,0.30667722354183163
Keio,3,1.5,tail_g,670,3789,0.17682765901293218
Keio,5,0.1,tail_g,3789,3789,1.0
Keio,5,0.2,tail_g,3756,3789,0.9912905779889153
Keio,5,0.3,tail_g,3547,3789,0.9361309052520453
Keio,5,0.4,tail_g,3105,3789,0.8194774346793349
Keio,5,0.6,tail_g,2176,3789,0.5742940089733439
Keio,5,0.8,tail_g,1566,3789,0.41330166270783847
Keio,5,1.0,tail_g,1162,3789,0.30667722354183163
Keio,5,1.5,tail_g,670,3789,0.17682765901293218
Keio,10,0.1,tail_g,3789,3789,1.0
Keio,10,0.2,tail_g,3756,3789,0.9912905779889153
Keio,10,0.3,tail_g,3547,3789,0.9361309052520453
Keio,10,0.4,tail_g,3105,3789,0.8194774346793349
Keio,10,0.6,tail_g,2176,3789,0.5742940089733439
Keio,10,0.8,tail_g,1566,3789,0.41330166270783847
Keio,10,1.0,tail_g,1162,3789,0.30667722354183163
Keio,10,1.5,tail_g,670,3789,0.17682765901293218
Keio,15,0.1,tail_g,3789,3789,1.0
Keio,15,0.2,tail_g,3756,3789,0.9912905779889153
Keio,15,0.3,tail_g,3547,3789,0.9361309052520453
Keio,15,0.4,tail_g,3105,3789,0.8194774346793349
Keio,15,0.6,tail_g,2176,3789,0.5742940089733439
Keio,15,0.8,tail_g,1566,3789,0.41330166270783847
Keio,15,1.0,tail_g,1162,3789,0.30667722354183163
Keio,15,1.5,tail_g,670,3789,0.17682765901293218
Keio,20,0.1,tail_g,3789,3789,1.0
Keio,20,0.2,tail_g,3756,3789,0.9912905779889153
Keio,20,0.3,tail_g,3547,3789,0.9361309052520453
Keio,20,0.4,tail_g,3105,3789,0.8194774346793349
Keio,20,0.6,tail_g,2176,3789,0.5742940089733439
Keio,20,0.8,tail_g,1566,3789,0.41330166270783847
Keio,20,1.0,tail_g,1162,3789,0.30667722354183163
Keio,20,1.5,tail_g,670,3789,0.17682765901293218
Keio,30,0.1,tail_g,3789,3789,1.0
Keio,30,0.2,tail_g,3756,3789,0.9912905779889153
Keio,30,0.3,tail_g,3547,3789,0.9361309052520453
Keio,30,0.4,tail_g,3105,3789,0.8194774346793349
Keio,30,0.6,tail_g,2176,3789,0.5742940089733439
Keio,30,0.8,tail_g,1566,3789,0.41330166270783847
Keio,30,1.0,tail_g,1162,3789,0.30667722354183163
Keio,30,1.5,tail_g,670,3789,0.17682765901293218
Keio,50,0.1,tail_g,3789,3789,1.0
Keio,50,0.2,tail_g,3756,3789,0.9912905779889153
Keio,50,0.3,tail_g,3547,3789,0.9361309052520453
Keio,50,0.4,tail_g,3105,3789,0.8194774346793349
Keio,50,0.6,tail_g,2176,3789,0.5742940089733439
Keio,50,0.8,tail_g,1566,3789,0.41330166270783847
Keio,50,1.0,tail_g,1162,3789,0.30667722354183163
Keio,50,1.5,tail_g,670,3789,0.17682765901293218
Korea,3,0.1,tail_g,3386,3393,0.9979369289714117
Korea,3,0.2,tail_g,2938,3393,0.8659003831417624
Korea,3,0.3,tail_g,2177,3393,0.641615089890952
Korea,3,0.4,tail_g,1609,3393,0.4742116121426466
Korea,3,0.6,tail_g,1037,3393,0.30562923666371944
Korea,3,0.8,tail_g,723,3393,0.21308576480990274
Korea,3,1.0,tail_g,546,3393,0.16091954022988506
Korea,3,1.5,tail_g,330,3393,0.09725906277630415
Korea,5,0.1,tail_g,3386,3393,0.9979369289714117
Korea,5,0.2,tail_g,2938,3393,0.8659003831417624
Korea,5,0.3,tail_g,2177,3393,0.641615089890952
Korea,5,0.4,tail_g,1609,3393,0.4742116121426466
Korea,5,0.6,tail_g,1037,3393,0.30562923666371944
Korea,5,0.8,tail_g,723,3393,0.21308576480990274
Korea,5,1.0,tail_g,546,3393,0.16091954022988506
Korea,5,1.5,tail_g,330,3393,0.09725906277630415
Korea,10,0.1,tail_g,3386,3393,0.9979369289714117
Korea,10,0.2,tail_g,2938,3393,0.8659003831417624
Korea,10,0.3,tail_g,2177,3393,0.641615089890952
Korea,10,0.4,tail_g,1609,3393,0.4742116121426466
Korea,10,0.6,tail_g,1037,3393,0.30562923666371944
Korea,10,0.8,tail_g,723,3393,0.21308576480990274
Korea,10,1.0,tail_g,546,3393,0.16091954022988506
Korea,10,1.5,tail_g,330,3393,0.09725906277630415
Korea,15,0.1,tail_g,3386,3393,0.9979369289714117
Korea,15,0.2,tail_g,2938,3393,0.8659003831417624
Korea,15,0.3,tail_g,2177,3393,0.641615089890952
Korea,15,0.4,tail_g,1609,3393,0.4742116121426466
Korea,15,0.6,tail_g,1037,3393,0.30562923666371944
Korea,15,0.8,tail_g,723,3393,0.21308576480990274
Korea,15,1.0,tail_g,546,3393,0.16091954022988506
Korea,15,1.5,tail_g,330,3393,0.09725906277630415
Korea,20,0.1,tail_g,3386,3393,0.9979369289714117
Korea,20,0.2,tail_g,2938,3393,0.8659003831417624
Korea,20,0.3,tail_g,2177,3393,0.641615089890952
Korea,20,0.4,tail_g,1609,3393,0.4742116121426466
Korea,20,0.6,tail_g,1037,3393,0.30562923666371944
Korea,20,0.8,tail_g,723,3393,0.21308576480990274
Korea,20,1.0,tail_g,546,3393,0.16091954022988506
Korea,20,1.5,tail_g,330,3393,0.09725906277630415
Korea,30,0.1,tail_g,3386,3393,0.9979369289714117
Korea,30,0.2,tail_g,2938,3393,0.8659003831417624
Korea,30,0.3,tail_g,2177,3393,0.641615089890952
Korea,30,0.4,tail_g,1609,3393,0.4742116121426466
Korea,30,0.6,tail_g,1037,3393,0.30562923666371944
Korea,30,0.8,tail_g,723,3393,0.21308576480990274
Korea,30,1.0,tail_g,546,3393,0.16091954022988506
Korea,30,1.5,tail_g,330,3393,0.09725906277630415
Korea,50,0.1,tail_g,3386,3393,0.9979369289714117
Korea,50,0.2,tail_g,2938,3393,0.8659003831417624
Korea,50,0.3,tail_g,2177,3393,0.641615089890952
Korea,50,0.4,tail_g,1609,3393,0.4742116121426466
Korea,50,0.6,tail_g,1037,3393,0.30562923666371944
Korea,50,0.8,tail_g,723,3393,0.21308576480990274
Korea,50,1.0,tail_g,546,3393,0.16091954022988506
Korea,50,1.5,tail_g,330,3393,0.09725906277630415
Koxy,3,0.1,tail_g,4608,4608,1.0
Koxy,3,0.2,tail_g,4544,4608,0.9861111111111112
Koxy,3,0.3,tail_g,4310,4608,0.9353298611111112
Koxy,3,0.4,tail_g,3914,4608,0.8493923611111112
Koxy,3,0.6,tail_g,2782,4608,0.6037326388888888
Koxy,3,0.8,tail_g,1802,4608,0.3910590277777778
Koxy,3,1.0,tail_g,1192,4608,0.2586805555555556
Koxy,3,1.5,tail_g,538,4608,0.11675347222222222
Koxy,5,0.1,tail_g,4608,4608,1.0
Koxy,5,0.2,tail_g,4544,4608,0.9861111111111112
Koxy,5,0.3,tail_g,4310,4608,0.9353298611111112
Koxy,5,0.4,tail_g,3914,4608,0.8493923611111112
Koxy,5,0.6,tail_g,2782,4608,0.6037326388888888
Koxy,5,0.8,tail_g,1802,4608,0.3910590277777778
Koxy,5,1.0,tail_g,1192,4608,0.2586805555555556
Koxy,5,1.5,tail_g,538,4608,0.11675347222222222
Koxy,10,0.1,tail_g,4608,4608,1.0
Koxy,10,0.2,tail_g,4544,4608,0.9861111111111112
Koxy,10,0.3,tail_g,4310,4608,0.9353298611111112
Koxy,10,0.4,tail_g,3914,4608,0.8493923611111112
Koxy,10,0.6,tail_g,2782,4608,0.6037326388888888
Koxy,10,0.8,tail_g,1802,4608,0.3910590277777778
Koxy,10,1.0,tail_g,1192,4608,0.2586805555555556
Koxy,10,1.5,tail_g,538,4608,0.11675347222222222
Koxy,15,0.1,tail_g,4608,4608,1.0
Koxy,15,0.2,tail_g,4544,4608,0.9861111111111112
Koxy,15,0.3,tail_g,4310,4608,0.9353298611111112
Koxy,15,0.4,tail_g,3914,4608,0.8493923611111112
Koxy,15,0.6,tail_g,2782,4608,0.6037326388888888
Koxy,15,0.8,tail_g,1802,4608,0.3910590277777778
Koxy,15,1.0,tail_g,1192,4608,0.2586805555555556
Koxy,15,1.5,tail_g,538,4608,0.11675347222222222
Koxy,20,0.1,tail_g,4608,4608,1.0
Koxy,20,0.2,tail_g,4544,4608,0.9861111111111112
Koxy,20,0.3,tail_g,4310,4608,0.9353298611111112
Koxy,20,0.4,tail_g,3914,4608,0.8493923611111112
Koxy,20,0.6,tail_g,2782,4608,0.6037326388888888
Koxy,20,0.8,tail_g,1802,4608,0.3910590277777778
Koxy,20,1.0,tail_g,1192,4608,0.2586805555555556
Koxy,20,1.5,tail_g,538,4608,0.11675347222222222
Koxy,30,0.1,tail_g,4608,4608,1.0
Koxy,30,0.2,tail_g,4544,4608,0.9861111111111112
Koxy,30,0.3,tail_g,4310,4608,0.9353298611111112
Koxy,30,0.4,tail_g,3914,4608,0.8493923611111112
Koxy,30,0.6,tail_g,2782,4608,0.6037326388888888
Koxy,30,0.8,tail_g,1802,4608,0.3910590277777778
Koxy,30,1.0,tail_g,1192,4608,0.2586805555555556
Koxy,30,1.5,tail_g,538,4608,0.11675347222222222
Koxy,50,0.1,tail_g,4608,4608,1.0
Koxy,50,0.2,tail_g,4544,4608,0.9861111111111112
Koxy,50,0.3,tail_g,4310,4608,0.9353298611111112
Koxy,50,0.4,tail_g,3914,4608,0.8493923611111112
Koxy,50,0.6,tail_g,2782,4608,0.6037326388888888
Koxy,50,0.8,tail_g,1802,4608,0.3910590277777778
Koxy,50,1.0,tail_g,1192,4608,0.2586805555555556
Koxy,50,1.5,tail_g,538,4608,0.11675347222222222
MR1,3,0.1,tail_g,3777,3782,0.9986779481755684
MR1,3,0.2,tail_g,3663,3782,0.9685351665785299
MR1,3,0.3,tail_g,3338,3782,0.8826017979904812
MR1,3,0.4,tail_g,2863,3782,0.757006874669487
MR1,3,0.6,tail_g,2047,3782,0.5412480169222633
MR1,3,0.8,tail_g,1523,3782,0.4026969857218403
MR1,3,1.0,tail_g,1207,3782,0.3191433104177684
MR1,3,1.5,tail_g,818,3782,0.2162876784769963
MR1,5,0.1,tail_g,3777,3782,0.9986779481755684
MR1,5,0.2,tail_g,3663,3782,0.9685351665785299
MR1,5,0.3,tail_g,3338,3782,0.8826017979904812
MR1,5,0.4,tail_g,2863,3782,0.757006874669487
MR1,5,0.6,tail_g,2047,3782,0.5412480169222633
MR1,5,0.8,tail_g,1523,3782,0.4026969857218403
MR1,5,1.0,tail_g,1207,3782,0.3191433104177684
MR1,5,1.5,tail_g,818,3782,0.2162876784769963
MR1,10,0.1,tail_g,3777,3782,0.9986779481755684
MR1,10,0.2,tail_g,3663,3782,0.9685351665785299
MR1,10,0.3,tail_g,3338,3782,0.8826017979904812
MR1,10,0.4,tail_g,2863,3782,0.757006874669487
MR1,10,0.6,tail_g,2047,3782,0.5412480169222633
MR1,10,0.8,tail_g,1523,3782,0.4026969857218403
MR1,10,1.0,tail_g,1207,3782,0.3191433104177684
MR1,10,1.5,tail_g,818,3782,0.2162876784769963
MR1,15,0.1,tail_g,3777,3782,0.9986779481755684
MR1,15,0.2,tail_g,3663,3782,0.9685351665785299
MR1,15,0.3,tail_g,3338,3782,0.8826017979904812
MR1,15,0.4,tail_g,2863,3782,0.757006874669487
MR1,15,0.6,tail_g,2047,3782,0.5412480169222633
MR1,15,0.8,tail_g,1523,3782,0.4026969857218403
MR1,15,1.0,tail_g,1207,3782,0.3191433104177684
MR1,15,1.5,tail_g,818,3782,0.2162876784769963
MR1,20,0.1,tail_g,3777,3782,0.9986779481755684
MR1,20,0.2,tail_g,3663,3782,0.9685351665785299
MR1,20,0.3,tail_g,3338,3782,0.8826017979904812
MR1,20,0.4,tail_g,2863,3782,0.757006874669487
MR1,20,0.6,tail_g,2047,3782,0.5412480169222633
MR1,20,0.8,tail_g,1523,3782,0.4026969857218403
MR1,20,1.0,tail_g,1207,3782,0.3191433104177684
MR1,20,1.5,tail_g,818,3782,0.2162876784769963
MR1,30,0.1,tail_g,3777,3782,0.9986779481755684
MR1,30,0.2,tail_g,3663,3782,0.9685351665785299
MR1,30,0.3,tail_g,3338,3782,0.8826017979904812
MR1,30,0.4,tail_g,2863,3782,0.757006874669487
MR1,30,0.6,tail_g,2047,3782,0.5412480169222633
MR1,30,0.8,tail_g,1523,3782,0.4026969857218403
MR1,30,1.0,tail_g,1207,3782,0.3191433104177684
MR1,30,1.5,tail_g,818,3782,0.2162876784769963
MR1,50,0.1,tail_g,3777,3782,0.9986779481755684
MR1,50,0.2,tail_g,3663,3782,0.9685351665785299
MR1,50,0.3,tail_g,3338,3782,0.8826017979904812
MR1,50,0.4,tail_g,2863,3782,0.757006874669487
MR1,50,0.6,tail_g,2047,3782,0.5412480169222633
MR1,50,0.8,tail_g,1523,3782,0.4026969857218403
MR1,50,1.0,tail_g,1207,3782,0.3191433104177684
MR1,50,1.5,tail_g,818,3782,0.2162876784769963
Magneto,3,0.1,tail_g,3221,3221,1.0
Magneto,3,0.2,tail_g,3198,3221,0.9928593604470661
Magneto,3,0.3,tail_g,3006,3221,0.9332505433095312
Magneto,3,0.4,tail_g,2614,3221,0.8115492083203973
Magneto,3,0.6,tail_g,1768,3221,0.5488978578081342
Magneto,3,0.8,tail_g,1237,3221,0.3840422229121391
Magneto,3,1.0,tail_g,851,3221,0.26420366345855323
Magneto,3,1.5,tail_g,404,3221,0.12542688606022975
Magneto,5,0.1,tail_g,3221,3221,1.0
Magneto,5,0.2,tail_g,3198,3221,0.9928593604470661
Magneto,5,0.3,tail_g,3006,3221,0.9332505433095312
Magneto,5,0.4,tail_g,2614,3221,0.8115492083203973
Magneto,5,0.6,tail_g,1768,3221,0.5488978578081342
Magneto,5,0.8,tail_g,1237,3221,0.3840422229121391
Magneto,5,1.0,tail_g,851,3221,0.26420366345855323
Magneto,5,1.5,tail_g,404,3221,0.12542688606022975
Magneto,10,0.1,tail_g,3221,3221,1.0
Magneto,10,0.2,tail_g,3198,3221,0.9928593604470661
Magneto,10,0.3,tail_g,3006,3221,0.9332505433095312
Magneto,10,0.4,tail_g,2614,3221,0.8115492083203973
Magneto,10,0.6,tail_g,1768,3221,0.5488978578081342
Magneto,10,0.8,tail_g,1237,3221,0.3840422229121391
Magneto,10,1.0,tail_g,851,3221,0.26420366345855323
Magneto,10,1.5,tail_g,404,3221,0.12542688606022975
Magneto,15,0.1,tail_g,3221,3221,1.0
Magneto,15,0.2,tail_g,3198,3221,0.9928593604470661
Magneto,15,0.3,tail_g,3006,3221,0.9332505433095312
Magneto,15,0.4,tail_g,2614,3221,0.8115492083203973
Magneto,15,0.6,tail_g,1768,3221,0.5488978578081342
Magneto,15,0.8,tail_g,1237,3221,0.3840422229121391
Magneto,15,1.0,tail_g,851,3221,0.26420366345855323
Magneto,15,1.5,tail_g,404,3221,0.12542688606022975
Magneto,20,0.1,tail_g,3221,3221,1.0
Magneto,20,0.2,tail_g,3198,3221,0.9928593604470661
Magneto,20,0.3,tail_g,3006,3221,0.9332505433095312
Magneto,20,0.4,tail_g,2614,3221,0.8115492083203973
Magneto,20,0.6,tail_g,1768,3221,0.5488978578081342
Magneto,20,0.8,tail_g,1237,3221,0.3840422229121391
Magneto,20,1.0,tail_g,851,3221,0.26420366345855323
Magneto,20,1.5,tail_g,404,3221,0.12542688606022975
Magneto,30,0.1,tail_g,3221,3221,1.0
Magneto,30,0.2,tail_g,3198,3221,0.9928593604470661
Magneto,30,0.3,tail_g,3006,3221,0.9332505433095312
Magneto,30,0.4,tail_g,2614,3221,0.8115492083203973
Magneto,30,0.6,tail_g,1768,3221,0.5488978578081342
Magneto,30,0.8,tail_g,1237,3221,0.3840422229121391
Magneto,30,1.0,tail_g,851,3221,0.26420366345855323
Magneto,30,1.5,tail_g,404,3221,0.12542688606022975
Magneto,50,0.1,tail_g,0,3221,0.0
Magneto,50,0.2,tail_g,0,3221,0.0
Magneto,50,0.3,tail_g,0,3221,0.0
Magneto,50,0.4,tail_g,0,3221,0.0
Magneto,50,0.6,tail_g,0,3221,0.0
Magneto,50,0.8,tail_g,0,3221,0.0
Magneto,50,1.0,tail_g,0,3221,0.0
Magneto,50,1.5,tail_g,0,3221,0.0
Marino,3,0.1,tail_g,3650,3650,1.0
Marino,3,0.2,tail_g,3619,3650,0.9915068493150685
Marino,3,0.3,tail_g,3400,3650,0.9315068493150684
Marino,3,0.4,tail_g,2966,3650,0.8126027397260274
Marino,3,0.6,tail_g,2050,3650,0.5616438356164384
Marino,3,0.8,tail_g,1438,3650,0.393972602739726
Marino,3,1.0,tail_g,1052,3650,0.2882191780821918
Marino,3,1.5,tail_g,484,3650,0.1326027397260274
Marino,5,0.1,tail_g,3650,3650,1.0
Marino,5,0.2,tail_g,3619,3650,0.9915068493150685
Marino,5,0.3,tail_g,3400,3650,0.9315068493150684
Marino,5,0.4,tail_g,2966,3650,0.8126027397260274
Marino,5,0.6,tail_g,2050,3650,0.5616438356164384
Marino,5,0.8,tail_g,1438,3650,0.393972602739726
Marino,5,1.0,tail_g,1052,3650,0.2882191780821918
Marino,5,1.5,tail_g,484,3650,0.1326027397260274
Marino,10,0.1,tail_g,3650,3650,1.0
Marino,10,0.2,tail_g,3619,3650,0.9915068493150685
Marino,10,0.3,tail_g,3400,3650,0.9315068493150684
Marino,10,0.4,tail_g,2966,3650,0.8126027397260274
Marino,10,0.6,tail_g,2050,3650,0.5616438356164384
Marino,10,0.8,tail_g,1438,3650,0.393972602739726
Marino,10,1.0,tail_g,1052,3650,0.2882191780821918
Marino,10,1.5,tail_g,484,3650,0.1326027397260274
Marino,15,0.1,tail_g,3650,3650,1.0
Marino,15,0.2,tail_g,3619,3650,0.9915068493150685
Marino,15,0.3,tail_g,3400,3650,0.9315068493150684
Marino,15,0.4,tail_g,2966,3650,0.8126027397260274
Marino,15,0.6,tail_g,2050,3650,0.5616438356164384
Marino,15,0.8,tail_g,1438,3650,0.393972602739726
Marino,15,1.0,tail_g,1052,3650,0.2882191780821918
Marino,15,1.5,tail_g,484,3650,0.1326027397260274
Marino,20,0.1,tail_g,3650,3650,1.0
Marino,20,0.2,tail_g,3619,3650,0.9915068493150685
Marino,20,0.3,tail_g,3400,3650,0.9315068493150684
Marino,20,0.4,tail_g,2966,3650,0.8126027397260274
Marino,20,0.6,tail_g,2050,3650,0.5616438356164384
Marino,20,0.8,tail_g,1438,3650,0.393972602739726
Marino,20,1.0,tail_g,1052,3650,0.2882191780821918
Marino,20,1.5,tail_g,484,3650,0.1326027397260274
Marino,30,0.1,tail_g,3650,3650,1.0
Marino,30,0.2,tail_g,3619,3650,0.9915068493150685
Marino,30,0.3,tail_g,3400,3650,0.9315068493150684
Marino,30,0.4,tail_g,2966,3650,0.8126027397260274
Marino,30,0.6,tail_g,2050,3650,0.5616438356164384
Marino,30,0.8,tail_g,1438,3650,0.393972602739726
Marino,30,1.0,tail_g,1052,3650,0.2882191780821918
Marino,30,1.5,tail_g,484,3650,0.1326027397260274
Marino,50,0.1,tail_g,3650,3650,1.0
Marino,50,0.2,tail_g,3619,3650,0.9915068493150685
Marino,50,0.3,tail_g,3400,3650,0.9315068493150684
Marino,50,0.4,tail_g,2966,3650,0.8126027397260274
Marino,50,0.6,tail_g,2050,3650,0.5616438356164384
Marino,50,0.8,tail_g,1438,3650,0.393972602739726
Marino,50,1.0,tail_g,1052,3650,0.2882191780821918
Marino,50,1.5,tail_g,484,3650,0.1326027397260274
Methanococcus_JJ,3,0.1,tail_g,1382,1383,0.9992769342010123
Methanococcus_JJ,3,0.2,tail_g,1305,1383,0.9436008676789588
Methanococcus_JJ,3,0.3,tail_g,1131,1383,0.8177874186550976
Methanococcus_JJ,3,0.4,tail_g,960,1383,0.6941431670281996
Methanococcus_JJ,3,0.6,tail_g,725,1383,0.5242227042660882
Methanococcus_JJ,3,0.8,tail_g,595,1383,0.4302241503976862
Methanococcus_JJ,3,1.0,tail_g,519,1383,0.3752711496746204
Methanococcus_JJ,3,1.5,tail_g,381,1383,0.2754880694143167
Methanococcus_JJ,5,0.1,tail_g,1382,1383,0.9992769342010123
Methanococcus_JJ,5,0.2,tail_g,1305,1383,0.9436008676789588
Methanococcus_JJ,5,0.3,tail_g,1131,1383,0.8177874186550976
Methanococcus_JJ,5,0.4,tail_g,960,1383,0.6941431670281996
Methanococcus_JJ,5,0.6,tail_g,725,1383,0.5242227042660882
Methanococcus_JJ,5,0.8,tail_g,595,1383,0.4302241503976862
Methanococcus_JJ,5,1.0,tail_g,519,1383,0.3752711496746204
Methanococcus_JJ,5,1.5,tail_g,381,1383,0.2754880694143167
Methanococcus_JJ,10,0.1,tail_g,1382,1383,0.9992769342010123
Methanococcus_JJ,10,0.2,tail_g,1305,1383,0.9436008676789588
Methanococcus_JJ,10,0.3,tail_g,1131,1383,0.8177874186550976
Methanococcus_JJ,10,0.4,tail_g,960,1383,0.6941431670281996
Methanococcus_JJ,10,0.6,tail_g,725,1383,0.5242227042660882
Methanococcus_JJ,10,0.8,tail_g,595,1383,0.4302241503976862
Methanococcus_JJ,10,1.0,tail_g,519,1383,0.3752711496746204
Methanococcus_JJ,10,1.5,tail_g,381,1383,0.2754880694143167
Methanococcus_JJ,15,0.1,tail_g,1382,1383,0.9992769342010123
Methanococcus_JJ,15,0.2,tail_g,1305,1383,0.9436008676789588
Methanococcus_JJ,15,0.3,tail_g,1131,1383,0.8177874186550976
Methanococcus_JJ,15,0.4,tail_g,960,1383,0.6941431670281996
Methanococcus_JJ,15,0.6,tail_g,725,1383,0.5242227042660882
Methanococcus_JJ,15,0.8,tail_g,595,1383,0.4302241503976862
Methanococcus_JJ,15,1.0,tail_g,519,1383,0.3752711496746204
Methanococcus_JJ,15,1.5,tail_g,381,1383,0.2754880694143167
Methanococcus_JJ,20,0.1,tail_g,1382,1383,0.9992769342010123
Methanococcus_JJ,20,0.2,tail_g,1305,1383,0.9436008676789588
Methanococcus_JJ,20,0.3,tail_g,1131,1383,0.8177874186550976
Methanococcus_JJ,20,0.4,tail_g,960,1383,0.6941431670281996
Methanococcus_JJ,20,0.6,tail_g,725,1383,0.5242227042660882
Methanococcus_JJ,20,0.8,tail_g,595,1383,0.4302241503976862
Methanococcus_JJ,20,1.0,tail_g,519,1383,0.3752711496746204
Methanococcus_JJ,20,1.5,tail_g,381,1383,0.2754880694143167
Methanococcus_JJ,30,0.1,tail_g,1382,1383,0.9992769342010123
Methanococcus_JJ,30,0.2,tail_g,1305,1383,0.9436008676789588
Methanococcus_JJ,30,0.3,tail_g,1131,1383,0.8177874186550976
Methanococcus_JJ,30,0.4,tail_g,960,1383,0.6941431670281996
Methanococcus_JJ,30,0.6,tail_g,725,1383,0.5242227042660882
Methanococcus_JJ,30,0.8,tail_g,595,1383,0.4302241503976862
Methanococcus_JJ,30,1.0,tail_g,519,1383,0.3752711496746204
Methanococcus_JJ,30,1.5,tail_g,381,1383,0.2754880694143167
Methanococcus_JJ,50,0.1,tail_g,0,1383,0.0
Methanococcus_JJ,50,0.2,tail_g,0,1383,0.0
Methanococcus_JJ,50,0.3,tail_g,0,1383,0.0
Methanococcus_JJ,50,0.4,tail_g,0,1383,0.0
Methanococcus_JJ,50,0.6,tail_g,0,1383,0.0
Methanococcus_JJ,50,0.8,tail_g,0,1383,0.0
Methanococcus_JJ,50,1.0,tail_g,0,1383,0.0
Methanococcus_JJ,50,1.5,tail_g,0,1383,0.0
Methanococcus_S2,3,0.1,tail_g,1244,1244,1.0
Methanococcus_S2,3,0.2,tail_g,1224,1244,0.9839228295819936
Methanococcus_S2,3,0.3,tail_g,1143,1244,0.9188102893890675
Methanococcus_S2,3,0.4,tail_g,1012,1244,0.8135048231511254
Methanococcus_S2,3,0.6,tail_g,786,1244,0.6318327974276527
Methanococcus_S2,3,0.8,tail_g,643,1244,0.5168810289389068
Methanococcus_S2,3,1.0,tail_g,543,1244,0.4364951768488746
Methanococcus_S2,3,1.5,tail_g,427,1244,0.3432475884244373
Methanococcus_S2,5,0.1,tail_g,1244,1244,1.0
Methanococcus_S2,5,0.2,tail_g,1224,1244,0.9839228295819936
Methanococcus_S2,5,0.3,tail_g,1143,1244,0.9188102893890675
Methanococcus_S2,5,0.4,tail_g,1012,1244,0.8135048231511254
Methanococcus_S2,5,0.6,tail_g,786,1244,0.6318327974276527
Methanococcus_S2,5,0.8,tail_g,643,1244,0.5168810289389068
Methanococcus_S2,5,1.0,tail_g,543,1244,0.4364951768488746
Methanococcus_S2,5,1.5,tail_g,427,1244,0.3432475884244373
Methanococcus_S2,10,0.1,tail_g,1244,1244,1.0
Methanococcus_S2,10,0.2,tail_g,1224,1244,0.9839228295819936
Methanococcus_S2,10,0.3,tail_g,1143,1244,0.9188102893890675
Methanococcus_S2,10,0.4,tail_g,1012,1244,0.8135048231511254
Methanococcus_S2,10,0.6,tail_g,786,1244,0.6318327974276527
Methanococcus_S2,10,0.8,tail_g,643,1244,0.5168810289389068
Methanococcus_S2,10,1.0,tail_g,543,1244,0.4364951768488746
Methanococcus_S2,10,1.5,tail_g,427,1244,0.3432475884244373
Methanococcus_S2,15,0.1,tail_g,1244,1244,1.0
Methanococcus_S2,15,0.2,tail_g,1224,1244,0.9839228295819936
Methanococcus_S2,15,0.3,tail_g,1143,1244,0.9188102893890675
Methanococcus_S2,15,0.4,tail_g,1012,1244,0.8135048231511254
Methanococcus_S2,15,0.6,tail_g,786,1244,0.6318327974276527
Methanococcus_S2,15,0.8,tail_g,643,1244,0.5168810289389068
Methanococcus_S2,15,1.0,tail_g,543,1244,0.4364951768488746
Methanococcus_S2,15,1.5,tail_g,427,1244,0.3432475884244373
Methanococcus_S2,20,0.1,tail_g,1244,1244,1.0
Methanococcus_S2,20,0.2,tail_g,1224,1244,0.9839228295819936
Methanococcus_S2,20,0.3,tail_g,1143,1244,0.9188102893890675
Methanococcus_S2,20,0.4,tail_g,1012,1244,0.8135048231511254
Methanococcus_S2,20,0.6,tail_g,786,1244,0.6318327974276527
Methanococcus_S2,20,0.8,tail_g,643,1244,0.5168810289389068
Methanococcus_S2,20,1.0,tail_g,543,1244,0.4364951768488746
Methanococcus_S2,20,1.5,tail_g,427,1244,0.3432475884244373
Methanococcus_S2,30,0.1,tail_g,1244,1244,1.0
Methanococcus_S2,30,0.2,tail_g,1224,1244,0.9839228295819936
Methanococcus_S2,30,0.3,tail_g,1143,1244,0.9188102893890675
Methanococcus_S2,30,0.4,tail_g,1012,1244,0.8135048231511254
Methanococcus_S2,30,0.6,tail_g,786,1244,0.6318327974276527
Methanococcus_S2,30,0.8,tail_g,643,1244,0.5168810289389068
Methanococcus_S2,30,1.0,tail_g,543,1244,0.4364951768488746
Methanococcus_S2,30,1.5,tail_g,427,1244,0.3432475884244373
Methanococcus_S2,50,0.1,tail_g,1244,1244,1.0
Methanococcus_S2,50,0.2,tail_g,1224,1244,0.9839228295819936
Methanococcus_S2,50,0.3,tail_g,1143,1244,0.9188102893890675
Methanococcus_S2,50,0.4,tail_g,1012,1244,0.8135048231511254
Methanococcus_S2,50,0.6,tail_g,786,1244,0.6318327974276527
Methanococcus_S2,50,0.8,tail_g,643,1244,0.5168810289389068
Methanococcus_S2,50,1.0,tail_g,543,1244,0.4364951768488746
Methanococcus_S2,50,1.5,tail_g,427,1244,0.3432475884244373
Miya,3,0.1,tail_g,2531,2531,1.0
Miya,3,0.2,tail_g,2530,2531,0.9996048992493086
Miya,3,0.3,tail_g,2497,2531,0.9865665744764915
Miya,3,0.4,tail_g,2315,2531,0.9146582378506519
Miya,3,0.6,tail_g,1754,2531,0.6930067167127617
Miya,3,0.8,tail_g,1300,2531,0.5136309758988542
Miya,3,1.0,tail_g,994,2531,0.39273014618727775
Miya,3,1.5,tail_g,605,2531,0.23903595416831291
Miya,5,0.1,tail_g,2531,2531,1.0
Miya,5,0.2,tail_g,2530,2531,0.9996048992493086
Miya,5,0.3,tail_g,2497,2531,0.9865665744764915
Miya,5,0.4,tail_g,2315,2531,0.9146582378506519
Miya,5,0.6,tail_g,1754,2531,0.6930067167127617
Miya,5,0.8,tail_g,1300,2531,0.5136309758988542
Miya,5,1.0,tail_g,994,2531,0.39273014618727775
Miya,5,1.5,tail_g,605,2531,0.23903595416831291
Miya,10,0.1,tail_g,2531,2531,1.0
Miya,10,0.2,tail_g,2530,2531,0.9996048992493086
Miya,10,0.3,tail_g,2497,2531,0.9865665744764915
Miya,10,0.4,tail_g,2315,2531,0.9146582378506519
Miya,10,0.6,tail_g,1754,2531,0.6930067167127617
Miya,10,0.8,tail_g,1300,2531,0.5136309758988542
Miya,10,1.0,tail_g,994,2531,0.39273014618727775
Miya,10,1.5,tail_g,605,2531,0.23903595416831291
Miya,15,0.1,tail_g,2531,2531,1.0
Miya,15,0.2,tail_g,2530,2531,0.9996048992493086
Miya,15,0.3,tail_g,2497,2531,0.9865665744764915
Miya,15,0.4,tail_g,2315,2531,0.9146582378506519
Miya,15,0.6,tail_g,1754,2531,0.6930067167127617
Miya,15,0.8,tail_g,1300,2531,0.5136309758988542
Miya,15,1.0,tail_g,994,2531,0.39273014618727775
Miya,15,1.5,tail_g,605,2531,0.23903595416831291
Miya,20,0.1,tail_g,2531,2531,1.0
Miya,20,0.2,tail_g,2530,2531,0.9996048992493086
Miya,20,0.3,tail_g,2497,2531,0.9865665744764915
Miya,20,0.4,tail_g,2315,2531,0.9146582378506519
Miya,20,0.6,tail_g,1754,2531,0.6930067167127617
Miya,20,0.8,tail_g,1300,2531,0.5136309758988542
Miya,20,1.0,tail_g,994,2531,0.39273014618727775
Miya,20,1.5,tail_g,605,2531,0.23903595416831291
Miya,30,0.1,tail_g,2531,2531,1.0
Miya,30,0.2,tail_g,2530,2531,0.9996048992493086
Miya,30,0.3,tail_g,2497,2531,0.9865665744764915
Miya,30,0.4,tail_g,2315,2531,0.9146582378506519
Miya,30,0.6,tail_g,1754,2531,0.6930067167127617
Miya,30,0.8,tail_g,1300,2531,0.5136309758988542
Miya,30,1.0,tail_g,994,2531,0.39273014618727775
Miya,30,1.5,tail_g,605,2531,0.23903595416831291
Miya,50,0.1,tail_g,2531,2531,1.0
Miya,50,0.2,tail_g,2530,2531,0.9996048992493086
Miya,50,0.3,tail_g,2497,2531,0.9865665744764915
Miya,50,0.4,tail_g,2315,2531,0.9146582378506519
Miya,50,0.6,tail_g,1754,2531,0.6930067167127617
Miya,50,0.8,tail_g,1300,2531,0.5136309758988542
Miya,50,1.0,tail_g,994,2531,0.39273014618727775
Miya,50,1.5,tail_g,605,2531,0.23903595416831291
PS,3,0.1,tail_g,2561,2561,1.0
PS,3,0.2,tail_g,2560,2561,0.9996095275283092
PS,3,0.3,tail_g,2540,2561,0.9918000780944943
PS,3,0.4,tail_g,2451,2561,0.957048028114018
PS,3,0.6,tail_g,2111,2561,0.8242873877391644
PS,3,0.8,tail_g,1795,2561,0.7008980866848887
PS,3,1.0,tail_g,1505,2561,0.5876610698945725
PS,3,1.5,tail_g,883,2561,0.34478719250292855
PS,5,0.1,tail_g,2561,2561,1.0
PS,5,0.2,tail_g,2560,2561,0.9996095275283092
PS,5,0.3,tail_g,2540,2561,0.9918000780944943
PS,5,0.4,tail_g,2451,2561,0.957048028114018
PS,5,0.6,tail_g,2111,2561,0.8242873877391644
PS,5,0.8,tail_g,1795,2561,0.7008980866848887
PS,5,1.0,tail_g,1505,2561,0.5876610698945725
PS,5,1.5,tail_g,883,2561,0.34478719250292855
PS,10,0.1,tail_g,2561,2561,1.0
PS,10,0.2,tail_g,2560,2561,0.9996095275283092
PS,10,0.3,tail_g,2540,2561,0.9918000780944943
PS,10,0.4,tail_g,2451,2561,0.957048028114018
PS,10,0.6,tail_g,2111,2561,0.8242873877391644
PS,10,0.8,tail_g,1795,2561,0.7008980866848887
PS,10,1.0,tail_g,1505,2561,0.5876610698945725
PS,10,1.5,tail_g,883,2561,0.34478719250292855
PS,15,0.1,tail_g,2561,2561,1.0
PS,15,0.2,tail_g,2560,2561,0.9996095275283092
PS,15,0.3,tail_g,2540,2561,0.9918000780944943
PS,15,0.4,tail_g,2451,2561,0.957048028114018
PS,15,0.6,tail_g,2111,2561,0.8242873877391644
PS,15,0.8,tail_g,1795,2561,0.7008980866848887
PS,15,1.0,tail_g,1505,2561,0.5876610698945725
PS,15,1.5,tail_g,883,2561,0.34478719250292855
PS,20,0.1,tail_g,2561,2561,1.0
PS,20,0.2,tail_g,2560,2561,0.9996095275283092
PS,20,0.3,tail_g,2540,2561,0.9918000780944943
PS,20,0.4,tail_g,2451,2561,0.957048028114018
PS,20,0.6,tail_g,2111,2561,0.8242873877391644
PS,20,0.8,tail_g,1795,2561,0.7008980866848887
PS,20,1.0,tail_g,1505,2561,0.5876610698945725
PS,20,1.5,tail_g,883,2561,0.34478719250292855
PS,30,0.1,tail_g,2561,2561,1.0
PS,30,0.2,tail_g,2560,2561,0.9996095275283092
PS,30,0.3,tail_g,2540,2561,0.9918000780944943
PS,30,0.4,tail_g,2451,2561,0.957048028114018
PS,30,0.6,tail_g,2111,2561,0.8242873877391644
PS,30,0.8,tail_g,1795,2561,0.7008980866848887
PS,30,1.0,tail_g,1505,2561,0.5876610698945725
PS,30,1.5,tail_g,883,2561,0.34478719250292855
PS,50,0.1,tail_g,0,2561,0.0
PS,50,0.2,tail_g,0,2561,0.0
PS,50,0.3,tail_g,0,2561,0.0
PS,50,0.4,tail_g,0,2561,0.0
PS,50,0.6,tail_g,0,2561,0.0
PS,50,0.8,tail_g,0,2561,0.0
PS,50,1.0,tail_g,0,2561,0.0
PS,50,1.5,tail_g,0,2561,0.0
PV4,3,0.1,tail_g,3009,3009,1.0
PV4,3,0.2,tail_g,2996,3009,0.9956796277833168
PV4,3,0.3,tail_g,2905,3009,0.9654370222665337
PV4,3,0.4,tail_g,2701,3009,0.8976404120970423
PV4,3,0.6,tail_g,2086,3009,0.6932535726154869
PV4,3,0.8,tail_g,1601,3009,0.5320704553007644
PV4,3,1.0,tail_g,1270,3009,0.42206713193752077
PV4,3,1.5,tail_g,823,3009,0.27351279494848785
PV4,5,0.1,tail_g,3009,3009,1.0
PV4,5,0.2,tail_g,2996,3009,0.9956796277833168
PV4,5,0.3,tail_g,2905,3009,0.9654370222665337
PV4,5,0.4,tail_g,2701,3009,0.8976404120970423
PV4,5,0.6,tail_g,2086,3009,0.6932535726154869
PV4,5,0.8,tail_g,1601,3009,0.5320704553007644
PV4,5,1.0,tail_g,1270,3009,0.42206713193752077
PV4,5,1.5,tail_g,823,3009,0.27351279494848785
PV4,10,0.1,tail_g,3009,3009,1.0
PV4,10,0.2,tail_g,2996,3009,0.9956796277833168
PV4,10,0.3,tail_g,2905,3009,0.9654370222665337
PV4,10,0.4,tail_g,2701,3009,0.8976404120970423
PV4,10,0.6,tail_g,2086,3009,0.6932535726154869
PV4,10,0.8,tail_g,1601,3009,0.5320704553007644
PV4,10,1.0,tail_g,1270,3009,0.42206713193752077
PV4,10,1.5,tail_g,823,3009,0.27351279494848785
PV4,15,0.1,tail_g,3009,3009,1.0
PV4,15,0.2,tail_g,2996,3009,0.9956796277833168
PV4,15,0.3,tail_g,2905,3009,0.9654370222665337
PV4,15,0.4,tail_g,2701,3009,0.8976404120970423
PV4,15,0.6,tail_g,2086,3009,0.6932535726154869
PV4,15,0.8,tail_g,1601,3009,0.5320704553007644
PV4,15,1.0,tail_g,1270,3009,0.42206713193752077
PV4,15,1.5,tail_g,823,3009,0.27351279494848785
PV4,20,0.1,tail_g,3009,3009,1.0
PV4,20,0.2,tail_g,2996,3009,0.9956796277833168
PV4,20,0.3,tail_g,2905,3009,0.9654370222665337
PV4,20,0.4,tail_g,2701,3009,0.8976404120970423
PV4,20,0.6,tail_g,2086,3009,0.6932535726154869
PV4,20,0.8,tail_g,1601,3009,0.5320704553007644
PV4,20,1.0,tail_g,1270,3009,0.42206713193752077
PV4,20,1.5,tail_g,823,3009,0.27351279494848785
PV4,30,0.1,tail_g,3009,3009,1.0
PV4,30,0.2,tail_g,2996,3009,0.9956796277833168
PV4,30,0.3,tail_g,2905,3009,0.9654370222665337
PV4,30,0.4,tail_g,2701,3009,0.8976404120970423
PV4,30,0.6,tail_g,2086,3009,0.6932535726154869
PV4,30,0.8,tail_g,1601,3009,0.5320704553007644
PV4,30,1.0,tail_g,1270,3009,0.42206713193752077
PV4,30,1.5,tail_g,823,3009,0.27351279494848785
PV4,50,0.1,tail_g,3009,3009,1.0
PV4,50,0.2,tail_g,2996,3009,0.9956796277833168
PV4,50,0.3,tail_g,2905,3009,0.9654370222665337
PV4,50,0.4,tail_g,2701,3009,0.8976404120970423
PV4,50,0.6,tail_g,2086,3009,0.6932535726154869
PV4,50,0.8,tail_g,1601,3009,0.5320704553007644
PV4,50,1.0,tail_g,1270,3009,0.42206713193752077
PV4,50,1.5,tail_g,823,3009,0.27351279494848785
Pedo557,3,0.1,tail_g,4423,4423,1.0
Pedo557,3,0.2,tail_g,4297,4423,0.9715125480443139
Pedo557,3,0.3,tail_g,3712,4423,0.8392493782500565
Pedo557,3,0.4,tail_g,2868,4423,0.6484286683246665
Pedo557,3,0.6,tail_g,1669,4423,0.37734569296857334
Pedo557,3,0.8,tail_g,1039,4423,0.23490843319014243
Pedo557,3,1.0,tail_g,761,4423,0.17205516617680308
Pedo557,3,1.5,tail_g,461,4423,0.10422789961564549
Pedo557,5,0.1,tail_g,4423,4423,1.0
Pedo557,5,0.2,tail_g,4297,4423,0.9715125480443139
Pedo557,5,0.3,tail_g,3712,4423,0.8392493782500565
Pedo557,5,0.4,tail_g,2868,4423,0.6484286683246665
Pedo557,5,0.6,tail_g,1669,4423,0.37734569296857334
Pedo557,5,0.8,tail_g,1039,4423,0.23490843319014243
Pedo557,5,1.0,tail_g,761,4423,0.17205516617680308
Pedo557,5,1.5,tail_g,461,4423,0.10422789961564549
Pedo557,10,0.1,tail_g,4423,4423,1.0
Pedo557,10,0.2,tail_g,4297,4423,0.9715125480443139
Pedo557,10,0.3,tail_g,3712,4423,0.8392493782500565
Pedo557,10,0.4,tail_g,2868,4423,0.6484286683246665
Pedo557,10,0.6,tail_g,1669,4423,0.37734569296857334
Pedo557,10,0.8,tail_g,1039,4423,0.23490843319014243
Pedo557,10,1.0,tail_g,761,4423,0.17205516617680308
Pedo557,10,1.5,tail_g,461,4423,0.10422789961564549
Pedo557,15,0.1,tail_g,4423,4423,1.0
Pedo557,15,0.2,tail_g,4297,4423,0.9715125480443139
Pedo557,15,0.3,tail_g,3712,4423,0.8392493782500565
Pedo557,15,0.4,tail_g,2868,4423,0.6484286683246665
Pedo557,15,0.6,tail_g,1669,4423,0.37734569296857334
Pedo557,15,0.8,tail_g,1039,4423,0.23490843319014243
Pedo557,15,1.0,tail_g,761,4423,0.17205516617680308
Pedo557,15,1.5,tail_g,461,4423,0.10422789961564549
Pedo557,20,0.1,tail_g,4423,4423,1.0
Pedo557,20,0.2,tail_g,4297,4423,0.9715125480443139
Pedo557,20,0.3,tail_g,3712,4423,0.8392493782500565
Pedo557,20,0.4,tail_g,2868,4423,0.6484286683246665
Pedo557,20,0.6,tail_g,1669,4423,0.37734569296857334
Pedo557,20,0.8,tail_g,1039,4423,0.23490843319014243
Pedo557,20,1.0,tail_g,761,4423,0.17205516617680308
Pedo557,20,1.5,tail_g,461,4423,0.10422789961564549
Pedo557,30,0.1,tail_g,4423,4423,1.0
Pedo557,30,0.2,tail_g,4297,4423,0.9715125480443139
Pedo557,30,0.3,tail_g,3712,4423,0.8392493782500565
Pedo557,30,0.4,tail_g,2868,4423,0.6484286683246665
Pedo557,30,0.6,tail_g,1669,4423,0.37734569296857334
Pedo557,30,0.8,tail_g,1039,4423,0.23490843319014243
Pedo557,30,1.0,tail_g,761,4423,0.17205516617680308
Pedo557,30,1.5,tail_g,461,4423,0.10422789961564549
Pedo557,50,0.1,tail_g,4423,4423,1.0
Pedo557,50,0.2,tail_g,4297,4423,0.9715125480443139
Pedo557,50,0.3,tail_g,3712,4423,0.8392493782500565
Pedo557,50,0.4,tail_g,2868,4423,0.6484286683246665
Pedo557,50,0.6,tail_g,1669,4423,0.37734569296857334
Pedo557,50,0.8,tail_g,1039,4423,0.23490843319014243
Pedo557,50,1.0,tail_g,761,4423,0.17205516617680308
Pedo557,50,1.5,tail_g,461,4423,0.10422789961564549
Phaeo,3,0.1,tail_g,3097,3099,0.9993546305259762
Phaeo,3,0.2,tail_g,3079,3099,0.9935463052597612
Phaeo,3,0.3,tail_g,2944,3099,0.9499838657631494
Phaeo,3,0.4,tail_g,2619,3099,0.8451113262342691
Phaeo,3,0.6,tail_g,1811,3099,0.5843820587286221
Phaeo,3,0.8,tail_g,1241,3099,0.4004517586318167
Phaeo,3,1.0,tail_g,872,3099,0.2813810906744111
Phaeo,3,1.5,tail_g,402,3099,0.12971926427879962
Phaeo,5,0.1,tail_g,3097,3099,0.9993546305259762
Phaeo,5,0.2,tail_g,3079,3099,0.9935463052597612
Phaeo,5,0.3,tail_g,2944,3099,0.9499838657631494
Phaeo,5,0.4,tail_g,2619,3099,0.8451113262342691
Phaeo,5,0.6,tail_g,1811,3099,0.5843820587286221
Phaeo,5,0.8,tail_g,1241,3099,0.4004517586318167
Phaeo,5,1.0,tail_g,872,3099,0.2813810906744111
Phaeo,5,1.5,tail_g,402,3099,0.12971926427879962
Phaeo,10,0.1,tail_g,3097,3099,0.9993546305259762
Phaeo,10,0.2,tail_g,3079,3099,0.9935463052597612
Phaeo,10,0.3,tail_g,2944,3099,0.9499838657631494
Phaeo,10,0.4,tail_g,2619,3099,0.8451113262342691
Phaeo,10,0.6,tail_g,1811,3099,0.5843820587286221
Phaeo,10,0.8,tail_g,1241,3099,0.4004517586318167
Phaeo,10,1.0,tail_g,872,3099,0.2813810906744111
Phaeo,10,1.5,tail_g,402,3099,0.12971926427879962
Phaeo,15,0.1,tail_g,3097,3099,0.9993546305259762
Phaeo,15,0.2,tail_g,3079,3099,0.9935463052597612
Phaeo,15,0.3,tail_g,2944,3099,0.9499838657631494
Phaeo,15,0.4,tail_g,2619,3099,0.8451113262342691
Phaeo,15,0.6,tail_g,1811,3099,0.5843820587286221
Phaeo,15,0.8,tail_g,1241,3099,0.4004517586318167
Phaeo,15,1.0,tail_g,872,3099,0.2813810906744111
Phaeo,15,1.5,tail_g,402,3099,0.12971926427879962
Phaeo,20,0.1,tail_g,3097,3099,0.9993546305259762
Phaeo,20,0.2,tail_g,3079,3099,0.9935463052597612
Phaeo,20,0.3,tail_g,2944,3099,0.9499838657631494
Phaeo,20,0.4,tail_g,2619,3099,0.8451113262342691
Phaeo,20,0.6,tail_g,1811,3099,0.5843820587286221
Phaeo,20,0.8,tail_g,1241,3099,0.4004517586318167
Phaeo,20,1.0,tail_g,872,3099,0.2813810906744111
Phaeo,20,1.5,tail_g,402,3099,0.12971926427879962
Phaeo,30,0.1,tail_g,3097,3099,0.9993546305259762
Phaeo,30,0.2,tail_g,3079,3099,0.9935463052597612
Phaeo,30,0.3,tail_g,2944,3099,0.9499838657631494
Phaeo,30,0.4,tail_g,2619,3099,0.8451113262342691
Phaeo,30,0.6,tail_g,1811,3099,0.5843820587286221
Phaeo,30,0.8,tail_g,1241,3099,0.4004517586318167
Phaeo,30,1.0,tail_g,872,3099,0.2813810906744111
Phaeo,30,1.5,tail_g,402,3099,0.12971926427879962
Phaeo,50,0.1,tail_g,3097,3099,0.9993546305259762
Phaeo,50,0.2,tail_g,3079,3099,0.9935463052597612
Phaeo,50,0.3,tail_g,2944,3099,0.9499838657631494
Phaeo,50,0.4,tail_g,2619,3099,0.8451113262342691
Phaeo,50,0.6,tail_g,1811,3099,0.5843820587286221
Phaeo,50,0.8,tail_g,1241,3099,0.4004517586318167
Phaeo,50,1.0,tail_g,872,3099,0.2813810906744111
Phaeo,50,1.5,tail_g,402,3099,0.12971926427879962
Ponti,3,0.1,tail_g,3685,3685,1.0
Ponti,3,0.2,tail_g,3642,3685,0.9883310719131615
Ponti,3,0.3,tail_g,3308,3685,0.8976933514246948
Ponti,3,0.4,tail_g,2779,3685,0.7541383989145183
Ponti,3,0.6,tail_g,1780,3685,0.4830393487109905
Ponti,3,0.8,tail_g,1278,3685,0.3468113975576662
Ponti,3,1.0,tail_g,956,3685,0.25943012211668925
Ponti,3,1.5,tail_g,570,3685,0.1546811397557666
Ponti,5,0.1,tail_g,3685,3685,1.0
Ponti,5,0.2,tail_g,3642,3685,0.9883310719131615
Ponti,5,0.3,tail_g,3308,3685,0.8976933514246948
Ponti,5,0.4,tail_g,2779,3685,0.7541383989145183
Ponti,5,0.6,tail_g,1780,3685,0.4830393487109905
Ponti,5,0.8,tail_g,1278,3685,0.3468113975576662
Ponti,5,1.0,tail_g,956,3685,0.25943012211668925
Ponti,5,1.5,tail_g,570,3685,0.1546811397557666
Ponti,10,0.1,tail_g,3685,3685,1.0
Ponti,10,0.2,tail_g,3642,3685,0.9883310719131615
Ponti,10,0.3,tail_g,3308,3685,0.8976933514246948
Ponti,10,0.4,tail_g,2779,3685,0.7541383989145183
Ponti,10,0.6,tail_g,1780,3685,0.4830393487109905
Ponti,10,0.8,tail_g,1278,3685,0.3468113975576662
Ponti,10,1.0,tail_g,956,3685,0.25943012211668925
Ponti,10,1.5,tail_g,570,3685,0.1546811397557666
Ponti,15,0.1,tail_g,3685,3685,1.0
Ponti,15,0.2,tail_g,3642,3685,0.9883310719131615
Ponti,15,0.3,tail_g,3308,3685,0.8976933514246948
Ponti,15,0.4,tail_g,2779,3685,0.7541383989145183
Ponti,15,0.6,tail_g,1780,3685,0.4830393487109905
Ponti,15,0.8,tail_g,1278,3685,0.3468113975576662
Ponti,15,1.0,tail_g,956,3685,0.25943012211668925
Ponti,15,1.5,tail_g,570,3685,0.1546811397557666
Ponti,20,0.1,tail_g,3685,3685,1.0
Ponti,20,0.2,tail_g,3642,3685,0.9883310719131615
Ponti,20,0.3,tail_g,3308,3685,0.8976933514246948
Ponti,20,0.4,tail_g,2779,3685,0.7541383989145183
Ponti,20,0.6,tail_g,1780,3685,0.4830393487109905
Ponti,20,0.8,tail_g,1278,3685,0.3468113975576662
Ponti,20,1.0,tail_g,956,3685,0.25943012211668925
Ponti,20,1.5,tail_g,570,3685,0.1546811397557666
Ponti,30,0.1,tail_g,3685,3685,1.0
Ponti,30,0.2,tail_g,3642,3685,0.9883310719131615
Ponti,30,0.3,tail_g,3308,3685,0.8976933514246948
Ponti,30,0.4,tail_g,2779,3685,0.7541383989145183
Ponti,30,0.6,tail_g,1780,3685,0.4830393487109905
Ponti,30,0.8,tail_g,1278,3685,0.3468113975576662
Ponti,30,1.0,tail_g,956,3685,0.25943012211668925
Ponti,30,1.5,tail_g,570,3685,0.1546811397557666
Ponti,50,0.1,tail_g,0,3685,0.0
Ponti,50,0.2,tail_g,0,3685,0.0
Ponti,50,0.3,tail_g,0,3685,0.0
Ponti,50,0.4,tail_g,0,3685,0.0
Ponti,50,0.6,tail_g,0,3685,0.0
Ponti,50,0.8,tail_g,0,3685,0.0
Ponti,50,1.0,tail_g,0,3685,0.0
Ponti,50,1.5,tail_g,0,3685,0.0
Putida,3,0.1,tail_g,4778,4778,1.0
Putida,3,0.2,tail_g,4695,4778,0.982628714943491
Putida,3,0.3,tail_g,4086,4778,0.8551695269987443
Putida,3,0.4,tail_g,3164,4778,0.6622017580577647
Putida,3,0.6,tail_g,1776,4778,0.3717036416910841
Putida,3,0.8,tail_g,1138,4778,0.23817496860611134
Putida,3,1.0,tail_g,776,4778,0.16241105064880704
Putida,3,1.5,tail_g,371,4778,0.07764755127668481
Putida,5,0.1,tail_g,4778,4778,1.0
Putida,5,0.2,tail_g,4695,4778,0.982628714943491
Putida,5,0.3,tail_g,4086,4778,0.8551695269987443
Putida,5,0.4,tail_g,3164,4778,0.6622017580577647
Putida,5,0.6,tail_g,1776,4778,0.3717036416910841
Putida,5,0.8,tail_g,1138,4778,0.23817496860611134
Putida,5,1.0,tail_g,776,4778,0.16241105064880704
Putida,5,1.5,tail_g,371,4778,0.07764755127668481
Putida,10,0.1,tail_g,4778,4778,1.0
Putida,10,0.2,tail_g,4695,4778,0.982628714943491
Putida,10,0.3,tail_g,4086,4778,0.8551695269987443
Putida,10,0.4,tail_g,3164,4778,0.6622017580577647
Putida,10,0.6,tail_g,1776,4778,0.3717036416910841
Putida,10,0.8,tail_g,1138,4778,0.23817496860611134
Putida,10,1.0,tail_g,776,4778,0.16241105064880704
Putida,10,1.5,tail_g,371,4778,0.07764755127668481
Putida,15,0.1,tail_g,4778,4778,1.0
Putida,15,0.2,tail_g,4695,4778,0.982628714943491
Putida,15,0.3,tail_g,4086,4778,0.8551695269987443
Putida,15,0.4,tail_g,3164,4778,0.6622017580577647
Putida,15,0.6,tail_g,1776,4778,0.3717036416910841
Putida,15,0.8,tail_g,1138,4778,0.23817496860611134
Putida,15,1.0,tail_g,776,4778,0.16241105064880704
Putida,15,1.5,tail_g,371,4778,0.07764755127668481
Putida,20,0.1,tail_g,4778,4778,1.0
Putida,20,0.2,tail_g,4695,4778,0.982628714943491
Putida,20,0.3,tail_g,4086,4778,0.8551695269987443
Putida,20,0.4,tail_g,3164,4778,0.6622017580577647
Putida,20,0.6,tail_g,1776,4778,0.3717036416910841
Putida,20,0.8,tail_g,1138,4778,0.23817496860611134
Putida,20,1.0,tail_g,776,4778,0.16241105064880704
Putida,20,1.5,tail_g,371,4778,0.07764755127668481
Putida,30,0.1,tail_g,4778,4778,1.0
Putida,30,0.2,tail_g,4695,4778,0.982628714943491
Putida,30,0.3,tail_g,4086,4778,0.8551695269987443
Putida,30,0.4,tail_g,3164,4778,0.6622017580577647
Putida,30,0.6,tail_g,1776,4778,0.3717036416910841
Putida,30,0.8,tail_g,1138,4778,0.23817496860611134
Putida,30,1.0,tail_g,776,4778,0.16241105064880704
Putida,30,1.5,tail_g,371,4778,0.07764755127668481
Putida,50,0.1,tail_g,4778,4778,1.0
Putida,50,0.2,tail_g,4695,4778,0.982628714943491
Putida,50,0.3,tail_g,4086,4778,0.8551695269987443
Putida,50,0.4,tail_g,3164,4778,0.6622017580577647
Putida,50,0.6,tail_g,1776,4778,0.3717036416910841
Putida,50,0.8,tail_g,1138,4778,0.23817496860611134
Putida,50,1.0,tail_g,776,4778,0.16241105064880704
Putida,50,1.5,tail_g,371,4778,0.07764755127668481
RalstoniaBSBF1503,3,0.1,tail_g,0,3779,0.0
RalstoniaBSBF1503,3,0.2,tail_g,0,3779,0.0
RalstoniaBSBF1503,3,0.3,tail_g,0,3779,0.0
RalstoniaBSBF1503,3,0.4,tail_g,0,3779,0.0
RalstoniaBSBF1503,3,0.6,tail_g,0,3779,0.0
RalstoniaBSBF1503,3,0.8,tail_g,0,3779,0.0
RalstoniaBSBF1503,3,1.0,tail_g,0,3779,0.0
RalstoniaBSBF1503,3,1.5,tail_g,0,3779,0.0
RalstoniaBSBF1503,5,0.1,tail_g,0,3779,0.0
RalstoniaBSBF1503,5,0.2,tail_g,0,3779,0.0
RalstoniaBSBF1503,5,0.3,tail_g,0,3779,0.0
RalstoniaBSBF1503,5,0.4,tail_g,0,3779,0.0
RalstoniaBSBF1503,5,0.6,tail_g,0,3779,0.0
RalstoniaBSBF1503,5,0.8,tail_g,0,3779,0.0
RalstoniaBSBF1503,5,1.0,tail_g,0,3779,0.0
RalstoniaBSBF1503,5,1.5,tail_g,0,3779,0.0
RalstoniaBSBF1503,10,0.1,tail_g,0,3779,0.0
RalstoniaBSBF1503,10,0.2,tail_g,0,3779,0.0
RalstoniaBSBF1503,10,0.3,tail_g,0,3779,0.0
RalstoniaBSBF1503,10,0.4,tail_g,0,3779,0.0
RalstoniaBSBF1503,10,0.6,tail_g,0,3779,0.0
RalstoniaBSBF1503,10,0.8,tail_g,0,3779,0.0
RalstoniaBSBF1503,10,1.0,tail_g,0,3779,0.0
RalstoniaBSBF1503,10,1.5,tail_g,0,3779,0.0
RalstoniaBSBF1503,15,0.1,tail_g,0,3779,0.0
RalstoniaBSBF1503,15,0.2,tail_g,0,3779,0.0
RalstoniaBSBF1503,15,0.3,tail_g,0,3779,0.0
RalstoniaBSBF1503,15,0.4,tail_g,0,3779,0.0
RalstoniaBSBF1503,15,0.6,tail_g,0,3779,0.0
RalstoniaBSBF1503,15,0.8,tail_g,0,3779,0.0
RalstoniaBSBF1503,15,1.0,tail_g,0,3779,0.0
RalstoniaBSBF1503,15,1.5,tail_g,0,3779,0.0
RalstoniaBSBF1503,20,0.1,tail_g,0,3779,0.0
RalstoniaBSBF1503,20,0.2,tail_g,0,3779,0.0
RalstoniaBSBF1503,20,0.3,tail_g,0,3779,0.0
RalstoniaBSBF1503,20,0.4,tail_g,0,3779,0.0
RalstoniaBSBF1503,20,0.6,tail_g,0,3779,0.0
RalstoniaBSBF1503,20,0.8,tail_g,0,3779,0.0
RalstoniaBSBF1503,20,1.0,tail_g,0,3779,0.0
RalstoniaBSBF1503,20,1.5,tail_g,0,3779,0.0
RalstoniaBSBF1503,30,0.1,tail_g,0,3779,0.0
RalstoniaBSBF1503,30,0.2,tail_g,0,3779,0.0
RalstoniaBSBF1503,30,0.3,tail_g,0,3779,0.0
RalstoniaBSBF1503,30,0.4,tail_g,0,3779,0.0
RalstoniaBSBF1503,30,0.6,tail_g,0,3779,0.0
RalstoniaBSBF1503,30,0.8,tail_g,0,3779,0.0
RalstoniaBSBF1503,30,1.0,tail_g,0,3779,0.0
RalstoniaBSBF1503,30,1.5,tail_g,0,3779,0.0
RalstoniaBSBF1503,50,0.1,tail_g,0,3779,0.0
RalstoniaBSBF1503,50,0.2,tail_g,0,3779,0.0
RalstoniaBSBF1503,50,0.3,tail_g,0,3779,0.0
RalstoniaBSBF1503,50,0.4,tail_g,0,3779,0.0
RalstoniaBSBF1503,50,0.6,tail_g,0,3779,0.0
RalstoniaBSBF1503,50,0.8,tail_g,0,3779,0.0
RalstoniaBSBF1503,50,1.0,tail_g,0,3779,0.0
RalstoniaBSBF1503,50,1.5,tail_g,0,3779,0.0
RalstoniaGMI1000,3,0.1,tail_g,0,3980,0.0
RalstoniaGMI1000,3,0.2,tail_g,0,3980,0.0
RalstoniaGMI1000,3,0.3,tail_g,0,3980,0.0
RalstoniaGMI1000,3,0.4,tail_g,0,3980,0.0
RalstoniaGMI1000,3,0.6,tail_g,0,3980,0.0
RalstoniaGMI1000,3,0.8,tail_g,0,3980,0.0
RalstoniaGMI1000,3,1.0,tail_g,0,3980,0.0
RalstoniaGMI1000,3,1.5,tail_g,0,3980,0.0
RalstoniaGMI1000,5,0.1,tail_g,0,3980,0.0
RalstoniaGMI1000,5,0.2,tail_g,0,3980,0.0
RalstoniaGMI1000,5,0.3,tail_g,0,3980,0.0
RalstoniaGMI1000,5,0.4,tail_g,0,3980,0.0
RalstoniaGMI1000,5,0.6,tail_g,0,3980,0.0
RalstoniaGMI1000,5,0.8,tail_g,0,3980,0.0
RalstoniaGMI1000,5,1.0,tail_g,0,3980,0.0
RalstoniaGMI1000,5,1.5,tail_g,0,3980,0.0
RalstoniaGMI1000,10,0.1,tail_g,0,3980,0.0
RalstoniaGMI1000,10,0.2,tail_g,0,3980,0.0
RalstoniaGMI1000,10,0.3,tail_g,0,3980,0.0
RalstoniaGMI1000,10,0.4,tail_g,0,3980,0.0
RalstoniaGMI1000,10,0.6,tail_g,0,3980,0.0
RalstoniaGMI1000,10,0.8,tail_g,0,3980,0.0
RalstoniaGMI1000,10,1.0,tail_g,0,3980,0.0
RalstoniaGMI1000,10,1.5,tail_g,0,3980,0.0
RalstoniaGMI1000,15,0.1,tail_g,0,3980,0.0
RalstoniaGMI1000,15,0.2,tail_g,0,3980,0.0
RalstoniaGMI1000,15,0.3,tail_g,0,3980,0.0
RalstoniaGMI1000,15,0.4,tail_g,0,3980,0.0
RalstoniaGMI1000,15,0.6,tail_g,0,3980,0.0
RalstoniaGMI1000,15,0.8,tail_g,0,3980,0.0
RalstoniaGMI1000,15,1.0,tail_g,0,3980,0.0
RalstoniaGMI1000,15,1.5,tail_g,0,3980,0.0
RalstoniaGMI1000,20,0.1,tail_g,0,3980,0.0
RalstoniaGMI1000,20,0.2,tail_g,0,3980,0.0
RalstoniaGMI1000,20,0.3,tail_g,0,3980,0.0
RalstoniaGMI1000,20,0.4,tail_g,0,3980,0.0
RalstoniaGMI1000,20,0.6,tail_g,0,3980,0.0
RalstoniaGMI1000,20,0.8,tail_g,0,3980,0.0
RalstoniaGMI1000,20,1.0,tail_g,0,3980,0.0
RalstoniaGMI1000,20,1.5,tail_g,0,3980,0.0
RalstoniaGMI1000,30,0.1,tail_g,0,3980,0.0
RalstoniaGMI1000,30,0.2,tail_g,0,3980,0.0
RalstoniaGMI1000,30,0.3,tail_g,0,3980,0.0
RalstoniaGMI1000,30,0.4,tail_g,0,3980,0.0
RalstoniaGMI1000,30,0.6,tail_g,0,3980,0.0
RalstoniaGMI1000,30,0.8,tail_g,0,3980,0.0
RalstoniaGMI1000,30,1.0,tail_g,0,3980,0.0
RalstoniaGMI1000,30,1.5,tail_g,0,3980,0.0
RalstoniaGMI1000,50,0.1,tail_g,0,3980,0.0
RalstoniaGMI1000,50,0.2,tail_g,0,3980,0.0
RalstoniaGMI1000,50,0.3,tail_g,0,3980,0.0
RalstoniaGMI1000,50,0.4,tail_g,0,3980,0.0
RalstoniaGMI1000,50,0.6,tail_g,0,3980,0.0
RalstoniaGMI1000,50,0.8,tail_g,0,3980,0.0
RalstoniaGMI1000,50,1.0,tail_g,0,3980,0.0
RalstoniaGMI1000,50,1.5,tail_g,0,3980,0.0
RalstoniaPSI07,3,0.1,tail_g,0,4029,0.0
RalstoniaPSI07,3,0.2,tail_g,0,4029,0.0
RalstoniaPSI07,3,0.3,tail_g,0,4029,0.0
RalstoniaPSI07,3,0.4,tail_g,0,4029,0.0
RalstoniaPSI07,3,0.6,tail_g,0,4029,0.0
RalstoniaPSI07,3,0.8,tail_g,0,4029,0.0
RalstoniaPSI07,3,1.0,tail_g,0,4029,0.0
RalstoniaPSI07,3,1.5,tail_g,0,4029,0.0
RalstoniaPSI07,5,0.1,tail_g,0,4029,0.0
RalstoniaPSI07,5,0.2,tail_g,0,4029,0.0
RalstoniaPSI07,5,0.3,tail_g,0,4029,0.0
RalstoniaPSI07,5,0.4,tail_g,0,4029,0.0
RalstoniaPSI07,5,0.6,tail_g,0,4029,0.0
RalstoniaPSI07,5,0.8,tail_g,0,4029,0.0
RalstoniaPSI07,5,1.0,tail_g,0,4029,0.0
RalstoniaPSI07,5,1.5,tail_g,0,4029,0.0
RalstoniaPSI07,10,0.1,tail_g,0,4029,0.0
RalstoniaPSI07,10,0.2,tail_g,0,4029,0.0
RalstoniaPSI07,10,0.3,tail_g,0,4029,0.0
RalstoniaPSI07,10,0.4,tail_g,0,4029,0.0
RalstoniaPSI07,10,0.6,tail_g,0,4029,0.0
RalstoniaPSI07,10,0.8,tail_g,0,4029,0.0
RalstoniaPSI07,10,1.0,tail_g,0,4029,0.0
RalstoniaPSI07,10,1.5,tail_g,0,4029,0.0
RalstoniaPSI07,15,0.1,tail_g,0,4029,0.0
RalstoniaPSI07,15,0.2,tail_g,0,4029,0.0
RalstoniaPSI07,15,0.3,tail_g,0,4029,0.0
RalstoniaPSI07,15,0.4,tail_g,0,4029,0.0
RalstoniaPSI07,15,0.6,tail_g,0,4029,0.0
RalstoniaPSI07,15,0.8,tail_g,0,4029,0.0
RalstoniaPSI07,15,1.0,tail_g,0,4029,0.0
RalstoniaPSI07,15,1.5,tail_g,0,4029,0.0
RalstoniaPSI07,20,0.1,tail_g,0,4029,0.0
RalstoniaPSI07,20,0.2,tail_g,0,4029,0.0
RalstoniaPSI07,20,0.3,tail_g,0,4029,0.0
RalstoniaPSI07,20,0.4,tail_g,0,4029,0.0
RalstoniaPSI07,20,0.6,tail_g,0,4029,0.0
RalstoniaPSI07,20,0.8,tail_g,0,4029,0.0
RalstoniaPSI07,20,1.0,tail_g,0,4029,0.0
RalstoniaPSI07,20,1.5,tail_g,0,4029,0.0
RalstoniaPSI07,30,0.1,tail_g,0,4029,0.0
RalstoniaPSI07,30,0.2,tail_g,0,4029,0.0
RalstoniaPSI07,30,0.3,tail_g,0,4029,0.0
RalstoniaPSI07,30,0.4,tail_g,0,4029,0.0
RalstoniaPSI07,30,0.6,tail_g,0,4029,0.0
RalstoniaPSI07,30,0.8,tail_g,0,4029,0.0
RalstoniaPSI07,30,1.0,tail_g,0,4029,0.0
RalstoniaPSI07,30,1.5,tail_g,0,4029,0.0
RalstoniaPSI07,50,0.1,tail_g,0,4029,0.0
RalstoniaPSI07,50,0.2,tail_g,0,4029,0.0
RalstoniaPSI07,50,0.3,tail_g,0,4029,0.0
RalstoniaPSI07,50,0.4,tail_g,0,4029,0.0
RalstoniaPSI07,50,0.6,tail_g,0,4029,0.0
RalstoniaPSI07,50,0.8,tail_g,0,4029,0.0
RalstoniaPSI07,50,1.0,tail_g,0,4029,0.0
RalstoniaPSI07,50,1.5,tail_g,0,4029,0.0
RalstoniaUW163,3,0.1,tail_g,0,3795,0.0
RalstoniaUW163,3,0.2,tail_g,0,3795,0.0
RalstoniaUW163,3,0.3,tail_g,0,3795,0.0
RalstoniaUW163,3,0.4,tail_g,0,3795,0.0
RalstoniaUW163,3,0.6,tail_g,0,3795,0.0
RalstoniaUW163,3,0.8,tail_g,0,3795,0.0
RalstoniaUW163,3,1.0,tail_g,0,3795,0.0
RalstoniaUW163,3,1.5,tail_g,0,3795,0.0
RalstoniaUW163,5,0.1,tail_g,0,3795,0.0
RalstoniaUW163,5,0.2,tail_g,0,3795,0.0
RalstoniaUW163,5,0.3,tail_g,0,3795,0.0
RalstoniaUW163,5,0.4,tail_g,0,3795,0.0
RalstoniaUW163,5,0.6,tail_g,0,3795,0.0
RalstoniaUW163,5,0.8,tail_g,0,3795,0.0
RalstoniaUW163,5,1.0,tail_g,0,3795,0.0
RalstoniaUW163,5,1.5,tail_g,0,3795,0.0
RalstoniaUW163,10,0.1,tail_g,0,3795,0.0
RalstoniaUW163,10,0.2,tail_g,0,3795,0.0
RalstoniaUW163,10,0.3,tail_g,0,3795,0.0
RalstoniaUW163,10,0.4,tail_g,0,3795,0.0
RalstoniaUW163,10,0.6,tail_g,0,3795,0.0
RalstoniaUW163,10,0.8,tail_g,0,3795,0.0
RalstoniaUW163,10,1.0,tail_g,0,3795,0.0
RalstoniaUW163,10,1.5,tail_g,0,3795,0.0
RalstoniaUW163,15,0.1,tail_g,0,3795,0.0
RalstoniaUW163,15,0.2,tail_g,0,3795,0.0
RalstoniaUW163,15,0.3,tail_g,0,3795,0.0
RalstoniaUW163,15,0.4,tail_g,0,3795,0.0
RalstoniaUW163,15,0.6,tail_g,0,3795,0.0
RalstoniaUW163,15,0.8,tail_g,0,3795,0.0
RalstoniaUW163,15,1.0,tail_g,0,3795,0.0
RalstoniaUW163,15,1.5,tail_g,0,3795,0.0
RalstoniaUW163,20,0.1,tail_g,0,3795,0.0
RalstoniaUW163,20,0.2,tail_g,0,3795,0.0
RalstoniaUW163,20,0.3,tail_g,0,3795,0.0
RalstoniaUW163,20,0.4,tail_g,0,3795,0.0
RalstoniaUW163,20,0.6,tail_g,0,3795,0.0
RalstoniaUW163,20,0.8,tail_g,0,3795,0.0
RalstoniaUW163,20,1.0,tail_g,0,3795,0.0
RalstoniaUW163,20,1.5,tail_g,0,3795,0.0
RalstoniaUW163,30,0.1,tail_g,0,3795,0.0
RalstoniaUW163,30,0.2,tail_g,0,3795,0.0
RalstoniaUW163,30,0.3,tail_g,0,3795,0.0
RalstoniaUW163,30,0.4,tail_g,0,3795,0.0
RalstoniaUW163,30,0.6,tail_g,0,3795,0.0
RalstoniaUW163,30,0.8,tail_g,0,3795,0.0
RalstoniaUW163,30,1.0,tail_g,0,3795,0.0
RalstoniaUW163,30,1.5,tail_g,0,3795,0.0
RalstoniaUW163,50,0.1,tail_g,0,3795,0.0
RalstoniaUW163,50,0.2,tail_g,0,3795,0.0
RalstoniaUW163,50,0.3,tail_g,0,3795,0.0
RalstoniaUW163,50,0.4,tail_g,0,3795,0.0
RalstoniaUW163,50,0.6,tail_g,0,3795,0.0
RalstoniaUW163,50,0.8,tail_g,0,3795,0.0
RalstoniaUW163,50,1.0,tail_g,0,3795,0.0
RalstoniaUW163,50,1.5,tail_g,0,3795,0.0
SB2B,3,0.1,tail_g,3121,3121,1.0
SB2B,3,0.2,tail_g,3038,3121,0.9734059596283242
SB2B,3,0.3,tail_g,2673,3121,0.856456264017943
SB2B,3,0.4,tail_g,2188,3121,0.7010573534123679
SB2B,3,0.6,tail_g,1544,3121,0.49471323293816083
SB2B,3,0.8,tail_g,1154,3121,0.36975328420378084
SB2B,3,1.0,tail_g,912,3121,0.29221403396347323
SB2B,3,1.5,tail_g,654,3121,0.20954822172380647
SB2B,5,0.1,tail_g,3121,3121,1.0
SB2B,5,0.2,tail_g,3038,3121,0.9734059596283242
SB2B,5,0.3,tail_g,2673,3121,0.856456264017943
SB2B,5,0.4,tail_g,2188,3121,0.7010573534123679
SB2B,5,0.6,tail_g,1544,3121,0.49471323293816083
SB2B,5,0.8,tail_g,1154,3121,0.36975328420378084
SB2B,5,1.0,tail_g,912,3121,0.29221403396347323
SB2B,5,1.5,tail_g,654,3121,0.20954822172380647
SB2B,10,0.1,tail_g,3121,3121,1.0
SB2B,10,0.2,tail_g,3038,3121,0.9734059596283242
SB2B,10,0.3,tail_g,2673,3121,0.856456264017943
SB2B,10,0.4,tail_g,2188,3121,0.7010573534123679
SB2B,10,0.6,tail_g,1544,3121,0.49471323293816083
SB2B,10,0.8,tail_g,1154,3121,0.36975328420378084
SB2B,10,1.0,tail_g,912,3121,0.29221403396347323
SB2B,10,1.5,tail_g,654,3121,0.20954822172380647
SB2B,15,0.1,tail_g,3121,3121,1.0
SB2B,15,0.2,tail_g,3038,3121,0.9734059596283242
SB2B,15,0.3,tail_g,2673,3121,0.856456264017943
SB2B,15,0.4,tail_g,2188,3121,0.7010573534123679
SB2B,15,0.6,tail_g,1544,3121,0.49471323293816083
SB2B,15,0.8,tail_g,1154,3121,0.36975328420378084
SB2B,15,1.0,tail_g,912,3121,0.29221403396347323
SB2B,15,1.5,tail_g,654,3121,0.20954822172380647
SB2B,20,0.1,tail_g,3121,3121,1.0
SB2B,20,0.2,tail_g,3038,3121,0.9734059596283242
SB2B,20,0.3,tail_g,2673,3121,0.856456264017943
SB2B,20,0.4,tail_g,2188,3121,0.7010573534123679
SB2B,20,0.6,tail_g,1544,3121,0.49471323293816083
SB2B,20,0.8,tail_g,1154,3121,0.36975328420378084
SB2B,20,1.0,tail_g,912,3121,0.29221403396347323
SB2B,20,1.5,tail_g,654,3121,0.20954822172380647
SB2B,30,0.1,tail_g,3121,3121,1.0
SB2B,30,0.2,tail_g,3038,3121,0.9734059596283242
SB2B,30,0.3,tail_g,2673,3121,0.856456264017943
SB2B,30,0.4,tail_g,2188,3121,0.7010573534123679
SB2B,30,0.6,tail_g,1544,3121,0.49471323293816083
SB2B,30,0.8,tail_g,1154,3121,0.36975328420378084
SB2B,30,1.0,tail_g,912,3121,0.29221403396347323
SB2B,30,1.5,tail_g,654,3121,0.20954822172380647
SB2B,50,0.1,tail_g,3121,3121,1.0
SB2B,50,0.2,tail_g,3038,3121,0.9734059596283242
SB2B,50,0.3,tail_g,2673,3121,0.856456264017943
SB2B,50,0.4,tail_g,2188,3121,0.7010573534123679
SB2B,50,0.6,tail_g,1544,3121,0.49471323293816083
SB2B,50,0.8,tail_g,1154,3121,0.36975328420378084
SB2B,50,1.0,tail_g,912,3121,0.29221403396347323
SB2B,50,1.5,tail_g,654,3121,0.20954822172380647
Smeli,3,0.1,tail_g,5133,5133,1.0
Smeli,3,0.2,tail_g,5122,5133,0.9978570037015391
Smeli,3,0.3,tail_g,4943,5133,0.9629846093902201
Smeli,3,0.4,tail_g,4378,5133,0.8529125267874538
Smeli,3,0.6,tail_g,2835,5133,0.5523085914669784
Smeli,3,0.8,tail_g,1824,5133,0.3553477498538866
Smeli,3,1.0,tail_g,1231,5133,0.23982076758231055
Smeli,3,1.5,tail_g,603,5133,0.11747516072472239
Smeli,5,0.1,tail_g,5133,5133,1.0
Smeli,5,0.2,tail_g,5122,5133,0.9978570037015391
Smeli,5,0.3,tail_g,4943,5133,0.9629846093902201
Smeli,5,0.4,tail_g,4378,5133,0.8529125267874538
Smeli,5,0.6,tail_g,2835,5133,0.5523085914669784
Smeli,5,0.8,tail_g,1824,5133,0.3553477498538866
Smeli,5,1.0,tail_g,1231,5133,0.23982076758231055
Smeli,5,1.5,tail_g,603,5133,0.11747516072472239
Smeli,10,0.1,tail_g,5133,5133,1.0
Smeli,10,0.2,tail_g,5122,5133,0.9978570037015391
Smeli,10,0.3,tail_g,4943,5133,0.9629846093902201
Smeli,10,0.4,tail_g,4378,5133,0.8529125267874538
Smeli,10,0.6,tail_g,2835,5133,0.5523085914669784
Smeli,10,0.8,tail_g,1824,5133,0.3553477498538866
Smeli,10,1.0,tail_g,1231,5133,0.23982076758231055
Smeli,10,1.5,tail_g,603,5133,0.11747516072472239
Smeli,15,0.1,tail_g,5133,5133,1.0
Smeli,15,0.2,tail_g,5122,5133,0.9978570037015391
Smeli,15,0.3,tail_g,4943,5133,0.9629846093902201
Smeli,15,0.4,tail_g,4378,5133,0.8529125267874538
Smeli,15,0.6,tail_g,2835,5133,0.5523085914669784
Smeli,15,0.8,tail_g,1824,5133,0.3553477498538866
Smeli,15,1.0,tail_g,1231,5133,0.23982076758231055
Smeli,15,1.5,tail_g,603,5133,0.11747516072472239
Smeli,20,0.1,tail_g,5133,5133,1.0
Smeli,20,0.2,tail_g,5122,5133,0.9978570037015391
Smeli,20,0.3,tail_g,4943,5133,0.9629846093902201
Smeli,20,0.4,tail_g,4378,5133,0.8529125267874538
Smeli,20,0.6,tail_g,2835,5133,0.5523085914669784
Smeli,20,0.8,tail_g,1824,5133,0.3553477498538866
Smeli,20,1.0,tail_g,1231,5133,0.23982076758231055
Smeli,20,1.5,tail_g,603,5133,0.11747516072472239
Smeli,30,0.1,tail_g,5133,5133,1.0
Smeli,30,0.2,tail_g,5122,5133,0.9978570037015391
Smeli,30,0.3,tail_g,4943,5133,0.9629846093902201
Smeli,30,0.4,tail_g,4378,5133,0.8529125267874538
Smeli,30,0.6,tail_g,2835,5133,0.5523085914669784
Smeli,30,0.8,tail_g,1824,5133,0.3553477498538866
Smeli,30,1.0,tail_g,1231,5133,0.23982076758231055
Smeli,30,1.5,tail_g,603,5133,0.11747516072472239
Smeli,50,0.1,tail_g,5133,5133,1.0
Smeli,50,0.2,tail_g,5122,5133,0.9978570037015391
Smeli,50,0.3,tail_g,4943,5133,0.9629846093902201
Smeli,50,0.4,tail_g,4378,5133,0.8529125267874538
Smeli,50,0.6,tail_g,2835,5133,0.5523085914669784
Smeli,50,0.8,tail_g,1824,5133,0.3553477498538866
Smeli,50,1.0,tail_g,1231,5133,0.23982076758231055
Smeli,50,1.5,tail_g,603,5133,0.11747516072472239
SynE,3,0.1,tail_g,1899,1899,1.0
SynE,3,0.2,tail_g,1895,1899,0.9978936282253817
SynE,3,0.3,tail_g,1858,1899,0.9784096893101633
SynE,3,0.4,tail_g,1756,1899,0.9246972090573986
SynE,3,0.6,tail_g,1452,1899,0.764612954186414
SynE,3,0.8,tail_g,1153,1899,0.607161664033702
SynE,3,1.0,tail_g,960,1899,0.5055292259083728
SynE,3,1.5,tail_g,665,1899,0.35018430753027907
SynE,5,0.1,tail_g,1899,1899,1.0
SynE,5,0.2,tail_g,1895,1899,0.9978936282253817
SynE,5,0.3,tail_g,1858,1899,0.9784096893101633
SynE,5,0.4,tail_g,1756,1899,0.9246972090573986
SynE,5,0.6,tail_g,1452,1899,0.764612954186414
SynE,5,0.8,tail_g,1153,1899,0.607161664033702
SynE,5,1.0,tail_g,960,1899,0.5055292259083728
SynE,5,1.5,tail_g,665,1899,0.35018430753027907
SynE,10,0.1,tail_g,1899,1899,1.0
SynE,10,0.2,tail_g,1895,1899,0.9978936282253817
SynE,10,0.3,tail_g,1858,1899,0.9784096893101633
SynE,10,0.4,tail_g,1756,1899,0.9246972090573986
SynE,10,0.6,tail_g,1452,1899,0.764612954186414
SynE,10,0.8,tail_g,1153,1899,0.607161664033702
SynE,10,1.0,tail_g,960,1899,0.5055292259083728
SynE,10,1.5,tail_g,665,1899,0.35018430753027907
SynE,15,0.1,tail_g,1899,1899,1.0
SynE,15,0.2,tail_g,1895,1899,0.9978936282253817
SynE,15,0.3,tail_g,1858,1899,0.9784096893101633
SynE,15,0.4,tail_g,1756,1899,0.9246972090573986
SynE,15,0.6,tail_g,1452,1899,0.764612954186414
SynE,15,0.8,tail_g,1153,1899,0.607161664033702
SynE,15,1.0,tail_g,960,1899,0.5055292259083728
SynE,15,1.5,tail_g,665,1899,0.35018430753027907
SynE,20,0.1,tail_g,1899,1899,1.0
SynE,20,0.2,tail_g,1895,1899,0.9978936282253817
SynE,20,0.3,tail_g,1858,1899,0.9784096893101633
SynE,20,0.4,tail_g,1756,1899,0.9246972090573986
SynE,20,0.6,tail_g,1452,1899,0.764612954186414
SynE,20,0.8,tail_g,1153,1899,0.607161664033702
SynE,20,1.0,tail_g,960,1899,0.5055292259083728
SynE,20,1.5,tail_g,665,1899,0.35018430753027907
SynE,30,0.1,tail_g,1899,1899,1.0
SynE,30,0.2,tail_g,1895,1899,0.9978936282253817
SynE,30,0.3,tail_g,1858,1899,0.9784096893101633
SynE,30,0.4,tail_g,1756,1899,0.9246972090573986
SynE,30,0.6,tail_g,1452,1899,0.764612954186414
SynE,30,0.8,tail_g,1153,1899,0.607161664033702
SynE,30,1.0,tail_g,960,1899,0.5055292259083728
SynE,30,1.5,tail_g,665,1899,0.35018430753027907
SynE,50,0.1,tail_g,1899,1899,1.0
SynE,50,0.2,tail_g,1895,1899,0.9978936282253817
SynE,50,0.3,tail_g,1858,1899,0.9784096893101633
SynE,50,0.4,tail_g,1756,1899,0.9246972090573986
SynE,50,0.6,tail_g,1452,1899,0.764612954186414
SynE,50,0.8,tail_g,1153,1899,0.607161664033702
SynE,50,1.0,tail_g,960,1899,0.5055292259083728
SynE,50,1.5,tail_g,665,1899,0.35018430753027907
SyringaeB728a,3,0.1,tail_g,4314,4314,1.0
SyringaeB728a,3,0.2,tail_g,4239,4314,0.9826147426981919
SyringaeB728a,3,0.3,tail_g,3845,4314,0.8912841910060268
SyringaeB728a,3,0.4,tail_g,3221,4314,0.7466388502549838
SyringaeB728a,3,0.6,tail_g,2056,4314,0.4765878535002318
SyringaeB728a,3,0.8,tail_g,1288,4314,0.2985628187297172
SyringaeB728a,3,1.0,tail_g,845,4314,0.19587389893370422
SyringaeB728a,3,1.5,tail_g,356,4314,0.08252202132591563
SyringaeB728a,5,0.1,tail_g,4314,4314,1.0
SyringaeB728a,5,0.2,tail_g,4239,4314,0.9826147426981919
SyringaeB728a,5,0.3,tail_g,3845,4314,0.8912841910060268
SyringaeB728a,5,0.4,tail_g,3221,4314,0.7466388502549838
SyringaeB728a,5,0.6,tail_g,2056,4314,0.4765878535002318
SyringaeB728a,5,0.8,tail_g,1288,4314,0.2985628187297172
SyringaeB728a,5,1.0,tail_g,845,4314,0.19587389893370422
SyringaeB728a,5,1.5,tail_g,356,4314,0.08252202132591563
SyringaeB728a,10,0.1,tail_g,4314,4314,1.0
SyringaeB728a,10,0.2,tail_g,4239,4314,0.9826147426981919
SyringaeB728a,10,0.3,tail_g,3845,4314,0.8912841910060268
SyringaeB728a,10,0.4,tail_g,3221,4314,0.7466388502549838
SyringaeB728a,10,0.6,tail_g,2056,4314,0.4765878535002318
SyringaeB728a,10,0.8,tail_g,1288,4314,0.2985628187297172
SyringaeB728a,10,1.0,tail_g,845,4314,0.19587389893370422
SyringaeB728a,10,1.5,tail_g,356,4314,0.08252202132591563
SyringaeB728a,15,0.1,tail_g,4314,4314,1.0
SyringaeB728a,15,0.2,tail_g,4239,4314,0.9826147426981919
SyringaeB728a,15,0.3,tail_g,3845,4314,0.8912841910060268
SyringaeB728a,15,0.4,tail_g,3221,4314,0.7466388502549838
SyringaeB728a,15,0.6,tail_g,2056,4314,0.4765878535002318
SyringaeB728a,15,0.8,tail_g,1288,4314,0.2985628187297172
SyringaeB728a,15,1.0,tail_g,845,4314,0.19587389893370422
SyringaeB728a,15,1.5,tail_g,356,4314,0.08252202132591563
SyringaeB728a,20,0.1,tail_g,4314,4314,1.0
SyringaeB728a,20,0.2,tail_g,4239,4314,0.9826147426981919
SyringaeB728a,20,0.3,tail_g,3845,4314,0.8912841910060268
SyringaeB728a,20,0.4,tail_g,3221,4314,0.7466388502549838
SyringaeB728a,20,0.6,tail_g,2056,4314,0.4765878535002318
SyringaeB728a,20,0.8,tail_g,1288,4314,0.2985628187297172
SyringaeB728a,20,1.0,tail_g,845,4314,0.19587389893370422
SyringaeB728a,20,1.5,tail_g,356,4314,0.08252202132591563
SyringaeB728a,30,0.1,tail_g,0,4314,0.0
SyringaeB728a,30,0.2,tail_g,0,4314,0.0
SyringaeB728a,30,0.3,tail_g,0,4314,0.0
SyringaeB728a,30,0.4,tail_g,0,4314,0.0
SyringaeB728a,30,0.6,tail_g,0,4314,0.0
SyringaeB728a,30,0.8,tail_g,0,4314,0.0
SyringaeB728a,30,1.0,tail_g,0,4314,0.0
SyringaeB728a,30,1.5,tail_g,0,4314,0.0
SyringaeB728a,50,0.1,tail_g,0,4314,0.0
SyringaeB728a,50,0.2,tail_g,0,4314,0.0
SyringaeB728a,50,0.3,tail_g,0,4314,0.0
SyringaeB728a,50,0.4,tail_g,0,4314,0.0
SyringaeB728a,50,0.6,tail_g,0,4314,0.0
SyringaeB728a,50,0.8,tail_g,0,4314,0.0
SyringaeB728a,50,1.0,tail_g,0,4314,0.0
SyringaeB728a,50,1.5,tail_g,0,4314,0.0
SyringaeB728a_mexBdelta,3,0.1,tail_g,4281,4282,0.9997664642690332
SyringaeB728a_mexBdelta,3,0.2,tail_g,4202,4282,0.9813171415226529
SyringaeB728a_mexBdelta,3,0.3,tail_g,3778,4282,0.8822979915927137
SyringaeB728a_mexBdelta,3,0.4,tail_g,3178,4282,0.742176553012611
SyringaeB728a_mexBdelta,3,0.6,tail_g,2049,4282,0.4785147127510509
SyringaeB728a_mexBdelta,3,0.8,tail_g,1275,4282,0.29775805698271834
SyringaeB728a_mexBdelta,3,1.0,tail_g,837,4282,0.19546940681924335
SyringaeB728a_mexBdelta,3,1.5,tail_g,328,4282,0.07659971975712283
SyringaeB728a_mexBdelta,5,0.1,tail_g,4281,4282,0.9997664642690332
SyringaeB728a_mexBdelta,5,0.2,tail_g,4202,4282,0.9813171415226529
SyringaeB728a_mexBdelta,5,0.3,tail_g,3778,4282,0.8822979915927137
SyringaeB728a_mexBdelta,5,0.4,tail_g,3178,4282,0.742176553012611
SyringaeB728a_mexBdelta,5,0.6,tail_g,2049,4282,0.4785147127510509
SyringaeB728a_mexBdelta,5,0.8,tail_g,1275,4282,0.29775805698271834
SyringaeB728a_mexBdelta,5,1.0,tail_g,837,4282,0.19546940681924335
SyringaeB728a_mexBdelta,5,1.5,tail_g,328,4282,0.07659971975712283
SyringaeB728a_mexBdelta,10,0.1,tail_g,4281,4282,0.9997664642690332
SyringaeB728a_mexBdelta,10,0.2,tail_g,4202,4282,0.9813171415226529
SyringaeB728a_mexBdelta,10,0.3,tail_g,3778,4282,0.8822979915927137
SyringaeB728a_mexBdelta,10,0.4,tail_g,3178,4282,0.742176553012611
SyringaeB728a_mexBdelta,10,0.6,tail_g,2049,4282,0.4785147127510509
SyringaeB728a_mexBdelta,10,0.8,tail_g,1275,4282,0.29775805698271834
SyringaeB728a_mexBdelta,10,1.0,tail_g,837,4282,0.19546940681924335
SyringaeB728a_mexBdelta,10,1.5,tail_g,328,4282,0.07659971975712283
SyringaeB728a_mexBdelta,15,0.1,tail_g,4281,4282,0.9997664642690332
SyringaeB728a_mexBdelta,15,0.2,tail_g,4202,4282,0.9813171415226529
SyringaeB728a_mexBdelta,15,0.3,tail_g,3778,4282,0.8822979915927137
SyringaeB728a_mexBdelta,15,0.4,tail_g,3178,4282,0.742176553012611
SyringaeB728a_mexBdelta,15,0.6,tail_g,2049,4282,0.4785147127510509
SyringaeB728a_mexBdelta,15,0.8,tail_g,1275,4282,0.29775805698271834
SyringaeB728a_mexBdelta,15,1.0,tail_g,837,4282,0.19546940681924335
SyringaeB728a_mexBdelta,15,1.5,tail_g,328,4282,0.07659971975712283
SyringaeB728a_mexBdelta,20,0.1,tail_g,4281,4282,0.9997664642690332
SyringaeB728a_mexBdelta,20,0.2,tail_g,4202,4282,0.9813171415226529
SyringaeB728a_mexBdelta,20,0.3,tail_g,3778,4282,0.8822979915927137
SyringaeB728a_mexBdelta,20,0.4,tail_g,3178,4282,0.742176553012611
SyringaeB728a_mexBdelta,20,0.6,tail_g,2049,4282,0.4785147127510509
SyringaeB728a_mexBdelta,20,0.8,tail_g,1275,4282,0.29775805698271834
SyringaeB728a_mexBdelta,20,1.0,tail_g,837,4282,0.19546940681924335
SyringaeB728a_mexBdelta,20,1.5,tail_g,328,4282,0.07659971975712283
SyringaeB728a_mexBdelta,30,0.1,tail_g,0,4282,0.0
SyringaeB728a_mexBdelta,30,0.2,tail_g,0,4282,0.0
SyringaeB728a_mexBdelta,30,0.3,tail_g,0,4282,0.0
SyringaeB728a_mexBdelta,30,0.4,tail_g,0,4282,0.0
SyringaeB728a_mexBdelta,30,0.6,tail_g,0,4282,0.0
SyringaeB728a_mexBdelta,30,0.8,tail_g,0,4282,0.0
SyringaeB728a_mexBdelta,30,1.0,tail_g,0,4282,0.0
SyringaeB728a_mexBdelta,30,1.5,tail_g,0,4282,0.0
SyringaeB728a_mexBdelta,50,0.1,tail_g,0,4282,0.0
SyringaeB728a_mexBdelta,50,0.2,tail_g,0,4282,0.0
SyringaeB728a_mexBdelta,50,0.3,tail_g,0,4282,0.0
SyringaeB728a_mexBdelta,50,0.4,tail_g,0,4282,0.0
SyringaeB728a_mexBdelta,50,0.6,tail_g,0,4282,0.0
SyringaeB728a_mexBdelta,50,0.8,tail_g,0,4282,0.0
SyringaeB728a_mexBdelta,50,1.0,tail_g,0,4282,0.0
SyringaeB728a_mexBdelta,50,1.5,tail_g,0,4282,0.0
WCS417,3,0.1,tail_g,4419,4419,1.0
WCS417,3,0.2,tail_g,4391,4419,0.993663724824621
WCS417,3,0.3,tail_g,4165,4419,0.9425209323376329
WCS417,3,0.4,tail_g,3577,4419,0.809459153654673
WCS417,3,0.6,tail_g,2271,4419,0.5139171758316361
WCS417,3,0.8,tail_g,1417,4419,0.3206607829825752
WCS417,3,1.0,tail_g,918,4419,0.20773930753564154
WCS417,3,1.5,tail_g,399,4419,0.09029192124915139
WCS417,5,0.1,tail_g,4419,4419,1.0
WCS417,5,0.2,tail_g,4391,4419,0.993663724824621
WCS417,5,0.3,tail_g,4165,4419,0.9425209323376329
WCS417,5,0.4,tail_g,3577,4419,0.809459153654673
WCS417,5,0.6,tail_g,2271,4419,0.5139171758316361
WCS417,5,0.8,tail_g,1417,4419,0.3206607829825752
WCS417,5,1.0,tail_g,918,4419,0.20773930753564154
WCS417,5,1.5,tail_g,399,4419,0.09029192124915139
WCS417,10,0.1,tail_g,4419,4419,1.0
WCS417,10,0.2,tail_g,4391,4419,0.993663724824621
WCS417,10,0.3,tail_g,4165,4419,0.9425209323376329
WCS417,10,0.4,tail_g,3577,4419,0.809459153654673
WCS417,10,0.6,tail_g,2271,4419,0.5139171758316361
WCS417,10,0.8,tail_g,1417,4419,0.3206607829825752
WCS417,10,1.0,tail_g,918,4419,0.20773930753564154
WCS417,10,1.5,tail_g,399,4419,0.09029192124915139
WCS417,15,0.1,tail_g,4419,4419,1.0
WCS417,15,0.2,tail_g,4391,4419,0.993663724824621
WCS417,15,0.3,tail_g,4165,4419,0.9425209323376329
WCS417,15,0.4,tail_g,3577,4419,0.809459153654673
WCS417,15,0.6,tail_g,2271,4419,0.5139171758316361
WCS417,15,0.8,tail_g,1417,4419,0.3206607829825752
WCS417,15,1.0,tail_g,918,4419,0.20773930753564154
WCS417,15,1.5,tail_g,399,4419,0.09029192124915139
WCS417,20,0.1,tail_g,4419,4419,1.0
WCS417,20,0.2,tail_g,4391,4419,0.993663724824621
WCS417,20,0.3,tail_g,4165,4419,0.9425209323376329
WCS417,20,0.4,tail_g,3577,4419,0.809459153654673
WCS417,20,0.6,tail_g,2271,4419,0.5139171758316361
WCS417,20,0.8,tail_g,1417,4419,0.3206607829825752
WCS417,20,1.0,tail_g,918,4419,0.20773930753564154
WCS417,20,1.5,tail_g,399,4419,0.09029192124915139
WCS417,30,0.1,tail_g,4419,4419,1.0
WCS417,30,0.2,tail_g,4391,4419,0.993663724824621
WCS417,30,0.3,tail_g,4165,4419,0.9425209323376329
WCS417,30,0.4,tail_g,3577,4419,0.809459153654673
WCS417,30,0.6,tail_g,2271,4419,0.5139171758316361
WCS417,30,0.8,tail_g,1417,4419,0.3206607829825752
WCS417,30,1.0,tail_g,918,4419,0.20773930753564154
WCS417,30,1.5,tail_g,399,4419,0.09029192124915139
WCS417,50,0.1,tail_g,4419,4419,1.0
WCS417,50,0.2,tail_g,4391,4419,0.993663724824621
WCS417,50,0.3,tail_g,4165,4419,0.9425209323376329
WCS417,50,0.4,tail_g,3577,4419,0.809459153654673
WCS417,50,0.6,tail_g,2271,4419,0.5139171758316361
WCS417,50,0.8,tail_g,1417,4419,0.3206607829825752
WCS417,50,1.0,tail_g,918,4419,0.20773930753564154
WCS417,50,1.5,tail_g,399,4419,0.09029192124915139
acidovorax_3H11,3,0.1,tail_g,3935,3935,1.0
acidovorax_3H11,3,0.2,tail_g,3916,3935,0.9951715374841169
acidovorax_3H11,3,0.3,tail_g,3785,3935,0.9618805590851334
acidovorax_3H11,3,0.4,tail_g,3350,3935,0.8513341804320204
acidovorax_3H11,3,0.6,tail_g,2331,3935,0.5923761118170267
acidovorax_3H11,3,0.8,tail_g,1604,3935,0.4076238881829733
acidovorax_3H11,3,1.0,tail_g,1161,3935,0.29504447268106737
acidovorax_3H11,3,1.5,tail_g,609,3935,0.15476493011435832
acidovorax_3H11,5,0.1,tail_g,3935,3935,1.0
acidovorax_3H11,5,0.2,tail_g,3916,3935,0.9951715374841169
acidovorax_3H11,5,0.3,tail_g,3785,3935,0.9618805590851334
acidovorax_3H11,5,0.4,tail_g,3350,3935,0.8513341804320204
acidovorax_3H11,5,0.6,tail_g,2331,3935,0.5923761118170267
acidovorax_3H11,5,0.8,tail_g,1604,3935,0.4076238881829733
acidovorax_3H11,5,1.0,tail_g,1161,3935,0.29504447268106737
acidovorax_3H11,5,1.5,tail_g,609,3935,0.15476493011435832
acidovorax_3H11,10,0.1,tail_g,3935,3935,1.0
acidovorax_3H11,10,0.2,tail_g,3916,3935,0.9951715374841169
acidovorax_3H11,10,0.3,tail_g,3785,3935,0.9618805590851334
acidovorax_3H11,10,0.4,tail_g,3350,3935,0.8513341804320204
acidovorax_3H11,10,0.6,tail_g,2331,3935,0.5923761118170267
acidovorax_3H11,10,0.8,tail_g,1604,3935,0.4076238881829733
acidovorax_3H11,10,1.0,tail_g,1161,3935,0.29504447268106737
acidovorax_3H11,10,1.5,tail_g,609,3935,0.15476493011435832
acidovorax_3H11,15,0.1,tail_g,3935,3935,1.0
acidovorax_3H11,15,0.2,tail_g,3916,3935,0.9951715374841169
acidovorax_3H11,15,0.3,tail_g,3785,3935,0.9618805590851334
acidovorax_3H11,15,0.4,tail_g,3350,3935,0.8513341804320204
acidovorax_3H11,15,0.6,tail_g,2331,3935,0.5923761118170267
acidovorax_3H11,15,0.8,tail_g,1604,3935,0.4076238881829733
acidovorax_3H11,15,1.0,tail_g,1161,3935,0.29504447268106737
acidovorax_3H11,15,1.5,tail_g,609,3935,0.15476493011435832
acidovorax_3H11,20,0.1,tail_g,3935,3935,1.0
acidovorax_3H11,20,0.2,tail_g,3916,3935,0.9951715374841169
acidovorax_3H11,20,0.3,tail_g,3785,3935,0.9618805590851334
acidovorax_3H11,20,0.4,tail_g,3350,3935,0.8513341804320204
acidovorax_3H11,20,0.6,tail_g,2331,3935,0.5923761118170267
acidovorax_3H11,20,0.8,tail_g,1604,3935,0.4076238881829733
acidovorax_3H11,20,1.0,tail_g,1161,3935,0.29504447268106737
acidovorax_3H11,20,1.5,tail_g,609,3935,0.15476493011435832
acidovorax_3H11,30,0.1,tail_g,3935,3935,1.0
acidovorax_3H11,30,0.2,tail_g,3916,3935,0.9951715374841169
acidovorax_3H11,30,0.3,tail_g,3785,3935,0.9618805590851334
acidovorax_3H11,30,0.4,tail_g,3350,3935,0.8513341804320204
acidovorax_3H11,30,0.6,tail_g,2331,3935,0.5923761118170267
acidovorax_3H11,30,0.8,tail_g,1604,3935,0.4076238881829733
acidovorax_3H11,30,1.0,tail_g,1161,3935,0.29504447268106737
acidovorax_3H11,30,1.5,tail_g,609,3935,0.15476493011435832
acidovorax_3H11,50,0.1,tail_g,3935,3935,1.0
acidovorax_3H11,50,0.2,tail_g,3916,3935,0.9951715374841169
acidovorax_3H11,50,0.3,tail_g,3785,3935,0.9618805590851334
acidovorax_3H11,50,0.4,tail_g,3350,3935,0.8513341804320204
acidovorax_3H11,50,0.6,tail_g,2331,3935,0.5923761118170267
acidovorax_3H11,50,0.8,tail_g,1604,3935,0.4076238881829733
acidovorax_3H11,50,1.0,tail_g,1161,3935,0.29504447268106737
acidovorax_3H11,50,1.5,tail_g,609,3935,0.15476493011435832
azobra,3,0.1,tail_g,4833,4833,1.0
azobra,3,0.2,tail_g,4824,4833,0.9981378026070763
azobra,3,0.3,tail_g,4625,4833,0.9569625491413201
azobra,3,0.4,tail_g,4206,4833,0.8702669149596524
azobra,3,0.6,tail_g,3047,4833,0.6304572729153735
azobra,3,0.8,tail_g,2144,4833,0.4436168011587006
azobra,3,1.0,tail_g,1547,4833,0.3200910407614318
azobra,3,1.5,tail_g,770,4833,0.15932133250569006
azobra,5,0.1,tail_g,4833,4833,1.0
azobra,5,0.2,tail_g,4824,4833,0.9981378026070763
azobra,5,0.3,tail_g,4625,4833,0.9569625491413201
azobra,5,0.4,tail_g,4206,4833,0.8702669149596524
azobra,5,0.6,tail_g,3047,4833,0.6304572729153735
azobra,5,0.8,tail_g,2144,4833,0.4436168011587006
azobra,5,1.0,tail_g,1547,4833,0.3200910407614318
azobra,5,1.5,tail_g,770,4833,0.15932133250569006
azobra,10,0.1,tail_g,4833,4833,1.0
azobra,10,0.2,tail_g,4824,4833,0.9981378026070763
azobra,10,0.3,tail_g,4625,4833,0.9569625491413201
azobra,10,0.4,tail_g,4206,4833,0.8702669149596524
azobra,10,0.6,tail_g,3047,4833,0.6304572729153735
azobra,10,0.8,tail_g,2144,4833,0.4436168011587006
azobra,10,1.0,tail_g,1547,4833,0.3200910407614318
azobra,10,1.5,tail_g,770,4833,0.15932133250569006
azobra,15,0.1,tail_g,4833,4833,1.0
azobra,15,0.2,tail_g,4824,4833,0.9981378026070763
azobra,15,0.3,tail_g,4625,4833,0.9569625491413201
azobra,15,0.4,tail_g,4206,4833,0.8702669149596524
azobra,15,0.6,tail_g,3047,4833,0.6304572729153735
azobra,15,0.8,tail_g,2144,4833,0.4436168011587006
azobra,15,1.0,tail_g,1547,4833,0.3200910407614318
azobra,15,1.5,tail_g,770,4833,0.15932133250569006
azobra,20,0.1,tail_g,4833,4833,1.0
azobra,20,0.2,tail_g,4824,4833,0.9981378026070763
azobra,20,0.3,tail_g,4625,4833,0.9569625491413201
azobra,20,0.4,tail_g,4206,4833,0.8702669149596524
azobra,20,0.6,tail_g,3047,4833,0.6304572729153735
azobra,20,0.8,tail_g,2144,4833,0.4436168011587006
azobra,20,1.0,tail_g,1547,4833,0.3200910407614318
azobra,20,1.5,tail_g,770,4833,0.15932133250569006
azobra,30,0.1,tail_g,4833,4833,1.0
azobra,30,0.2,tail_g,4824,4833,0.9981378026070763
azobra,30,0.3,tail_g,4625,4833,0.9569625491413201
azobra,30,0.4,tail_g,4206,4833,0.8702669149596524
azobra,30,0.6,tail_g,3047,4833,0.6304572729153735
azobra,30,0.8,tail_g,2144,4833,0.4436168011587006
azobra,30,1.0,tail_g,1547,4833,0.3200910407614318
azobra,30,1.5,tail_g,770,4833,0.15932133250569006
azobra,50,0.1,tail_g,4833,4833,1.0
azobra,50,0.2,tail_g,4824,4833,0.9981378026070763
azobra,50,0.3,tail_g,4625,4833,0.9569625491413201
azobra,50,0.4,tail_g,4206,4833,0.8702669149596524
azobra,50,0.6,tail_g,3047,4833,0.6304572729153735
azobra,50,0.8,tail_g,2144,4833,0.4436168011587006
azobra,50,1.0,tail_g,1547,4833,0.3200910407614318
azobra,50,1.5,tail_g,770,4833,0.15932133250569006
psRCH2,3,0.1,tail_g,3349,3349,1.0
psRCH2,3,0.2,tail_g,3349,3349,1.0
psRCH2,3,0.3,tail_g,3343,3349,0.9982084204240071
psRCH2,3,0.4,tail_g,3237,3349,0.9665571812481337
psRCH2,3,0.6,tail_g,2573,3349,0.7682890415049268
psRCH2,3,0.8,tail_g,1822,3349,0.5440429979098238
psRCH2,3,1.0,tail_g,1350,3349,0.40310540459838756
psRCH2,3,1.5,tail_g,703,3349,0.20991340698716035
psRCH2,5,0.1,tail_g,3349,3349,1.0
psRCH2,5,0.2,tail_g,3349,3349,1.0
psRCH2,5,0.3,tail_g,3343,3349,0.9982084204240071
psRCH2,5,0.4,tail_g,3237,3349,0.9665571812481337
psRCH2,5,0.6,tail_g,2573,3349,0.7682890415049268
psRCH2,5,0.8,tail_g,1822,3349,0.5440429979098238
psRCH2,5,1.0,tail_g,1350,3349,0.40310540459838756
psRCH2,5,1.5,tail_g,703,3349,0.20991340698716035
psRCH2,10,0.1,tail_g,3349,3349,1.0
psRCH2,10,0.2,tail_g,3349,3349,1.0
psRCH2,10,0.3,tail_g,3343,3349,0.9982084204240071
psRCH2,10,0.4,tail_g,3237,3349,0.9665571812481337
psRCH2,10,0.6,tail_g,2573,3349,0.7682890415049268
psRCH2,10,0.8,tail_g,1822,3349,0.5440429979098238
psRCH2,10,1.0,tail_g,1350,3349,0.40310540459838756
psRCH2,10,1.5,tail_g,703,3349,0.20991340698716035
psRCH2,15,0.1,tail_g,3349,3349,1.0
psRCH2,15,0.2,tail_g,3349,3349,1.0
psRCH2,15,0.3,tail_g,3343,3349,0.9982084204240071
psRCH2,15,0.4,tail_g,3237,3349,0.9665571812481337
psRCH2,15,0.6,tail_g,2573,3349,0.7682890415049268
psRCH2,15,0.8,tail_g,1822,3349,0.5440429979098238
psRCH2,15,1.0,tail_g,1350,3349,0.40310540459838756
psRCH2,15,1.5,tail_g,703,3349,0.20991340698716035
psRCH2,20,0.1,tail_g,3349,3349,1.0
psRCH2,20,0.2,tail_g,3349,3349,1.0
psRCH2,20,0.3,tail_g,3343,3349,0.9982084204240071
psRCH2,20,0.4,tail_g,3237,3349,0.9665571812481337
psRCH2,20,0.6,tail_g,2573,3349,0.7682890415049268
psRCH2,20,0.8,tail_g,1822,3349,0.5440429979098238
psRCH2,20,1.0,tail_g,1350,3349,0.40310540459838756
psRCH2,20,1.5,tail_g,703,3349,0.20991340698716035
psRCH2,30,0.1,tail_g,3349,3349,1.0
psRCH2,30,0.2,tail_g,3349,3349,1.0
psRCH2,30,0.3,tail_g,3343,3349,0.9982084204240071
psRCH2,30,0.4,tail_g,3237,3349,0.9665571812481337
psRCH2,30,0.6,tail_g,2573,3349,0.7682890415049268
psRCH2,30,0.8,tail_g,1822,3349,0.5440429979098238
psRCH2,30,1.0,tail_g,1350,3349,0.40310540459838756
psRCH2,30,1.5,tail_g,703,3349,0.20991340698716035
psRCH2,50,0.1,tail_g,3349,3349,1.0
psRCH2,50,0.2,tail_g,3349,3349,1.0
psRCH2,50,0.3,tail_g,3343,3349,0.9982084204240071
psRCH2,50,0.4,tail_g,3237,3349,0.9665571812481337
psRCH2,50,0.6,tail_g,2573,3349,0.7682890415049268
psRCH2,50,0.8,tail_g,1822,3349,0.5440429979098238
psRCH2,50,1.0,tail_g,1350,3349,0.40310540459838756
psRCH2,50,1.5,tail_g,703,3349,0.20991340698716035
pseudo13_GW456_L13,3,0.1,tail_g,4350,4350,1.0
pseudo13_GW456_L13,3,0.2,tail_g,4311,4350,0.9910344827586207
pseudo13_GW456_L13,3,0.3,tail_g,3993,4350,0.9179310344827586
pseudo13_GW456_L13,3,0.4,tail_g,3351,4350,0.7703448275862069
pseudo13_GW456_L13,3,0.6,tail_g,2188,4350,0.5029885057471264
pseudo13_GW456_L13,3,0.8,tail_g,1454,4350,0.33425287356321837
pseudo13_GW456_L13,3,1.0,tail_g,1048,4350,0.24091954022988507
pseudo13_GW456_L13,3,1.5,tail_g,552,4350,0.12689655172413794
pseudo13_GW456_L13,5,0.1,tail_g,4350,4350,1.0
pseudo13_GW456_L13,5,0.2,tail_g,4311,4350,0.9910344827586207
pseudo13_GW456_L13,5,0.3,tail_g,3993,4350,0.9179310344827586
pseudo13_GW456_L13,5,0.4,tail_g,3351,4350,0.7703448275862069
pseudo13_GW456_L13,5,0.6,tail_g,2188,4350,0.5029885057471264
pseudo13_GW456_L13,5,0.8,tail_g,1454,4350,0.33425287356321837
pseudo13_GW456_L13,5,1.0,tail_g,1048,4350,0.24091954022988507
pseudo13_GW456_L13,5,1.5,tail_g,552,4350,0.12689655172413794
pseudo13_GW456_L13,10,0.1,tail_g,4350,4350,1.0
pseudo13_GW456_L13,10,0.2,tail_g,4311,4350,0.9910344827586207
pseudo13_GW456_L13,10,0.3,tail_g,3993,4350,0.9179310344827586
pseudo13_GW456_L13,10,0.4,tail_g,3351,4350,0.7703448275862069
pseudo13_GW456_L13,10,0.6,tail_g,2188,4350,0.5029885057471264
pseudo13_GW456_L13,10,0.8,tail_g,1454,4350,0.33425287356321837
pseudo13_GW456_L13,10,1.0,tail_g,1048,4350,0.24091954022988507
pseudo13_GW456_L13,10,1.5,tail_g,552,4350,0.12689655172413794
pseudo13_GW456_L13,15,0.1,tail_g,4350,4350,1.0
pseudo13_GW456_L13,15,0.2,tail_g,4311,4350,0.9910344827586207
pseudo13_GW456_L13,15,0.3,tail_g,3993,4350,0.9179310344827586
pseudo13_GW456_L13,15,0.4,tail_g,3351,4350,0.7703448275862069
pseudo13_GW456_L13,15,0.6,tail_g,2188,4350,0.5029885057471264
pseudo13_GW456_L13,15,0.8,tail_g,1454,4350,0.33425287356321837
pseudo13_GW456_L13,15,1.0,tail_g,1048,4350,0.24091954022988507
pseudo13_GW456_L13,15,1.5,tail_g,552,4350,0.12689655172413794
pseudo13_GW456_L13,20,0.1,tail_g,4350,4350,1.0
pseudo13_GW456_L13,20,0.2,tail_g,4311,4350,0.9910344827586207
pseudo13_GW456_L13,20,0.3,tail_g,3993,4350,0.9179310344827586
pseudo13_GW456_L13,20,0.4,tail_g,3351,4350,0.7703448275862069
pseudo13_GW456_L13,20,0.6,tail_g,2188,4350,0.5029885057471264
pseudo13_GW456_L13,20,0.8,tail_g,1454,4350,0.33425287356321837
pseudo13_GW456_L13,20,1.0,tail_g,1048,4350,0.24091954022988507
pseudo13_GW456_L13,20,1.5,tail_g,552,4350,0.12689655172413794
pseudo13_GW456_L13,30,0.1,tail_g,4350,4350,1.0
pseudo13_GW456_L13,30,0.2,tail_g,4311,4350,0.9910344827586207
pseudo13_GW456_L13,30,0.3,tail_g,3993,4350,0.9179310344827586
pseudo13_GW456_L13,30,0.4,tail_g,3351,4350,0.7703448275862069
pseudo13_GW456_L13,30,0.6,tail_g,2188,4350,0.5029885057471264
pseudo13_GW456_L13,30,0.8,tail_g,1454,4350,0.33425287356321837
pseudo13_GW456_L13,30,1.0,tail_g,1048,4350,0.24091954022988507
pseudo13_GW456_L13,30,1.5,tail_g,552,4350,0.12689655172413794
pseudo13_GW456_L13,50,0.1,tail_g,4350,4350,1.0
pseudo13_GW456_L13,50,0.2,tail_g,4311,4350,0.9910344827586207
pseudo13_GW456_L13,50,0.3,tail_g,3993,4350,0.9179310344827586
pseudo13_GW456_L13,50,0.4,tail_g,3351,4350,0.7703448275862069
pseudo13_GW456_L13,50,0.6,tail_g,2188,4350,0.5029885057471264
pseudo13_GW456_L13,50,0.8,tail_g,1454,4350,0.33425287356321837
pseudo13_GW456_L13,50,1.0,tail_g,1048,4350,0.24091954022988507
pseudo13_GW456_L13,50,1.5,tail_g,552,4350,0.12689655172413794
pseudo1_N1B4,3,0.1,tail_g,4336,4336,1.0
pseudo1_N1B4,3,0.2,tail_g,4333,4336,0.9993081180811808
pseudo1_N1B4,3,0.3,tail_g,4300,4336,0.9916974169741697
pseudo1_N1B4,3,0.4,tail_g,4152,4336,0.9575645756457565
pseudo1_N1B4,3,0.6,tail_g,3385,4336,0.7806734317343174
pseudo1_N1B4,3,0.8,tail_g,2492,4336,0.5747232472324724
pseudo1_N1B4,3,1.0,tail_g,1757,4336,0.4052121771217712
pseudo1_N1B4,3,1.5,tail_g,705,4336,0.16259225092250923
pseudo1_N1B4,5,0.1,tail_g,4336,4336,1.0
pseudo1_N1B4,5,0.2,tail_g,4333,4336,0.9993081180811808
pseudo1_N1B4,5,0.3,tail_g,4300,4336,0.9916974169741697
pseudo1_N1B4,5,0.4,tail_g,4152,4336,0.9575645756457565
pseudo1_N1B4,5,0.6,tail_g,3385,4336,0.7806734317343174
pseudo1_N1B4,5,0.8,tail_g,2492,4336,0.5747232472324724
pseudo1_N1B4,5,1.0,tail_g,1757,4336,0.4052121771217712
pseudo1_N1B4,5,1.5,tail_g,705,4336,0.16259225092250923
pseudo1_N1B4,10,0.1,tail_g,4336,4336,1.0
pseudo1_N1B4,10,0.2,tail_g,4333,4336,0.9993081180811808
pseudo1_N1B4,10,0.3,tail_g,4300,4336,0.9916974169741697
pseudo1_N1B4,10,0.4,tail_g,4152,4336,0.9575645756457565
pseudo1_N1B4,10,0.6,tail_g,3385,4336,0.7806734317343174
pseudo1_N1B4,10,0.8,tail_g,2492,4336,0.5747232472324724
pseudo1_N1B4,10,1.0,tail_g,1757,4336,0.4052121771217712
pseudo1_N1B4,10,1.5,tail_g,705,4336,0.16259225092250923
pseudo1_N1B4,15,0.1,tail_g,4336,4336,1.0
pseudo1_N1B4,15,0.2,tail_g,4333,4336,0.9993081180811808
pseudo1_N1B4,15,0.3,tail_g,4300,4336,0.9916974169741697
pseudo1_N1B4,15,0.4,tail_g,4152,4336,0.9575645756457565
pseudo1_N1B4,15,0.6,tail_g,3385,4336,0.7806734317343174
pseudo1_N1B4,15,0.8,tail_g,2492,4336,0.5747232472324724
pseudo1_N1B4,15,1.0,tail_g,1757,4336,0.4052121771217712
pseudo1_N1B4,15,1.5,tail_g,705,4336,0.16259225092250923
pseudo1_N1B4,20,0.1,tail_g,4336,4336,1.0
pseudo1_N1B4,20,0.2,tail_g,4333,4336,0.9993081180811808
pseudo1_N1B4,20,0.3,tail_g,4300,4336,0.9916974169741697
pseudo1_N1B4,20,0.4,tail_g,4152,4336,0.9575645756457565
pseudo1_N1B4,20,0.6,tail_g,3385,4336,0.7806734317343174
pseudo1_N1B4,20,0.8,tail_g,2492,4336,0.5747232472324724
pseudo1_N1B4,20,1.0,tail_g,1757,4336,0.4052121771217712
pseudo1_N1B4,20,1.5,tail_g,705,4336,0.16259225092250923
pseudo1_N1B4,30,0.1,tail_g,4336,4336,1.0
pseudo1_N1B4,30,0.2,tail_g,4333,4336,0.9993081180811808
pseudo1_N1B4,30,0.3,tail_g,4300,4336,0.9916974169741697
pseudo1_N1B4,30,0.4,tail_g,4152,4336,0.9575645756457565
pseudo1_N1B4,30,0.6,tail_g,3385,4336,0.7806734317343174
pseudo1_N1B4,30,0.8,tail_g,2492,4336,0.5747232472324724
pseudo1_N1B4,30,1.0,tail_g,1757,4336,0.4052121771217712
pseudo1_N1B4,30,1.5,tail_g,705,4336,0.16259225092250923
pseudo1_N1B4,50,0.1,tail_g,4336,4336,1.0
pseudo1_N1B4,50,0.2,tail_g,4333,4336,0.9993081180811808
pseudo1_N1B4,50,0.3,tail_g,4300,4336,0.9916974169741697
pseudo1_N1B4,50,0.4,tail_g,4152,4336,0.9575645756457565
pseudo1_N1B4,50,0.6,tail_g,3385,4336,0.7806734317343174
pseudo1_N1B4,50,0.8,tail_g,2492,4336,0.5747232472324724
pseudo1_N1B4,50,1.0,tail_g,1757,4336,0.4052121771217712
pseudo1_N1B4,50,1.5,tail_g,705,4336,0.16259225092250923
pseudo3_N2E3,3,0.1,tail_g,5028,5028,1.0
pseudo3_N2E3,3,0.2,tail_g,5008,5028,0.9960222752585521
pseudo3_N2E3,3,0.3,tail_g,4797,5028,0.9540572792362768
pseudo3_N2E3,3,0.4,tail_g,4197,5028,0.8347255369928401
pseudo3_N2E3,3,0.6,tail_g,2732,5028,0.543357199681782
pseudo3_N2E3,3,0.8,tail_g,1761,5028,0.3502386634844869
pseudo3_N2E3,3,1.0,tail_g,1224,5028,0.24343675417661098
pseudo3_N2E3,3,1.5,tail_g,630,5028,0.12529832935560858
pseudo3_N2E3,5,0.1,tail_g,5028,5028,1.0
pseudo3_N2E3,5,0.2,tail_g,5008,5028,0.9960222752585521
pseudo3_N2E3,5,0.3,tail_g,4797,5028,0.9540572792362768
pseudo3_N2E3,5,0.4,tail_g,4197,5028,0.8347255369928401
pseudo3_N2E3,5,0.6,tail_g,2732,5028,0.543357199681782
pseudo3_N2E3,5,0.8,tail_g,1761,5028,0.3502386634844869
pseudo3_N2E3,5,1.0,tail_g,1224,5028,0.24343675417661098
pseudo3_N2E3,5,1.5,tail_g,630,5028,0.12529832935560858
pseudo3_N2E3,10,0.1,tail_g,5028,5028,1.0
pseudo3_N2E3,10,0.2,tail_g,5008,5028,0.9960222752585521
pseudo3_N2E3,10,0.3,tail_g,4797,5028,0.9540572792362768
pseudo3_N2E3,10,0.4,tail_g,4197,5028,0.8347255369928401
pseudo3_N2E3,10,0.6,tail_g,2732,5028,0.543357199681782
pseudo3_N2E3,10,0.8,tail_g,1761,5028,0.3502386634844869
pseudo3_N2E3,10,1.0,tail_g,1224,5028,0.24343675417661098
pseudo3_N2E3,10,1.5,tail_g,630,5028,0.12529832935560858
pseudo3_N2E3,15,0.1,tail_g,5028,5028,1.0
pseudo3_N2E3,15,0.2,tail_g,5008,5028,0.9960222752585521
pseudo3_N2E3,15,0.3,tail_g,4797,5028,0.9540572792362768
pseudo3_N2E3,15,0.4,tail_g,4197,5028,0.8347255369928401
pseudo3_N2E3,15,0.6,tail_g,2732,5028,0.543357199681782
pseudo3_N2E3,15,0.8,tail_g,1761,5028,0.3502386634844869
pseudo3_N2E3,15,1.0,tail_g,1224,5028,0.24343675417661098
pseudo3_N2E3,15,1.5,tail_g,630,5028,0.12529832935560858
pseudo3_N2E3,20,0.1,tail_g,5028,5028,1.0
pseudo3_N2E3,20,0.2,tail_g,5008,5028,0.9960222752585521
pseudo3_N2E3,20,0.3,tail_g,4797,5028,0.9540572792362768
pseudo3_N2E3,20,0.4,tail_g,4197,5028,0.8347255369928401
pseudo3_N2E3,20,0.6,tail_g,2732,5028,0.543357199681782
pseudo3_N2E3,20,0.8,tail_g,1761,5028,0.3502386634844869
pseudo3_N2E3,20,1.0,tail_g,1224,5028,0.24343675417661098
pseudo3_N2E3,20,1.5,tail_g,630,5028,0.12529832935560858
pseudo3_N2E3,30,0.1,tail_g,5028,5028,1.0
pseudo3_N2E3,30,0.2,tail_g,5008,5028,0.9960222752585521
pseudo3_N2E3,30,0.3,tail_g,4797,5028,0.9540572792362768
pseudo3_N2E3,30,0.4,tail_g,4197,5028,0.8347255369928401
pseudo3_N2E3,30,0.6,tail_g,2732,5028,0.543357199681782
pseudo3_N2E3,30,0.8,tail_g,1761,5028,0.3502386634844869
pseudo3_N2E3,30,1.0,tail_g,1224,5028,0.24343675417661098
pseudo3_N2E3,30,1.5,tail_g,630,5028,0.12529832935560858
pseudo3_N2E3,50,0.1,tail_g,5028,5028,1.0
pseudo3_N2E3,50,0.2,tail_g,5008,5028,0.9960222752585521
pseudo3_N2E3,50,0.3,tail_g,4797,5028,0.9540572792362768
pseudo3_N2E3,50,0.4,tail_g,4197,5028,0.8347255369928401
pseudo3_N2E3,50,0.6,tail_g,2732,5028,0.543357199681782
pseudo3_N2E3,50,0.8,tail_g,1761,5028,0.3502386634844869
pseudo3_N2E3,50,1.0,tail_g,1224,5028,0.24343675417661098
pseudo3_N2E3,50,1.5,tail_g,630,5028,0.12529832935560858
pseudo5_N2C3_1,3,0.1,tail_g,5193,5193,1.0
pseudo5_N2C3_1,3,0.2,tail_g,5135,5193,0.9888311188137878
pseudo5_N2C3_1,3,0.3,tail_g,4713,5193,0.9075678798382438
pseudo5_N2C3_1,3,0.4,tail_g,3932,5193,0.7571731176583862
pseudo5_N2C3_1,3,0.6,tail_g,2514,5193,0.48411322934719814
pseudo5_N2C3_1,3,0.8,tail_g,1596,5193,0.3073367995378394
pseudo5_N2C3_1,3,1.0,tail_g,1137,5193,0.21894858463316003
pseudo5_N2C3_1,3,1.5,tail_g,584,5193,0.11245907953013672
pseudo5_N2C3_1,5,0.1,tail_g,5193,5193,1.0
pseudo5_N2C3_1,5,0.2,tail_g,5135,5193,0.9888311188137878
pseudo5_N2C3_1,5,0.3,tail_g,4713,5193,0.9075678798382438
pseudo5_N2C3_1,5,0.4,tail_g,3932,5193,0.7571731176583862
pseudo5_N2C3_1,5,0.6,tail_g,2514,5193,0.48411322934719814
pseudo5_N2C3_1,5,0.8,tail_g,1596,5193,0.3073367995378394
pseudo5_N2C3_1,5,1.0,tail_g,1137,5193,0.21894858463316003
pseudo5_N2C3_1,5,1.5,tail_g,584,5193,0.11245907953013672
pseudo5_N2C3_1,10,0.1,tail_g,5193,5193,1.0
pseudo5_N2C3_1,10,0.2,tail_g,5135,5193,0.9888311188137878
pseudo5_N2C3_1,10,0.3,tail_g,4713,5193,0.9075678798382438
pseudo5_N2C3_1,10,0.4,tail_g,3932,5193,0.7571731176583862
pseudo5_N2C3_1,10,0.6,tail_g,2514,5193,0.48411322934719814
pseudo5_N2C3_1,10,0.8,tail_g,1596,5193,0.3073367995378394
pseudo5_N2C3_1,10,1.0,tail_g,1137,5193,0.21894858463316003
pseudo5_N2C3_1,10,1.5,tail_g,584,5193,0.11245907953013672
pseudo5_N2C3_1,15,0.1,tail_g,5193,5193,1.0
pseudo5_N2C3_1,15,0.2,tail_g,5135,5193,0.9888311188137878
pseudo5_N2C3_1,15,0.3,tail_g,4713,5193,0.9075678798382438
pseudo5_N2C3_1,15,0.4,tail_g,3932,5193,0.7571731176583862
pseudo5_N2C3_1,15,0.6,tail_g,2514,5193,0.48411322934719814
pseudo5_N2C3_1,15,0.8,tail_g,1596,5193,0.3073367995378394
pseudo5_N2C3_1,15,1.0,tail_g,1137,5193,0.21894858463316003
pseudo5_N2C3_1,15,1.5,tail_g,584,5193,0.11245907953013672
pseudo5_N2C3_1,20,0.1,tail_g,5193,5193,1.0
pseudo5_N2C3_1,20,0.2,tail_g,5135,5193,0.9888311188137878
pseudo5_N2C3_1,20,0.3,tail_g,4713,5193,0.9075678798382438
pseudo5_N2C3_1,20,0.4,tail_g,3932,5193,0.7571731176583862
pseudo5_N2C3_1,20,0.6,tail_g,2514,5193,0.48411322934719814
pseudo5_N2C3_1,20,0.8,tail_g,1596,5193,0.3073367995378394
pseudo5_N2C3_1,20,1.0,tail_g,1137,5193,0.21894858463316003
pseudo5_N2C3_1,20,1.5,tail_g,584,5193,0.11245907953013672
pseudo5_N2C3_1,30,0.1,tail_g,5193,5193,1.0
pseudo5_N2C3_1,30,0.2,tail_g,5135,5193,0.9888311188137878
pseudo5_N2C3_1,30,0.3,tail_g,4713,5193,0.9075678798382438
pseudo5_N2C3_1,30,0.4,tail_g,3932,5193,0.7571731176583862
pseudo5_N2C3_1,30,0.6,tail_g,2514,5193,0.48411322934719814
pseudo5_N2C3_1,30,0.8,tail_g,1596,5193,0.3073367995378394
pseudo5_N2C3_1,30,1.0,tail_g,1137,5193,0.21894858463316003
pseudo5_N2C3_1,30,1.5,tail_g,584,5193,0.11245907953013672
pseudo5_N2C3_1,50,0.1,tail_g,5193,5193,1.0
pseudo5_N2C3_1,50,0.2,tail_g,5135,5193,0.9888311188137878
pseudo5_N2C3_1,50,0.3,tail_g,4713,5193,0.9075678798382438
pseudo5_N2C3_1,50,0.4,tail_g,3932,5193,0.7571731176583862
pseudo5_N2C3_1,50,0.6,tail_g,2514,5193,0.48411322934719814
pseudo5_N2C3_1,50,0.8,tail_g,1596,5193,0.3073367995378394
pseudo5_N2C3_1,50,1.0,tail_g,1137,5193,0.21894858463316003
pseudo5_N2C3_1,50,1.5,tail_g,584,5193,0.11245907953013672
pseudo6_N2E2,3,0.1,tail_g,5133,5133,1.0
pseudo6_N2E2,3,0.2,tail_g,5086,5133,0.9908435612702123
pseudo6_N2E2,3,0.3,tail_g,4703,5133,0.9162283265147088
pseudo6_N2E2,3,0.4,tail_g,3963,5133,0.7720631209818819
pseudo6_N2E2,3,0.6,tail_g,2500,5133,0.48704461328657705
pseudo6_N2E2,3,0.8,tail_g,1708,5133,0.33274887979738943
pseudo6_N2E2,3,1.0,tail_g,1184,5133,0.2306643288525229
pseudo6_N2E2,3,1.5,tail_g,576,5133,0.11221507890122735
pseudo6_N2E2,5,0.1,tail_g,5133,5133,1.0
pseudo6_N2E2,5,0.2,tail_g,5086,5133,0.9908435612702123
pseudo6_N2E2,5,0.3,tail_g,4703,5133,0.9162283265147088
pseudo6_N2E2,5,0.4,tail_g,3963,5133,0.7720631209818819
pseudo6_N2E2,5,0.6,tail_g,2500,5133,0.48704461328657705
pseudo6_N2E2,5,0.8,tail_g,1708,5133,0.33274887979738943
pseudo6_N2E2,5,1.0,tail_g,1184,5133,0.2306643288525229
pseudo6_N2E2,5,1.5,tail_g,576,5133,0.11221507890122735
pseudo6_N2E2,10,0.1,tail_g,5133,5133,1.0
pseudo6_N2E2,10,0.2,tail_g,5086,5133,0.9908435612702123
pseudo6_N2E2,10,0.3,tail_g,4703,5133,0.9162283265147088
pseudo6_N2E2,10,0.4,tail_g,3963,5133,0.7720631209818819
pseudo6_N2E2,10,0.6,tail_g,2500,5133,0.48704461328657705
pseudo6_N2E2,10,0.8,tail_g,1708,5133,0.33274887979738943
pseudo6_N2E2,10,1.0,tail_g,1184,5133,0.2306643288525229
pseudo6_N2E2,10,1.5,tail_g,576,5133,0.11221507890122735
pseudo6_N2E2,15,0.1,tail_g,5133,5133,1.0
pseudo6_N2E2,15,0.2,tail_g,5086,5133,0.9908435612702123
pseudo6_N2E2,15,0.3,tail_g,4703,5133,0.9162283265147088
pseudo6_N2E2,15,0.4,tail_g,3963,5133,0.7720631209818819
pseudo6_N2E2,15,0.6,tail_g,2500,5133,0.48704461328657705
pseudo6_N2E2,15,0.8,tail_g,1708,5133,0.33274887979738943
pseudo6_N2E2,15,1.0,tail_g,1184,5133,0.2306643288525229
pseudo6_N2E2,15,1.5,tail_g,576,5133,0.11221507890122735
pseudo6_N2E2,20,0.1,tail_g,5133,5133,1.0
pseudo6_N2E2,20,0.2,tail_g,5086,5133,0.9908435612702123
pseudo6_N2E2,20,0.3,tail_g,4703,5133,0.9162283265147088
pseudo6_N2E2,20,0.4,tail_g,3963,5133,0.7720631209818819
pseudo6_N2E2,20,0.6,tail_g,2500,5133,0.48704461328657705
pseudo6_N2E2,20,0.8,tail_g,1708,5133,0.33274887979738943
pseudo6_N2E2,20,1.0,tail_g,1184,5133,0.2306643288525229
pseudo6_N2E2,20,1.5,tail_g,576,5133,0.11221507890122735
pseudo6_N2E2,30,0.1,tail_g,5133,5133,1.0
pseudo6_N2E2,30,0.2,tail_g,5086,5133,0.9908435612702123
pseudo6_N2E2,30,0.3,tail_g,4703,5133,0.9162283265147088
pseudo6_N2E2,30,0.4,tail_g,3963,5133,0.7720631209818819
pseudo6_N2E2,30,0.6,tail_g,2500,5133,0.48704461328657705
pseudo6_N2E2,30,0.8,tail_g,1708,5133,0.33274887979738943
pseudo6_N2E2,30,1.0,tail_g,1184,5133,0.2306643288525229
pseudo6_N2E2,30,1.5,tail_g,576,5133,0.11221507890122735
pseudo6_N2E2,50,0.1,tail_g,5133,5133,1.0
pseudo6_N2E2,50,0.2,tail_g,5086,5133,0.9908435612702123
pseudo6_N2E2,50,0.3,tail_g,4703,5133,0.9162283265147088
pseudo6_N2E2,50,0.4,tail_g,3963,5133,0.7720631209818819
pseudo6_N2E2,50,0.6,tail_g,2500,5133,0.48704461328657705
pseudo6_N2E2,50,0.8,tail_g,1708,5133,0.33274887979738943
pseudo6_N2E2,50,1.0,tail_g,1184,5133,0.2306643288525229
pseudo6_N2E2,50,1.5,tail_g,576,5133,0.11221507890122735
