orgId,condition_key,n_genes,cond_iqr,cond_mad
ANA3,1-ethyl-3-methylimidazolium acetate 30 mm|lb|28,3668,0.3157142392714955,0.1562685449728486
ANA3,1-ethyl-3-methylimidazolium chloride 20 mm|lb|28,3668,0.36240590368155945,0.18048285050977653
ANA3,2-furfuraldehyde 0.0625 vol%|lb|25,3668,0.45615102012313025,0.22596051187012411
ANA3,2-furfuraldehyde 0.125 vol%|lb|25,3668,0.42455701710481597,0.21110927725344103
ANA3,5-hydroxymethylfurfural 10 mm|lb|25,3668,0.4469254610219062,0.22418188685290813
ANA3,5-hydroxymethylfurfural 5 mm|lb|25,3668,0.4293169459046685,0.2151089300571953
ANA3,a22 0.008 mg/ml|lb|28,3668,0.3717321428931828,0.18296061262532898
ANA3,a22 0.02 mg/ml|lb|28,3668,0.3508509074077405,0.1713837164999065
ANA3,a22 0.05 mg/ml|lb|28,3668,0.384527864864654,0.1927689841522075
ANA3,acetate (c)|shewmm_nocarbon|30,7336,0.5042094073886135,0.249624211603738
ANA3,acetate 50 mm|lb|28,3668,0.31313871268186344,0.15531044743510453
ANA3,aluminum chloride 5 mm|lb|28,3668,0.30674063683829345,0.15127645630473713
ANA3,anaero. fumarate as e acceptor|shewmm|30,7336,0.35075183034965174,0.17340724593027101
ANA3,benzoic 0.4 mg/ml|lb|28,3668,0.27205397804945775,0.1365485316963601
ANA3,carbon source sucrose 10 mm|rch2_defined_nocarbon|30,7336,0.3542005444025498,0.172479951454872
ANA3,carbon source sucrose 2.5 mm|rch2_defined_nocarbon|30,7336,0.38968809961277595,0.1897809051448445
ANA3,carbon source sucrose 5 mm|rch2_defined_nocarbon|30,7336,0.3761906302410215,0.1838738875832439
ANA3,casaminos (c)|shewmm_nocarbon|30,7336,0.27355517002197904,0.1362827224554275
ANA3,chloramphenicol 0.0001 mg/ml|lb|25,3668,0.575299848057927,0.2877401758161675
ANA3,chloride 500 mm|lb|25,3668,0.6349360497366743,0.3111151371512945
ANA3,chlorite 0.16 mm|lb|25,3668,0.56822777594653,0.28326473624119897
ANA3,cholin acetate 30 mm|lb|28,3668,0.27375057475860776,0.1365657376387915
ANA3,cholin acetate 60 mm|lb|28,3668,0.383500824124681,0.1897405367365375
ANA3,choline chloride 300 mm|lb|28,3668,0.41309407572788,0.20624279583427435
ANA3,choline chloride 450 mm|lb|28,3668,0.6058043966095912,0.3028497845772341
ANA3,cisplatin 0.05 mg/ml|lb|25,3668,0.6096914737373418,0.3056169255044121
ANA3,cobalt chloride 0.16 mm|lb|25,3668,0.37615554770152027,0.186639409332343
ANA3,cytidine (c)|shewmm_nocarbon|30,7336,0.32255179547263746,0.16067469646980848
ANA3,"d,l-lactate (c)|shewmm_nocarbon|30",7336,0.34594911393065475,0.17077650475748807
ANA3,d-glucosamine hydrochloride (c)|shewmm_nocarbon|30,7336,0.5965779070368831,0.2938230412646347
ANA3,d-maltose (c)|shewmm_nocarbon|30,7336,0.41793357532134146,0.20825245428826
ANA3,fumarate (c)|shewmm_nocarbon|30,7336,0.4618245037844925,0.229950606564607
ANA3,fusidic 0.5 mg/ml|lb|25,3668,0.751353063341551,0.3755667280834565
ANA3,glycine (n)|shewmm_nonitrogen|30,7336,0.6157495123720885,0.3043014451131747
ANA3,inosine (c)|shewmm_nocarbon|30,7336,0.35510590618904747,0.1759955696916564
ANA3,l-alanine (c)|shewmm_nocarbon|30,7336,0.3629738833820325,0.18117911914351797
ANA3,l-alanine (n)|shewmm_nonitrogen|30,7336,0.6442500119593733,0.3205764772632857
ANA3,l-arabinose (c)|shewmm_nocarbon|30,3668,0.4710482601144408,0.2349958991096119
ANA3,l-arginine (n)|shewmm_nonitrogen|30,7336,0.4039322609216167,0.1993123597069727
ANA3,l-asparagine (n)|shewmm_nonitrogen|30,7336,0.48867880150930976,0.241714409544018
ANA3,l-glutamine (n)|shewmm_nonitrogen|30,7336,0.5493594457991905,0.27242738822205603
ANA3,l-isoleucine (c)|shewmm_nocarbon|30,7336,0.5993601955502055,0.2983419003869855
ANA3,l-isoleucine (n)|shewmm_nonitrogen|30,7336,0.6103666967471812,0.296611050822537
ANA3,l-lactate (c)|shewmm_nocarbon|30,7336,0.32476520778006146,0.16178155048544166
ANA3,l-leucine (c)|shewmm_nocarbon|30,7336,0.407518822140006,0.2028658388291201
ANA3,l-malic (c)|shewmm_nocarbon|30,7336,0.46984195484188296,0.2332236531827235
ANA3,l-proline (n)|shewmm_nonitrogen|30,7336,0.45572747376071876,0.22578674639149984
ANA3,l-serine (c)|shewmm_nocarbon|30,7336,0.3547784282284647,0.1744033676330541
ANA3,l-threonine (c)|shewmm_nocarbon|30,3668,0.6819924450493615,0.33986417341396347
ANA3,lb|lb|25,7336,0.6941409048708103,0.3454878727172477
ANA3,lb|lb|28,3668,0.2745903582402055,0.136007000500313
ANA3,methylglyoxal 0.004 vol%|lb|25,3668,0.6318025315624874,0.3129351723489315
ANA3,nag (c)|shewmm_nocarbon|30,7336,0.3778464546616195,0.18699659564505458
ANA3,nickel (ii) chloride 0.8 mm|lb|28,3668,0.271776156803906,0.1359742905589838
ANA3,nitrate 300 mm|lb|25,3668,0.31884783601331973,0.1583267541173235
ANA3,nitrite 15 mm|lb|25,3668,0.3571055214543635,0.1764282786322508
ANA3,nitrite 7.5 mm|lb|25,3668,0.31356066509213976,0.1535953525484915
ANA3,"outer cut, lb soft agar motility assay|lb|30",14672,0.6113498021007393,0.30389964248189655
ANA3,paraquat dichloride 0.008 mg/ml|lb|25,3668,0.693280864226833,0.34246101613546
ANA3,perchlorate 150 mm|lb|28,3668,0.3211178022055137,0.1600123482643365
ANA3,propionate (c)|shewmm_nocarbon|30,7336,0.6728490920829641,0.331389441861456
ANA3,rifampicin 0.001 mg/ml|lb|25,3668,0.5616851770175657,0.2801324679486348
ANA3,sodium fluoride 200 mm|lb|25,3668,0.3432403577099232,0.16639005954294486
ANA3,spectinomycin 0.025 mg/ml|lb|25,3668,0.6743283089231723,0.3374643959297635
ANA3,succinate (c)|shewmm_nocarbon|30,7336,0.4392234710927805,0.21922098677837046
ANA3,syringaldehyde 1 mm|lb|25,3668,0.33839308419352754,0.16694259396165248
ANA3,tetracycline 0.001 mg/ml|lb|28,3668,0.40135301128031253,0.1999207238019795
ANA3,thallium(i) acetate 0.064 mg/ml|lb|25,3668,0.5422689506270995,0.2715240955504423
ANA3,thymidine (c)|shewmm_nocarbon|30,7336,0.536407919485246,0.2691422220816485
ANA3,tween 20 (c)|shewmm_nocarbon|30,3668,0.3508793793078875,0.1727166111002095
ANA3,uridine (c)|shewmm_nocarbon|30,7336,0.42701028370683103,0.212699901940877
ANA3,vanillin 1 mm|lb|25,3668,0.42941975134270827,0.2157316225307842
ANA3,vanillin 2.5 mm|lb|25,3668,0.34599338131060053,0.17289196870283907
BFirm,2-deoxy-d-ribonic lithium salt (c)|rch2_defined_nocarbon|30,5428,0.5909340576502627,0.29512785858897583
BFirm,2-deoxy-d-ribose (c)|rch2_defined_nocarbon|30,21712,0.351887961255762,0.1754082692339505
BFirm,2-deoxyadenosine 5-monophosphate 5 mm (c)|rch2_defined_nocarbon|30,5428,0.5452817771730123,0.2731798379732945
BFirm,a22 0.005 mg/ml|lb|30,5428,0.3066959041213727,0.1534340026551858
BFirm,ammonium chloride (n)|rch2_defined_glucose_nonitrogen|30,5428,0.3940246189876622,0.1959375292881115
BFirm,bacitracin 0.125 mg/ml|lb|30,5428,0.2824412930665975,0.140438777136218
BFirm,bacitracin 0.25 mg/ml|lb|30,5428,0.33767852001125453,0.1680392289014748
BFirm,benzethonium chloride 0.0016 mm|lb|30,5428,0.287009990229055,0.142895478391857
BFirm,carnitine hydrochloride (n)|rch2_defined_glucose_nonitrogen|30,5428,0.3677186978752488,0.18351153413016136
BFirm,casaminos|rch2_defined_glucose|30,10856,0.3018008791980472,0.15007682818646045
BFirm,cephalothin 2 mg/ml|lb|30,5428,0.31442593955228326,0.1577105411662646
BFirm,chloride 200 mm|lb|30,5428,0.33305942109123476,0.16701972048637237
BFirm,cobalt chloride 0.25 mm|lb|30,5428,0.301880265147637,0.150959328579246
BFirm,"d,l-lactate (c)|rch2_defined_nocarbon|30",5428,0.26292139576323326,0.1308935795986755
BFirm,d-alanine (c)|rch2_defined_nocarbon|30,5428,0.2898242320716905,0.1421549965800625
BFirm,d-alanine (n)|rch2_defined_glucose_nonitrogen|30,5428,0.3762955134815338,0.1860126453614635
BFirm,d-fructose (c)|rch2_defined_nocarbon|30,5428,0.27611525012898974,0.13753024600418337
BFirm,d-galactose (c)|rch2_defined_nocarbon|30,5428,0.29454803351360426,0.1459352908829675
BFirm,d-galacturonic acid (c)|rch2_defined_nocarbon|30,5428,0.360595526991009,0.1789789172478135
BFirm,d-gluconic acid (c)|rch2_defined_nocarbon|30,5428,0.2756136197218945,0.13797073627453948
BFirm,d-glucosamine hydrochloride (c)|rch2_defined_nocarbon|30,5428,0.29587349506572724,0.14796403409190456
BFirm,d-glucose (c)|rch2_defined_nocarbon|30,16284,0.325006140679514,0.161767166245585
BFirm,d-glucose 20 mm (c)|rch2_defined_nocarbon|30,10856,0.39390800792281677,0.19614739438043938
BFirm,d-lactate (c)|rch2_defined_nocarbon|30,5428,0.313022539201457,0.15370374160980393
BFirm,d-mannose (c)|rch2_defined_nocarbon|30,5428,0.2649429351056447,0.131555453225572
BFirm,d-ribose (c)|rch2_defined_nocarbon|30,5428,0.27619493123349603,0.13845427862454351
BFirm,d-sorbitol (c)|rch2_defined_nocarbon|30,5428,0.26333406595423625,0.13179798566176282
BFirm,d-xylose (c)|rch2_defined_nocarbon|30,5428,0.3719035864896195,0.1853691723268105
BFirm,deoxyribonucleic from herring sperm 10 mg/ml (c)|rch2_defined_nocarbon|30,10856,0.4926022203075067,0.24643295704896678
BFirm,dimethyl sulfoxide 6 vol%|lb|30,5428,0.2860251292762582,0.141138620873716
BFirm,gly-glu (c)|rch2_defined_nocarbon|30,5428,0.3378501950002465,0.16911546719778386
BFirm,"inner cut, lb soft agar motility assay|lb|30",16284,0.418380926091783,0.207467068964793
BFirm,l-alanine (c)|rch2_defined_nocarbon|30,5428,0.2881490274840065,0.14461820203152198
BFirm,l-alanine (n)|rch2_defined_glucose_nonitrogen|30,5428,0.3789915151327975,0.188901216307864
BFirm,l-arabinose (c)|rch2_defined_nocarbon|30,5428,0.3330540739890455,0.16636484601142548
BFirm,l-arginine (c)|rch2_defined_nocarbon|30,5428,0.30712043682513546,0.15125460515368278
BFirm,l-asparagine (c)|rch2_defined_nocarbon|30,5428,0.2776455347008727,0.137296837377255
BFirm,l-asparagine (n)|rch2_defined_glucose_nonitrogen|30,5428,0.37696586938185,0.1870907931542799
BFirm,l-citrulline (n)|rch2_defined_glucose_nonitrogen|30,5428,0.372372602545483,0.1847735289324115
BFirm,l-fucose (c)|rch2_defined_nocarbon|30,5428,0.4174566215314047,0.20871797642944023
BFirm,l-glutamic (n)|rch2_defined_glucose_nonitrogen|30,5428,0.4649713443985587,0.2298918984879385
BFirm,l-glutamine (c)|rch2_defined_nocarbon|30,5428,0.3442297786609507,0.17045116259951248
BFirm,l-glutamine (n)|rch2_defined_glucose_nonitrogen|30,5428,0.35182711413138845,0.17466024703914212
BFirm,l-histidine (c)|rch2_defined_nocarbon|30,5428,0.2798625022344435,0.13896158717283974
BFirm,l-histidine|rch2_defined_glucose|30,10856,0.31102649956192674,0.15525886479480544
BFirm,l-isoleucine (n)|rch2_defined_glucose_nonitrogen|30,5428,0.44799348264508,0.2231159600823335
BFirm,l-lactate (c)|rch2_defined_nocarbon|30,5428,0.27076218663164653,0.13466074770788675
BFirm,l-lysine (n)|rch2_defined_glucose_nonitrogen|30,5428,0.532958239963156,0.269199725926761
BFirm,l-malic (c)|rch2_defined_nocarbon|30,5428,0.262094399573597,0.13075728514699902
BFirm,l-phenylalanine (c)|rch2_defined_nocarbon|30,5428,0.28345982367650646,0.14183453901375598
BFirm,l-phenylalanine (n)|rch2_defined_glucose_nonitrogen|30,5428,0.40651446264852953,0.20367535455978505
BFirm,l-proline (c)|rch2_defined_nocarbon|30,5428,0.2642961843281565,0.132045750365368
BFirm,l-proline (n)|rch2_defined_glucose_nonitrogen|30,5428,0.3865302538631492,0.19145087367291205
BFirm,l-rhamnose (c)|rch2_defined_nocarbon|30,5428,0.27670163568921474,0.13807873226304257
BFirm,l-serine (n)|rch2_defined_glucose_nonitrogen|30,5428,0.46132604239519975,0.22804779695728972
BFirm,l-serine|rch2_defined_glucose|30,10856,0.3036843360056665,0.15180161188247182
BFirm,l-tryptophan (c)|rch2_defined_nocarbon|30,5428,0.2986484161405105,0.14721875983689997
BFirm,"lb, 23c|lb|23",10856,0.29498623645313327,0.1466031056679687
BFirm,"lb, 30c|lb|30",5428,0.27562717887657673,0.13721820576923
BFirm,"lb, 37c|lb|37",5428,0.4316800599884283,0.2153954542746285
BFirm,"lb, ph4|lb|30",10856,0.29775158390887246,0.1481791043787705
BFirm,"lb, ph5|lb|30",10856,0.26772614238123427,0.1336962810164859
BFirm,"lb, ph6|lb|30",5428,0.2722483264241165,0.13625047083032368
BFirm,"lb, ph7|lb|30",10856,0.288604108995149,0.14431510898967737
BFirm,lb|lb|30,16284,0.28458745426431875,0.14164833396921972
BFirm,lomefloxacin 0.001 mm|lb|30,5428,0.32066676672357425,0.1599729453271895
BFirm,m-inositol (c)|rch2_defined_nocarbon|30,5428,0.286664043769926,0.1434089702494899
BFirm,min media with glucose|rch2_defined_glucose|30,10856,0.30098736039079427,0.14986779954088345
BFirm,nag (c)|rch2_defined_nocarbon|30,5428,0.27569540406876347,0.13795737186023688
BFirm,nag (n)|rch2_defined_glucose_nonitrogen|30,5428,0.3942363956159485,0.1946950537959285
BFirm,nickel (ii) chloride 0.5 mm|lb|30,5428,0.27831396222656624,0.139352787656465
BFirm,nickel (ii) chloride 1 mm|lb|30,5428,0.3199419986385525,0.1607898842753605
BFirm,no vitamins t1|rch2_defined_glucose_novitamin|30,5428,0.40883262551126026,0.20458432928523398
BFirm,no vitamins t2|rch2_defined_glucose_novitamin|30,5428,0.4056752168033465,0.202351527913694
BFirm,"outer cut, lb soft agar motility assay|lb|30",16284,0.48141078110109925,0.238553844527898
BFirm,paraquat dichloride 0.032 mg/ml|lb|30,5428,0.35787518354963954,0.17923271724518902
BFirm,paraquat dichloride 0.064 mg/ml|lb|30,5428,0.353130943015284,0.17675339339976226
BFirm,phenylacetic 5 mm (c)|rch2_defined_nocarbon|30,10856,0.4888418780278007,0.24378414751982108
BFirm,polymyxin b sulfate 0.0625 mg/ml|lb|30,5428,0.265194351792636,0.132498055913991
BFirm,putrescine (c)|rch2_defined_nocarbon|30,5428,0.30520790260511277,0.15229550778278417
BFirm,putrescine (n)|rch2_defined_glucose_nonitrogen|30,5428,0.4025879704197185,0.200940268833364
BFirm,pyruvate (c)|rch2_defined_nocarbon|30,5428,0.282467935098711,0.13880406102591908
BFirm,succinate (c)|rch2_defined_nocarbon|30,5428,0.283993270954341,0.1404291827879055
BFirm,thallium(i) acetate 0.01 mg/ml|lb|30,5428,0.2836311617077447,0.141924055171761
BFirm,trisodium citrate (c)|rch2_defined_nocarbon|30,5428,0.31147211136731856,0.154936128377741
BFirm,tween 20 (c)|rch2_defined_nocarbon|30,5428,0.478962942823685,0.23910010949576868
BFirm,uridine (n)|rch2_defined_glucose_nonitrogen|30,5428,0.37795066211885703,0.1888020257502756
BFirm,with vitamins t1|rch2_defined_glucose|30,5428,0.42219055524576954,0.2106891410145055
BFirm,with vitamins t2|rch2_defined_glucose|30,5428,0.40317125011385974,0.200188540452519
BFirm,xylitol (c)|rch2_defined_nocarbon|30,5428,0.3827777176582155,0.1915600537886925
BFirm,zinc 0.5 mm|lb|30,5428,0.2728772744630956,0.13582981306585984
Btheta,(+)-arabinogalactan (c)|varel_bryant_medium|37,8110,0.47330931468765003,0.2319838170151205
Btheta,"1,4-b-d-galactobiose (c)|varel_bryant_medium|37",8110,0.38203910472386504,0.1888828451589305
Btheta,6-o-acetyl-d-glucose (c)|varel_bryant_medium|37,8110,0.360707647227439,0.17949154455820798
Btheta,a-cyclodextrin (c)|varel_bryant_medium|37,8110,0.30445586162627947,0.1491128144412635
Btheta,aerobic shaking 48 hr copy a|bhis|37,4055,0.531275085459832,0.2649957800353963
Btheta,aerobic shaking 48 hr copy b|bhis|37,4055,0.521551262014134,0.2592522744315506
Btheta,agro_defined_trehalose 1x (c)|varel_bryant_medium|37,4055,0.34702793600319,0.1686073554309131
Btheta,ammonium chloride (n)|varel_bryant_medium_nonitrogen|37,8110,0.3567144463958377,0.175115656298156
Btheta,amylopectin from maize (c)|varel_bryant_medium|37,8110,0.302861240411487,0.15074444779860632
Btheta,amylopectin from maize|varel_bryant_medium|37,8110,0.39005304445182554,0.19140240059965755
Btheta,amylose from potato|varel_bryant_medium|37,8110,0.3408746140750395,0.167826547987548
Btheta,beta-lactose (c)|varel_bryant_medium|37,8110,0.342673746273623,0.16830731857611708
Btheta,bhis with 2-mercaptopyridine n-oxide 0.1 mm|bhis|37,8110,0.3371014274927543,0.1652285016668476
Btheta,bhis with 2-mercaptopyridine n-oxide 0.2 mm|bhis|37,8110,0.3499098702383215,0.1700124344348339
Btheta,bhis with 5-fluorouracil 0.1 mm|bhis|37,8110,0.5975851443190074,0.2987046727094572
Btheta,bhis with 5-fluorouracil 0.2 mm|bhis|37,4055,0.5809146691124709,0.29107466703112833
Btheta,bhis with 8-hydroxy-nitroquinoline 0.1 mm|bhis|37,4055,0.3731915385843375,0.1828510234027044
Btheta,bhis with anhydrotetracycline 0.00078125 mm|bhis|37,4055,0.396192322053921,0.1947997192408248
Btheta,bhis with anhydrotetracycline 0.0125 mm|bhis|37,4055,0.32470107133891346,0.1593968374760099
Btheta,bhis with antimycin a 0.1 mm|bhis|37,4055,0.4092357651199695,0.20048301515512784
Btheta,bhis with antimycin a 0.2 mm|bhis|37,4055,0.39385415226987297,0.1922546433291243
Btheta,bhis with benzethonium chloride 0.00078125 mm|bhis|37,4055,0.386102525949639,0.19081557625097742
Btheta,bhis with benzethonium chloride 0.002 mm|bhis|37,8110,0.39763598695325,0.196586353909273
Btheta,bhis with benzethonium chloride 0.003 mm|bhis|37,8110,0.33086699474037395,0.16223918764185555
Btheta,bhis with cefoxitin 0.0125 mm|bhis|37,4055,0.44544121232339295,0.2227889008289018
Btheta,bhis with cefoxitin 0.025 mm|bhis|37,4055,0.5922208918604945,0.2964192974803981
Btheta,bhis with ceftazidime 0.5 mg/ml|bhis|37,4055,0.462088822079172,0.2313977700576881
Btheta,bhis with ceftriaxone hemi(heptahydrate) 0.1 mm|bhis|37,4055,0.40857556991337,0.2041785434864769
Btheta,bhis with ceftriaxone hemi(heptahydrate) 0.2 mm|bhis|37,4055,0.3699975578350635,0.18624264647505892
Btheta,bhis with cephalothin 0.1 mm|bhis|37,8110,0.4256007853037007,0.2110677676120155
Btheta,bhis with cephalothin 0.2 mm|bhis|37,4055,0.5679755455532229,0.2850434443830487
Btheta,bhis with cephalothin 0.625 mg/ml|bhis|37,8110,0.44181924095691005,0.2212802451980965
Btheta,bhis with chenodeoxycholic 0.25 mg/ml|bhis|37,8110,0.5264850280261679,0.26025603436569983
Btheta,bhis with chlorhexidine diacetate salt 0.00075 mm|bhis|37,8110,0.336922889531984,0.16610967657208014
Btheta,bhis with chlorhexidine diacetate salt 0.0015625 mm|bhis|37,4055,0.381939282272604,0.1899315233658905
Btheta,bhis with chlorhexidine diacetate salt 0.003125 mm|bhis|37,4055,0.402654202503261,0.1989825472247597
Btheta,bhis with chloride 350 mm|bhis|37,4055,0.5059818858395875,0.25373827554713607
Btheta,bhis with chlorpromazine 0.1 mm|bhis|37,8110,0.5413479267399685,0.2692725353099147
Btheta,bhis with chlorpromazine 0.2 mm|bhis|37,8110,0.46387354526450403,0.2307377256147365
Btheta,bhis with ciprofloxacin hydrochloride 0.025 mm|bhis|37,4055,0.3843783469551365,0.1917994265948745
Btheta,bhis with deoxycholic 0.2 mg/ml|bhis|37,4055,0.5435143789413035,0.26872960318630423
Btheta,bhis with dimethyl sulfoxide 0.05 vol%|bhis|37,4055,0.37956701941134346,0.1871288887414643
Btheta,bhis with dimethyl sulfoxide 0.1 vol%|bhis|37,4055,0.3768876592059825,0.1850831647111638
Btheta,bhis with dimethyl sulfoxide 0.2 vol%|bhis|37,20275,0.367808365537946,0.18258221317167078
Btheta,bhis with dimethyl sulfoxide 10 vol%|bhis|37,8110,0.5415518510130785,0.26778181125881495
Btheta,bhis with dimethyl sulfoxide 2 vol%|bhis|37,12165,0.2695180638910603,0.1334488333184787
Btheta,bhis with dimethyl sulfoxide 9 vol%|bhis|37,8110,0.5290604419286782,0.261279641393944
Btheta,bhis with dimetridazole 0.00078125 mm|bhis|37,4055,0.39992761290470996,0.1987094292655826
Btheta,bhis with dimetridazole 0.0015625 mm|bhis|37,4055,0.45183536652042805,0.22265374795559448
Btheta,bhis with dimetridazole 0.00625 mm|bhis|37,8110,0.4153248983660712,0.208049478719052
Btheta,bhis with dimetridazole 0.0125 mm|bhis|37,8110,0.32766425487956974,0.16246504468233
Btheta,bhis with dimetridazole 0.025 mm|bhis|37,12165,0.39914963302021,0.1979022533815185
Btheta,bhis with doxycycline hyclate 0.00009765625 mm|bhis|37,4055,0.3478908195585195,0.17388635729229282
Btheta,bhis with doxycycline hyclate 0.0001953125 mm|bhis|37,8110,0.44807980055594726,0.224884624168159
Btheta,bhis with doxycycline hyclate 0.000390625 mm|bhis|37,4055,0.5419841899047986,0.2651554150757079
Btheta,bhis with econazole nitrate salt 0.01 mm|bhis|37,8110,0.3215543472836393,0.1592659324355845
Btheta,bhis with econazole nitrate salt 0.0125 mm|bhis|37,4055,0.3869715250503455,0.1911792921573477
Btheta,bhis with fusidic 0.002 mg/ml|bhis|37,8110,0.4788334840812333,0.2372434215118335
Btheta,bhis with fusidic 0.004 mg/ml|bhis|37,8110,0.4554301697240948,0.227147809306585
Btheta,bhis with geneticin g418 0.2 mm|bhis|37,4055,0.3728463960702275,0.1838154960153243
Btheta,bhis with irgasan 0.005 mm|bhis|37,4055,0.3000471963176455,0.1458745276426801
Btheta,bhis with irgasan 0.0125 mm|bhis|37,4055,0.4980848488310885,0.2451974748302405
Btheta,bhis with irgasan 0.025 mm|bhis|37,4055,0.41129500438370203,0.19962841697282319
Btheta,bhis with levofloxacin 0.0015625 mm|bhis|37,4055,0.3232857627595605,0.15704379577134409
Btheta,bhis with lincomycin 0.0015625 mm|bhis|37,4055,0.39849254322528793,0.19667980969937782
Btheta,bhis with lithocholic 0.4 mg/ml|bhis|37,8110,0.4846396712890463,0.2405121234015779
Btheta,bhis with lomefloxacin 0.025 mm|bhis|37,8110,0.304542901155245,0.15130827974297287
Btheta,bhis with nitrofurantoin 0.15 mm|bhis|37,8110,0.3105343483107428,0.1534043144712505
Btheta,bhis with oxytetracycline 0.0001953125 mm|bhis|37,4055,0.3544133632725095,0.1766548484234848
Btheta,bhis with oxytetracycline 0.000390625 mm|bhis|37,8110,0.38252932603362577,0.18896062826356402
Btheta,bhis with oxytetracycline 0.00078125 mm|bhis|37,4055,0.384796828131231,0.1893245022704165
Btheta,bhis with paraquat dichloride 0.1 mg/ml|bhis|37,8110,0.484672224433184,0.24351725177226405
Btheta,bhis with perchlorate 100 mm|bhis|37,8110,0.28887923027690754,0.14386560269101417
Btheta,bhis with perchlorate 150 mm|bhis|37,8110,0.313627193346965,0.15635464170143248
Btheta,bhis with ramoplanin 0.003125 mm|bhis|37,4055,0.4101446677370115,0.2023697407604384
Btheta,bhis with rifampicin 0.0000244140625 mm|bhis|37,8110,0.40978466901363175,0.20371883153008552
Btheta,bhis with rifampicin 0.000048828125 mm|bhis|37,4055,0.4328878309004955,0.2145199748235824
Btheta,bhis with sodium fluoride 30 mm|bhis|37,4055,0.3413716802456185,0.17218047311157644
Btheta,bhis with spiramycin 0.2 mm|bhis|37,4055,0.384105727074904,0.1892526306893186
Btheta,bhis with sulfamethizole 0.1 mm|bhis|37,8110,0.3949007832672695,0.197529891131977
Btheta,bhis with sulfamonomethoxine 0.1 mm|bhis|37,8110,0.4385083443176535,0.2177532096040991
Btheta,bhis with sulfamonomethoxine 0.2 mm|bhis|37,8110,0.4759386540104245,0.23782759268368614
Btheta,bhis with sulfaquinoxaline 0.1 mm|bhis|37,8110,0.438158274759095,0.2195698607884915
Btheta,bhis with sulfaquinoxaline 0.2 mm|bhis|37,4055,0.2802580867812845,0.14034663859454996
Btheta,bhis with thioridazine 0.0125 mm|bhis|37,16220,0.44924862332114923,0.22311700614866203
Btheta,bhis with thioridazine 0.025 mm|bhis|37,4055,0.602358943120846,0.3002901135257579
Btheta,bhis with trimethoprim 0.00625 mm|bhis|37,8110,0.557018946958276,0.278188572385777
Btheta,bhis with trimethoprim 0.0125 mm|bhis|37,4055,0.6384403357639544,0.31990067155703406
Btheta,bhis with vancomycin 0.016 mg/ml|bhis|37,8110,0.40547085929207005,0.20232240505055898
Btheta,bhis with vancomycin hydrochloride from streptomyces orientalis 0.0125 mm|bhis|37,4055,0.4269350683514105,0.21443562406364536
Btheta,bhis with zinc pyrithione 0.0125 mm|bhis|37,4055,0.38107939379015,0.1868820231611102
Btheta,bhis with zinc pyrithione 0.025 mm|bhis|37,4055,0.42105329506050854,0.2116359280338487
Btheta,bhis with zinc pyrithione 0.05 mm|bhis|37,8110,0.3795085998782015,0.1894850605158909
Btheta,bhis|bhis|37,4055,0.30134616231332595,0.14864124192660688
Btheta,bile salts 0.25 mg/ml|varel_bryant_medium_glucose|37,4055,0.356456858022563,0.17426732509369972
Btheta,bile salts 0.5 mg/ml|varel_bryant_medium_glucose|37,8110,0.44900239733568226,0.22477864136880854
Btheta,casamino acids (n)|varel_bryant_medium_nonitrogen|37,4055,0.3488667771573815,0.1707434934683674
Btheta,chondroitin sulfate a from bovine trachea (c)|varel_bryant_medium|37,8110,0.34528813218966276,0.1711741010735345
Btheta,cobalt chloride 0.005 mm|varel_bryant_medium_glucose|37,8110,0.3509635688951515,0.17295372261392966
Btheta,cobalt chloride 0.05 mm|varel_bryant_medium_glucose|37,8110,0.3294132121113,0.1622786326684836
Btheta,cobalt chloride 0.5 mm|varel_bryant_medium_glucose|37,4055,0.3441913019370725,0.1693339874167355
Btheta,copper (ii) chloride 0.05 mm|varel_bryant_medium_glucose|37,8110,0.329838855513,0.16223315540285435
Btheta,copper (ii) chloride 1 mm|varel_bryant_medium_glucose|37,8110,0.346905104754544,0.17032878608964924
Btheta,cytidine (n)|varel_bryant_medium_nonitrogen|37,4055,0.413242963013514,0.2036252783140014
Btheta,d-arabinose (c)|varel_bryant_medium|37,8110,0.34531918144857027,0.17181108094744912
Btheta,d-fructose (c)|varel_bryant_medium|37,8110,0.3153802997878935,0.1537544043867175
Btheta,d-galactose (c)|varel_bryant_medium|37,8110,0.3089228272515865,0.15184433156951604
Btheta,d-galacturonic acid (c)|varel_bryant_medium|37,8110,0.34315013653916726,0.16773469037750188
Btheta,d-glucosamine hydrochloride (c)|varel_bryant_medium|37,4055,0.356468517137107,0.1752452446989969
Btheta,d-glucosamine hydrochloride (n)|varel_bryant_medium_nonitrogen|37,8110,0.35275874480631075,0.17280705846587163
Btheta,d-glucose (c) with 20 amino mix|varel_bryant_medium|37,8110,0.28717300176625327,0.14255135453597806
Btheta,d-glucose (c) with l-arginine|varel_bryant_medium|37,4055,0.3269547898924535,0.16360683380710409
Btheta,d-glucose (c) with l-threonine|varel_bryant_medium|37,4055,0.3318203785008725,0.1632892515318263
Btheta,d-glucose (c)|varel_bryant_medium|37,32440,0.32786717596793624,0.16093191115613498
Btheta,d-glucose 20mm (c)|varel_bryant_medium|37,8110,0.37665966890505154,0.18729878137829298
Btheta,d-leucrose (c)|varel_bryant_medium|37,8110,0.33485937965257273,0.1638537038231438
Btheta,d-maltose (c)|varel_bryant_medium|37,8110,0.33273567004930127,0.16246614190792785
Btheta,d-mannose (c)|varel_bryant_medium|37,8110,0.3175369688764615,0.155528647095916
Btheta,d-raffinose (c)|varel_bryant_medium|37,8110,0.351563298497374,0.174252902164248
Btheta,d-ribose (c)|varel_bryant_medium|37,4055,0.5794364584256115,0.2857926243404161
Btheta,d-serine (n)|varel_bryant_medium_nonitrogen|37,4055,0.386848591540636,0.1903290662223054
Btheta,d-trehalose (c)|varel_bryant_medium|37,8110,0.3328841072261822,0.164711201084473
Btheta,d-trehalose 20mm (c)|varel_bryant_medium|37,8110,0.4847516158788445,0.23851036046039098
Btheta,d-xylose (c)|varel_bryant_medium|37,8110,0.403180964331997,0.1999474745252225
Btheta,"dextran, mw ~200,000 (c)|varel_bryant_medium|37",8110,0.3569250981570222,0.1774445092590628
Btheta,fructooligosaccharides (fos) (c)|varel_bryant_medium|37,8110,0.3618965363192488,0.18018403240623787
Btheta,glucuronamide (n)|varel_bryant_medium_nonitrogen|37,8110,0.3506123905195668,0.1742768753330095
Btheta,gly-dl-asp (n)|varel_bryant_medium_nonitrogen|37,8110,0.3320555639694672,0.16530581609878048
Btheta,glycine (n)|varel_bryant_medium_nonitrogen|37,4055,0.400744609258473,0.198463626866074
Btheta,heparin from porcine intestinal mucosa (c)|varel_bryant_medium|37,8110,0.5890073516184943,0.2893496454943745
Btheta,hyaluronic from streptococcus equi (c)|varel_bryant_medium|37,8110,0.38214483452333825,0.189938108684308
Btheta,hyaluronic from streptococcus equi|varel_bryant_medium|37,8110,0.52155165677211,0.25766608696948523
Btheta,isomaltose (c)|varel_bryant_medium|37,4055,0.3266489998834745,0.1620256935618239
Btheta,l-arabinose (c)|varel_bryant_medium|37,8110,0.30173586311774075,0.146366446909321
Btheta,l-aspartic (n)|varel_bryant_medium_nonitrogen|37,4055,0.5488534719673335,0.2738382309454588
Btheta,l-fucose (c)|varel_bryant_medium|37,8110,0.35866116177689,0.17621770841038875
Btheta,l-glutamine (n)|varel_bryant_medium_nonitrogen|37,4055,0.3715213027913665,0.1849245478586095
Btheta,l-leucine (n)|varel_bryant_medium_nonitrogen|37,4055,0.3979329037373605,0.1962583825397744
Btheta,l-rhamnose (c)|varel_bryant_medium|37,8110,0.454961536150599,0.22220238750020505
Btheta,l-valine (n)|varel_bryant_medium_nonitrogen|37,4055,0.4157005868206625,0.2084121447521343
Btheta,lactulose 20mm (c)|varel_bryant_medium|37,8110,0.41379421048636655,0.20567109186716231
Btheta,laminaribiose (c)|varel_bryant_medium|37,8110,0.3396092718362217,0.1674134967995626
Btheta,levan - from erwinia herbicola (c)|varel_bryant_medium|37,8110,0.33317172498945274,0.16416832289691452
Btheta,levan - from erwinia herbicola|varel_bryant_medium|37,4055,0.33770863261260997,0.1670542207121867
Btheta,maltitol 20mm (c)|varel_bryant_medium|37,8110,0.397226153988663,0.1950147645619018
Btheta,maltohexaose (c)|varel_bryant_medium|37,8110,0.34575550621199075,0.16998053746083952
Btheta,maltotetraose (c)|varel_bryant_medium|37,8110,0.33197905379466297,0.1640743263389714
Btheta,mannan from saccharomyces cerevisiae (c)|varel_bryant_medium|37,8110,0.5882077639517544,0.2938059481052929
Btheta,melibiose (c)|varel_bryant_medium|37,8110,0.379424975602647,0.18899782907609952
Btheta,n-acetyl-d-glucosamine (n)|varel_bryant_medium_nonitrogen|37,8110,0.3427694069720215,0.1685995503106016
Btheta,nag (c)|varel_bryant_medium|37,8110,0.31507120454541104,0.1550627147953071
Btheta,nickel (ii) chloride 0.01 mm|varel_bryant_medium_glucose|37,4055,0.3509228508201385,0.1706653179705786
Btheta,nickel (ii) chloride 0.1 mm|varel_bryant_medium_glucose|37,8110,0.3328660013403303,0.1646193045865446
Btheta,palatinose (c)|varel_bryant_medium|37,8110,0.3401160111745895,0.1682087198164121
Btheta,pectin (c)|varel_bryant_medium|37,8110,0.34778340251411277,0.170425870169452
Btheta,pectin|varel_bryant_medium|37,4055,0.3718423829498775,0.1848996658712627
Btheta,polygalacturonic (c)|varel_bryant_medium|37,4055,0.362695621012864,0.1760473673404053
Btheta,polygalacturonic|varel_bryant_medium|37,4055,0.4006997308320095,0.1984993293048879
Btheta,red arabinan from sugar-beet (c)|varel_bryant_medium|37,8110,0.415869225528126,0.205661703299896
Btheta,red arabinan from sugar-beet|varel_bryant_medium|37,4055,0.4337967538643475,0.2121163350533692
Btheta,rhamnogalacturonan - from potato (c)|varel_bryant_medium|37,8110,0.36398044311593125,0.180227972727479
Btheta,stachyose - 70% (c)|varel_bryant_medium|37,8110,0.30950182836227075,0.153362790128108
Btheta,starch from potato (c)|varel_bryant_medium|37,8110,0.314769437334948,0.15789546468021165
Btheta,starch from potato|varel_bryant_medium|37,4055,0.383186800808779,0.19076610020197302
Btheta,supernatant; agrobacterium rhizogenes k599 grown in agro_defined_trehalose (~7.5 mm 3-keto-trehalose) 0.5x (c)|varel_bryant_medium|37,8110,0.35363247959553124,0.175933769207061
Btheta,thallium(i) acetate 0.01 mg/ml|varel_bryant_medium_glucose|37,8110,0.34159697146706874,0.16959760964923554
Btheta,thallium(i) acetate 0.025 mg/ml|varel_bryant_medium_glucose|37,8110,0.34803499815566796,0.17319374570799684
Btheta,thallium(i) acetate 0.05 mg/ml|varel_bryant_medium_glucose|37,8110,0.35105577853373626,0.1746400192975544
Btheta,thymidine (n)|varel_bryant_medium_nonitrogen|37,4055,0.39485154791792454,0.19380951371880462
Btheta,"varel_bryant medium with 2,2-dibromo-2-cyanoacetamide 0.2 mm|varel_bryant_medium_glucose|37",8110,0.2803882615664375,0.137626606945066
Btheta,varel_bryant medium with 8-hydroxy-nitroquinoline 0.01 mm|varel_bryant_medium_glucose|37,8110,0.28067565834802927,0.13840068824148083
Btheta,varel_bryant medium with benzethonium chloride 0.003 mm|varel_bryant_medium_glucose|37,8110,0.2767487589507485,0.13705042054655903
Btheta,varel_bryant medium with chlorhexidine diacetate salt 0.00075 mm|varel_bryant_medium_glucose|37,8110,0.2808312210395437,0.14041261352703666
Btheta,varel_bryant medium with chlorhexidine diacetate salt 0.0015 mm|varel_bryant_medium_glucose|37,8110,0.3386573425258895,0.16928317114949323
Btheta,varel_bryant medium with chlorpromazine 0.0125 mm|varel_bryant_medium_glucose|37,8110,0.303728364065934,0.1500324525390765
Btheta,varel_bryant medium with chlorpromazine 0.025 mm|varel_bryant_medium_glucose|37,8110,0.32035079123383176,0.15886256331724985
Btheta,varel_bryant medium with chlorpromazine 0.05 mm|varel_bryant_medium_glucose|37,4055,0.408484310928918,0.2018925072150277
Btheta,varel_bryant medium with dibucaine 0.15 mm|varel_bryant_medium_glucose|37,8110,0.27140035481277597,0.135115512872526
Btheta,varel_bryant medium with dibucaine 0.2 mm|varel_bryant_medium_glucose|37,8110,0.2733600203317005,0.13551215050802512
Btheta,varel_bryant medium with dimethyl sulfoxide 2 vol%|varel_bryant_medium_glucose|37,40550,0.28271297197551626,0.139573170029908
Btheta,varel_bryant medium with dimetridazole 0.025 mm|varel_bryant_medium_glucose|37,16220,0.27870918025958646,0.13801271012552754
Btheta,varel_bryant medium with econazole nitrate salt 0.02 mm|varel_bryant_medium_glucose|37,8110,0.2789799856970073,0.1359304445651065
Btheta,varel_bryant medium with irgasan 0.0025 mm|varel_bryant_medium_glucose|37,8110,0.29637445509416205,0.14506191928172352
Btheta,varel_bryant medium with irgasan 0.005 mm|varel_bryant_medium_glucose|37,8110,0.3061974506655415,0.151020641385416
Btheta,varel_bryant medium with nitrofurantoin 0.15 mm|varel_bryant_medium_glucose|37,8110,0.2862056718890945,0.139072053561469
Btheta,varel_bryant medium with rotenone 0.2 mm|varel_bryant_medium_glucose|37,8110,0.2736583955155055,0.13545034203851686
Btheta,varel_bryant medium with sulfaquinoxaline 0.01 mm|varel_bryant_medium_glucose|37,8110,0.292506428163802,0.14597802105484442
Btheta,varel_bryant medium with sulfaquinoxaline 0.02 mm|varel_bryant_medium_glucose|37,8110,0.300490713342048,0.14847999312410048
Btheta,varel_bryant medium with tetrazolium violet 0.025 mm|varel_bryant_medium_glucose|37,8110,0.28845556048687926,0.1410012622367725
Btheta,varel_bryant medium with thioridazine 0.00625 mm|varel_bryant_medium_glucose|37,8110,0.2858635247878405,0.1417485694788656
Btheta,varel_bryant medium with thioridazine 0.0125 mm|varel_bryant_medium_glucose|37,4055,0.35635812794857497,0.1771606763231298
Btheta,varel_bryant medium with zinc pyrithione 0.0125 mm|varel_bryant_medium_glucose|37,8110,0.2670925461506937,0.1306339495351695
Btheta,varel_bryant medium with zinc pyrithione 0.025 mm|varel_bryant_medium_glucose|37,8110,0.27755592093714876,0.13705211853896998
Btheta,varel_bryant medium with zinc pyrithione 0.05 mm|varel_bryant_medium_glucose|37,8110,0.300548521096792,0.1482056537150295
Btheta,varel_bryant_medium_glucose with 2-mercaptopyridine n-oxide 0.1 mm|varel_bryant_medium_glucose|37,8110,0.3240423437350877,0.16004960397512283
Btheta,varel_bryant_medium_glucose with 2-mercaptopyridine n-oxide 0.2 mm|varel_bryant_medium_glucose|37,8110,0.32530785629798453,0.160196627655043
Btheta,varel_bryant_medium_glucose with 8-hydroxy-nitroquinoline 0.05 mm|varel_bryant_medium_glucose|37,8110,0.40863327835409746,0.2031162403365609
Btheta,varel_bryant_medium_glucose with anhydrotetracycline 0.000390625 mm|varel_bryant_medium_glucose|37,8110,0.3287471990580203,0.1625231348113943
Btheta,varel_bryant_medium_glucose with anhydrotetracycline 0.00078125 mm|varel_bryant_medium_glucose|37,8110,0.3351247311993413,0.16602774149799682
Btheta,varel_bryant_medium_glucose with anhydrotetracycline 0.0125 mm|varel_bryant_medium_glucose|37,8110,0.3482375591437883,0.1739622936234509
Btheta,varel_bryant_medium_glucose with antimycin a 0.2 mm|varel_bryant_medium_glucose|37,8110,0.3637431059890795,0.17890310792679492
Btheta,varel_bryant_medium_glucose with benzethonium chloride 0.000390625 mm|varel_bryant_medium_glucose|37,8110,0.3376576207461245,0.1659791909530706
Btheta,varel_bryant_medium_glucose with benzethonium chloride 0.00078125 mm|varel_bryant_medium_glucose|37,8110,0.3333310589457552,0.16393420608896614
Btheta,varel_bryant_medium_glucose with bile salts 0.125 mg/ml; ph 5.5|varel_bryant_medium_glucose|37,8110,0.270448725749237,0.13566450592802437
Btheta,varel_bryant_medium_glucose with bile salts 0.125 mg/ml; ph 6.5|varel_bryant_medium_glucose|37,8110,0.271581369017525,0.1335107038775964
Btheta,varel_bryant_medium_glucose with bile salts 0.125 mg/ml; ph 6|varel_bryant_medium_glucose|37,8110,0.275411241112333,0.1368995879040325
Btheta,varel_bryant_medium_glucose with bile salts 0.25 mg/ml; ph 6|varel_bryant_medium_glucose|37,4055,0.436598648950274,0.2180628664230491
Btheta,varel_bryant_medium_glucose with bile salts 0.25 mg/ml; ph 7|varel_bryant_medium_glucose|37,8110,0.2936290027399225,0.1455650576353695
Btheta,varel_bryant_medium_glucose with bile salts 0.5 mg/ml; ph 7|varel_bryant_medium_glucose|37,8110,0.5297246171241845,0.26320812961969553
Btheta,varel_bryant_medium_glucose with cefoxitin 0.0125 mm|varel_bryant_medium_glucose|37,8110,0.3602923666955338,0.17768395858557465
Btheta,varel_bryant_medium_glucose with cefoxitin 0.025 mm|varel_bryant_medium_glucose|37,8110,0.367917022505453,0.1821627814669175
Btheta,varel_bryant_medium_glucose with ceftriaxone hemi(heptahydrate) 0.1 mm|varel_bryant_medium_glucose|37,8110,0.32360951009898853,0.1603708696259415
Btheta,varel_bryant_medium_glucose with ceftriaxone hemi(heptahydrate) 0.2 mm|varel_bryant_medium_glucose|37,8110,0.35232743936224875,0.1730114857377183
Btheta,varel_bryant_medium_glucose with cephalothin 0.1 mm|varel_bryant_medium_glucose|37,8110,0.37924030202090875,0.1866900687519345
Btheta,varel_bryant_medium_glucose with chenodeoxycholic 0.125 mg/ml|varel_bryant_medium_glucose|37,8110,0.3075441218068995,0.1525574823510205
Btheta,varel_bryant_medium_glucose with chenodeoxycholic 0.25 mg/ml|varel_bryant_medium_glucose|37,8110,0.38614517845970425,0.19246937909250125
Btheta,varel_bryant_medium_glucose with chenodeoxycholic 0.5 mg/ml|varel_bryant_medium_glucose|37,4055,0.5291315579465705,0.2632596314249683
Btheta,varel_bryant_medium_glucose with chlorhexidine diacetate salt 0.0015625 mm|varel_bryant_medium_glucose|37,8110,0.3466754954430955,0.17076884575023082
Btheta,varel_bryant_medium_glucose with chlorhexidine diacetate salt 0.003125 mm|varel_bryant_medium_glucose|37,8110,0.3332055967975805,0.16463756747491748
Btheta,varel_bryant_medium_glucose with chlorpromazine 0.05 mm|varel_bryant_medium_glucose|37,8110,0.361557138544337,0.178043669839273
Btheta,varel_bryant_medium_glucose with chlorpromazine 0.1 mm|varel_bryant_medium_glucose|37,4055,0.6780873458208745,0.3363751088135301
Btheta,varel_bryant_medium_glucose with ciprofloxacin hydrochloride 0.025 mm|varel_bryant_medium_glucose|37,4055,0.5211024830186435,0.2607718955442492
Btheta,varel_bryant_medium_glucose with ciprofloxacin hydrochloride 0.05 mm|varel_bryant_medium_glucose|37,4055,0.447975469104223,0.2169299737336996
Btheta,varel_bryant_medium_glucose with deoxycholic 0.075 mg/ml|varel_bryant_medium_glucose|37,8110,0.42045232166493574,0.2087363543617325
Btheta,varel_bryant_medium_glucose with deoxycholic 0.1 mg/ml|varel_bryant_medium_glucose|37,8110,0.311173878867842,0.15264649855578755
Btheta,varel_bryant_medium_glucose with deoxycholic 0.2 mg/ml|varel_bryant_medium_glucose|37,8110,0.4010597117057483,0.198153442552599
Btheta,varel_bryant_medium_glucose with dimethyl sulfoxide 0.05 vol%|varel_bryant_medium_glucose|37,8110,0.34847545385253376,0.17264889364415398
Btheta,varel_bryant_medium_glucose with dimethyl sulfoxide 0.1 vol%|varel_bryant_medium_glucose|37,8110,0.35238826753872526,0.17424965522105101
Btheta,varel_bryant_medium_glucose with dimethyl sulfoxide 0.2 vol%|varel_bryant_medium_glucose|37,48660,0.3398055984534465,0.1678747369811115
Btheta,varel_bryant_medium_glucose with dimetridazole 0.0015625 mm|varel_bryant_medium_glucose|37,8110,0.33632900942997546,0.1668674802557945
Btheta,varel_bryant_medium_glucose with dimetridazole 0.0125 mm|varel_bryant_medium_glucose|37,8110,0.3732385831939955,0.1826182816083473
Btheta,varel_bryant_medium_glucose with dimetridazole 0.025 mm|varel_bryant_medium_glucose|37,8110,0.43537691829176406,0.2135104358811765
Btheta,varel_bryant_medium_glucose with doxycycline hyclate 0.000048828125 mm|varel_bryant_medium_glucose|37,8110,0.30943628316931326,0.1541261685497367
Btheta,varel_bryant_medium_glucose with doxycycline hyclate 0.00009765625 mm|varel_bryant_medium_glucose|37,8110,0.3137888832860033,0.15720822148763353
Btheta,varel_bryant_medium_glucose with doxycycline hyclate 0.0001953125 mm|varel_bryant_medium_glucose|37,8110,0.39502418496951225,0.19737428094274923
Btheta,varel_bryant_medium_glucose with econazole nitrate salt 0.0125 mm|varel_bryant_medium_glucose|37,8110,0.3582280086721295,0.17645860947524128
Btheta,varel_bryant_medium_glucose with econazole nitrate salt 0.025 mm|varel_bryant_medium_glucose|37,8110,0.580784997040172,0.286163913604887
Btheta,varel_bryant_medium_glucose with ethanol 3.33 vol%|varel_bryant_medium_glucose|37,8110,0.28310396247959724,0.1406043215087432
Btheta,varel_bryant_medium_glucose with furaltadone 0.05 mm|varel_bryant_medium_glucose|37,8110,0.3461242613235815,0.1713328453378045
Btheta,varel_bryant_medium_glucose with furaltadone 0.1 mm|varel_bryant_medium_glucose|37,8110,0.4084858206206055,0.2039865002607275
Btheta,varel_bryant_medium_glucose with geneticin g418 0.2 mm|varel_bryant_medium_glucose|37,8110,0.36696318704831354,0.18173350458892787
Btheta,varel_bryant_medium_glucose with indolicidin 0.002 mg/ml|varel_bryant_medium_glucose|37,8110,0.40577709000158546,0.19926359320254952
Btheta,varel_bryant_medium_glucose with irgasan 0.0125 mm|varel_bryant_medium_glucose|37,8110,0.339998822785816,0.16793137696705
Btheta,varel_bryant_medium_glucose with irgasan 0.025 mm|varel_bryant_medium_glucose|37,8110,0.38508586247299104,0.18649905418557705
Btheta,varel_bryant_medium_glucose with levofloxacin 0.00078125 mm|varel_bryant_medium_glucose|37,8110,0.3295475228606255,0.16331414645056
Btheta,varel_bryant_medium_glucose with levofloxacin 0.0015625 mm|varel_bryant_medium_glucose|37,8110,0.33602014722422624,0.16793077496306702
Btheta,varel_bryant_medium_glucose with lincomycin 0.0015625 mm|varel_bryant_medium_glucose|37,8110,0.32148781167367924,0.16002615191507646
Btheta,varel_bryant_medium_glucose with lithocholic 0.2 mg/ml|varel_bryant_medium_glucose|37,8110,0.2905408940104247,0.14385133198991396
Btheta,varel_bryant_medium_glucose with metronidazole 0.0015625 mm|varel_bryant_medium_glucose|37,8110,0.3315756095702065,0.1634624006462625
Btheta,varel_bryant_medium_glucose with oxytetracycline 0.00009765625 mm|varel_bryant_medium_glucose|37,8110,0.32710004970578327,0.1620126519741772
Btheta,varel_bryant_medium_glucose with oxytetracycline 0.0001953125 mm|varel_bryant_medium_glucose|37,8110,0.3187046336142667,0.1588985187951245
Btheta,varel_bryant_medium_glucose with oxytetracycline 0.000390625 mm|varel_bryant_medium_glucose|37,8110,0.3448984218714297,0.1713238736488568
Btheta,varel_bryant_medium_glucose with phenazine ethosulfate 0.1 mm|varel_bryant_medium_glucose|37,8110,0.3788711724803657,0.1859587245390333
Btheta,varel_bryant_medium_glucose with phenazine ethosulfate 0.2 mm|varel_bryant_medium_glucose|37,4055,0.5241698030877371,0.2546959890589639
Btheta,varel_bryant_medium_glucose with ramoplanin 0.0015625 mm|varel_bryant_medium_glucose|37,8110,0.3354352893609005,0.16557182331166698
Btheta,varel_bryant_medium_glucose with ramoplanin 0.003125 mm|varel_bryant_medium_glucose|37,8110,0.33398390936898775,0.16365370506700935
Btheta,varel_bryant_medium_glucose with rifampicin 0.0001953125 mm|varel_bryant_medium_glucose|37,4055,0.4565058490631225,0.2291143670846185
Btheta,varel_bryant_medium_glucose with spiramycin 0.2 mm|varel_bryant_medium_glucose|37,8110,0.3377406103447175,0.16572920205758906
Btheta,varel_bryant_medium_glucose with sulfamethizole 0.1 mm|varel_bryant_medium_glucose|37,8110,0.45739909521793026,0.2237789762604
Btheta,varel_bryant_medium_glucose with sulfamethizole 0.2 mm|varel_bryant_medium_glucose|37,8110,0.43921694139280176,0.2186686110279525
Btheta,varel_bryant_medium_glucose with sulfamonomethoxine 0.2 mm|varel_bryant_medium_glucose|37,8110,0.38952991928855274,0.1927559309715095
Btheta,varel_bryant_medium_glucose with sulfaquinoxaline 0.1 mm|varel_bryant_medium_glucose|37,8110,0.43062256072995425,0.21296822424440315
Btheta,varel_bryant_medium_glucose with sulfaquinoxaline 0.2 mm|varel_bryant_medium_glucose|37,4055,0.3832417068830525,0.1884459051129875
Btheta,varel_bryant_medium_glucose with thioridazine 0.025 mm|varel_bryant_medium_glucose|37,4055,0.5607920625523185,0.2784756698508567
Btheta,varel_bryant_medium_glucose with trimethoprim 0.0125 mm|varel_bryant_medium_glucose|37,8110,0.41693266469087253,0.2066911617691805
Btheta,varel_bryant_medium_glucose with trimethoprim 0.025 mm|varel_bryant_medium_glucose|37,4055,0.5872204940209236,0.2948994255971492
Btheta,varel_bryant_medium_glucose with vancomycin hydrochloride from streptomyces orientalis 0.00625 mm|varel_bryant_medium_glucose|37,8110,0.344319589621532,0.16992291081554112
Btheta,varel_bryant_medium_glucose with vancomycin hydrochloride from streptomyces orientalis 0.0125 mm|varel_bryant_medium_glucose|37,8110,0.34964635866238775,0.17035325456833456
Btheta,varel_bryant_medium_glucose with zinc pyrithione 0.025 mm|varel_bryant_medium_glucose|37,8110,0.37234951198773847,0.1844515757673425
Btheta,varel_bryant_medium_glucose with zinc pyrithione 0.05 mm|varel_bryant_medium_glucose|37,8110,0.4305860219404307,0.21348977220849752
Btheta,varel_bryant_medium_glucose; ph 6|varel_bryant_medium_glucose|37,8110,0.29046949381471376,0.14409419285136849
Btheta,varel_bryant_medium_glucose; ph 7|varel_bryant_medium_glucose|37,8110,0.25016340377648016,0.12467337499154701
Btheta,varel_bryant_medium_glucose|varel_bryant_medium_glucose|37,16220,0.3164967703641795,0.15677526452333884
Burk376,2'-deoxyinosine 10 mm (c)|rch2_defined_nocarbon|30,10306,0.39037543984704276,0.195701993835838
Burk376,2'-deoxyinosine 5 mm (c)|rch2_defined_nocarbon|30,10306,0.371610995109837,0.1849898168749715
Burk376,2-deoxy-d-ribonic lithium salt (c)|rch2_defined_nocarbon|30,10306,0.3067265389817537,0.15215216558953698
Burk376,2-deoxy-d-ribonic lithium salt 10 mm (c)|rch2_defined_nocarbon|30,10306,0.32319531948639146,0.1608888869334188
Burk376,2-deoxy-d-ribose (c)|rch2_defined_nocarbon|30,20612,0.3164420518203215,0.157503415747491
Burk376,2-deoxy-d-ribose 10 mm (c)|rch2_defined_nocarbon|30,10306,0.3593896841731993,0.1778512198850905
Burk376,2-deoxy-d-ribose 20 mm (c)|rch2_defined_nocarbon|30,10306,0.3373779717670815,0.168505672359252
Burk376,2-deoxyadenosine 5-monophosphate 2.5 mm (c)|rch2_defined_nocarbon|30,10306,0.361043094209052,0.1804375275045385
Burk376,2-deoxyadenosine 5-monophosphate 5 mm (c)|rch2_defined_nocarbon|30,10306,0.39012343557880574,0.193612832817026
Burk376,d-glucose (c)|rch2_defined_nocarbon|30,20612,0.28599823841988603,0.1425149365310095
Burk376,d-glucose 20 mm (c)|rch2_defined_nocarbon|30,10306,0.310461860727549,0.15560486394927403
Burk376,deoxyribonucleic from herring sperm 10 mg/ml (c)|rch2_defined_nocarbon|30,10306,0.4232341903665083,0.21041179561813272
Burk376,phenylacetic (c)|rch2_defined_nocarbon|30,10306,0.33391244203570275,0.1659286455383692
Caulo,a-cyclodextrin (c)|m2_nocarbon|30,9936,1.3165194823854551,0.6586872021145884
Caulo,adenosine (n)|m2_nonitrogen|30,6624,0.546898004545884,0.271795570142318
Caulo,ammonium chloride (n)|m2_nonitrogen|30,6624,0.9941446328274806,0.49710347927654697
Caulo,beta-lactose (c)|m2_nocarbon|30,9936,1.2077827708883353,0.6045069324805326
Caulo,casamino acids (n)|m2_nonitrogen|30,6624,0.7673320395102795,0.381675636386953
Caulo,cytidine (n)|m2_nonitrogen|30,6624,0.7785610609087363,0.38989570465129597
Caulo,d-cellobiose (c)|m2_nocarbon|30,9936,0.9403579212074314,0.467076885453727
Caulo,d-glucosamine hydrochloride (n)|m2_nonitrogen|30,6624,0.874108215111168,0.437648138682284
Caulo,d-glucose (c)|m2_nocarbon|30,9936,0.9359144389390517,0.46957586805386053
Caulo,d-maltose (c)|m2_nocarbon|30,9936,0.9611745243330768,0.4809686930463014
Caulo,d-mannose (c)|m2_nocarbon|30,9936,0.8585065060751967,0.42993155676822903
Caulo,d-raffinose (c)|m2_nocarbon|30,9936,1.003609998326611,0.501941930079129
Caulo,d-salicin (c)|m2_nocarbon|30,9936,1.0356763695673785,0.5179557702109483
Caulo,d-xylose (c)|m2_nocarbon|30,9936,1.086378610382299,0.5430482332692044
Caulo,glucuronamide (n)|m2_nonitrogen|30,6624,0.807570146065716,0.40389817441669995
Caulo,inosine (n)|m2_nonitrogen|30,6624,0.8797976070654467,0.4382014183476795
Caulo,l-alanine (c)|m2_nocarbon|30,9936,0.6163693614827765,0.2827974714789155
Caulo,l-alanine (n)|m2_nonitrogen|30,6624,0.542039048245452,0.26070484687863954
Caulo,l-arginine (n)|m2_nonitrogen|30,6624,0.7391790627081991,0.3702547371593812
Caulo,l-asparagine (n)|m2_nonitrogen|30,6624,0.6951230508751769,0.347077844556398
Caulo,l-aspartic (n)|m2_nonitrogen|30,6624,0.9030219083883977,0.44997425691279413
Caulo,l-citrulline (n)|m2_nonitrogen|30,6624,0.4498447289313023,0.22557084466115884
Caulo,l-glutamic (c)|m2_nocarbon|30,9936,0.658490714814553,0.3285271601590354
Caulo,l-glutamic (n)|m2_nonitrogen|30,6624,0.8077856600227385,0.39888356968292704
Caulo,l-isoleucine (n)|m2_nonitrogen|30,6624,0.46860335201314846,0.23458589507690475
Caulo,l-leucine (n)|m2_nonitrogen|30,6624,0.48390648323347274,0.24275750114397
Caulo,l-phenylalanine (n)|m2_nonitrogen|30,6624,0.9249973950295101,0.45915793928243104
Caulo,l-proline (c)|m2_nocarbon|30,9936,0.8600813916864486,0.4322522502607514
Caulo,l-proline (n)|m2_nonitrogen|30,6624,0.851512607547,0.42616436401949154
Caulo,l-tryptophan (n)|m2_nonitrogen|30,6624,0.9302872394628837,0.46588105106649447
Caulo,l-valine (n)|m2_nonitrogen|30,6624,0.3575138982396122,0.17771923382331178
Caulo,m-inositol (c)|m2_nocarbon|30,9936,0.9368596330023362,0.465421396835057
Caulo,n-acetyl-d-glucosamine (n)|m2_nonitrogen|30,6624,0.3984052535596725,0.1980312823157525
Caulo,nag (c)|m2_nocarbon|30,9936,1.0352881919068262,0.5201724979900055
Caulo,nitrate (n)|m2_nonitrogen|30,6624,1.098484466980194,0.553197981884514
Caulo,putrescine (n)|m2_nonitrogen|30,6624,1.1283154082443527,0.5650775076430665
Caulo,pye no stress control|pye|30,9936,0.34212081413551,0.16926964031534675
Caulo,pye ph6 copy a|pye|30,3312,0.7752724075508386,0.38627806492415273
Caulo,pye ph6 copy b|pye|30,3312,0.7492138166789938,0.3747307837432049
Caulo,pye with a22 0.005 mg/ml|pye|30,6624,0.6911726234480887,0.34530387903874055
Caulo,pye with aluminum chloride 1.25 mm|pye|30,6624,0.7486613490139635,0.37483113425442793
Caulo,pye with benzalkonium chloride 0.0001 mg/ml|pye|30,6624,1.026660740878407,0.4954405045397065
Caulo,pye with benzethonium chloride 0.001 mm|pye|30,6624,1.1030331114337362,0.5441722968176775
Caulo,pye with benzoic 0.2 mg/ml|pye|30,6624,1.0776181241884915,0.530898312680484
Caulo,pye with carbenicillin 0.1 mg/ml|pye|30,6624,0.834598105368991,0.415705253410158
Caulo,pye with carbenicillin 0.25 mg/ml|pye|30,6624,0.9669339544983675,0.47828971943312526
Caulo,pye with chir-090 2 ug/ml|pye|30,9936,0.351832300725633,0.174041556975992
Caulo,pye with chloramphenicol 0.0001 mg/ml|pye|30,6624,0.8282180970392993,0.413411905998484
Caulo,pye with chloramphenicol 0.0005 mg/ml|pye|30,6624,0.8298564058683124,0.4132008660297915
Caulo,pye with chlorate 40 mm|pye|30,6624,0.7713824470112756,0.3838588269696357
Caulo,pye with chloride 100 mm|pye|30,6624,0.9734642242720397,0.47812406553917897
Caulo,pye with chlorite 0.5 mm|pye|30,6624,0.8935862486036059,0.4443460793482062
Caulo,pye with cisplatin 0.0025 mg/ml|pye|30,6624,0.6673041448757505,0.33298644612556105
Caulo,pye with cisplatin 0.005 mg/ml|pye|30,6624,0.734910330076952,0.36592365966762125
Caulo,pye with cobalt chloride 0.04 mm|pye|30,6624,0.7272270096022957,0.3627282827391285
Caulo,pye with cobalt chloride 0.08 mm|pye|30,6624,0.369494350452634,0.1838909590627315
Caulo,pye with copper (ii) chloride 0.25 mm|pye|30,6624,1.050099665868634,0.525105549660591
Caulo,pye with dimethyl sulfoxide 5 vol%|pye|30,6624,0.9042659633491237,0.445179955878188
Caulo,pye with dimethyl sulfoxide 7.5 vol%|pye|30,6624,1.0720755886089974,0.5242021834484135
Caulo,pye with doxycycline hyclate 0.0001 mg/ml|pye|30,6624,0.8102739521942934,0.398853418690785
Caulo,pye with gentamicin 0.0005 mg/ml|pye|30,6624,0.8827934941903026,0.43229355039979556
Caulo,pye with nalidixic 0.03 mg/ml|pye|30,6624,0.8788685388491573,0.4376737428620386
Caulo,pye with nalidixic 0.06 mg/ml|pye|30,6624,0.6666937958317335,0.33333914787421437
Caulo,pye with nickel (ii) chloride 0.15 mm|pye|30,6624,0.3322837783482777,0.1660513930779935
Caulo,pye with nickel (ii) chloride 0.3 mm|pye|30,6624,0.5277263372264633,0.26350123563442696
Caulo,pye with nitrate 100 mm|pye|30,6624,1.0740177290479216,0.5322180750311925
Caulo,pye with nitrite 1.25 mm|pye|30,6624,0.7595790489785857,0.377863040052115
Caulo,pye with nitrite 2.5 mm|pye|30,6624,0.9301479771246735,0.4612170873449193
Caulo,pye with nitrite 5 mm|pye|30,6624,1.1492653813351554,0.5443273196173111
Caulo,pye with paraquat dichloride 0.015 mg/ml|pye|30,6624,0.9504275815148078,0.4734004615423919
Caulo,pye with paraquat dichloride 0.03 mg/ml|pye|30,6624,0.8379536801427743,0.4183451387975057
Caulo,pye with perchlorate 25 mm|pye|30,6624,0.7733891613489763,0.3863566483766022
Caulo,pye with perchlorate 50 mm|pye|30,6624,0.8572448198629172,0.4279829418983025
Caulo,pye with phosphomycin 0.005 mg/ml|pye|30,6624,0.6796328447032233,0.3387737410533334
Caulo,pye with polymyxin b sulfate 0.005 mg/ml|pye|30,6624,1.1304329548031795,0.542234565612837
Caulo,pye with sisomicin 0.004 mg/ml|pye|30,6624,0.7973157130756205,0.4002379254013272
Caulo,pye with sodium fluoride 15 mm|pye|30,6624,0.5455716508651502,0.2686962864148734
Caulo,pye with sodium fluoride 30 mm|pye|30,6624,0.9192177765425147,0.4595610984755355
Caulo,pye with sodium fluoride 7.5 mm|pye|30,6624,0.5829317834574215,0.29204891688956447
Caulo,pye with spectinomycin 0.025 mg/ml|pye|30,6624,0.9033255532730933,0.45294443179649624
Caulo,pye with spectinomycin 0.08 mg/ml|pye|30,6624,0.7358259340832407,0.362330315906478
Caulo,pye with tetracycline 0.00005 mg/ml|pye|30,6624,0.8670609001549106,0.435089813138826
Caulo,pye with tetracycline 0.0001 mg/ml|pye|30,6624,0.9144193400609706,0.4541125312643785
Caulo,pye with thallium(i) acetate 0.002 mg/ml|pye|30,6624,0.6676864889465732,0.3343681202011233
Caulo,pye with thallium(i) acetate 0.004 mg/ml|pye|30,6624,0.5325213580602646,0.26495948869923247
Caulo,pye with vancomycin 0.007 mg/ml|pye|30,6624,0.6899726259214758,0.34051883707938
Caulo,pye|pye|30,33120,0.7321009884190977,0.3657024384314037
Caulo,urea (n)|m2_nonitrogen|30,6624,0.7678758865672897,0.3823088486232335
Cola,a-cyclodextrin (c)|dinomm_nocarbon_highnutrient|30,11862,0.24574864413285302,0.1221088326003723
Cola,ammonium chloride (n)|dinomm_nonitrogen_highnutrient_glucosec|30,7908,0.2512747369443955,0.12448549660906351
Cola,beta-lactose (c)|dinomm_nocarbon_highnutrient|30,11862,0.2537602915454402,0.12584363585598352
Cola,casamino acids (n)|dinomm_nonitrogen_highnutrient_glucosec|30,7908,0.284060445398365,0.140853162072619
Cola,d-cellobiose (c)|dinomm_nocarbon_highnutrient|30,11862,0.2510041041166088,0.1248966000939028
Cola,d-fructose (c)|dinomm_nocarbon_highnutrient|30,11862,0.2341340627027545,0.11628700403869952
Cola,d-galactose (c)|dinomm_nocarbon_highnutrient|30,11862,0.2519772520325023,0.12521172317244705
Cola,d-glucosamine hydrochloride (c)|dinomm_nocarbon_highnutrient|30,11862,0.2385769443387355,0.11846297783094199
Cola,d-glucosamine hydrochloride (n)|dinomm_nonitrogen_highnutrient_glucosec|30,7908,0.2387977137697685,0.11845633108615541
Cola,d-glucose (c)|dinomm_nocarbon_highnutrient|30,11862,0.25118882290151023,0.125166612411646
Cola,d-glucose 20mm (c)|dinomm_nocarbon_highnutrient|30,7908,0.23608532152892775,0.1169554585717652
Cola,d-maltose (c)|dinomm_nocarbon_highnutrient|30,11862,0.2129691464292897,0.1061428458540115
Cola,d-mannose (c)|dinomm_nocarbon_highnutrient|30,11862,0.23651576130988058,0.1176208276171885
Cola,d-raffinose (c)|dinomm_nocarbon_highnutrient|30,11862,0.2622619861115475,0.1312896952352058
Cola,d-salicin (c)|dinomm_nocarbon_highnutrient|30,11862,0.26442586889694425,0.131506768029709
Cola,d-trehalose (c)|dinomm_nocarbon_highnutrient|30,11862,0.25374664574162054,0.1250557556490095
Cola,d-trehalose 20mm (c)|dinomm_nocarbon_highnutrient|30,7908,0.24674904902452327,0.1220160316647155
Cola,d-xylose (c)|dinomm_nocarbon_highnutrient|30,11862,0.22118170203960547,0.10978088552294475
Cola,glucuronamide (n)|dinomm_nonitrogen_highnutrient_glucosec|30,7908,0.23070762790002675,0.11492551640782
Cola,l-alanine (n)|dinomm_nonitrogen_highnutrient_glucosec|30,7908,0.30240676534591027,0.150456948657719
Cola,l-arabinose (c)|dinomm_nocarbon_highnutrient|30,11862,0.242381119230729,0.12114302618725781
Cola,l-arginine (n)|dinomm_nonitrogen_highnutrient_glucosec|30,7908,0.28025513511987576,0.13838388225596926
Cola,l-asparagine (n)|dinomm_nonitrogen_highnutrient_glucosec|30,7908,0.3445688881960792,0.1658278935655286
Cola,l-citrulline (n)|dinomm_nonitrogen_highnutrient_glucosec|30,7908,0.290689604921278,0.14501157409966983
Cola,l-glutamic (n)|dinomm_nonitrogen_highnutrient_glucosec|30,7908,0.2181099453048928,0.10805156373452268
Cola,l-glutamine (n)|dinomm_nonitrogen_highnutrient_glucosec|30,7908,0.30040956025166354,0.14833039269830509
Cola,l-leucine (n)|dinomm_nonitrogen_highnutrient_glucosec|30,7908,0.39232979271014,0.19666251305225985
Cola,l-lysine (n)|dinomm_nonitrogen_highnutrient_glucosec|30,7908,0.4302997574067827,0.212232898598393
Cola,l-methionine (n)|dinomm_nonitrogen_highnutrient_glucosec|30,7908,0.293327149873824,0.146568071726692
Cola,l-phenylalanine (n)|dinomm_nonitrogen_highnutrient_glucosec|30,7908,0.32120135366155445,0.1598429647019289
Cola,l-proline (n)|dinomm_nonitrogen_highnutrient_glucosec|30,7908,0.2565056175213278,0.12694115477919116
Cola,l-rhamnose (c)|dinomm_nocarbon_highnutrient|30,11862,0.2603894999476435,0.1289639238191565
Cola,l-serine (n)|dinomm_nonitrogen_highnutrient_glucosec|30,7908,0.3314761703442842,0.1654570811997145
Cola,l-tyrosine (n)|dinomm_nonitrogen_highnutrient_glucosec|30,7908,0.48820899310587174,0.23916344664893416
Cola,lactitol 10mm (c)|dinomm_nocarbon_highnutrient|30,7908,0.23532627807660222,0.11681980743423274
Cola,lactulose 20mm (c)|dinomm_nocarbon_highnutrient|30,7908,0.2376027368094425,0.1184554658753145
Cola,m.b. a22 0.04 mg/ml|marine_broth_2216|30,7908,0.2245974853853385,0.11184943084098001
Cola,m.b. aluminum chloride 2 mm|marine_broth_2216|30,7908,0.2555013301548398,0.1277198164923002
Cola,m.b. benzoic 0.4 mg/ml|marine_broth_2216|30,7908,0.21904634962245553,0.1086156245452897
Cola,m.b. benzoic 0.58 mg/ml|marine_broth_2216|30,7908,0.23519142455440561,0.1174491584309256
Cola,m.b. carbenicillin 0.1 mg/ml|marine_broth_2216|30,7908,0.25811082597126,0.1285506645460465
Cola,m.b. carbenicillin 0.2 mg/ml|marine_broth_2216|30,7908,0.356973495766833,0.17867112459532292
Cola,m.b. chloramphenicol 0.001 mg/ml|marine_broth_2216|30,3954,0.20448499992463187,0.10241856402731149
Cola,m.b. chloramphenicol 0.005 mg/ml|marine_broth_2216|30,7908,0.22418816416269374,0.1118482078405845
Cola,m.b. chloride 1000 mm|marine_broth_2216|30,7908,0.20512490953440402,0.1012945278677847
Cola,m.b. chloride 750 mm|marine_broth_2216|30,7908,0.21499680663254614,0.106371703168005
Cola,m.b. chlorite 0.05 mm|marine_broth_2216|30,3954,0.20523865949750283,0.10176467897307662
Cola,m.b. chlorite 0.15 mm|marine_broth_2216|30,7908,0.2230763884882622,0.11021021565327399
Cola,m.b. chlorite 0.3 mm|marine_broth_2216|30,7908,0.2059215258463118,0.10214623961394215
Cola,m.b. cisplatin 0.025 mg/ml|marine_broth_2216|30,7908,0.24188338735828424,0.120491283831615
Cola,m.b. cisplatin 0.05 mg/ml|marine_broth_2216|30,7908,0.24310186733174027,0.12065527486529701
Cola,m.b. cobalt chloride 0.2 mm|marine_broth_2216|30,7908,0.21778318071582203,0.10849836763380366
Cola,m.b. cobalt chloride 0.8 mm|marine_broth_2216|30,7908,0.24314474250158224,0.12160044690410457
Cola,m.b. copper (ii) chloride 0.5 mm|marine_broth_2216|30,7908,0.21372076495859427,0.10726667228924949
Cola,m.b. d-cycloserine 0.016 mg/ml|marine_broth_2216|30,7908,0.21701489954495,0.1081108983692525
Cola,m.b. d-cycloserine 0.032 mg/ml|marine_broth_2216|30,7908,0.247860182837895,0.12337579720266001
Cola,m.b. d-cycloserine 0.064 mg/ml|marine_broth_2216|30,7908,0.5560914308144025,0.276651988080987
Cola,m.b. dimethyl sulfoxide 12 vol%|marine_broth_2216|30,7908,0.22452790600646125,0.11217853682225523
Cola,m.b. dimethyl sulfoxide 8 vol%|marine_broth_2216|30,7908,0.20998716855299843,0.10437047659714545
Cola,m.b. doxycycline hyclate 0.032 mg/ml|marine_broth_2216|30,7908,0.3496535531465288,0.174491799365623
Cola,m.b. fusidic 0.001 mg/ml|marine_broth_2216|30,7908,0.21094155126900024,0.10396844703312305
Cola,m.b. fusidic 0.003 mg/ml|marine_broth_2216|30,7908,0.2227711412855744,0.11079756962545084
Cola,m.b. lomefloxacin 0.0125 mm|marine_broth_2216|30,7908,0.23099524198988453,0.1149892024543091
Cola,m.b. lomefloxacin 0.025 mm|marine_broth_2216|30,7908,0.34181694526156225,0.17146969447149402
Cola,m.b. nalidixic 0.008 mg/ml|marine_broth_2216|30,7908,0.29298952011002877,0.1466506472508712
Cola,m.b. nickel (ii) chloride 0.5 mm|marine_broth_2216|30,7908,0.20983934278624364,0.1044471329232042
Cola,m.b. nickel (ii) chloride 1 mm|marine_broth_2216|30,7908,0.2130993307399967,0.10546461148744041
Cola,m.b. nickel (ii) chloride 2 mm|marine_broth_2216|30,7908,0.25448194833773125,0.12591583739051151
Cola,m.b. nitrite 10 mm|marine_broth_2216|30,7908,0.25030012045152594,0.1240506988960815
Cola,m.b. nitrite 20 mm|marine_broth_2216|30,7908,0.25192007172420827,0.1254888708955959
Cola,m.b. nitrite 30 mm|marine_broth_2216|30,7908,0.30023400489657226,0.1500296084625145
Cola,m.b. paraquat dichloride 0.05 mg/ml|marine_broth_2216|30,7908,0.20339839906828855,0.10044354205551366
Cola,m.b. paraquat dichloride 0.1 mg/ml|marine_broth_2216|30,7908,0.23155808427084976,0.1143132385254021
Cola,m.b. paraquat dichloride 0.25 mg/ml|marine_broth_2216|30,7908,0.23781911779504103,0.1178819823965975
Cola,m.b. perchlorate 25 mm|marine_broth_2216|30,7908,0.2343294908432905,0.11600049708590282
Cola,m.b. perchlorate 50 mm|marine_broth_2216|30,7908,0.2229426946505315,0.111279022590178
Cola,m.b. perchlorate 75 mm|marine_broth_2216|30,7908,0.22540658375218398,0.11239825424208902
Cola,m.b. polymyxin b sulfate 1 mg/ml|marine_broth_2216|30,7908,0.29790232802668726,0.1471721081707285
Cola,m.b. spectinomycin 0.06 mg/ml|marine_broth_2216|30,7908,0.22738036748724091,0.1132843676032825
Cola,m.b. spectinomycin 0.12 mg/ml|marine_broth_2216|30,7908,0.22736049161651123,0.11201234724146066
Cola,m.b. tetracycline 0.06 mg/ml|marine_broth_2216|30,7908,0.21458458071935377,0.1061561101737781
Cola,m.b. tetracycline 0.12 mg/ml|marine_broth_2216|30,7908,0.24349185229957132,0.12064115360748631
Cola,m.b. thallium(i) acetate 0.01 mg/ml|marine_broth_2216|30,7908,0.2387412096011335,0.119008253820789
Cola,m.b. thallium(i) acetate 0.025 mg/ml|marine_broth_2216|30,7908,0.24130923579857627,0.120287728944259
Cola,m.b. thallium(i) acetate 0.05 mg/ml|marine_broth_2216|30,7908,0.26005628421710975,0.1302777459151645
Cola,m.b. vancomycin 0.06 mg/ml|marine_broth_2216|30,7908,0.28542324878160097,0.1430650395710745
Cola,m.b. zinc 0.5 mm|marine_broth_2216|30,7908,0.20746738931065273,0.10220136371487006
Cola,maltitol 20mm (c)|dinomm_nocarbon_highnutrient|30,7908,0.232223388542461,0.115399903864951
Cola,marine broth|marine_broth_2216|30,35586,0.23294956705223774,0.1161824080372245
Cola,methyl-b-d-galactopyranoside 20mm (c)|dinomm_nocarbon_highnutrient|30,7908,0.2468080992652289,0.122193978713899
Cola,nitrate (n)|dinomm_nonitrogen_highnutrient_glucosec|30,7908,0.3054350775128725,0.152641124758548
Cup4G11,4-hydroxybenzoic acid (c)|rch2_defined_nocarbon|30,12768,0.29603900955060375,0.1473841455340239
Cup4G11,a-ketoglutaric (c)|rch2_defined_nocarbon|30,12768,0.2759412852853448,0.13826328656094025
Cup4G11,butyrate (c)|rch2_defined_nocarbon|30,6384,0.26105543878249077,0.12994750664585805
Cup4G11,"carbon source d,l-lactate 10 mm|rch2_defined_nocarbon|30",6384,0.29740559037834224,0.14830252458911894
Cup4G11,carbon source phenylacetic 2.5 mm|rch2_defined_nocarbon|30,12768,0.2934435198619413,0.1469097641378994
Cup4G11,casaminos (n)|rch2_defined_nonitrogen|30,6384,0.35727536756844475,0.174679904424662
Cup4G11,"d,l-lactate (c)|rch2_defined_nocarbon|30",12768,0.2818830018630868,0.14025415061325952
Cup4G11,d-alanine (n)|rch2_defined_nonitrogen|30,12768,0.2813971468567445,0.13959597269619967
Cup4G11,d-fructose (c)|rch2_defined_nocarbon|30,6384,0.2588098267008082,0.128187667436577
Cup4G11,d-gluconic acid (c)|rch2_defined_nocarbon|30,6384,0.2836111025653125,0.14124496382063367
Cup4G11,d-lactate (c)|rch2_defined_nocarbon|30,12768,0.2722495885875088,0.1348592936458775
Cup4G11,ethanol (c)|rch2_defined_nocarbon|30,12768,0.262570808441125,0.13091777746070268
Cup4G11,glucuronamide (n)|rch2_defined_nonitrogen|30,6384,0.346174157967387,0.17077210648044044
Cup4G11,glycine (n)|rch2_defined_nonitrogen|30,6384,0.2851232159514633,0.1426730879264345
Cup4G11,l-alanine (c)|rch2_defined_nocarbon|30,12768,0.26670638356988774,0.13298476976512802
Cup4G11,l-asparagine (c)|rch2_defined_nocarbon|30,12768,0.2868743067303128,0.1438611510970537
Cup4G11,l-asparagine (n)|rch2_defined_nonitrogen|30,6384,0.26120668653151824,0.13004274428242402
Cup4G11,l-citrulline (n)|rch2_defined_nonitrogen|30,6384,0.262697883314451,0.13083047368046802
Cup4G11,l-glutamine (c)|rch2_defined_nocarbon|30,12768,0.26681367263899824,0.131721541278633
Cup4G11,l-glutamine (n)|rch2_defined_nonitrogen|30,6384,0.42472257520974377,0.20946668633365995
Cup4G11,l-histidine (c)|rch2_defined_nocarbon|30,12768,0.28368080167099274,0.1404656681916315
Cup4G11,l-isoleucine (n)|rch2_defined_nonitrogen|30,12768,0.26810922740403376,0.13430576529194357
Cup4G11,l-lactate (c)|rch2_defined_nocarbon|30,12768,0.26972761411560753,0.13382655014994527
Cup4G11,l-leucine (c)|rch2_defined_nocarbon|30,12768,0.2662197114543615,0.13336004841058602
Cup4G11,l-leucine (n)|rch2_defined_nonitrogen|30,12768,0.2957195066946018,0.147005132607219
Cup4G11,l-lysine (n)|rch2_defined_nonitrogen|30,6384,0.285502766480602,0.14086515802950983
Cup4G11,l-malic (c)|rch2_defined_nocarbon|30,12768,0.26541125898144374,0.132448473589198
Cup4G11,l-phenylalanine (c)|rch2_defined_nocarbon|30,6384,0.267297273441996,0.1330313495568585
Cup4G11,l-phenylalanine (n)|rch2_defined_nonitrogen|30,6384,0.287859410274641,0.14251145092230716
Cup4G11,l-proline (c)|rch2_defined_nocarbon|30,6384,0.2845592247934065,0.14210452153992337
Cup4G11,l-serine (n)|rch2_defined_nonitrogen|30,12768,0.294495144766086,0.14592321774371253
Cup4G11,l-threonine (c)|rch2_defined_nocarbon|30,6384,0.26292579737253774,0.13116840888365325
Cup4G11,l-threonine (n)|rch2_defined_nonitrogen|30,6384,0.25816291948242026,0.128751465714661
Cup4G11,l-tryptophan (c)|rch2_defined_nocarbon|30,12768,0.2754539925373818,0.137724920936655
Cup4G11,l-tryptophan (n)|rch2_defined_nonitrogen|30,12768,0.27542711089753275,0.1373707319075848
Cup4G11,l-valine (n)|rch2_defined_nonitrogen|30,12768,0.28963701688743904,0.1434377574147662
Cup4G11,lb|lb|30,6384,0.58572555983291,0.2904712948063895
Cup4G11,nitrate (n)|rch2_defined_nonitrogen|30,6384,0.2750484401998238,0.13652476827055143
Cup4G11,nitrite (n)|rch2_defined_nonitrogen|30,6384,0.29130851181544776,0.143885124663594
Cup4G11,propionate (c)|rch2_defined_nocarbon|30,12768,0.2666870117516418,0.1327431766974825
Cup4G11,pyruvate (c)|rch2_defined_nocarbon|30,12768,0.2746434773553825,0.136630029815689
Cup4G11,r2a 23c|r2a|23,12768,0.28672841459751874,0.14205768823625692
Cup4G11,r2a 37c|r2a|37,6384,0.2884236604736565,0.14431011781094427
Cup4G11,r2a with a22 0.01 mg/ml|r2a|25,6384,0.28991058833641925,0.14427674770305726
Cup4G11,r2a with bacitracin 0.5 mg/ml|r2a|30,6384,0.2988045018968015,0.14981748422419
Cup4G11,r2a with cephalothin 0.25 mg/ml|r2a|30,6384,0.282590072602133,0.13939603189070848
Cup4G11,r2a with chloride 300 mm|r2a|25,6384,0.280585143738891,0.140361744272089
Cup4G11,r2a with chloride 300 mm|r2a|30,6384,0.30170188043564616,0.14809859024606048
Cup4G11,r2a with chlorite 4 mm|r2a|25,6384,0.27729318927628754,0.1382366475989745
Cup4G11,r2a with chlorite 4 mm|r2a|30,6384,0.25944288853250996,0.12966845319758852
Cup4G11,r2a with cisplatin 0.001 mg/ml|r2a|25,6384,0.402269443480771,0.19878782551486326
Cup4G11,r2a with cisplatin 0.001 mg/ml|r2a|30,6384,0.293642411652128,0.1466339397667199
Cup4G11,r2a with cobalt chloride 0.3 mm|r2a|30,6384,0.38058849118661797,0.1896892693981681
Cup4G11,r2a with cobalt chloride 0.5 mm|r2a|25,6384,0.41859811574200656,0.20886537569063152
Cup4G11,r2a with copper (ii) chloride 0.25 mm|r2a|25,6384,0.3447395059366275,0.1729935000872
Cup4G11,r2a with d-cycloserine 0.01 mg/ml|r2a|30,6384,0.254758309493097,0.12718442546640285
Cup4G11,r2a with d-cycloserine 0.5 mg/ml|r2a|25,6384,0.4064299963542277,0.2031898901283475
Cup4G11,r2a with dimethyl sulfoxide 5 vol%|r2a|30,6384,0.31585961488898273,0.1575420907096612
Cup4G11,r2a with doxycycline hyclate 0.0001 mg/ml|r2a|25,6384,0.3454230778891657,0.1718789247183105
Cup4G11,r2a with lomefloxacin 0.00075 mm|r2a|30,6384,0.35628394540395425,0.1780090317333746
Cup4G11,r2a with lomefloxacin 0.001 mm|r2a|30,6384,0.5269103374643982,0.26277957792358053
Cup4G11,r2a with nickel (ii) chloride 0.25 mm|r2a|30,12768,0.2739989620025183,0.137059959668683
Cup4G11,r2a with nickel (ii) chloride 0.35 mm|r2a|25,6384,0.43052340565445224,0.2135491932510665
Cup4G11,r2a with nickel (ii) chloride 0.35 mm|r2a|30,6384,0.285380077633096,0.1425631636913046
Cup4G11,r2a with nickel (ii) chloride 0.5 mm|r2a|30,6384,0.368463509477446,0.184756131815169
Cup4G11,r2a with nitrate 150 mm|r2a|30,6384,0.2994760277672685,0.1499200756195311
Cup4G11,r2a with nitrate 200 mm|r2a|25,6384,0.3201994964829427,0.16074820196064746
Cup4G11,r2a with nitrate 200 mm|r2a|30,6384,0.29391488155732126,0.14697383286090476
Cup4G11,r2a with paraquat dichloride 0.064 mg/ml|r2a|25,6384,0.3920048594325575,0.19508604458851497
Cup4G11,r2a with polymyxin b sulfate 0.005 mg/ml|r2a|30,6384,0.31712799140952896,0.1595055914196517
Cup4G11,r2a with sisomicin 0.035 mg/ml|r2a|25,6384,0.3079245585159355,0.153876569771199
Cup4G11,r2a with sodium fluoride 100 mm|r2a|30,6384,0.27296248227840925,0.1351311734978005
Cup4G11,r2a with thallium(i) acetate 0.001 mg/ml|r2a|25,6384,0.321279019688386,0.1602980641728109
Cup4G11,r2a with vancomycin 0.5 mg/ml|r2a|25,6384,0.349625189836203,0.173878776310054
Cup4G11,r2a with vancomycin 0.5 mg/ml|r2a|30,6384,0.35787684679118376,0.17947401438448085
Cup4G11,r2a with zinc 0.1 mm|r2a|25,6384,0.371102314171803,0.18450059470894098
Cup4G11,r2a|r2a|30,19152,0.27367034008810753,0.136733112511251
Cup4G11,succinate (c)|rch2_defined_nocarbon|30,12768,0.264201828446077,0.1315900656158024
Cup4G11,trisodium citrate (c)|rch2_defined_nocarbon|30,6384,0.272840498760004,0.13548194714246936
Dda3937,atlantic|potato tuber|NA,22230,0.37957475661203977,0.18916581675211908
Dda3937,lb|lb|NA,33345,0.2203716397029971,0.10946457900820018
Dda3937,m9+glycerol|m9 minimal media_nocarbon|NA,22230,0.3706711713355477,0.18507968607637149
Dda3937,m9+polygalacturonate|m9+polygalacturonate|NA,11115,0.28458777505564764,0.1387836430679187
Dda3937,m9+starch|m9+starch|NA,11115,0.2966048461614486,0.1440142518294262
Dda3937,m9+sucrose|m9+sucrose|NA,11115,0.2730964901737235,0.13458845095378372
Dda3937,norland|potato tuber|NA,22230,0.39830252123077375,0.1992670375548325
Dda3937,pdb|potato dextrose broth|NA,22230,0.5649569387413871,0.2810235332691743
Dda3937,upstate|potato tuber|NA,22230,0.34996790303195074,0.173428227548603
Ddia6719,atlantic|potato tuber|NA,21168,0.42963170348463525,0.212231439510346
Ddia6719,lb|lb|NA,14112,0.24665354634067177,0.12305174162269115
Ddia6719,m9+glycerol|m9 minimal media_nocarbon|NA,21168,0.3584946663216415,0.1788973622337903
Ddia6719,norland|potato tuber|NA,21168,0.3225933495286033,0.16077505620417898
Ddia6719,pdb|potato dextrose broth|NA,21168,0.33689169497003546,0.16860417011829132
Ddia6719,upstate|potato tuber|NA,17640,0.3260367923739457,0.16188501533418448
DdiaME23,atlantic|potato tuber|NA,22566,0.24834042678135199,0.12193653393036716
DdiaME23,lb|lb|NA,30088,0.2001292813519398,0.09915879251483806
DdiaME23,m9+glycerol|m9 minimal media_nocarbon|NA,22566,0.22010967165099876,0.10972508745399895
DdiaME23,m9+polygalacturonate|m9+polygalacturonate|NA,11283,0.23121074033026676,0.1123636269986508
DdiaME23,m9+starch|m9+starch|NA,11283,0.22265151682915674,0.10962248644882533
DdiaME23,m9+sucrose|m9+sucrose|NA,11283,0.2325262513072065,0.11480086116253312
DdiaME23,norland|potato tuber|NA,22566,0.23966310465994098,0.11916620700452349
DdiaME23,pdb|potato dextrose broth|NA,22566,0.2207322336231296,0.10882989241413996
DdiaME23,stem-atlantic|potato stem|NA,26327,0.3199894350629963,0.15484412509026402
DdiaME23,stem-norland|potato stem|NA,30088,0.3858604028739515,0.1863504032604231
DdiaME23,stem-upstate|potato stem|NA,26327,0.4367337516426735,0.2121209341596532
DdiaME23,upstate|potato tuber|NA,22566,0.25023807299940765,0.1238014734555262
Dino,a-ketoglutaric (c)|dinomm_nocarbon_highnutrient|30,6374,0.26814781276837596,0.13360134883421607
Dino,adenine (n)|dinomm_nonitrogen_highnutrient|30,6374,0.2382674628583012,0.1171891561936525
Dino,adenosine (n)|dinomm_nonitrogen_highnutrient|30,6374,0.23857015120220676,0.118763960753178
Dino,ammonium chloride (n)|dinomm_nonitrogen_highnutrient|30,6374,0.287919759933572,0.14219759134034748
Dino,"anaero. nitrate (e.a.), marine broth|marine_broth_2216|30",3187,0.670373408783175,0.33462692156051516
Dino,carbon source sucrose 10 mm|dinomm_nocarbon_highnutrient|30,6374,0.30312131590332025,0.15134241990994574
Dino,carbon source sucrose 2.5 mm|dinomm_nocarbon_highnutrient|30,6374,0.28872933104286225,0.14314600650443948
Dino,casaminos (c)|dinomm_nocarbon_highnutrient|30,6374,0.28571192471906676,0.142872645512309
Dino,cytidine (n)|dinomm_nonitrogen_highnutrient|30,6374,0.2912445898463335,0.1445664334341505
Dino,cytosine (n)|dinomm_nonitrogen_highnutrient|30,6374,0.3092357362877548,0.152529032011992
Dino,"d,l-lactate (c)|dinomm_nocarbon_highnutrient|30",6374,0.32122415093622175,0.159799963905486
Dino,d-glucose (c)|dinomm_nocarbon_highnutrient|30,6374,0.2791568787179818,0.13845172667853145
Dino,d-lactate (c)|dinomm_nocarbon_highnutrient|30,6374,0.30425546196894326,0.15080306201562177
Dino,d-maltose (c)|dinomm_nocarbon_highnutrient|30,6374,0.25095863073075175,0.1253403098183195
Dino,d-trehalose (c)|dinomm_nocarbon_highnutrient|30,6374,0.3213714544615585,0.15998492799264347
Dino,fumarate (c)|dinomm_nocarbon_highnutrient|30,6374,0.28537412667998974,0.1430656189259898
Dino,glucuronamide (n)|dinomm_nonitrogen_highnutrient|30,6374,0.28449606526877524,0.142638515563878
Dino,glycerol (c)|dinomm_nocarbon_highnutrient|30,6374,0.2852825868323735,0.14232525380047145
Dino,inosine (n)|dinomm_nonitrogen_highnutrient|30,6374,0.27341423950980676,0.1352788406604323
Dino,l-alanine (n)|dinomm_nonitrogen_highnutrient|30,6374,0.27665073612417324,0.13794272651754352
Dino,l-aspartic acid (n)|dinomm_nonitrogen_highnutrient|30,3187,0.3008362595474555,0.15031700655836408
Dino,l-citrulline (n)|dinomm_nonitrogen_highnutrient|30,6374,0.2515367304852325,0.1258233841342336
Dino,l-glutamic (c)|dinomm_nocarbon_highnutrient|30,6374,0.25673697515843824,0.1285885931777676
Dino,l-glutamic (n)|dinomm_nonitrogen_highnutrient|30,6374,0.26378453313866124,0.13214876700043413
Dino,l-glutamine (c)|dinomm_nocarbon_highnutrient|30,6374,0.3069849522959175,0.1515911505633877
Dino,l-glutamine (n)|dinomm_nonitrogen_highnutrient|30,6374,0.23431362633553948,0.11662260545349551
Dino,l-lactate (c)|dinomm_nocarbon_highnutrient|30,6374,0.2825695390531725,0.14044862203365105
Dino,l-leucine (n)|dinomm_nonitrogen_highnutrient|30,6374,0.262291237606486,0.1308599757981855
Dino,l-malic (c)|dinomm_nocarbon_highnutrient|30,6374,0.28449279313604525,0.14177531934322743
Dino,l-malic (c)|dinomm_nocarbon|30,3187,0.5373417320434279,0.262428715605711
Dino,l-methionine (n)|dinomm_nonitrogen_highnutrient|30,6374,0.2600085386551115,0.1293484065028645
Dino,l-rhamnose (c)|dinomm_nocarbon_highnutrient|30,6374,0.28052311029716176,0.14018619939543536
Dino,m.b. 1-ethyl-3-methylimidazolium acetate 1.5 mm|marine_broth_2216|25,3187,0.23560807137467027,0.11697327946107029
Dino,m.b. 1-ethyl-3-methylimidazolium acetate 2 mm|marine_broth_2216|25,3187,0.2688357757383915,0.1342328718980547
Dino,m.b. 1-ethyl-3-methylimidazolium chloride 2 mm|marine_broth_2216|25,3187,0.222633620522943,0.11233723367080496
Dino,m.b. 1-ethyl-3-methylimidazolium lysine 0.75 mm|marine_broth_2216|25,3187,0.231804847046299,0.11607684252824224
Dino,m.b. 30c|marine_broth_2216|30,3187,0.5125625021327365,0.2551194685198986
Dino,m.b. a22 0.01 mg/ml|marine_broth_2216|30,3187,0.647138302993423,0.3212086285218419
Dino,m.b. a22 0.02 mg/ml|marine_broth_2216|25,6374,0.22901022749996114,0.1140141048747
Dino,m.b. a22 0.02 mg/ml|marine_broth_2216|30,3187,0.62521982784534,0.3108213608002308
Dino,m.b. acetate 200 mm|marine_broth_2216|30,3187,0.48302413781498904,0.2327767757390055
Dino,m.b. aluminum chloride 0.5 mm|marine_broth_2216|25,6374,0.25364281847347125,0.12616093930819944
Dino,m.b. bacitracin 0.1 mg/ml|marine_broth_2216|25,6374,0.2941040341208977,0.14639659826547158
Dino,m.b. benzalkonium chloride 0.0001 mg/ml|marine_broth_2216|30,3187,0.671451851999916,0.3347549374159838
Dino,m.b. benzalkonium chloride 0.0005 mg/ml|marine_broth_2216|25,6374,0.25893830280909247,0.1278985424391025
Dino,m.b. benzethonium chloride 0.008 mm|marine_broth_2216|25,6374,0.42558838394233656,0.2134644404645505
Dino,m.b. benzoic 0.16 mg/ml|marine_broth_2216|25,6374,0.261413781827037,0.1308119094452787
Dino,m.b. benzoic 0.32 mg/ml|marine_broth_2216|30,3187,0.5132263754569045,0.2577259969539794
Dino,m.b. cephalothin 0.0001 mg/ml|marine_broth_2216|25,6374,0.2619792761706775,0.1300656047149435
Dino,m.b. chloramphenicol 0.0002 mg/ml|marine_broth_2216|30,3187,0.755485123178778,0.3771011379546502
Dino,m.b. chlorate 40 mm|marine_broth_2216|25,6374,0.2678713415426625,0.13389427122335695
Dino,m.b. chlorate 40 mm|marine_broth_2216|26,3187,0.8924944744459244,0.4418653517667788
Dino,m.b. chloride 600 mm|marine_broth_2216|25,6374,0.25487820645652126,0.12793127183940398
Dino,m.b. chlorite 0.5 mm|marine_broth_2216|25,6374,0.26518869144820423,0.1322493962784485
Dino,m.b. chlorite 0.5 mm|marine_broth_2216|26,3187,0.4550393867598205,0.22839093050327175
Dino,m.b. cholin acetate 40 mm|marine_broth_2216|30,6374,0.531814744776326,0.261872408553424
Dino,m.b. cisplatin 0.025 mg/ml|marine_broth_2216|25,6374,0.28657843477122946,0.14349417067590325
Dino,m.b. cisplatin 0.05 mg/ml|marine_broth_2216|25,6374,0.32206773251042725,0.16085230196738748
Dino,m.b. cobalt chloride 0.1 mm|marine_broth_2216|25,6374,0.2776940439095365,0.1386644913893561
Dino,m.b. cobalt chloride 0.5 mm|marine_broth_2216|25,3187,0.260007009291442,0.12965296238247484
Dino,m.b. cobalt chloride 0.5 mm|marine_broth_2216|26,3187,0.61282848143095,0.302943657915671
Dino,m.b. copper (ii) chloride 0.32 mm|marine_broth_2216|25,6374,0.26768542807898854,0.13211825720005954
Dino,m.b. copper (ii) chloride 0.64 mm|marine_broth_2216|25,6374,0.2766909777716925,0.13746084540688508
Dino,m.b. copper (ii) chloride 0.64 mm|marine_broth_2216|26,3187,0.583708833422002,0.2890510492487733
Dino,m.b. d-cycloserine 0.048 mg/ml|marine_broth_2216|25,3187,0.24586044662010598,0.12192648428244679
Dino,m.b. dimethyl sulfoxide 5 vol%|marine_broth_2216|25,6374,0.24976034479413184,0.1235240304740311
Dino,m.b. dimethyl sulfoxide 7.5 vol%|marine_broth_2216|25,6374,0.2506376016690929,0.12447794814209201
Dino,m.b. doxycycline hyclate 0.004 mg/ml|marine_broth_2216|25,6374,0.2269562571219847,0.1135990695111625
Dino,m.b. fusidic 0.0002 mg/ml|marine_broth_2216|30,3187,0.7015974629961035,0.3483511969521988
Dino,m.b. fusidic 0.0006 mg/ml|marine_broth_2216|25,6374,0.26124674673355475,0.1313778565062062
Dino,m.b. l-lysine 200 mm|marine_broth_2216|30,3187,0.4915154033157235,0.2377271094388873
Dino,m.b. lomefloxacin 0.001 mm|marine_broth_2216|25,3187,0.244437470236515,0.12173141732327847
Dino,m.b. nalidixic 0.048 mg/ml|marine_broth_2216|25,3187,0.301604819699762,0.15096182522832494
Dino,m.b. nickel (ii) chloride 1 mm|marine_broth_2216|30,6374,0.29089407265393724,0.14556502242772779
Dino,m.b. nitrate 200 mm|marine_broth_2216|25,6374,0.2633136390946365,0.1317627277289285
Dino,m.b. nitrate 300 mm|marine_broth_2216|25,6374,0.26801524004157473,0.1343230009608105
Dino,m.b. nitrate 300 mm|marine_broth_2216|26,3187,0.5568145667377411,0.2784508939925328
Dino,m.b. nitrite 0.6 mm|marine_broth_2216|25,6374,0.30668328957475577,0.1518884045338315
Dino,m.b. paraquat dichloride 0.015 mg/ml|marine_broth_2216|25,6374,0.29890681563468247,0.14945192097236054
Dino,m.b. perchlorate 50 mm|marine_broth_2216|25,6374,0.2932711262996845,0.14650500236868552
Dino,m.b. perchlorate 50 mm|marine_broth_2216|26,3187,0.62091161398637,0.3114284253609013
Dino,m.b. phosphomycin 0.005 mg/ml|marine_broth_2216|25,6374,0.2553255389075105,0.1279043408449425
Dino,m.b. polymyxin b sulfate 0.0004 mg/ml|marine_broth_2216|25,3187,0.23417422856298925,0.1190153466288528
Dino,m.b. sisomicin 0.002 mg/ml|marine_broth_2216|25,6374,0.22832442852880097,0.1137798752290643
Dino,m.b. sisomicin 0.004 mg/ml|marine_broth_2216|25,6374,0.2331843491475445,0.1159038781805405
Dino,m.b. sodium fluoride 12.5 mm|marine_broth_2216|25,6374,0.22577630046558675,0.1125048777270745
Dino,m.b. spectinomycin 0.0015 mg/ml|marine_broth_2216|25,3187,0.2439554956486421,0.1210986994348648
Dino,m.b. syringaldehyde 0.625 mm|marine_broth_2216|25,3187,0.22094345904234775,0.10893802067116899
Dino,m.b. tetracycline 0.006 mg/ml|marine_broth_2216|30,3187,0.6437784590364795,0.3206394309641445
Dino,m.b. thallium(i) acetate 0.001 mg/ml|marine_broth_2216|30,3187,0.6969340131274344,0.34389832459725145
Dino,m.b. thallium(i) acetate 0.004 mg/ml|marine_broth_2216|25,6374,0.36748988863705223,0.1837734651543037
Dino,m.b. vancomycin 0.064 mg/ml|marine_broth_2216|25,6374,0.24392222848179196,0.12017341167179445
Dino,m.b. zinc 0.3 mm|marine_broth_2216|25,6374,0.26138446245943375,0.13093180605735666
Dino,marine broth 20c|marine_broth_2216|20,3187,0.23441800466208348,0.11588474041791501
Dino,marine broth 25c|marine_broth_2216|25,3187,0.21855722543787243,0.10792057626709779
Dino,marine broth 30c|marine_broth_2216|30,6374,0.2058807226959243,0.10196689135717613
Dino,marine broth 37c|marine_broth_2216|37,3187,0.249806558530269,0.1224753082969592
Dino,marine broth|marine_broth_2216|25,22309,0.24539123087231002,0.12262795550594112
Dino,nitrate (n)|dinomm_nonitrogen_highnutrient|30,6374,0.29681930759088326,0.14589693463586975
Dino,parabanic acid (n)|dinomm_nonitrogen_highnutrient|30,6374,0.2505098615172095,0.12357674139800606
Dino,propionate (c)|dinomm_nocarbon_highnutrient|30,6374,0.3367450715102748,0.168398771998431
Dino,pyruvate (c)|dinomm_nocarbon_highnutrient|30,6374,0.27875773232263074,0.1394512020340645
Dino,succinate (c)|dinomm_nocarbon_highnutrient|30,6374,0.33948615182297326,0.1694775980068755
Dino,thymine (n)|dinomm_nonitrogen_highnutrient|30,6374,0.28393683137639775,0.142147245369662
Dino,trisodium citrate (c)|dinomm_nocarbon_highnutrient|30,6374,0.24929355735424577,0.12349447738345751
Dino,urea (n)|dinomm_nonitrogen_highnutrient|30,3187,0.2824964429755325,0.1409884569504155
Dino,uridine (n)|dinomm_nonitrogen_highnutrient|30,6374,0.25919478456324524,0.12986018407871658
Dino,xylitol (c)|dinomm_nocarbon_highnutrient|30,6374,0.3076038617402415,0.1532057137757326
DvH,formate/acetate-sulfate (10/60-30 mm)|dv_base_medium|30,8223,0.212347929274177,0.10534621049600813
DvH,formate/acetate-sulfate (30/30-30 mm)|dv_base_medium|30,8223,0.2026986458835009,0.10091988660753402
DvH,formate/acetate-sulfate (60/1-30 mm)|dv_base_medium|30,8223,0.2301683487184309,0.1148811136038415
DvH,formate/acetate-sulfate (60/10-30 mm) minimal|dv_base_medium|30,8223,0.25710652158258085,0.1280104815179382
DvH,formate/acetate-sulfate (60/30-30 mm) + 0.1% yeast extract (fays4)|dv_base_y_medium|30,8223,0.23918230468073035,0.11795673000153929
DvH,formate/acetate-sulfate (60/30-30 mm) minimal without molybdate/tungstate|dv_base_medium_no_mo_no_w|30,8223,0.22534165842197695,0.1117843427760521
DvH,formate/acetate-sulfate (60/30-30 mm) minimal without molybdate|dv_base_medium_no_mo|30,8223,0.2371396835773954,0.1169732859871026
DvH,formate/acetate-sulfate (60/30-30 mm) minimal without w|dv_base_medium_no_w|30,8223,0.230646918424125,0.115311019800734
DvH,formate/acetate-sulfate (60/30-30 mm) minimal|dv_base_medium|30,8223,0.25141654135152247,0.1238119793963799
DvH,formate/acetate-sulfate (60/30-30 mm) with casaminos 0.05% without molybdate/tungstate|dv_base_medium_no_mo_no_w|30,8223,0.23633615490813548,0.11719579352610565
DvH,formate/acetate-sulfate (60/30-30 mm) with casaminos 0.05% without molybdate|dv_base_medium_no_mo_no_w|30,2741,0.265862704432616,0.1318402240205804
DvH,formate/acetate-sulfate (60/30-30 mm) with casaminos 0.05% without tungstate|dv_base_medium_no_w|30,5482,0.22870099503771554,0.113102820396593
DvH,formate/acetate-sulfate (60/30-30 mm) with casaminos 0.05%|dv_base_medium|30,5482,0.22762809817848695,0.1135054999063555
DvH,formate/acetate-sulfate (60/30-60 mm)|dv_base_medium|30,8223,0.2453590388098325,0.1223014218134017
DvH,formate/acetate-sulfate (60/5-30 mm)|dv_base_medium|30,8223,0.22861587736793032,0.1123667187270012
DvH,formate/acetate-sulfite (10/60-20 mm)|dv_base_medium|30,8223,0.2372787804957075,0.11834703297424463
DvH,formate/acetate-sulfite (30/30-20 mm)|dv_base_medium|30,8223,0.19828565195426665,0.0974738763682397
DvH,formate/acetate-sulfite (60/1-20 mm)|dv_base_medium|30,8223,0.22927133930595125,0.11272016236149936
DvH,formate/acetate-sulfite (60/30-40 mm) + 0.1% yeast extract|dv_base_y_medium|30,13705,0.298187624572323,0.14287361689863198
DvH,formate/acetate-sulfite (60/30-60 mm) + 0.1% yeast extract|dv_base_y_medium|30,8223,0.21288359711843638,0.1039280811747112
DvH,formate/acetate-sulfite (60/30-60 mm)|dv_base_medium|30,8223,0.22037507614045573,0.1094430323682354
DvH,formate/acetate-sulfite (60/5-20 mm)|dv_base_medium|30,8223,0.22757754160351137,0.11353927181603689
DvH,formate/acetate-thiosulfate (60/30-15 mm) + 0.1% yeast extract|dv_base_y_medium|30,8223,0.492452945615367,0.24327230167148572
DvH,hydrogen/acetate-sulfite (90%atm/5mm-20mm) with 0.1% yeast extract|dv_base_y_medium|30,8223,0.21125410707127257,0.104644299214489
DvH,hydrogen/acetate-sulfite (90%atm/5mm-20mm)|dv_base_medium|30,8223,0.20708969662520005,0.1039303544534094
DvH,hydrogen/acetate-thiosulfate (90%atm/5mm-20mm) with 0.1% yeast extract|dv_base_y_medium|30,5482,0.45618284045080626,0.224173245478773
DvH,hydrogen/acetate-thiosulfate (90%atm/5mm-20mm)|dv_base_medium|30,2741,0.318459263794514,0.15737799159955865
DvH,lactate-sulfate (60-30 mm) + 0.1% yeast extract (moyls4)|moyls4|30,32892,0.21579120147196318,0.10703300192193566
DvH,lactate-sulfate (60-30 mm) minimal (mols4)|mols4|30,41115,0.23659752900363454,0.1156742742963712
DvH,lactate-sulfate (60-50 mm) minimal (ls4d)|ls4d|30,8223,0.24640147217122377,0.12000600701761541
DvH,lactate-sulfate (60-50mm) with 0.1% yeast extract|moyls4|30,8223,0.25297275051227,0.1267951046839565
DvH,lactate-sulfite (30-20 mm) + 0.1% yeast extract (moyls3)|dv_base_y_medium|30,8223,0.1927993495620843,0.0955680982948906
DvH,lactate-sulfite (30-20 mm) minimal (mols3)|dv_base_medium|30,8223,0.2128402312678552,0.1061624677419662
DvH,lactate-thiosulfate (15mm) + 0.1% yeast extract (moylthios4)|dv_base_y_medium|30,8223,0.26281775608569646,0.1306335111602075
DvH,lactate-thiosulfate (15mm) minimal (molthios4)|dv_base_medium|30,8223,0.42341848843145297,0.210871778162395
DvH,mols with alpha-ketoglutaric 2.5mm as nutrient|mols4|30,8223,0.402034051795034,0.1955801176027622
DvH,"mols4 with (c) d,l-lactate (20mm)|dv_base_medium|30",8223,0.21054678167677815,0.10460100002024979
DvH,mols4 with (c) d-lactate (20mm)|dv_base_medium|30,8223,0.2243066423896411,0.11159774767754219
DvH,mols4 with (c) l-lactate (20mm)|dv_base_medium|30,8223,0.21719266058547504,0.10723626372328567
DvH,mols4 with 2-oxobutyrate 10mm|mols4|30,8223,0.29169763763329704,0.1417727381899462
DvH,mols4 with alpha-ketoisovalerate 2.5mm as nutrient|mols4|30,8223,0.241973010415085,0.12011154999815898
DvH,mols4 with butyrate 10mm|mols4|30,8223,0.25555256927990955,0.1254406047744816
DvH,mols4 with casaminos 0.05%|mols4|30,8223,0.23053563375110275,0.1132812721763927
DvH,mols4 with casaminos 0.2%|mols4|30,8223,0.23012404802553324,0.11402907613935251
DvH,mols4 with casaminos as (n)|mols4_no_ammonium|30,8223,0.20974561312245998,0.1043126545453868
DvH,mols4 with citrate 10mm|mols4|30,8223,0.294933533658033,0.1478117500797897
DvH,mols4 with cytosine 20mm (n)|mols4_no_ammonium|30,8223,0.35558014787392556,0.1699641079625323
DvH,mols4 with formamide 10mm (n)|mols4_no_ammonium|30,8223,0.2835566037218322,0.13695213437823942
DvH,mols4 with formamide 20mm (n)|mols4_no_ammonium|30,8223,0.2788512347628715,0.1347684315118025
DvH,mols4 with fumarate 10mm|mols4|30,8223,0.2999565441671,0.1494658003566394
DvH,mols4 with isocitrate 10mm|mols4|30,8223,0.298488831172896,0.1481278694879957
DvH,mols4 with l-alanine (n)|mols4_no_ammonium|30,8223,0.48346320334720894,0.23007635549594202
DvH,mols4 with l-alanine as nutrient 10mm|mols4|30,8223,0.3328229417676335,0.16368127923226672
DvH,mols4 with l-arginine (n)|mols4_no_ammonium|30,8223,0.39159846453557356,0.18383679769191752
DvH,mols4 with l-arginine as nutrient 10mm|mols4|30,8223,0.277156675464864,0.13598401115142839
DvH,mols4 with l-asparagine (n)|mols4_no_ammonium|30,8223,0.244619820156143,0.12159218077511999
DvH,mols4 with l-asparagine as nutrient 10mm|mols4|30,8223,0.258847311719553,0.1280411749316187
DvH,mols4 with l-aspartic as nutrient 10mm|mols4|30,8223,0.24595782592977877,0.1204416243254576
DvH,mols4 with l-cysteine 10mm and l-isoleucine/l-leucine/l-valine 10mm as nutrient|mols4|30,8223,0.31647118195758195,0.15677505817879198
DvH,mols4 with l-cysteine 1mm as (n)|mols4_no_ammonium|30,8223,0.33507272420657147,0.15898488201773642
DvH,mols4 with l-cysteine 5mm as nutrient|mols4|30,8223,0.38933354533527553,0.18826528147344532
DvH,mols4 with l-cysteine as nutrient 10mm|mols4|30,5482,0.44028318575120096,0.2154842027704425
DvH,mols4 with l-glutamate (n)|mols4_no_ammonium|30,8223,0.2265813940024312,0.1106242141336367
DvH,mols4 with l-glutamic as nutrient 10mm|mols4|30,5482,0.317651534985667,0.1556876610869521
DvH,mols4 with l-glutamine (n)|mols4_no_ammonium|30,8223,0.46722938291145444,0.22874542141252271
DvH,mols4 with l-glutamine as nutrient 10mm|mols4|30,8223,0.5120945511759355,0.2488247333733726
DvH,mols4 with l-glycine (n)|mols4_no_ammonium|30,8223,0.403136859598696,0.19377859139319978
DvH,mols4 with l-glycine as nutrient 10mm|mols4|30,8223,0.274646813143416,0.1338424342196103
DvH,mols4 with l-histidine as nutrient 10mm|mols4|30,8223,0.40743434934705003,0.1972567181647109
DvH,mols4 with l-homoserine as nutrient 10mm|mols4|30,8223,0.295010857384716,0.1444401401120492
DvH,mols4 with l-isoleucine (n)|mols4_no_ammonium|30,8223,0.22655871054365206,0.1106246335021437
DvH,mols4 with l-isoleucine and l-leucine 10mm as nutrient|mols4|30,8223,0.2249871941394952,0.11117806315082819
DvH,mols4 with l-isoleucine as nutrient 10mm|mols4|30,8223,0.21578977720087963,0.1040107235284693
DvH,mols4 with l-leucine (n)|mols4_no_ammonium|30,8223,0.25998652076435064,0.12665567230659572
DvH,mols4 with l-leucine as nutrient 10mm|mols4|30,8223,0.3773484911633425,0.1864256363845994
DvH,mols4 with l-lysine (n)|mols4_no_ammonium|30,8223,0.35826644281536046,0.16673038428515718
DvH,mols4 with l-lysine as nutrient 10mm|mols4|30,8223,0.26272327788969957,0.12954012262387848
DvH,mols4 with l-methionine & l-threonine (10/10 mm) as nutrient|mols4|30,8223,0.29354478342781953,0.14449023943975858
DvH,mols4 with l-methionine (10mm) as nutrient|mols4|30,8223,0.30860707602358,0.15176680532219938
DvH,mols4 with l-methionine (1mm) as nutrient|mols4|30,5482,0.30450166968978354,0.14955748771767596
DvH,mols4 with l-methionine (n)|mols4_no_ammonium|30,8223,0.26795544407716243,0.1281506871062157
DvH,mols4 with l-methionine as nutrient 10mm|mols4|30,8223,0.2795182808530155,0.13700196153435681
DvH,mols4 with l-phenylalanine (n)|mols4_no_ammonium|30,8223,0.21826108734781607,0.1072936264783831
DvH,mols4 with l-phenylalanine and l-tyrosine as nutrient 10mm|mols4|30,8223,0.2418738362094615,0.11922821032778912
DvH,mols4 with l-phenylalanine as nutrient 10mm|mols4|30,5482,0.21993260443516538,0.10870439117112006
DvH,mols4 with l-proline (n)|mols4_no_ammonium|30,8223,0.3569971286579595,0.1699834058300024
DvH,mols4 with l-proline as nutrient 10mm|mols4|30,8223,0.29933892371721327,0.1442180202791344
DvH,mols4 with l-serine (n) without molybdate/tungstate|mols4_no_ammonium_no_mo_no_w|30,8223,0.22702540852722825,0.11201741116501071
DvH,mols4 with l-serine (n) without molybdate|mols4_no_ammonium_no_mo|30,8223,0.22251925397934103,0.11096127748253155
DvH,mols4 with l-serine (n) without tungstate|mols4_no_ammonium_no_w|30,8223,0.225771993113157,0.1094930502609225
DvH,"mols4 with l-serine (n), without molybdate/tungstate|mols4_no_ammonium_no_mo_no_w|30",8223,0.26473430348898397,0.1319134519587677
DvH,"mols4 with l-serine (n), without w|mols4_no_ammonium_no_w|30",8223,0.24881712856145902,0.12140492724064855
DvH,mols4 with l-serine (n)|mols4_no_ammonium|30,16446,0.23105592372323752,0.1131780742781824
DvH,mols4 with l-serine as (n)|mols4_no_ammonium|30,8223,0.24162805315436714,0.1200985455226863
DvH,mols4 with l-serine as nutrient 10mm|mols4|30,5482,0.23702998924670377,0.1166721543862589
DvH,mols4 with l-threonine (10mm) as nutrient|mols4|30,8223,0.2487363674900378,0.12112998583407361
DvH,mols4 with l-threonine (n)|mols4_no_ammonium|30,2741,0.796233063484577,0.39511481942844134
DvH,mols4 with l-threonine as nutrient 10mm|mols4|30,8223,0.2822639875566255,0.1392366429264531
DvH,mols4 with l-tryptophan (n)|mols4_no_ammonium|30,16446,0.24341728251050823,0.12095917376175863
DvH,mols4 with l-tryptophan as nutrient source 10mm|mols4|30,8223,0.283147323469903,0.1395674279457797
DvH,mols4 with l-tyrosine as nutrient 10mm|mols4|30,8223,0.32887045716743046,0.15986077830907458
DvH,mols4 with l-valine (hplc) 10mm as nutrient|mols4|30,8223,0.3195031120094885,0.15784077029230012
DvH,mols4 with l-valine (hplc) 20mm (n)|mols4_no_ammonium|30,8223,0.26010044103454577,0.1272182068217124
DvH,mols4 with l-valine (hplc) and l-isoleucine 10mm as nutrient|mols4|30,8223,0.2261596037827044,0.11207984402162849
DvH,mols4 with l-valine (hplc) and l-leucine 10mm as nutrient|mols4|30,8223,0.40051771175343653,0.1979973027443021
DvH,"mols4 with l-valine (hplc), l-leucine and l-isoleucine 10mm as nutrient|mols4|30",8223,0.23160049779090536,0.1147756757373571
DvH,mols4 with l-valine (n)|mols4_no_ammonium|30,8223,0.23602843979548271,0.1145039945252542
DvH,mols4 with l-valine as nutrient 10mm|mols4|30,8223,0.27265799199117347,0.1351605828879299
DvH,"mols4 with limited (c) d,l-lactate (7mm)|dv_base_medium|30",8223,0.202391393082803,0.10089901116275529
DvH,mols4 with low ammonium 0.2mm (n)|mols4_no_ammonium|30,13705,0.2336205672844094,0.11449365178739779
DvH,mols4 with low ammonium 2mm (n)|mols4_no_ammonium|30,8223,0.2431401387898942,0.1208878592868279
DvH,mols4 with malate 10mm|mols4|30,8223,0.2880109310483405,0.14220238959345022
DvH,mols4 with mercury 10um|mols4|30,5482,0.26135157745273924,0.1292816374019323
DvH,mols4 with n2 (n)|mols4_no_ammonium|30,8223,0.352352887080304,0.1667669322950686
DvH,mols4 with n2 gas (n) with tungstate 2mm|mols4_no_ammonium|30,8223,0.34599251479145365,0.16464093229923382
DvH,mols4 with n2 gas (n)|mols4_no_ammonium|30,8223,0.3841748738450625,0.17923349499942812
DvH,mols4 with nitrite as (n)|mols4_no_ammonium|30,8223,0.26418953358287106,0.129429733694287
DvH,mols4 with oxaloacetate 2.5mm as nutrient|mols4|30,8223,0.44850086748853446,0.21816150615377922
DvH,mols4 with pantothenic with casamino acids (vit. assay) 0.05%|mols4_no_vitamins|30,8223,0.25564241177915803,0.1269488720858228
DvH,mols4 with pantothenic|mols4_no_vitamins|30,8223,0.2612744195083488,0.1294351195726195
DvH,mols4 with putrescine (n)|mols4_no_ammonium|30,8223,0.364713031855462,0.175109171849324
DvH,mols4 with putrescine as nutrient 10mm|mols4|30,8223,0.304150951064072,0.1496106959039469
DvH,mols4 with pyruvate 10mm|mols4|30,8223,0.288595911405527,0.1423485199018236
DvH,mols4 with s-adenosyl homocysteine 100um|mols4|30,8223,0.2688631117229515,0.1329617127362665
DvH,mols4 with s-adenosyl homocysteine 10um|mols4|30,8223,0.28761339078132353,0.14184269775050762
DvH,mols4 with s-adenosyl homocysteine 50um|mols4|30,8223,0.2900539312115225,0.1419775717694282
DvH,mols4 with spermidine (n)|mols4_no_ammonium|30,5482,0.37533730207882565,0.17246054880753514
DvH,mols4 with spermidine as nutrient 10mm|mols4|30,8223,0.300070050867236,0.1481447924646194
DvH,mols4 with succinate 10mm|mols4|30,8223,0.304004852454317,0.1507922025169407
DvH,mols4 with temed 10mm (n)|mols4_no_ammonium|30,8223,0.34649768354661903,0.16448031365842108
DvH,mols4 with temed 20mm (n)|mols4_no_ammonium|30,8223,0.39669335691280294,0.1861600921659248
DvH,mols4 with thymine (n)|mols4_no_ammonium|30,8223,0.4076267219662255,0.1926847792697706
DvH,mols4 with urea (n)|mols4_no_ammonium|30,8223,0.3334814045965535,0.1608977594336012
DvH,mols4 with urea as nutrient 10mm|mols4|30,8223,0.3113884901305115,0.1536312248282159
DvH,mols4 without b12 vitamin with casaminos (vit. assay) 0.05%|mols4_no_b12|30,8223,0.3085313936275605,0.1517334960174954
DvH,mols4 without b12 vitamin|mols4_no_b12|30,8223,0.2450263185728855,0.12162387518703242
DvH,mols4 without biotin with avidin|mols4_no_biotin|30,8223,0.23380417908416384,0.1140224681061368
DvH,mols4 without choline chloride with casaminos (vit. assay) 0.05%|mols4_no_choline_chloride|30,8223,0.2790732935100345,0.138564059248359
DvH,mols4 without choline chloride|mols4_no_choline_chloride|30,8223,0.3001017432540035,0.1496848849895046
DvH,mols4 without folic with casamino acids (vit. assay) 0.05%|mols4_no_folic_acid|30,8223,0.2391526798047185,0.1197331437688254
DvH,mols4 without folic|mols4_no_folic_acid|30,5482,0.26456693381994223,0.1303702145281465
DvH,mols4 without lipoic|mols4_no_lipoic_acid|30,8223,0.23151477824832828,0.1123984480323599
DvH,mols4 without molybdate/tungstate|mols4_no_mo_no_w|30,8223,0.23319852457689683,0.1140342419658418
DvH,mols4 without molybdate|mols4_no_mo|30,8223,0.23160014803588436,0.11483924828966702
DvH,mols4 without nicotinic|mols4_no_nicotinic_acid|30,8223,0.21113303491791696,0.10338505132163481
DvH,mols4 without pantothenic with casamino acids (vit. assay) 0.05%|mols4_no_pantothenic_acid|30,8223,0.2357138405020145,0.11783511046432141
DvH,mols4 without pantothenic|mols4_no_pantothenic_acid|30,5482,0.24352841351657323,0.11951509366523799
DvH,mols4 without pyridoxine hydrochloride with casaminos (vit. assay) 0.05%|mols4_no_pyridoxine|30,8223,0.240918397716552,0.12050461201478518
DvH,mols4 without pyridoxine hydrochloride|mols4_no_pyridoxine|30,5482,0.2631885109746075,0.13063599266298398
DvH,mols4 without reducing agent|mols4_no_sulfide|30,8223,0.23321786819628948,0.11297293555621168
DvH,mols4 without thiamine|mols4_no_thiamine|30,8223,0.23160541056140022,0.1119150191677836
DvH,mols4 without tungstate|mols4_no_w|30,8223,0.23887514504274868,0.1158360407936561
DvH,mols4 without vitamins with casaminos 0.05%|mols4_no_vitamins|30,8223,0.254620450406705,0.127988294127303
DvH,mols4 without vitamins with casaminos 0.2%|mols4_no_vitamins|30,8223,0.24260306022287315,0.11978402508884178
DvH,mols4 without vitamins|mols4_no_vitamins|30,8223,0.22984479222247733,0.11186029777169709
DvH,"moyls4 no iron with 2,2' dipyridyl 20um|moyls4_no_iron|30",8223,0.1961981594582834,0.09798309302894113
DvH,moyls4 no iron|moyls4_no_iron|30,16446,0.2149919330667136,0.1075008604963692
DvH,"moyls4 with 2,2' dipyridyl 75um|moyls4|30",5482,0.24143270355715052,0.12079146171461806
DvH,moyls4 with aluminum 1mm|moyls4|30,8223,0.2248284565806124,0.1125592176408259
DvH,moyls4 with aluminum chloride 10mm|moyls4|30,8223,0.22395769261005102,0.11182591333173432
DvH,moyls4 with aluminum chloride 5mm|moyls4|30,8223,0.22969960811079407,0.11296039919271231
DvH,moyls4 with ammonium persulfate 1mm|moyls4|30,8223,0.2364124449574955,0.11707896709089113
DvH,moyls4 with ammonium persulfate 2.5mm|moyls4|30,8223,0.24245409899288875,0.1189857446838323
DvH,moyls4 with antimycin a 0.2um|moyls4|30,8223,0.25359723908536447,0.12692794465988966
DvH,moyls4 with antimycin a 10um|moyls4|30,8223,0.2044259995642193,0.10181369443431308
DvH,moyls4 with antimycin a 1um|moyls4|30,8223,0.23666183824955925,0.1169935616411661
DvH,moyls4 with bps 20um|moyls4|30,5482,0.18000725559304775,0.08862656619286065
DvH,moyls4 with cefoxitin 5ug/ml|moyls4|30,8223,0.2140889354676781,0.10539484535495891
DvH,moyls4 with chloramphenicol 0.005mg/ml|moyls4|30,8223,0.1931190646764182,0.0957413570932097
DvH,moyls4 with chlorate 3.125 mm|moyls4|30,8223,0.2300594121534431,0.11279576309436129
DvH,moyls4 with chlorate 6.25 mm|moyls4|30,8223,0.3152241667458929,0.1520540139739383
DvH,moyls4 with chloride 125 mm|moyls4|30,8223,0.22280225873778992,0.1108321369140213
DvH,moyls4 with chloride 62.5 mm|moyls4|30,8223,0.2059320541262678,0.1017213741536906
DvH,moyls4 with chlorite 100um|moyls4|30,8223,0.24013657639094702,0.11896582068293678
DvH,moyls4 with chlorite 250um|moyls4|30,8223,0.2560251798269155,0.1279996058144419
DvH,moyls4 with chromate 50um|moyls4|30,5482,0.22848663479573073,0.11155229316972326
DvH,moyls4 with cobalt chloride 100um|moyls4|30,8223,0.2637006930067415,0.13301958557053714
DvH,moyls4 with cobalt chloride 20um|moyls4|30,8223,0.2586071930626315,0.12967692130131028
DvH,moyls4 with cobalt chloride 250um|moyls4|30,8223,0.2253890569596035,0.11169617570054441
DvH,moyls4 with copper chloride 0.1mm|moyls4|30,8223,0.22186896397416614,0.1103406352613784
DvH,moyls4 with deta/no 100um|moyls4|30,16446,0.20661017053848474,0.10266685737593399
DvH,moyls4 with dmso 10%|moyls4|30,8223,0.381802904190169,0.1846998476686638
DvH,moyls4 with dmso 5%|moyls4|30,5482,0.2619812891157307,0.12794113747930874
DvH,moyls4 with dmso 7.5%|moyls4|30,8223,0.3007752986314831,0.1455080054434203
DvH,moyls4 with electrocompetent cells (sucrose treatment)+shock|moyls4|30,8223,0.2471898375912222,0.12258958670757651
DvH,moyls4 with electrocompetent cells (sucrose treatment)|moyls4|30,8223,0.23001817350541037,0.11439554469758341
DvH,moyls4 with ethanol 2%|moyls4|30,5482,0.21805798040749474,0.10855888720300019
DvH,moyls4 with fccp 10um|moyls4|30,8223,0.305141902936367,0.15291442157772658
DvH,moyls4 with fccp 2um|moyls4|30,8223,0.2805160679761945,0.1379429885679212
DvH,moyls4 with fluorophosphate 1mm|moyls4|30,8223,0.20737266352844824,0.10232682491051119
DvH,moyls4 with furfural 0.0625%|moyls4|30,8223,0.22616238466610414,0.11083917341136121
DvH,moyls4 with glycerol 10mm|moyls4|30,8223,0.2426217942569105,0.12057327533531859
DvH,moyls4 with glycerol 50mm|moyls4|30,8223,0.2626611604226,0.13128811014510033
DvH,moyls4 with hqno 100um|moyls4|30,8223,0.21445383936474363,0.10680030676883993
DvH,moyls4 with hqno 20um|moyls4|30,8223,0.2368528670807955,0.11847027480167684
DvH,moyls4 with hqno 50um|moyls4|30,8223,0.2229615513790805,0.11118628558282706
DvH,moyls4 with manganese chloride 100um|moyls4|30,8223,0.2175568237634302,0.10818604725417662
DvH,moyls4 with manganese chloride 10um|moyls4|30,8223,0.239771105049251,0.11973500793129749
DvH,moyls4 with mercury 10um|moyls4|30,8223,0.221779804656664,0.10875093748803535
DvH,moyls4 with molybdate 100um and tungstate 0.5mm|moyls4|30,8223,0.3063441994709225,0.1538364451277936
DvH,moyls4 with molybdate 100um and tungstate 2mm|moyls4|30,5482,0.7122258480960633,0.3542824621837513
DvH,moyls4 with molybdate 100um|moyls4|30,8223,0.24074523091289254,0.1189828616317906
DvH,moyls4 with nickel chloride 0.75mm|moyls4|30,8223,0.25123449543265375,0.12390027229571701
DvH,moyls4 with nickel chloride 1.5mm|moyls4|30,8223,0.282517063080002,0.1396766679069283
DvH,moyls4 with nitrate 50 mm|moyls4|30,8223,0.27218979538893295,0.13509714471265438
DvH,moyls4 with nitrate 50mm|moyls4|30,5482,0.2730973821116885,0.13576267109478246
DvH,moyls4 with nitrite 0.025mg/ml + zinc sulfate 0.1mm|moyls4|30,8223,0.2407224164591445,0.12013388516458655
DvH,moyls4 with nitrite 0.025mg/ml|moyls4|30,8223,0.21526179350919522,0.1061697917745773
DvH,moyls4 with nitrite 0.125mg/ml + zinc sulfate 0.1mm|moyls4|30,8223,0.2482852702373125,0.1244005019323532
DvH,moyls4 with nitrite 0.125mg/ml|moyls4|30,8223,0.25498127526554604,0.12637142237938617
DvH,moyls4 with perchlorate 12.5mm|moyls4|30,8223,0.26636269401545554,0.13291022514373294
DvH,moyls4 with perchlorate 6.25mm|moyls4|30,8223,0.242532165576878,0.12116548387975669
DvH,moyls4 with peroxynitrite 200um|moyls4|30,8223,0.3233890623622855,0.1617606595574614
DvH,moyls4 with piperacillin 3 ug/ml|moyls4|30,10964,0.21348195579788604,0.10520093051180421
DvH,moyls4 with polyethylene glycol 1%|moyls4|30,10964,0.24706608278012127,0.1223948905221295
DvH,moyls4 with polyethylene glycol 5%|moyls4|30,5482,0.24335589088152126,0.122094681624515
DvH,moyls4 with rubidium chloride 100mm|moyls4|30,8223,0.2481897808279625,0.12353785507787572
DvH,moyls4 with rubidium chloride 25mm|moyls4|30,8223,0.22668355689381317,0.11320045492065653
DvH,moyls4 with selenate 750um|moyls4|30,8223,0.2155207491504463,0.10708735931722556
DvH,moyls4 with spectinomycin 0.0125mg/ml|moyls4|30,8223,0.22310414305506082,0.1094370485885401
DvH,moyls4 with spectinomycin 0.025 mg/ml|moyls4|30,8223,0.23332725022092543,0.11606309998554715
DvH,moyls4 with tetracyclin 0.001mg/ml|moyls4|30,8223,0.1931799330308921,0.09554885806940484
DvH,moyls4 with tungstate 2mm|moyls4|30,8223,0.23046709963102127,0.11528513020509969
DvH,moyls4 with tungstate 4mm|moyls4|30,5482,0.404776939431709,0.20222798707447598
DvH,moyls4 with uranyl acetate 10um|moyls4|30,8223,0.23049022790459098,0.11429655547973762
DvH,moyls4 with uranyl acetate 1mm|moyls4|30,8223,0.254045125884107,0.12715236021764958
DvH,moyls4 with zinc sulfate 0.1mm|moyls4|30,8223,0.258673544385382,0.12934038125926614
DvH,moyls4 with zinc sulfate 1mm|moyls4|30,8223,0.332496164545547,0.1659019888692272
DvH,pyruvate (60mm) with na2s as sulfur source + 0.1% yeast extract|dv_base_y_medium|30,5482,0.26371017450449524,0.13141072612732702
DvH,pyruvate (fermenting) with l-cysteine as sulfur source|dv_base_medium|30,8223,0.252773900206228,0.12639208075102185
DvH,pyruvate (fermenting) with na2s as sulfur source + 0.1% yeast extract|dv_base_y_medium|30,8223,0.251104899793963,0.12447155579937647
DvH,pyruvate (fermenting) with na2s as sulfur source with casaminos 0.2%|dv_base_medium|30,8223,0.26287613947154054,0.13065140187039104
DvH,pyruvate (fermenting) with na2s as sulfur source|dv_base_medium|30,16446,0.24511001178792777,0.12253070131231988
DvH,pyruvate-sulfate (60-15 mm) + 0.1% yeast extract (pyrys4)|dv_base_y_medium|30,8223,0.27870185470105446,0.13783021886007302
DvH,pyruvate-sulfate (60-15mm) with aluminum 1mm|dv_base_medium|30,8223,0.32086805206547453,0.1571691415526343
DvH,pyruvate-sulfate (60-15mm) with chromate 50um|dv_base_medium|30,8223,0.28613079635521355,0.13925631393984841
DvH,pyruvate-sulfate (60-15mm) with fluorophosphate 1mm|dv_base_medium|30,8223,0.292850969589051,0.14542805461300498
DvH,pyruvate-sulfate (60-15mm) with molybdate 100um|dv_base_medium|30,8223,0.29392769453936196,0.14545233834562626
DvH,pyruvate-sulfate (60-15mm) with selenate 750um|dv_base_medium|30,8223,0.2951585950838755,0.14644453564243115
DvH,pyruvate-sulfate (60-15mm) with tungstate 2mm|dv_base_medium|30,8223,0.37407503510941653,0.1848203718732102
DvH,pyruvate-sulfite (60-20 mm) minimal|dv_base_medium|30,8223,0.3063715877659565,0.1506614205742105
DvH,pyruvate-sulfite (60-20mm) with aluminum 1mm|dv_base_medium|30,8223,0.2888482384979535,0.1410567391132238
DvH,pyruvate-sulfite (60-20mm) with chromate 50um|dv_base_medium|30,8223,0.3334611869503155,0.1650240344030487
DvH,pyruvate-sulfite (60-20mm) with fluorophosphate 1mm|dv_base_medium|30,8223,0.31847370483452053,0.1556050635257461
DvH,pyruvate-sulfite (60-20mm) with molybdate 100um|dv_base_medium|30,8223,0.33317528753702796,0.1663080125800373
DvH,pyruvate-sulfite (60-20mm) with selenate 750um|dv_base_medium|30,8223,0.332454309124946,0.16599389706005369
DvH,pyruvate-sulfite (60-20mm) with tungstate 2mm|dv_base_medium|30,8223,0.5658989682297021,0.2834706765022274
DvH,pyruvate-thiosulfate (60-15 mm) + 0.1% yeast extract|dv_base_y_medium|30,8223,0.23729519716527953,0.11825736144053606
Dyella79,a-cyclodextrin (c)|rch2_defined_nocarbon|30,7250,0.276891433624447,0.13653534332971842
Dyella79,a22 0.01 mg/ml|lb|30,3625,0.20240742621796481,0.09919958469319254
Dyella79,a22 0.02 mg/ml|lb|30,3625,0.2132647242413102,0.10607236287964364
Dyella79,carbenicillin 0.02 mg/ml|lb|30,3625,0.2050820908850577,0.102630957451684
Dyella79,carbenicillin 0.04 mg/ml|lb|30,3625,0.19583400094712639,0.09803347870302527
Dyella79,casamino acids (n)|rch2_defined_glucose_nonitrogen|30,3625,0.208457830376015,0.10347054627913554
Dyella79,ceftazidime 0.05 mg/ml|lb|30,3625,0.20509624214114341,0.10175179701345222
Dyella79,ceftazidime 0.1 mg/ml|lb|30,3625,0.218240038673029,0.1085933241299241
Dyella79,chloramphenicol 0.008 mg/ml|lb|30,3625,0.255592384611798,0.12810794296884
Dyella79,chloramphenicol 0.012 mg/ml|lb|30,3625,0.262105781284213,0.13111850365112684
Dyella79,chloride 250 mm|lb|30,3625,0.2079206115135772,0.10258995718565511
Dyella79,chlorite 0.32 mm|lb|30,3625,0.284423451200286,0.14228067267483438
Dyella79,cisplatin 0.0032 mg/ml|lb|30,3625,0.2157918477192186,0.10697356448042436
Dyella79,d-cellobiose (c)|rch2_defined_nocarbon|30,7250,0.26987074787542426,0.13400401382320148
Dyella79,d-cycloserine 0.032 mg/ml|lb|30,3625,0.2107242167164422,0.10536229082408118
Dyella79,d-fructose (c)|rch2_defined_nocarbon|30,7250,0.3349789036728057,0.167167106375064
Dyella79,d-galactose (c)|rch2_defined_nocarbon|30,3625,0.34736085491062696,0.1736842397173241
Dyella79,d-glucosamine hydrochloride (n)|rch2_defined_glucose_nonitrogen|30,3625,0.25662068016184897,0.12765638908358728
Dyella79,d-glucose (c)|rch2_defined_nocarbon|30,7250,0.25904143362590876,0.12825567244282626
Dyella79,d-maltose (c)|rch2_defined_nocarbon|30,7250,0.27001983712709077,0.1330052286287255
Dyella79,dimethyl sulfoxide 7.5 vol%|lb|30,3625,0.1927124817833431,0.09431118736424438
Dyella79,fusidic 0.2 mg/ml|lb|30,3625,0.290657708493559,0.1457126812631793
Dyella79,fusidic 0.4 mg/ml|lb|30,3625,0.320432099271723,0.15963403997502698
Dyella79,glucuronamide (n)|rch2_defined_glucose_nonitrogen|30,3625,0.237976121564313,0.1186443487600823
Dyella79,l-alanine (c)|rch2_defined_nocarbon|30,7250,0.28781080967489525,0.14238553101280418
Dyella79,l-arginine (n)|rch2_defined_glucose_nonitrogen|30,3625,0.238131177697845,0.11866603642715885
Dyella79,l-asparagine (n)|rch2_defined_glucose_nonitrogen|30,3625,0.430382044791848,0.2168147520877258
Dyella79,l-isoleucine (n)|rch2_defined_glucose_nonitrogen|30,3625,0.27837819761556903,0.13860895743568966
Dyella79,l-leucine (n)|rch2_defined_glucose_nonitrogen|30,3625,0.256712759278452,0.12795686134606302
Dyella79,l-lysine (n)|rch2_defined_glucose_nonitrogen|30,3625,0.290328754467014,0.14447967916598248
Dyella79,l-proline (c)|rch2_defined_nocarbon|30,7250,0.2512837736642055,0.125413142502394
Dyella79,l-proline (n)|rch2_defined_glucose_nonitrogen|30,3625,0.23260550365052501,0.11632490119795272
Dyella79,lb|lb|30,14500,0.2595207641359935,0.129366707546476
Dyella79,n-acetyl-d-glucosamine (n)|rch2_defined_glucose_nonitrogen|30,3625,0.260383420816242,0.1266374155282132
Dyella79,nag (c)|rch2_defined_nocarbon|30,7250,0.2869398278200515,0.1410510346073803
Dyella79,nalidixic 0.01 mg/ml|lb|30,3625,0.2361058471599191,0.117431891707651
Dyella79,nalidixic 0.02 mg/ml|lb|30,3625,0.2190846570210282,0.1090558808919484
Dyella79,nalidixic 0.04 mg/ml|lb|30,3625,0.248616903407981,0.124582658994808
Dyella79,nalidixic 0.08 mg/ml|lb|30,3625,0.312151909236817,0.1563722002377312
Dyella79,nitrate (n)|rch2_defined_glucose_nonitrogen|30,3625,0.288818566117125,0.14184597749931946
Dyella79,nitrate 150 mm|lb|30,3625,0.19899659586323598,0.09909839558853059
Dyella79,nitrate 200 mm|lb|30,3625,0.2110181025729962,0.1031567706011281
Dyella79,nitrite 6 mm|lb|30,3625,0.1897346579689187,0.09315322032997786
Dyella79,paraquat dichloride 0.05 mg/ml|lb|30,3625,0.201693621968381,0.09975936089194538
Dyella79,paraquat dichloride 0.1 mg/ml|lb|30,3625,0.2096651759296293,0.1038372491275421
Dyella79,paraquat dichloride 0.2 mg/ml|lb|30,3625,0.22509376644487,0.11282306729829462
Dyella79,perchlorate 75 mm|lb|30,3625,0.239817908898048,0.11984122153730799
Dyella79,pyruvate (c)|rch2_defined_nocarbon|30,7250,0.27782386317393676,0.13672118240835252
Dyella79,sisomicin 0.016 mg/ml|lb|30,3625,0.284221416006061,0.140515233937113
Dyella79,sodium fluoride 40 mm|lb|30,3625,0.228257398020083,0.11317795706190441
Dyella79,sodium fluoride 60 mm|lb|30,3625,0.2030185992575793,0.10191721970339236
Dyella79,spectinomycin 0.04 mg/ml|lb|30,3625,0.333752342475616,0.16336396079704793
Dyella79,tetracycline 0.012 mg/ml|lb|30,3625,0.2057955398856612,0.10153819191369352
Dyella79,tetracycline 0.024 mg/ml|lb|30,3625,0.334567646792168,0.16823616660767818
Dyella79,thallium(i) acetate 0.008 mg/ml|lb|30,3625,0.25426329401364,0.12533665029370825
Dyella79,zinc 2.5 mm|lb|30,3625,0.28635233460089204,0.14145334554464842
HerbieS,a-ketoglutaric (c)|rch2_defined_nocarbon|30,7758,0.3421718251468605,0.17055623013466018
HerbieS,a22 0.02 mg/ml|lb|30,3879,0.32444374787004304,0.1603441967077999
HerbieS,a22 0.04 mg/ml|lb|30,3879,0.33716553758096846,0.1678072845282656
HerbieS,carbon source d-glucose 20 mm|rch2_defined_nocarbon|30,7758,0.29594133405846046,0.14729451829415569
HerbieS,carbon source phenylacetic 5 mm|rch2_defined_nocarbon|30,7758,0.30708996119904375,0.15314348926692
HerbieS,casaminos|rch2_defined_glucose|30,7758,0.271984523421056,0.13570291074456325
HerbieS,cisplatin 0.003 mg/ml|lb|30,3879,0.4104242399300875,0.2028627798165669
HerbieS,cobalt chloride 0.2 mm|lb|30,3879,0.41615361396502704,0.2078480102061634
HerbieS,"d,l-lactate (c)|rch2_defined_nocarbon|30",7758,0.3756870985425418,0.18897353331555378
HerbieS,d-galactose (c)|rch2_defined_nocarbon|30,7758,0.42935153021012173,0.21300920631451048
HerbieS,d-galacturonic acid (c)|rch2_defined_nocarbon|30,7758,0.358951234842589,0.1799085223931195
HerbieS,d-gluconic acid (c)|rch2_defined_nocarbon|30,7758,0.409792166207127,0.2029113402956465
HerbieS,d-glucose (c)|rch2_defined_nocarbon|30,7758,0.49913642920101203,0.2499844091799115
HerbieS,d-glucose-6-phosphate (c)|rch2_defined_nocarbon|30,7758,0.3868566472923467,0.1916261498918865
HerbieS,d-lactate (c)|rch2_defined_nocarbon|30,7758,0.401827074038275,0.1989353905149265
HerbieS,d-mannose (c)|rch2_defined_nocarbon|30,7758,0.3847885887904095,0.191358854223021
HerbieS,d-ribose (c)|rch2_defined_nocarbon|30,7758,0.44547044304623024,0.22131728722292554
HerbieS,d-sorbitol (c)|rch2_defined_nocarbon|30,3879,0.4042444700772725,0.20250485155504142
HerbieS,d-xylose (c)|rch2_defined_nocarbon|30,3879,0.45951424130108104,0.23094920755460413
HerbieS,dimethyl sulfoxide 5 vol%|lb|30,3879,0.32823800661969804,0.1641617626463895
HerbieS,fusidic 0.025 mg/ml|lb|30,3879,0.4075497184210505,0.2026431566844587
HerbieS,glycerol (c)|rch2_defined_nocarbon|30,7758,0.38905479676604976,0.19433111969149583
HerbieS,l-arabinose (c)|rch2_defined_nocarbon|30,7758,0.44975010542375726,0.22214058409205195
HerbieS,l-asparagine (c)|rch2_defined_nocarbon|30,7758,0.357174085716762,0.17930703400055625
HerbieS,l-fucose (c)|rch2_defined_nocarbon|30,7758,0.43625940595073576,0.21793781535216755
HerbieS,l-glutamine (c)|rch2_defined_nocarbon|30,7758,0.33817944550767254,0.16868492327275064
HerbieS,l-histidine|rch2_defined_glucose|30,7758,0.2812492820233182,0.140432014844603
HerbieS,l-lactate (c)|rch2_defined_nocarbon|30,7758,0.40362124862278126,0.200484069705325
HerbieS,l-malic (c)|rch2_defined_nocarbon|30,7758,0.36711109310483797,0.18192988151679976
HerbieS,l-proline (c)|rch2_defined_nocarbon|30,7758,0.367402315530176,0.18269404638499273
HerbieS,l-proline (n)|rch2_defined_glucose_nonitrogen|30,3879,0.3522032346432,0.1737596615666944
HerbieS,l-rhamnose (c)|rch2_defined_nocarbon|30,7758,0.41994913030299974,0.20839605787068
HerbieS,l-serine|rch2_defined_glucose|30,7758,0.28767033091566724,0.1425919484078105
HerbieS,lomefloxacin 0.012 mm|lb|30,3879,0.5361435519394285,0.2699037770629968
HerbieS,m-inositol (c)|rch2_defined_nocarbon|30,7758,0.370414791279713,0.1848622310146005
HerbieS,min media with glucose|rch2_defined_glucose|30,7758,0.28553154487618876,0.1421358604541147
HerbieS,nickel (ii) chloride 0.6 mm|lb|30,3879,0.369749330439023,0.18445811777241872
HerbieS,nitrate 200 mm|lb|30,3879,0.4236517255279555,0.2120797484652861
HerbieS,nitrite 20 mm|lb|30,3879,0.3727210014786705,0.18332854135300058
HerbieS,no vitamins t1|rch2_defined_glucose_novitamin|30,3879,0.362246375327677,0.1830523278932533
HerbieS,no vitamins t2|rch2_defined_glucose_novitamin|30,3879,0.412953986386843,0.20285825228477777
HerbieS,pyruvate (c)|rch2_defined_nocarbon|30,7758,0.35730158071249923,0.1774634066100665
HerbieS,r2a control|r2a|30,23274,0.2747952121324483,0.1368510030414556
HerbieS,r2a with vogels_fungal_media 0.2x|r2a|30,23274,0.27492545922217426,0.13658917770030854
HerbieS,sisomicin 0.125 mg/ml|lb|30,3879,0.5336251122567415,0.2645724273379456
HerbieS,sodium fluoride 100 mm|lb|30,3879,0.4329199724451485,0.21540503062102312
HerbieS,succinate (c)|rch2_defined_nocarbon|30,7758,0.36846422861329026,0.1832495935004249
HerbieS,"supernatant; trichoderma atroviride imi grown in vogels_fungal_media, filtered; 0.2x|r2a|30",11637,0.267846056703518,0.13284424444875598
HerbieS,"supernatant; trichoderma atroviride imi tmk3mutant grown in vogels_fungal_media, filtered; 0.2x|r2a|30",11637,0.261653139279767,0.1307449105219238
HerbieS,thallium(i) acetate 0.001 mg/ml|lb|30,3879,0.358565642893138,0.17922797729472628
HerbieS,with vitamins t1|rch2_defined_glucose|30,3879,0.3416331784115165,0.17088794232948878
HerbieS,with vitamins t2|rch2_defined_glucose|30,3879,0.39830675819459305,0.19838595830071132
HerbieS,xylitol (c)|rch2_defined_nocarbon|30,7758,0.457827298060977,0.227919687289388
Kang,m.b. 1-ethyl-3-methylimidazolium acetate 2.5 mm|marine_broth_2216|25,2003,0.1836522218926006,0.0849264737871043
Kang,m.b. 2-furfuraldehyde 0.035 vol%|marine_broth_2216|30,2003,0.21288861209188306,0.1008256868298905
Kang,m.b. 20c|marine_broth_2216|20,4006,0.17265746849836489,0.0770654154849648
Kang,m.b. 25c|marine_broth_2216|25,4006,0.1541615848543948,0.07210855145948081
Kang,m.b. 30c|marine_broth_2216|30,4006,0.15463388558672647,0.07073115459733725
Kang,m.b. 37c|marine_broth_2216|37,4006,0.19645232015681008,0.0883837455435239
Kang,m.b. 5-hydroxymethylfurfural 4 mm|marine_broth_2216|25,2003,0.1453268340950944,0.06691957535199
Kang,m.b. 5-hydroxymethylfurfural 8 mm|marine_broth_2216|25,2003,0.15536046882402485,0.07434394195731861
Kang,m.b. a22 0.0109375 mg/ml|marine_broth_2216|30,4006,0.22376376180705426,0.1117149688538823
Kang,m.b. a22 0.021875 mg/ml|marine_broth_2216|30,2003,0.2176347716316665,0.10869789887761162
Kang,m.b. a22 0.04375 mg/ml|marine_broth_2216|30,2003,0.2129280820983781,0.10455640876422981
Kang,m.b. acetate 150 mm|marine_broth_2216|25,2003,0.18101204953359368,0.0810775430357125
Kang,m.b. acetate 300 mm|marine_broth_2216|25,2003,0.1781141280598933,0.07715518429703751
Kang,m.b. bacitracin 1.5 mg/ml|marine_broth_2216|30,4006,0.30345093146276947,0.151583058196826
Kang,m.b. benzoic 0.2 mg/ml|marine_broth_2216|30,4006,0.22234868332049235,0.10960135479704995
Kang,m.b. carbenicillin 0.005 mg/ml|marine_broth_2216|25,2003,0.17060150018653494,0.0830848381303566
Kang,m.b. carbenicillin 0.01 mg/ml|marine_broth_2216|25,2003,0.1732726009428057,0.08502448157055295
Kang,m.b. cephalothin 0.0049 mg/ml|marine_broth_2216|30,2003,0.21739924738087876,0.10789341793613505
Kang,m.b. cephalothin 0.009765625 mg/ml|marine_broth_2216|30,2003,0.1883360021847742,0.0930688604036857
Kang,m.b. chlorate 20 mm|marine_broth_2216|30,4006,0.21791542041952414,0.104595010801565
Kang,m.b. chloride 500 mm|marine_broth_2216|30,2003,0.42495166860502953,0.2058476989585667
Kang,m.b. chlorite 1.25 mm|marine_broth_2216|30,2003,0.5138489406518325,0.24497495260097438
Kang,m.b. chlorite 2.5 mm|marine_broth_2216|30,2003,0.5082533572324115,0.2488949907251854
Kang,m.b. cholin acetate 15 mm|marine_broth_2216|25,2003,0.460900067279673,0.22700689996317708
Kang,m.b. choline chloride 15 mm|marine_broth_2216|25,2003,0.231414880873959,0.11554578704139995
Kang,m.b. choline lysine 12 mm|marine_broth_2216|25,2003,0.16908525520459325,0.073109074132641
Kang,m.b. cisplatin 0.0125 mg/ml|marine_broth_2216|30,4006,0.2191311996288811,0.10773259001662766
Kang,m.b. cisplatin 0.025 mg/ml|marine_broth_2216|30,2003,0.28381877545011147,0.1409325403022797
Kang,m.b. cobalt chloride 0.625 mm|marine_broth_2216|30,4006,0.20395069378933794,0.1003258726025356
Kang,m.b. copper (ii) chloride 0.625 mm|marine_broth_2216|30,2003,0.5063421962106915,0.238846794869232
Kang,m.b. d-cycloserine 0.03125 mg/ml|marine_broth_2216|30,6009,0.2992200193148387,0.12818235087828111
Kang,m.b. dimethyl sulfoxide 2.5 vol%|marine_broth_2216|30,2003,0.5505943054474784,0.264151356268454
Kang,m.b. dimethyl sulfoxide 5 vol%|marine_broth_2216|30,2003,0.420842873424802,0.20633492817930849
Kang,m.b. doxycycline hyclate 0.03125 mg/ml|marine_broth_2216|30,2003,0.2275104685920191,0.1034726097240391
Kang,m.b. doxycycline hyclate 0.0625 mg/ml|marine_broth_2216|30,2003,0.22480819871453386,0.1068747070945268
Kang,m.b. fusidic 0.00049 mg/ml|marine_broth_2216|30,2003,0.583586438533665,0.2765953497269241
Kang,m.b. gentamicin 0.1 mg/ml|marine_broth_2216|30,2003,0.251940905873946,0.126904747718239
Kang,m.b. gentamicin 0.3 mg/ml|marine_broth_2216|30,2003,0.24330186094307799,0.12094265035112915
Kang,m.b. lomefloxacin 0.0032 mm|marine_broth_2216|25,2003,0.15762844839423976,0.07911194957203721
Kang,m.b. methylglyoxal 0.005 vol%|marine_broth_2216|30,2003,0.3961950305616868,0.1656337365378148
Kang,m.b. nickel (ii) chloride 1.25 mm|marine_broth_2216|30,4006,0.2515564552656807,0.125138755437603
Kang,m.b. nitrate 200 mm|marine_broth_2216|30,6009,0.2058400101322089,0.10282937183349242
Kang,m.b. nitrate 400 mm|marine_broth_2216|30,2003,0.20324146587531972,0.10092972057103136
Kang,m.b. nitrite 20 mm|marine_broth_2216|30,2003,0.6626662606642585,0.3057061547320968
Kang,m.b. paraquat dichloride 0.00390625 mg/ml|marine_broth_2216|30,6009,0.25425926386562003,0.127057160472111
Kang,m.b. paraquat dichloride 0.0078125 mg/ml|marine_broth_2216|30,6009,0.2065486390542285,0.10313190697036115
Kang,m.b. perchlorate 100 mm|marine_broth_2216|30,4006,0.22311711155543573,0.1085337030900452
Kang,m.b. perchlorate 150 mm|marine_broth_2216|30,2003,0.399027600519389,0.19506942196625182
Kang,m.b. perchlorate 200 mm|marine_broth_2216|30,2003,0.20442074644144376,0.10204650939447958
Kang,m.b. ph5.5|marine_broth_2216|25,4006,0.13108914433932634,0.06632458093305729
Kang,m.b. ph6.5|marine_broth_2216|25,4006,0.16608012107436435,0.07640230658533564
Kang,m.b. ph6|marine_broth_2216|25,4006,0.16388736509418317,0.07255190783103418
Kang,m.b. phosphomycin 1 mg/ml|marine_broth_2216|30,4006,0.22848322797900586,0.10675325110298595
Kang,m.b. polymyxin b sulfate 0.0019531 mg/ml|marine_broth_2216|30,6009,0.253857950605619,0.12495210403254728
Kang,m.b. polymyxin b sulfate 0.00390625 mg/ml|marine_broth_2216|30,2003,0.2789846364046985,0.13898526001020461
Kang,m.b. rifampicin 0.0004 mg/ml|marine_broth_2216|25,2003,0.1873810163860099,0.0937857845751781
Kang,m.b. sisomicin 0.025 mg/ml|marine_broth_2216|30,2003,0.6125980299586495,0.3019671818378067
Kang,m.b. sodium fluoride 30 mm|marine_broth_2216|30,2003,0.24939970192550023,0.12054403287135
Kang,m.b. spectinomycin 0.1 mg/ml|marine_broth_2216|25,2003,0.21613036959181245,0.09108886383364129
Kang,m.b. syringaldehyde 1 mm|marine_broth_2216|25,2003,0.16192226362546605,0.0693249495404365
Kang,m.b. syringaldehyde 2 mm|marine_broth_2216|25,2003,0.15092744451205758,0.0706990499234026
Kang,m.b. tetracycline 0.2 mg/ml|marine_broth_2216|30,2003,0.247410971032326,0.1215924199308028
Kang,m.b. tetracycline 0.4 mg/ml|marine_broth_2216|30,2003,0.2126551247141435,0.10566030053065616
Kang,m.b. thallium(i) acetate 0.00390625 mg/ml|marine_broth_2216|30,2003,0.21493843925700984,0.10601195871487772
Kang,m.b. thallium(i) acetate 0.0078125 mg/ml|marine_broth_2216|30,2003,0.24375987030554436,0.12144556274486791
Kang,m.b. thallium(i) acetate 0.015625 mg/ml|marine_broth_2216|30,2003,0.2366278452146795,0.11734029663073006
Kang,m.b. vancomycin 0.125 mg/ml|marine_broth_2216|25,2003,0.21337705017419037,0.0997190655521589
Kang,m.b. vancomycin 0.2 mg/ml|marine_broth_2216|25,2003,0.16935908528229585,0.0835932998633942
Kang,m.b. vanillin 2 mm|marine_broth_2216|30,2003,0.21684814270028102,0.10077132224117519
Kang,marine broth|marine_broth_2216|25,6009,0.17250393822298232,0.0784968904120289
Kang,marine broth|marine_broth_2216|30,14021,0.324031879409038,0.16205647895277916
Kang,motility|marine_broth_2216|30,6009,0.518965070080737,0.241522803793784
Keio,1-ethyl-3-methylimidazolium acetate 30 mm|lb|28,3789,0.320082969005271,0.15795456228002228
Keio,1-ethyl-3-methylimidazolium acetate 60 mm|lb|28,3789,0.295717275972047,0.1475491920158703
Keio,1-ethyl-3-methylimidazolium chloride 40 mm|lb|28,3789,0.35328599476661604,0.17669156713683304
Keio,1-ethyl-3-methylimidazolium chloride 80 mm|lb|28,3789,0.37632742694939003,0.18857727289895346
Keio,2-furfuraldehyde 0.125 vol%|lb|28,3789,0.275711689660283,0.13675863457957477
Keio,2-furfuraldehyde 0.25 vol%|lb|28,3789,0.342958611345841,0.17103073179520933
Keio,5-hydroxymethylfurfural 20 mm|lb|28,3789,0.293891027586897,0.1456478807804505
Keio,a-ketoglutaric (c)|m9 minimal media_nocarbon|37,7578,0.41417750778797474,0.2009500608682415
Keio,a22 0.04 mg/ml|lb|28,3789,0.294579059351475,0.1474962430886318
Keio,a22 0.08 mg/ml|lb|28,3789,0.294650177581549,0.1467856670023181
Keio,acetate (c)|m9 minimal media_nocarbon|37,7578,0.4435410844077943,0.213179899235436
Keio,acetate 140 mm|lb|28,3789,0.27472691577158903,0.1357703955762685
Keio,acetate 70 mm|lb|28,3789,0.279887393357086,0.1394850083060556
Keio,adenosine (n)|m9 minimal media_nonitrogen|37,7578,0.270021616977358,0.13340233346700509
Keio,aluminum chloride 5 mm|lb|28,3789,0.507638875848353,0.2546280003341634
Keio,ammonium chloride (n)|m9 minimal media_nonitrogen|37,7578,0.28660351298117404,0.14020467373564394
Keio,bacitracin 0.5 mg/ml|lb|28,3789,0.317957772231909,0.1571730135688605
Keio,bacitracin 1 mg/ml|lb|28,3789,0.471681637500828,0.23351464952375328
Keio,benzalkonium chloride 0.004 mg/ml|lb|28,3789,0.710818835239942,0.35164670492859706
Keio,benzoic 0.58 mg/ml|lb|28,3789,0.277419556359211,0.13779056775738838
Keio,carbenicillin 0.004 mg/ml|lb|28,3789,0.292162931613063,0.14604156472803329
Keio,carbenicillin 0.008 mg/ml|lb|28,3789,0.35565402485458597,0.17801073516975988
Keio,carbon source d-mannitol 10 mm|rch2_defined_nocarbon|30,7578,0.20293880308342313,0.09909971890961565
Keio,carbon source d-mannitol 2.5 mm|rch2_defined_nocarbon|30,7578,0.21086407979861121,0.10354540404822901
Keio,carbon source d-mannitol 5 mm|rch2_defined_nocarbon|30,7578,0.20551223618633258,0.10016075761142498
Keio,casaminos (c)|m9 minimal media_nocarbon|37,7578,0.24816918428666584,0.12272787837134
Keio,casaminos (n)|m9 minimal media_nonitrogen|37,7578,0.2204320729933444,0.1096266652773588
Keio,cephalothin 0.01 mg/ml|lb|28,3789,0.5194641056906271,0.26123925371844703
Keio,chloramphenicol 0.001 mg/ml|lb|28,3789,0.332095129167232,0.163672920605584
Keio,chloramphenicol 0.0025 mg/ml|lb|28,3789,0.349996721869459,0.1763595559073321
Keio,chloramphenicol 0.005 mg/ml|lb|28,3789,0.34821395983007597,0.1727320510265019
Keio,chloride 750 mm|lb|28,3789,0.336323712985703,0.1661296408927632
Keio,chlorite 0.4 mm|lb|28,3789,0.296020644815559,0.1477657226102321
Keio,chlorite 1.25 mm|lb|28,3789,0.460884065187946,0.23047165944761036
Keio,cholin acetate 150 mm|lb|28,3789,0.279413749586172,0.1391234710515694
Keio,cholin acetate 75 mm|lb|28,3789,0.284462738611636,0.14074102599093938
Keio,cisplatin 0.025 mg/ml|lb|28,3789,0.30676052444561297,0.153132245263426
Keio,cisplatin 0.05 mg/ml|lb|28,3789,0.334252167813175,0.16457370703638
Keio,cisplatin 0.1 mg/ml|lb|28,3789,0.669080622916628,0.33155835236607345
Keio,cobalt chloride 0.32 mm|lb|28,3789,0.27878390357055904,0.1373738628096006
Keio,copper (ii) chloride 2 mm|lb|28,3789,0.277669453377462,0.13701724741535481
Keio,cytidine (n)|m9 minimal media_nonitrogen|37,7578,0.28807136111142273,0.140706766134651
Keio,"d,l-lactate (c)|m9 minimal media_nocarbon|37",7578,0.24689183420621344,0.12083582473849055
Keio,d-alanine (n)|m9 minimal media_nonitrogen|37,7578,0.24962480191587344,0.12036559156958651
Keio,d-cycloserine 0.1 mg/ml|lb|25,3789,0.1916248445892928,0.0941645923765621
Keio,d-fructose (c)|m9 minimal media_nocarbon|37,7578,0.23315684128980602,0.1133663540599876
Keio,d-galactose (c)|m9 minimal media_nocarbon|37,7578,0.2601330433442551,0.1257102006947663
Keio,d-galacturonic acid (c) m9|m9 minimal media_nocarbon|37,3789,0.318880841165572,0.15611930322116968
Keio,d-galacturonic acid (c) mops|mops minimal media_nocarbon|37,3789,0.305344432969628,0.1489772138825605
Keio,d-galacturonic acid (c) mops|mops rich defined media_nocarbon|37,7578,0.21334738612782841,0.1054071628307239
Keio,d-galacturonic acid (c)|m9 minimal media_nocarbon|37,7578,0.25898416947102665,0.126657525168337
Keio,d-gluconic acid (c)|m9 minimal media_nocarbon|37,7578,0.24225469232996855,0.118077736547475
Keio,d-glucosamine hydrochloride (c)|m9 minimal media_nocarbon|37,7578,0.32397630782695325,0.1547416123781345
Keio,d-glucose (c) m9|m9 minimal media_nocarbon|37,3789,0.2765966382622372,0.13807330042790938
Keio,d-glucose (c) mops|mops minimal media_nocarbon|37,3789,0.286732603375658,0.1407557200564904
Keio,d-glucose (c) mops|mops rich defined media_nocarbon|37,7578,0.2165117312717743,0.10744065498898933
Keio,d-glucose (c)|m9 minimal media_nocarbon|37,7578,0.24937276706649752,0.1205016812754155
Keio,d-glucose-6-phosphate (c)|m9 minimal media_nocarbon|37,7578,0.25442062268182764,0.12330066161214864
Keio,d-glucuronic acid (c)|m9 minimal media_nocarbon|37,7578,0.258535009155452,0.12730888664968099
Keio,d-lactate (c)|m9 minimal media_nocarbon|37,7578,0.30820513666114746,0.1490906657746472
Keio,d-maltose (c)|m9 minimal media_nocarbon|37,7578,0.2872726302343035,0.140882117115527
Keio,d-mannose (c)|m9 minimal media_nocarbon|37,7578,0.2379474271881618,0.11773541600653595
Keio,d-ribose (c)|m9 minimal media_nocarbon|37,7578,0.34641577887243225,0.16593201346293085
Keio,d-serine (c)|m9 minimal media_nocarbon|37,7578,0.3258199100107355,0.16346433538810876
Keio,d-serine (n)|m9 minimal media_nonitrogen|37,7578,0.2514166238974765,0.12271183613014415
Keio,d-sorbitol (c)|m9 minimal media_nocarbon|37,7578,0.25325162903940995,0.1200611375900148
Keio,d-trehalose (c)|m9 minimal media_nocarbon|37,7578,0.28820081896542915,0.140288362855243
Keio,d-xylose (c)|m9 minimal media_nocarbon|37,7578,0.2914420859283046,0.140536210653301
Keio,dimethyl sulfoxide 10 vol%|lb|28,7578,0.27199483436828975,0.1344507544075817
Keio,dimethyl sulfoxide 7.5 vol%|lb|28,3789,0.27675078298531397,0.13497953977887936
Keio,doxycycline hyclate 0.001 mg/ml|lb|28,3789,0.340088383613239,0.17033978104138964
Keio,fusidic 0.03 mg/ml|lb|28,3789,0.264762929553291,0.13073021846271551
Keio,fusidic 0.1 mg/ml|lb|28,3789,0.295853997762974,0.14846323040729376
Keio,gly-dl-asp (n)|m9 minimal media_nonitrogen|37,7578,0.2555636038790172,0.12506831576685506
Keio,gly-glu (n)|m9 minimal media_nonitrogen|37,7578,0.26279955601426974,0.1303357441338165
Keio,glycerol (c)|m9 minimal media_nocarbon|37,7578,0.24582174106621818,0.1196266078395876
Keio,glycine (n)|m9 minimal media_nonitrogen|37,7578,0.26620216106357697,0.13009965055551198
Keio,glycolic acid (c)|m9 minimal media_nocarbon|37,7578,0.4865930309319203,0.2276199407101091
Keio,"inner cut, lb soft agar motility assay|lb|30",15156,0.47075848985262747,0.2344101889527792
Keio,l-alanine (n)|m9 minimal media_nonitrogen|37,7578,0.24311030839362496,0.12036700605031216
Keio,l-arginine (n)|m9 minimal media_nonitrogen|37,7578,0.31987252110772146,0.15956925390659038
Keio,l-asparagine (n)|m9 minimal media_nonitrogen|37,7578,0.23907211422897312,0.1169939420955585
Keio,l-aspartic acid (n)|m9 minimal media_nonitrogen|37,7578,0.2512912687505531,0.12435152465617949
Keio,l-fucose (c)|m9 minimal media_nocarbon|37,7578,0.29231171259565075,0.142626272785989
Keio,l-glutamine (n)|m9 minimal media_nonitrogen|37,7578,0.22408324221596287,0.10951623864717885
Keio,l-lysine 200 mm|lb|28,3789,0.284373216104035,0.13991893169678202
Keio,l-malic (c)|m9 minimal media_nocarbon|37,7578,0.4370564152185355,0.2164249804802405
Keio,l-serine (n)|m9 minimal media_nonitrogen|37,7578,0.2503273548581505,0.12190800858266405
Keio,lb|lb|28,7578,0.2672568321582153,0.132482763610918
Keio,m63 no sulfur + 5 mm l-cys|m63_no_sulfur|37,7578,0.20519832523810133,0.10174798786030445
Keio,m63 no sulfur + 5 mm sulfate|m63_no_sulfur|37,7578,0.20961396777063973,0.10293592324542916
Keio,methylglyoxal 0.008 vol%|lb|28,3789,0.342133535833241,0.1662734314731944
Keio,nag (c)|m9 minimal media_nocarbon|37,7578,0.24133041021681106,0.1178331858711735
Keio,nalidixic 0.006 mg/ml|lb|25,3789,0.252324177521775,0.1259848316127815
Keio,nickel (ii) chloride 1 mm|lb|28,3789,0.323045348828827,0.16032403212659505
Keio,nitrite 10 mm|lb|28,3789,0.29411189093288304,0.14508909709491136
Keio,nitrite 20 mm|lb|28,3789,0.30910006712811,0.15476433331932787
Keio,"outer cut, lb soft agar motility assay|lb|30",11367,0.5829389166654235,0.2812745800110213
Keio,phosphomycin 0.001 mg/ml|lb|25,3789,0.27912948716999403,0.13850204174069258
Keio,putrescine (n)|m9 minimal media_nonitrogen|37,7578,0.2840892285547547,0.1380602856039349
Keio,pyruvate (c)|m9 minimal media_nocarbon|37,7578,0.268658083155623,0.1328256242838801
Keio,sodium fluoride 100 mm|lb|28,3789,0.286946842636549,0.1428761672686572
Keio,spectinomycin 0.00625 mg/ml|lb|28,3789,0.317249482291536,0.1581685167932518
Keio,spectinomycin 0.0125 mg/ml|lb|28,3789,0.36458644820908004,0.17994392486794672
Keio,succinate (c)|m9 minimal media_nocarbon|37,7578,0.39852801866788934,0.19476001450903452
Keio,syringaldehyde 10 mm|lb|28,3789,0.2969761704173957,0.1456893182868772
Keio,syringaldehyde 5 mm|lb|28,3789,0.281722858586397,0.1378500465578387
Keio,tetracycline 0.0004 mg/ml|lb|28,3789,0.295007921476322,0.1471509971892975
Keio,tetracycline 0.0008 mg/ml|lb|28,3789,0.320001201148613,0.160295877868647
Keio,thallium(i) acetate 0.0625 mg/ml|lb|28,3789,0.27328568103669504,0.13553938709050867
Keio,vanillin 5 mm|lb|28,3789,0.279042336842776,0.1364857210864939
Korea,1-ethyl-3-methylimidazolium acetate 10 mm|lb|25,3393,0.153650336558814,0.07690487621548985
Korea,1-ethyl-3-methylimidazolium acetate 20 mm|lb|25,3393,0.1581684144950573,0.07849377292353221
Korea,1-ethyl-3-methylimidazolium acetate 5 mm|lb|25,3393,0.1637289036046383,0.0812244270746985
Korea,1-ethyl-3-methylimidazolium chloride 10 mm|lb|25,3393,0.16388011460610719,0.0809011903238175
Korea,1-ethyl-3-methylimidazolium chloride 20 mm|lb|25,3393,0.1535150815206523,0.07657686122028777
Korea,1-ethyl-3-methylimidazolium chloride 5 mm|lb|25,3393,0.1504127173034044,0.07484806878377291
Korea,1-ethyl-3-methylimidazolium lysine 10 mm|lb|25,3393,0.1390328423240489,0.06883273285218974
Korea,1-ethyl-3-methylimidazolium lysine 2.5 mm|lb|25,3393,0.140385649148276,0.07048377880236115
Korea,1-ethyl-3-methylimidazolium lysine 5 mm|lb|25,3393,0.1492206425511016,0.07363535536280583
Korea,5-hydroxymethylfurfural 1 mm|lb|28,3393,0.14348672154101869,0.07073910429485952
Korea,5-hydroxymethylfurfural 2.5 mm|lb|28,3393,0.1399201586983311,0.06986574952604283
Korea,a-cyclodextrin (c)|rch2_defined_nocarbon|30,6786,0.19099201131376525,0.09164011954168136
Korea,a22 0.01 mg/ml|lb|28,3393,0.1666329031943319,0.08328878661776008
Korea,a22 0.02 mg/ml|lb|28,3393,0.1662365540259523,0.08330062585298896
Korea,acetate 10 mm|lb|25,3393,0.14833724127101588,0.07418232986957075
Korea,acetate 20 mm|lb|25,3393,0.1473598981854194,0.07386028383158073
Korea,acetate 40 mm|lb|25,3393,0.1435445248102672,0.0717866054938669
Korea,aluminum chloride 4 mm|lb|28,3393,0.1335118406683353,0.06575860740395272
Korea,bacitracin 0.12 mg/ml|lb|28,3393,0.1477890949891149,0.07377560455466496
Korea,benzalkonium chloride 0.0005 mg/ml|lb|28,3393,0.1517245468157939,0.0744761692469816
Korea,benzoic 0.145 mg/ml|lb|28,3393,0.1401032415286105,0.06899940383687263
Korea,benzoic 0.29 mg/ml|lb|28,3393,0.141179321482918,0.07150870884103891
Korea,carbenicillin 0.03 mg/ml|lb|28,3393,0.1532586883098302,0.07667622108620252
Korea,casaminos (c)|rch2_defined_nocarbon|30,6786,0.14898441728497072,0.07343591519779945
Korea,cephalothin 0.3 mg/ml|lb|28,3393,0.1732081115585046,0.08624179445822722
Korea,chloramphenicol 0.0001 mg/ml|lb|25,3393,0.15688944874444338,0.07784804810425468
Korea,chloramphenicol 0.0005 mg/ml|lb|25,3393,0.1494867248109948,0.073919629989029
Korea,chloramphenicol 0.001 mg/ml|lb|25,3393,0.15243868291635948,0.07542707595385265
Korea,chloramphenicol 0.0025 mg/ml|lb|25,3393,0.15224252285132328,0.07523294185953612
Korea,chloride 100 mm|lb|28,3393,0.145214631070933,0.0714638038472722
Korea,chloride 200 mm|lb|28,3393,0.1466037553697765,0.07207175960726263
Korea,chlorite 0.5 mm|lb|28,3393,0.1594742551275174,0.07788875543837219
Korea,chlorite 1.25 mm|lb|28,3393,0.1705545327493435,0.08193667684257061
Korea,cholin acetate 10 mm|lb|25,3393,0.1484235715868889,0.0741823823191165
Korea,cholin acetate 20 mm|lb|25,3393,0.1568691144923684,0.07828175127429651
Korea,cholin acetate 40 mm|lb|25,3393,0.15296818883391738,0.07719940424544795
Korea,choline chloride 10 mm|lb|25,3393,0.1445083012043495,0.07245662832162982
Korea,choline chloride 20 mm|lb|25,3393,0.14988393373962478,0.07443796427959051
Korea,choline chloride 40 mm|lb|25,3393,0.15219550081080718,0.07564189191085305
Korea,choline chloride 40 mm|lb|28,3393,0.1404206463667568,0.07029258978037498
Korea,choline lysine 10 mm|lb|25,3393,0.1591175331488544,0.0773924784487926
Korea,choline lysine 5 mm|lb|25,3393,0.1612352659425555,0.07978571321611104
Korea,cisplatin 0.01 mg/ml|lb|28,3393,0.1471926194550372,0.0730028953432676
Korea,cisplatin 0.025 mg/ml|lb|28,3393,0.1421791776754937,0.070359898248614
Korea,cobalt chloride 0.04 mm|lb|28,3393,0.1426127649498137,0.06984791132788228
Korea,cobalt chloride 0.08 mm|lb|28,3393,0.1685096992632391,0.0836369623311053
Korea,copper (ii) chloride 0.75 mm|lb|28,3393,0.1582853148661329,0.0772660637766575
Korea,d-cellobiose (c) and 0.25mm l-methionine; no added vitamins|rch2_defined_nocarbon_novitamins|30,6786,0.25611053959561775,0.1267434227086039
Korea,d-cellobiose (c); no added vitamins|rch2_defined_nocarbon_novitamins|30,6786,0.318031845127601,0.156596751526816
Korea,d-cellobiose (c)|rch2_defined_nocarbon|30,13572,0.1671407091795131,0.08176153812361495
Korea,d-cycloserine 0.064 mg/ml|lb|28,3393,0.1510449015864032,0.07551889332166775
Korea,d-fructose (c)|rch2_defined_nocarbon|30,3393,0.191299740504152,0.09362518526197569
Korea,d-glucose (c) and 0.25mm l-methionine; no added vitamins|rch2_defined_nocarbon_novitamins|30,6786,0.2159729315451615,0.10755076289484597
Korea,d-glucose (c); no added vitamins|rch2_defined_nocarbon_novitamins|30,6786,0.3399754106624703,0.1685310206839615
Korea,d-glucose (c)|rch2_defined_nocarbon|30,13572,0.1880878260704632,0.09324719450639175
Korea,d-maltose (c)|rch2_defined_nocarbon|30,6786,0.20043998057786233,0.09673969434494534
Korea,d-raffinose (c)|rch2_defined_nocarbon|30,6786,0.17920742545688062,0.08688039628411115
Korea,d-xylose (c)|rch2_defined_nocarbon|30,6786,0.18015487184895046,0.08873963814008001
Korea,dimethyl sulfoxide 5 vol%|lb|28,3393,0.1566997609828941,0.07792034968538868
Korea,doxycycline hyclate 0.0001 mg/ml|lb|28,3393,0.1646996346743403,0.08237683104979715
Korea,furfuryl alcohol 0.125 vol%|lb|28,3393,0.14715753013698968,0.0722512102243412
Korea,fusidic 0.0005 mg/ml|lb|28,3393,0.15732175074908672,0.07825050891527494
Korea,gentamicin 0.005 mg/ml|lb|28,3393,0.1518911616636454,0.07542913932112558
Korea,gentamicin 0.015 mg/ml|lb|28,3393,0.1504590627947097,0.0743532443465134
Korea,"inner cut, lb soft agar motility assay|lb|30",13572,0.486628980572134,0.24142515361610103
Korea,l-alanine (n)|rch2_defined_glucose_nonitrogen|30,3393,0.21682625736696298,0.10828347201810175
Korea,l-glutamic (c) and 0.25mm l-methionine; no added vitamins|rch2_defined_nocarbon_novitamins|30,6786,0.1909457105398959,0.0952953784842059
Korea,l-glutamic (c); no added vitamins|rch2_defined_nocarbon_novitamins|30,6786,0.209600134643335,0.10430812389567955
Korea,l-glutamic (c)|rch2_defined_nocarbon|30,13572,0.1764476673900759,0.0871023172601971
Korea,l-glutamic (n)|rch2_defined_glucose_nonitrogen|30,6786,0.18680117285524706,0.0917712858474822
Korea,l-glutamine (c)|rch2_defined_nocarbon|30,6786,0.19344403472699256,0.0934773516167169
Korea,l-glutamine (n)|rch2_defined_glucose_nonitrogen|30,6786,0.24709699809483543,0.12099060147675944
Korea,l-histidine (n)|rch2_defined_glucose_nonitrogen|30,3393,0.21832965075696043,0.10760999876479836
Korea,l-lysine 25 mm|lb|25,3393,0.1532453681644266,0.07581177474431433
Korea,l-lysine 50 mm|lb|25,3393,0.18292916233570472,0.09003910520228679
Korea,l-proline (n)|rch2_defined_glucose_nonitrogen|30,6786,0.24102807281049327,0.1195882784931605
Korea,lb 20c|lb|20,6786,0.1903827208516118,0.0939105694533224
Korea,lb 30c|lb|30,6786,0.1561340578772294,0.0774425410583711
Korea,lb 37c|lb|37,6786,0.16751916646688636,0.08200243338556425
Korea,"lb, ph6|lb|28",10179,0.17477320012413367,0.08634290721892017
Korea,"lb, ph7|lb|28",10179,0.16669635062273674,0.08330983585265626
Korea,"lb, ph8|lb|28",10179,0.16901540673874121,0.08401172935136247
Korea,lb|lb|25,3393,0.1424099390463327,0.070880604469829
Korea,lb|lb|28,23751,0.1452307940472326,0.07181279066490551
Korea,lomefloxacin 0.01 mm|lb|28,3393,0.1600098658532616,0.08024573273881198
Korea,lomefloxacin 0.02 mm|lb|28,3393,0.1565048299624588,0.07826147659057961
Korea,methylglyoxal 0.001 vol%|lb|28,3393,0.1517221917686074,0.0748236041873729
Korea,methylglyoxal 0.005 vol%|lb|28,3393,0.16655701014719387,0.0811135912206618
Korea,nag (c)|rch2_defined_nocarbon|30,6786,0.19863373386132385,0.09512463060020329
Korea,nalidixic 0.025 mg/ml|lb|28,3393,0.1413793396660376,0.07027241589488817
Korea,nalidixic 0.05 mg/ml|lb|28,3393,0.150939312623186,0.07553379137926078
Korea,nickel (ii) chloride 1.5 mm|lb|28,3393,0.1547516965063441,0.0763167235155973
Korea,nitrate 100 mm|lb|28,3393,0.16385296192836918,0.08168844433791402
Korea,nitrite 10 mm|lb|28,3393,0.1711599138603948,0.08433431487185203
Korea,nitrite 2.5 mm|lb|28,3393,0.1816355790164756,0.08913747627236179
Korea,nitrite 5 mm|lb|28,3393,0.1625640740988969,0.0795619510275111
Korea,"outer cut, lb soft agar motility assay|lb|30",6786,0.5451602498962242,0.26901364786330795
Korea,paraquat dichloride 0.035 mg/ml|lb|28,3393,0.1784519242890513,0.0862213901400665
Korea,paraquat dichloride 0.045 mg/ml|lb|28,3393,0.1496510555998472,0.0735208704264874
Korea,perchlorate 25 mm|lb|28,3393,0.1507113969906788,0.074981806383944
Korea,perchlorate 50 mm|lb|28,3393,0.1535075388166007,0.0764623484817223
Korea,phosphomycin 0.005 mg/ml|lb|28,3393,0.1598395348237904,0.07939945724840985
Korea,polymyxin b sulfate 0.05 mg/ml|lb|28,3393,0.1522154157412885,0.07416819773155181
Korea,polymyxin b sulfate 0.1 mg/ml|lb|28,3393,0.1753973698332404,0.08698997189358852
Korea,rifampicin 0.001 mg/ml|lb|28,3393,0.16219963174342938,0.08045177322636171
Korea,sisomicin 0.12 mg/ml|lb|28,3393,0.1716779075854079,0.084965305326695
Korea,sodium fluoride 10 mm|lb|28,3393,0.144304046840104,0.0716045173708433
Korea,spectinomycin 2 mg/ml|lb|25,3393,0.1459382214537232,0.07215090323251658
Korea,syringaldehyde 0.5 mm|lb|28,3393,0.1480740252563344,0.0728595640776368
Korea,syringaldehyde 1 mm|lb|28,3393,0.1504207375253877,0.0742275717261057
Korea,tetracycline 0.0005 mg/ml|lb|25,3393,0.15954864852985862,0.07829691336076623
Korea,tetracycline 0.001 mg/ml|lb|25,3393,0.1651151188449247,0.08168789052457258
Korea,tetracycline 0.002 mg/ml|lb|25,3393,0.17435026694307232,0.0869390166508251
Korea,thallium(i) acetate 0.005 mg/ml|lb|28,3393,0.1437573909967361,0.07128481131306579
Korea,thallium(i) acetate 0.01 mg/ml|lb|28,3393,0.1435710866854128,0.0706702159505359
Korea,vanillin 0.25 mm|lb|28,3393,0.150084112885507,0.0727466877483811
Korea,vanillin 1 mm|lb|28,3393,0.1422273506132905,0.0691471651879105
Korea,zinc 1.25 mm|lb|28,3393,0.14616863271415298,0.07212267783502765
Koxy,2'-deoxycytidine 10 mm (c)|rch2_defined_nocarbon|30,9216,0.36263567641706523,0.181972661878776
Koxy,2'-deoxycytidine 5 mm (c)|rch2_defined_nocarbon|30,9216,0.357434362768193,0.1783352890843607
Koxy,2'-deoxyinosine 10 mm (c)|rch2_defined_nocarbon|30,9216,0.33456057629909175,0.166568965862495
Koxy,2'-deoxyinosine 5 mm (c)|rch2_defined_nocarbon|30,9216,0.36533748579707703,0.181857250358312
Koxy,2-deoxy-d-ribonic lithium salt 10 mm (c)|rch2_defined_nocarbon|30,9216,0.42026542886579277,0.20791257176370834
Koxy,2-deoxyadenosine 4 mm (c)|rch2_defined_nocarbon|30,9216,0.3491186506350795,0.17436041436944566
Koxy,2-deoxyadenosine 5-monophosphate 5 mm (c)|rch2_defined_nocarbon|30,9216,0.3909575477452375,0.19283470967701877
Koxy,a-cyclodextrin (c)|rch2_defined_nocarbon|30,9216,0.31219420828551603,0.15612109491825832
Koxy,a22 0.1 mg/ml|lb|30,9216,0.2987845503678572,0.148618742735926
Koxy,acetate (c)|rch2_defined_nocarbon|30,9216,0.30765380866981573,0.15199414034915448
Koxy,adenosine (c)|rch2_defined_nocarbon|30,9216,0.2917610160438815,0.14528782475211702
Koxy,adenosine (n)|rch2_defined_glucose_nonitrogen|30,4608,0.36773986178590923,0.1827854524013082
Koxy,ammonium chloride (n)|rch2_defined_glucose_nonitrogen|30,9216,0.29448588145853527,0.14737088848747498
Koxy,casamino acids (n)|rch2_defined_glucose_nonitrogen|30,4608,0.4168509593847678,0.20909645752462602
Koxy,cephalothin 0.16 mg/ml|lb|30,9216,0.33244127462482276,0.16652836563399964
Koxy,chloramphenicol 0.001 mg/ml|lb|30,4608,0.4901873297830705,0.24490131470461912
Koxy,chloride 1000 mm|lb|30,9216,0.2844176291049125,0.142026503299484
Koxy,chlorite 2.5 mm|lb|30,4608,0.3914068388621228,0.19499014360025899
Koxy,cobalt chloride 0.5 mm|lb|30,9216,0.5444040606649327,0.271250883515206
Koxy,copper (ii) chloride 2 mm|lb|30,4608,0.32650563893434925,0.1638208408260871
Koxy,copper (ii) chloride 3 mm|lb|30,9216,0.2859034143898668,0.14213228770081388
Koxy,cytidine (c)|rch2_defined_nocarbon|30,9216,0.3171966752682743,0.15611136692616964
Koxy,cytidine (n)|rch2_defined_glucose_nonitrogen|30,9216,0.3182764181946695,0.1577444250391534
Koxy,cytosine (n)|rch2_defined_glucose_nonitrogen|30,9216,0.3884735949331932,0.19323709237891143
Koxy,"d,l-lactate (c)|rch2_defined_nocarbon|30",9216,0.2862427804528822,0.14331811589381
Koxy,"d,l-malic acid (c)|rch2_defined_nocarbon|30",9216,0.3452383156954443,0.1713733907289435
Koxy,d-alanine (c)|rch2_defined_nocarbon|30,9216,0.3591355955348997,0.1765782701885025
Koxy,d-alanine (n)|rch2_defined_glucose_nonitrogen|30,9216,0.405549543873871,0.20081949320868075
Koxy,d-cellobiose (c)|rch2_defined_nocarbon|30,9216,0.3088415509833395,0.152140004488496
Koxy,d-fructose (c)|rch2_defined_nocarbon|30,9216,0.31842329978836803,0.15901121079417543
Koxy,d-gluconic acid (c)|rch2_defined_nocarbon|30,9216,0.310804863096473,0.15420888897076418
Koxy,d-glucosamine hydrochloride (c)|rch2_defined_nocarbon|30,4608,0.2930314423419518,0.145900273748547
Koxy,d-glucose (c)|rch2_defined_nocarbon|30,9216,0.3088525250945877,0.1534958697782315
Koxy,d-glucose 20 mm (c)|rch2_defined_nocarbon|30,9216,0.35401276516546376,0.1774191254296155
Koxy,d-glucose-6-phosphate (c)|rch2_defined_nocarbon|30,9216,0.3215766268468627,0.15852300413023385
Koxy,d-lactate (c)|rch2_defined_nocarbon|30,9216,0.31682505471106703,0.15706166738531152
Koxy,d-maltose (c)|rch2_defined_nocarbon|30,9216,0.2922518122679575,0.14582926525305254
Koxy,d-raffinose (c)|rch2_defined_nocarbon|30,9216,0.3669844040931852,0.1826184178890255
Koxy,d-ribose (c)|rch2_defined_nocarbon|30,9216,0.30009311501201974,0.148825055528909
Koxy,d-salicin (c)|rch2_defined_nocarbon|30,9216,0.3277801901183832,0.163387027367988
Koxy,d-serine (c)|rch2_defined_nocarbon|30,9216,0.3057694260158518,0.151812094845313
Koxy,d-serine (n)|rch2_defined_glucose_nonitrogen|30,9216,0.37450451784989125,0.185321457880916
Koxy,d-sorbitol (c)|rch2_defined_nocarbon|30,9216,0.3018241497702827,0.14964058901307847
Koxy,d-trehalose (c)|rch2_defined_nocarbon|30,9216,0.2908362219141537,0.14470855722114268
Koxy,d-xylose (c)|rch2_defined_nocarbon|30,9216,0.2924408873965725,0.1461859708877333
Koxy,fusidic 0.5 mg/ml|lb|30,9216,0.27585957034085223,0.13802118110822198
Koxy,fusidic 1 mg/ml|lb|30,9216,0.3040561207503517,0.15205656445483817
Koxy,glucuronamide (n)|rch2_defined_glucose_nonitrogen|30,9216,0.5071772276871358,0.2520855782629272
Koxy,gly-dl-asp (n)|rch2_defined_glucose_nonitrogen|30,9216,0.40201385208395324,0.1993013621936218
Koxy,gly-glu (c)|rch2_defined_nocarbon|30,4608,0.5952032955775443,0.298654779599417
Koxy,glycerol (c)|rch2_defined_nocarbon|30,4608,0.317399711027043,0.15875373645229351
Koxy,glycine (n)|rch2_defined_glucose_nonitrogen|30,4608,0.41630034420704853,0.20937559642481207
Koxy,inosine (c)|rch2_defined_nocarbon|30,9216,0.3831809976517115,0.19081849554852312
Koxy,inosine (n)|rch2_defined_glucose_nonitrogen|30,4608,0.3103821536547865,0.15531083402516876
Koxy,l-alanine (c)|rch2_defined_nocarbon|30,9216,0.29968677192077897,0.14902679417781875
Koxy,l-alanine (n)|rch2_defined_glucose_nonitrogen|30,4608,0.30260322116731375,0.14959408579670358
Koxy,l-arginine (n)|rch2_defined_glucose_nonitrogen|30,9216,0.5129690731769193,0.25430927928190683
Koxy,l-asparagine (n)|rch2_defined_glucose_nonitrogen|30,9216,0.34057564404163276,0.17056816762306698
Koxy,l-aspartic (n)|rch2_defined_glucose_nonitrogen|30,4608,0.3602467895004813,0.1798996413200065
Koxy,l-citrulline (n)|rch2_defined_glucose_nonitrogen|30,4608,0.33574591048052327,0.16702351889750167
Koxy,l-cysteine (n)|rch2_defined_glucose_nonitrogen|30,9216,0.40003693401497126,0.20007019154235967
Koxy,l-fucose (c)|rch2_defined_nocarbon|30,9216,0.287217886038056,0.1428924193112865
Koxy,l-glutamic (n)|rch2_defined_glucose_nonitrogen|30,9216,0.3218999772883052,0.16100842857775333
Koxy,l-glutamine (c)|rch2_defined_nocarbon|30,4608,0.34488579425972177,0.1714156810077575
Koxy,l-glutamine (n)|rch2_defined_glucose_nonitrogen|30,9216,0.29727351834063653,0.14853019107994817
Koxy,l-histidine (n)|rch2_defined_glucose_nonitrogen|30,9216,0.31119918604914176,0.1554211134543825
Koxy,l-isoleucine (n)|rch2_defined_glucose_nonitrogen|30,9216,0.3335624263039355,0.1664694364755515
Koxy,l-lactate (c)|rch2_defined_nocarbon|30,9216,0.30880621370329875,0.1539073162702955
Koxy,l-leucine (n)|rch2_defined_glucose_nonitrogen|30,9216,0.3166959037010503,0.15822808857187373
Koxy,l-lysine (n)|rch2_defined_glucose_nonitrogen|30,9216,0.393716438646801,0.1967130816582675
Koxy,l-malic (c)|rch2_defined_nocarbon|30,9216,0.30947982887033654,0.152604516035393
Koxy,l-phenylalanine (n)|rch2_defined_glucose_nonitrogen|30,9216,0.39863785972890403,0.198710279044712
Koxy,l-proline (n)|rch2_defined_glucose_nonitrogen|30,9216,0.3438020994653863,0.171215317815334
Koxy,l-rhamnose (c)|rch2_defined_nocarbon|30,9216,0.30334036188305247,0.1501017420334671
Koxy,l-serine (n)|rch2_defined_glucose_nonitrogen|30,4608,0.4042704785048965,0.2009237322684578
Koxy,l-sorbose (c)|rch2_defined_nocarbon|30,9216,0.34680988214207126,0.1729797835233855
Koxy,l-threonine (n)|rch2_defined_glucose_nonitrogen|30,9216,0.3541238227321962,0.1760732664662951
Koxy,l-tryptophan (n)|rch2_defined_glucose_nonitrogen|30,9216,0.37346493439435074,0.187123411754924
Koxy,l-tyrosine (n)|rch2_defined_glucose_nonitrogen|30,4608,0.5388553945879501,0.2684540559734548
Koxy,l-valine (n)|rch2_defined_glucose_nonitrogen|30,4608,0.320199979907446,0.15995036177058808
Koxy,"lb, ph10|lb|30",4608,0.28767977161967023,0.1418572021325635
Koxy,"lb, ph5|lb|30",4608,0.3051738580353042,0.1515365321314723
Koxy,"lb, ph8|lb|30",4608,0.27618732867630424,0.13728617279242805
Koxy,"lb, ph9|lb|30",4608,0.2872584360182505,0.142621453963118
Koxy,lb|lb|30,23040,0.288468353390013,0.14435187887928802
Koxy,m-inositol (c)|rch2_defined_nocarbon|30,9216,0.29798762355138525,0.14812730571412394
Koxy,n-acetyl-d-glucosamine (n)|rch2_defined_glucose_nonitrogen|30,4608,0.35753673156690424,0.17940406399302344
Koxy,nickel (ii) chloride 1 mm|lb|30,4608,0.3178656287707915,0.15856611983058205
Koxy,nickel (ii) chloride 1.5 mm|lb|30,9216,0.32628550838871573,0.16387278453835952
Koxy,nitrate (n)|rch2_defined_glucose_nonitrogen|30,9216,0.39792390707888026,0.19978614067014144
Koxy,nitrite 20 mm|lb|30,9216,0.3532289055798425,0.1754053291385829
Koxy,nitrite 40 mm|lb|30,9216,0.2955612552726997,0.14764907774992153
Koxy,parabanic acid (n)|rch2_defined_glucose_nonitrogen|30,9216,0.310299949286709,0.1551089106978611
Koxy,paraquat dichloride 0.1 mg/ml|lb|30,9216,0.443834387363089,0.22081697802529998
Koxy,perchlorate 100 mm|lb|30,9216,0.34769346912666177,0.17398393468725848
Koxy,putrescine (n)|rch2_defined_glucose_nonitrogen|30,9216,0.32683255502285025,0.16207842844799303
Koxy,pyruvate (c)|rch2_defined_nocarbon|30,9216,0.305813804049456,0.15148848722997799
Koxy,r2a control|r2a|30,27648,0.25303165129696625,0.12497529574912758
Koxy,r2a with vogels_fungal_media 0.2x|r2a|30,27648,0.274045434398109,0.1361945188976235
Koxy,sisomicin 0.008 mg/ml|lb|30,9216,0.5442765341442115,0.2721370121755061
Koxy,succinate (c)|rch2_defined_nocarbon|30,9216,0.3595060561545965,0.17902696638557014
Koxy,"supernatant; trichoderma atroviride imi grown in vogels_fungal_media, filtered; 0.2x|r2a|30",27648,0.317732721433503,0.15699019983786544
Koxy,"supernatant; trichoderma atroviride imi tmk3mutant grown in vogels_fungal_media, filtered; 0.2x|r2a|30",13824,0.2830419633266295,0.140906118284293
Koxy,thymidine (n)|rch2_defined_glucose_nonitrogen|30,9216,0.387430091813618,0.19295054994355199
Koxy,thymine (n)|rch2_defined_glucose_nonitrogen|30,4608,0.5744177388072844,0.2786574183444167
Koxy,trisodium citrate (c)|rch2_defined_nocarbon|30,9216,0.3052092238536688,0.15154909897851315
Koxy,urea (n)|rch2_defined_glucose_nonitrogen|30,9216,0.30668499270675476,0.15358901958868598
Koxy,uridine (n)|rch2_defined_glucose_nonitrogen|30,9216,0.4862669515145465,0.24110938465405177
MR1,1-ethyl-3-methylimidazolium acetate 20 mm|lb|30,7564,0.33080233163620953,0.16229876938062965
MR1,1-ethyl-3-methylimidazolium chloride 40 mm|lb|30,7564,0.2126145926875121,0.10356787397671274
MR1,1-ethyl-3-methylimidazolium chloride 80 mm|lb|30,7564,0.24135672517755058,0.11995781705414399
MR1,2-furfuraldehyde 0.0625 vol%|lb|30,3782,0.2391991891981128,0.1180197470428682
MR1,5-hydroxymethylfurfural 10 mm|lb|30,3782,0.22982109700183273,0.11318692687157911
MR1,5-hydroxymethylfurfural 15 mm|lb|30,3782,0.2632884688948842,0.128846287825893
MR1,a22 0.003 mg/ml|lb|30,3782,0.19271115451669263,0.09680041964521224
MR1,a22 0.01 mg/ml|lb|30,3782,0.19323889686738455,0.09478140512879416
MR1,acetate 50 mm|lb|30,7564,0.25336560374993666,0.1243464879352348
MR1,adenosine (c)|shewmm_nocarbon|30,7564,0.24732651855542173,0.1215570682938012
MR1,aluminum chloride 1 mm|lb|30,3782,0.19137463962838713,0.09294284614049575
MR1,aluminum chloride 4 mm|lb|30,3782,0.2251543934134633,0.11300311208251751
MR1,ammonium chloride (n)|shewmm_nonitrogen|30,15128,0.25146229760323724,0.12265050897437976
MR1,bacitracin 0.25 mg/ml|lb|30,3782,0.23724908000054448,0.11539184927003646
MR1,bacitracin 0.5 mg/ml|lb|30,3782,0.3051973192610278,0.14855974101136799
MR1,benzalkonium chloride 0.002 mg/ml|lb|30,7564,0.21182733382543856,0.10214932692473695
MR1,benzalkonium chloride 0.004 mg/ml|lb|30,3782,0.327619058125026,0.15896431566480146
MR1,benzethonium chloride 0.005 mm|lb|30,3782,0.18800877849261133,0.093160517709126
MR1,benzethonium chloride 0.01 mm|lb|30,3782,0.1987004466023982,0.09689208463027704
MR1,benzoic 0.29 mg/ml|lb|30,3782,0.2060187120888696,0.10099162501109485
MR1,benzoic 0.4 mg/ml|lb|30,3782,0.22205765414513207,0.10780758711622114
MR1,carbenicillin 0.008 mg/ml|lb|30,3782,0.5144881297841133,0.25705081553293996
MR1,casaminos (c)|shewmm_nocarbon|30,7564,0.203568139096803,0.1012033030588241
MR1,chloramphenicol 0.0002 mg/ml|lb|30,3782,0.20000051502141114,0.09823374971317515
MR1,chloramphenicol 0.0004 mg/ml|lb|30,3782,0.1792974250272192,0.0889100876271614
MR1,chloride 250 mm|lb|30,3782,0.20522129163392133,0.10033337224556729
MR1,chloride 350 mm|lb|30,3782,0.20993264655239519,0.1038791730528084
MR1,chlorite 0.08 mm|lb|30,3782,0.19906138653602706,0.09819584138763049
MR1,chlorite 0.32 mm|lb|30,3782,0.20805290874827892,0.1013460649525521
MR1,chlorite 0.64 mm|lb|30,3782,0.2286223577904185,0.10952988721758922
MR1,cholin acetate 20 mm|lb|30,7564,0.2165353800453432,0.10608949376572979
MR1,choline chloride 150 mm|lb|30,7564,0.2544925953563222,0.1237727589109969
MR1,choline lysine 20 mm|lb|30,7564,0.2704667052142323,0.1318523570263683
MR1,cisplatin 0.002 mg/ml|lb|30,3782,0.29213610927037503,0.14466414371373948
MR1,cisplatin 0.004 mg/ml|lb|30,3782,0.44832481933078705,0.21880652358096858
MR1,cobalt chloride 0.04 mm|lb|30,3782,0.25303519880239145,0.124933927845654
MR1,cobalt chloride 0.055 mm|lb|30,3782,0.6144747077939243,0.30633586914814404
MR1,copper (ii) chloride 0.32 mm|lb|30,3782,0.19335453928977875,0.0944582511055043
MR1,copper (ii) chloride 0.64 mm|lb|30,3782,0.20258247777216742,0.09972638602802548
MR1,cytidine (c)|shewmm_nocarbon|30,7564,0.357807219833028,0.17532774893555844
MR1,"d,l-lactate (c)|shewmm_nocarbon|30",3782,0.3743047408702545,0.18560666525644148
MR1,d-cycloserine 0.03125 mg/ml|lb|30,3782,0.22368132224747794,0.10803292480033239
MR1,dimethyl sulfoxide 7.5 vol%|lb|30,3782,0.20682870737422185,0.10246636282034516
MR1,doxycycline hyclate 0.0001 mg/ml|lb|30,3782,0.19179420170345587,0.095252544624641
MR1,fusidic 0.0625 mg/ml|lb|30,3782,0.19696998962591228,0.09479231050526915
MR1,fusidic 0.125 mg/ml|lb|30,3782,0.239751946054233,0.1183682562338539
MR1,gelatin (c)|shewmm_nocarbon|30,7564,0.28082293161627525,0.138264600013508
MR1,gentamicin 0.005 mg/ml|lb|30,3782,0.25437382260879116,0.1259688097723485
MR1,gly-dl-asp (c)|shewmm_nocarbon|30,7564,0.356870594871389,0.17845697166075103
MR1,gly-glu (c)|shewmm_nocarbon|30,7564,0.362684035194912,0.1798440410071935
MR1,glycine (n)|shewmm_nonitrogen|30,7564,0.282512592391298,0.14177712006299945
MR1,inosine (c)|shewmm_nocarbon|30,7564,0.24936266553635694,0.1235605063631812
MR1,l-alanine (n)|shewmm_nonitrogen|30,7564,0.4464433467353757,0.22073082249434756
MR1,l-arginine (n)|shewmm_nonitrogen|30,7564,0.24352197224419517,0.121465697821033
MR1,l-asparagine (n)|shewmm_nonitrogen|30,7564,0.3008942893509787,0.14941912316416217
MR1,l-aspartic acid (n)|shewmm_nonitrogen|30,7564,0.275263415915288,0.13469302597559352
MR1,l-glutamic (n)|shewmm_nonitrogen|30,7564,0.33774751958923876,0.167639091664803
MR1,l-glutamine (c)|shewmm_nocarbon|30,7564,0.28951363001534847,0.14416650125639302
MR1,l-glutamine (n)|shewmm_nonitrogen|30,7564,0.29285919509802827,0.14538128920150692
MR1,l-histidine (n)|shewmm_nonitrogen|30,7564,0.33975648431155825,0.167395483288344
MR1,l-isoleucine (c)|shewmm_nocarbon|30,7564,0.6085962140493892,0.2999500892529603
MR1,l-isoleucine (n)|shewmm_nonitrogen|30,7564,0.23602107852309812,0.11570089433111351
MR1,l-lactate (c)|shewmm_nocarbon|30,7564,0.2764774832436825,0.13467452770133015
MR1,l-leucine (n)|shewmm_nonitrogen|30,3782,0.39415362329765224,0.1950556786136585
MR1,l-lysine 100 mm|lb|30,7564,0.26181354074532903,0.12689441529075396
MR1,l-lysine 50 mm|lb|30,7564,0.22956019862527527,0.1127987340835635
MR1,l-methionine (n)|shewmm_nonitrogen|30,7564,0.5865664805446942,0.2857853229999282
MR1,l-phenylalanine (n)|shewmm_nonitrogen|30,7564,0.3735565787531415,0.18526595882027813
MR1,l-serine (n)|shewmm_nonitrogen|30,7564,0.462143897629706,0.2311313876946965
MR1,l-threonine (n)|shewmm_nonitrogen|30,7564,0.43099606736784846,0.211995998810733
MR1,lb 10c|lb|10,3782,0.23106948792768098,0.11252442210081555
MR1,lb 20c|lb|20,3782,0.20687551167841695,0.10009786921170949
MR1,lb 25c|lb|25,3782,0.20953997043165262,0.10369261986791846
MR1,lb 30c|lb|30,3782,0.21249194619136674,0.1044630990655825
MR1,lb|lb|30,52948,0.20187640654182376,0.0990781188488051
MR1,lomefloxacin 0.0002 mm|lb|30,3782,0.272308804932629,0.13647402751166
MR1,m1 center|lb|30,3782,0.5856190561866538,0.2816258835428379
MR1,m2 center|lb|30,3782,0.49745230905876875,0.2397907830233345
MR1,m5 outer|lb|30,3782,0.7473573259059818,0.3533324937400759
MR1,methylglyoxal 0.004 vol%|lb|30,3782,0.25351862744249415,0.1269117113882549
MR1,methylglyoxal 0.008 vol%|lb|30,3782,0.2714430803900005,0.1346120626720405
MR1,minimal 10c|shewmm|10,3782,0.26107578605034476,0.125035621645185
MR1,minimal 20c|shewmm|20,3782,0.2686259937856898,0.1319251973580445
MR1,minimal 25c|shewmm|25,3782,0.24504936732707788,0.11957582756504515
MR1,minimal 30c|shewmm|30,3782,0.2705284577344795,0.1294514636533065
MR1,nag (c)|shewmm_nocarbon|30,7564,0.2903329999865307,0.14011002369571152
MR1,nag (n)|shewmm_nonitrogen|30,7564,0.49057233036755477,0.242169759064611
MR1,nickel (ii) chloride 0.2 mm|lb|30,3782,0.23239183592807916,0.1129583916986695
MR1,nickel (ii) chloride 0.25 mm|lb|30,3782,0.22023716157657644,0.1075386979530028
MR1,nickel (ii) chloride 0.4 mm|lb|30,3782,0.37439743175722323,0.18670789215448402
MR1,nitrate 200 mm|lb|30,3782,0.2215128372348652,0.10908718522812699
MR1,nitrite 10 mm|lb|30,3782,0.2401567611889895,0.11773645463560455
MR1,nitrite 2.5 mm|lb|30,3782,0.20021133650460665,0.09951387609137395
MR1,nitrite 5 mm|lb|30,3782,0.2229647294476082,0.11113085380894965
MR1,paraquat dichloride 0.125 mg/ml|lb|30,3782,0.20343774553215063,0.09820038086564631
MR1,paraquat dichloride 0.25 mg/ml|lb|30,3782,0.23946973367161412,0.11804688869652999
MR1,paraquat dichloride 0.5 mg/ml|lb|30,3782,0.33016520500949775,0.164435584371135
MR1,perchlorate 50 mm|lb|30,3782,0.21960007254001046,0.1076170323545565
MR1,propionate (c)|shewmm_nocarbon|30,7564,0.383716913162654,0.1908651469954477
MR1,putrescine (n)|shewmm_nonitrogen|30,7564,0.2683731260868587,0.13019505437051532
MR1,pyruvate (c)|shewmm_nocarbon|30,7564,0.26721249226808674,0.13134725156128818
MR1,rch2_defined|rch2_defined|30,3782,0.29271947797245174,0.141090370924721
MR1,shewmm_mes_buffer|shewmm_mes_buffer|30,7564,0.25865181230710954,0.12644360064453503
MR1,shewmm|shewmm|30,7564,0.2584527648920336,0.1238160508111613
MR1,sodium fluoride 100 mm|lb|30,3782,0.20833899206321116,0.10384440257167041
MR1,sodium fluoride 50 mm|lb|30,3782,0.19708368724122982,0.09632215495444225
MR1,spectinomycin 0.025 mg/ml|lb|30,3782,0.19627559626596397,0.0977364452930681
MR1,syringaldehyde 1 mm|lb|30,3782,0.23824207373979756,0.11611447671488151
MR1,syringaldehyde 2.5 mm|lb|30,3782,0.2277450903505533,0.11322946903743655
MR1,tetracycline 0.0004 mg/ml|lb|30,3782,0.2004899151623572,0.09691836951290035
MR1,thallium(i) acetate 0.008 mg/ml|lb|30,3782,0.1997581157352305,0.0981725784524233
MR1,tween 20 (c)|shewmm_nocarbon|30,7564,0.2689278513437039,0.13270293823432816
MR1,uridine (c)|shewmm_nocarbon|30,7564,0.3216296719281095,0.1582437201477419
MR1,vancomycin 0.03 mg/ml|lb|30,3782,0.2263631533274006,0.11087814951093845
MR1,vancomycin 0.06 mg/ml|lb|30,3782,0.2804282698743542,0.13776841784937624
MR1,vanillin 1 mm|lb|30,3782,0.2262779164441137,0.11166213681912544
MR1,vanillin 2.5 mm|lb|30,3782,0.263184561537202,0.1278391814382529
MR1,zinc 0.625 mm|lb|30,3782,0.2283549187660049,0.11239694331863975
Magneto,150_an_nonmag_1|mg minimal media_noiron|30,3221,0.5198485151961,0.2553153357194575
Magneto,150_an_nonmag_2|mg minimal media_noiron|30,3221,0.475044481734646,0.2347531621372592
Magneto,150_an_nonmag_3|mg minimal media_noiron|30,3221,0.430586971109962,0.20440200281750132
Magneto,150_initial_1|mg minimal media_noiron|30,3221,0.22385203460752057,0.1108151624559679
Magneto,150_initial_2|mg minimal media_noiron|30,3221,0.23834073714790752,0.1167729635584346
Magneto,150_initial_3|mg minimal media_noiron|30,3221,0.2271712909481623,0.11191551056056309
Magneto,150_mag_1|mg minimal media_noiron|30,3221,0.2392378846080454,0.11845408125965871
Magneto,150_mag_2|mg minimal media_noiron|30,3221,0.2385840369576373,0.1184806770398393
Magneto,150_mag_3|mg minimal media_noiron|30,3221,0.2201450340253104,0.11075739941822209
Magneto,150_nonmag_1|mg minimal media_noiron|30,3221,0.270770729471113,0.13572081657611176
Magneto,150_nonmag_2|mg minimal media_noiron|30,3221,0.543088932539186,0.26618769756972893
Magneto,150_nonmag_3|mg minimal media_noiron|30,3221,0.334851286497594,0.16718138770961047
Magneto,30_an_initial_1|mg minimal media_noiron|30,3221,0.33362288809758445,0.1601310344589936
Magneto,30_an_initial_2|mg minimal media_noiron|30,3221,0.336997321758281,0.16123994314852708
Magneto,30_an_initial_3|mg minimal media_noiron|30,3221,0.3271476193681106,0.15691126183342022
Magneto,30_an_mag_1|mg minimal media_noiron|30,3221,0.34725063947894097,0.1623939025140572
Magneto,30_an_mag_2|mg minimal media_noiron|30,3221,0.344704484029444,0.1646234456072286
Magneto,30_an_mag_3|mg minimal media_noiron|30,3221,0.344853372672019,0.16613266336988392
Magneto,30_an_nonmag_1|mg minimal media_noiron|30,3221,0.602351943656541,0.2946718779480931
Magneto,30_an_nonmag_2|mg minimal media_noiron|30,3221,0.471700708827599,0.22949484289504668
Magneto,30_an_nonmag_3|mg minimal media_noiron|30,3221,0.479161582310178,0.23145443304323132
Magneto,30_initial_1|mg minimal media_noiron|30,3221,0.2217208186705405,0.10970034542805934
Magneto,30_initial_2|mg minimal media_noiron|30,3221,0.22961395732530732,0.1119521380989455
Magneto,30_initial_3|mg minimal media_noiron|30,3221,0.2206680346709346,0.1081333046649094
Magneto,30_mag_1|mg minimal media_noiron|30,3221,0.2269833429955821,0.1125560528344511
Magneto,30_mag_2|mg minimal media_noiron|30,3221,0.233368848544077,0.11505145527518268
Magneto,30_mag_3|mg minimal media_noiron|30,3221,0.22577092239907903,0.11302256252784354
Magneto,30_nonmag_1|mg minimal media_noiron|30,3221,0.254398687300826,0.1268980478035504
Magneto,30_nonmag_2|mg minimal media_noiron|30,3221,0.347897997793,0.1732892189709537
Magneto,30_nonmag_3|mg minimal media_noiron|30,3221,0.289419024534749,0.14404799299067558
Magneto,an_mag_3|mg minimal media_noiron|30,3221,0.576527660834766,0.2727567802909377
Magneto,carbonsource_all|mg minimal media|30,3221,0.334261406413491,0.1674005766135015
Magneto,carbonsource_succinate|mg minimal media_nocarbon|30,3221,0.2230184461124702,0.11112136597515529
Magneto,without_iron1|mg minimal media_noiron|30,3221,0.2097461470426897,0.1037698191712986
Magneto,without_iron2|mg minimal media_noiron|30,3221,0.2068139371958371,0.1043448837493218
Magneto,without_iron3|mg minimal media_noiron|30,3221,0.2057672037795592,0.10230549046882327
Marino,a-ketoglutaric (c)|dinomm_nocarbon_highnutrient|30,7300,0.5041272571721572,0.25340335394596747
Marino,a-ketoglutaric|dinomm_nocarbon|30,3650,0.5216978736233882,0.260052473402525
Marino,acetate (c)|dinomm_nocarbon_highnutrient|30,14600,0.3566585304890705,0.17842661082480554
Marino,acetate|dinomm_nocarbon|30,3650,0.34781665925704397,0.17406450646849692
Marino,ammonium chloride (n)|dinomm_nonitrogen_highnutrient|30,3650,0.19971928609765488,0.1001897355297604
Marino,casaminos as (n)|dinomm_alphaketoglutacid_nonitrogen|30,3650,0.4999484768351652,0.25097726341111715
Marino,casaminos|dinomm_nocarbon_highnutrient|30,7300,0.24468212164140052,0.1223455866527355
Marino,casaminos|dinomm_nocarbon|30,3650,0.30930879495726105,0.1533008019689675
Marino,"d,l-lactate (c)|dinomm_nocarbon_highnutrient|30",14600,0.224406319295294,0.1124753415858625
Marino,"d,l-lactate|dinomm_nocarbon|30",3650,0.20916060902290956,0.10399795594217845
Marino,d-alanine (n)|dinomm_nonitrogen_highnutrient|30,7300,0.2284600979660595,0.11355191773147065
Marino,d-alanine as (n)|dinomm_alphaketoglutacid_nonitrogen|30,7300,0.49774385937118476,0.248813308074265
Marino,d-alanine|dinomm_nocarbon_highnutrient|30,7300,0.27146921133019475,0.13551032734035065
Marino,d-glucosamine hydrochloride (n)|dinomm_nonitrogen_highnutrient|30,3650,0.35065066599125927,0.1747177617403295
Marino,d-glucosamine hydrochloride as (n)|dinomm_alphaketoglutacid_nonitrogen|30,3650,0.581445680242226,0.29188455950466496
Marino,d-lactate|dinomm_nocarbon|30,3650,0.23664923897023,0.11848289590039901
Marino,d-trehalose|dinomm_nocarbon_highnutrient|30,7300,0.45076742201200876,0.22504946483257326
Marino,dinomm minimal media with l-arginine|dinomm_l_lactatecarbon_highnutrient|30,3650,0.5273394159628517,0.2631432943752341
Marino,dinomm minimal media with l-histidine|dinomm_l_lactatecarbon_highnutrient|30,7300,0.2965993565693393,0.14827108255021484
Marino,dinomm minimal media|dinomm_l_lactatecarbon_highnutrient|30,7300,0.41564271923534446,0.20757637676905122
Marino,ethanol|dinomm_nocarbon_highnutrient|30,7300,0.338554398295724,0.16742460975076962
Marino,fumarate (c)|dinomm_nocarbon_highnutrient|30,10950,0.45104639499843624,0.22567096852673552
Marino,fumarate|dinomm_nocarbon|30,3650,0.39531138817984024,0.1985555474847565
Marino,glycerol|dinomm_nocarbon_highnutrient|30,7300,0.26647586406852475,0.132616564056469
Marino,glycine (n)|dinomm_nonitrogen_highnutrient|30,3650,0.23821677750098424,0.11902222575263349
Marino,l-alanine as (n)|dinomm_alphaketoglutacid_nonitrogen|30,7300,0.48149066034313626,0.24040768364480214
Marino,l-arginine (n)|dinomm_nonitrogen_highnutrient|30,7300,0.20172314991980236,0.1002901567705686
Marino,l-arginine as (n)|dinomm_alphaketoglutacid_nonitrogen|30,3650,0.572191948078594,0.28522329798989654
Marino,l-citrulline as (n)|dinomm_alphaketoglutacid_nonitrogen|30,3650,0.5349062590777822,0.2680007540620332
Marino,l-glutamic as (n)|dinomm_alphaketoglutacid_nonitrogen|30,7300,0.4434942499831207,0.2216337343810385
Marino,l-glutamic|dinomm_nocarbon|30,3650,0.445007328663651,0.2221602004545245
Marino,l-glutamine (n)|dinomm_nonitrogen_highnutrient|30,7300,0.21796403669774125,0.10841044597280731
Marino,l-glutamine as (n)|dinomm_alphaketoglutacid_nonitrogen|30,7300,0.36508239328777176,0.18261834027413548
Marino,l-isoleucine as (n)|dinomm_alphaketoglutacid_nonitrogen|30,7300,0.27094103752137977,0.135550827218192
Marino,l-lactate (c)|dinomm_nocarbon_highnutrient|30,14600,0.233750209492908,0.11678286562430851
Marino,l-lactate|dinomm_nocarbon|30,3650,0.22701345102953424,0.11347247709197039
Marino,l-leucine as (n)|dinomm_alphaketoglutacid_nonitrogen|30,7300,0.37831820071779176,0.189186686910308
Marino,l-malic|dinomm_nocarbon_highnutrient|30,7300,0.3194150724289525,0.1587491098305555
Marino,l-malic|dinomm_nocarbon|30,3650,0.2589112651550925,0.12926670838721896
Marino,l-phenylalanine (n)|dinomm_nonitrogen_highnutrient|30,7300,0.2289091511053215,0.1144258456669685
Marino,l-phenylalanine as (n)|dinomm_alphaketoglutacid_nonitrogen|30,7300,0.35220155916858475,0.1761719917928765
Marino,l-phenylalanine|dinomm_nocarbon_highnutrient|30,7300,0.4489776110056898,0.22465753193390298
Marino,l-proline (n)|dinomm_nonitrogen_highnutrient|30,7300,0.2108851466228045,0.10527594268284149
Marino,l-proline as (n)|dinomm_alphaketoglutacid_nonitrogen|30,7300,0.33976523771150824,0.16972792443984402
Marino,l-proline|dinomm_nocarbon_highnutrient|30,3650,0.3302748817049005,0.1652072735864405
Marino,l-proline|dinomm_nocarbon|30,3650,0.239382673307174,0.118659576029452
Marino,m.b. 1-ethyl-3-methylimidazolium acetate 15 mm|marine_broth_2216|30,3650,0.45975095612615,0.2300952640483636
Marino,m.b. 1-ethyl-3-methylimidazolium chloride 7.5 mm|marine_broth_2216|30,3650,0.3191254533357998,0.158760238602979
Marino,m.b. 1-ethyl-3-methylimidazolium lysine 5 mm|marine_broth_2216|30,7300,0.22531226393483625,0.11274763808431261
Marino,m.b. 25c|marine_broth_2216|25,3650,0.2186506999972283,0.1082986720293538
Marino,m.b. 30c|marine_broth_2216|30,3650,0.249844600776843,0.1250372958605135
Marino,m.b. 37c|marine_broth_2216|37,3650,0.358451050692971,0.17961168147922174
Marino,m.b. 40c|marine_broth_2216|40,3650,0.2516110698248459,0.1252830153175862
Marino,m.b. 5-hydroxymethylfurfural 2.5 mm|marine_broth_2216|25,3650,0.1984761558804378,0.09930876349952515
Marino,m.b. 5-hydroxymethylfurfural 5 mm|marine_broth_2216|25,3650,0.1938508210706379,0.09697149424980564
Marino,m.b. a22 0.04 mg/ml|marine_broth_2216|25,3650,0.1707573130107534,0.08593648493331887
Marino,m.b. a22 0.04 mg/ml|marine_broth_2216|30,3650,0.24383954287189827,0.12177599590955113
Marino,m.b. a22 0.08 mg/ml|marine_broth_2216|25,7300,0.17317254435238055,0.08625667957158045
Marino,m.b. acetate 175 mm|marine_broth_2216|30,7300,0.2655563662858355,0.1328567075017385
Marino,m.b. acetate 87.5 mm|marine_broth_2216|30,7300,0.2828985014947275,0.1414773321183768
Marino,m.b. aluminum chloride 1 mm|marine_broth_2216|25,7300,0.248884606080751,0.124272164196396
Marino,m.b. bacitracin 0.5 mg/ml|marine_broth_2216|25,7300,0.19063962531103756,0.09528257896830303
Marino,m.b. bacitracin 0.5 mg/ml|marine_broth_2216|30,3650,0.296980003462551,0.148193996466562
Marino,m.b. bacitracin 1 mg/ml|marine_broth_2216|25,7300,0.19112231829654838,0.0945309703339755
Marino,m.b. benzalkonium chloride 0.001 mg/ml|marine_broth_2216|30,3650,0.32583790841268223,0.161078520984403
Marino,m.b. benzalkonium chloride 0.004 mg/ml|marine_broth_2216|25,7300,0.2678929237264665,0.1313007349573195
Marino,m.b. benzethonium chloride 0.025 mm|marine_broth_2216|25,7300,0.3920787699498725,0.19546885233418498
Marino,m.b. benzethonium chloride 0.025 mm|marine_broth_2216|30,3650,0.4140072325616907,0.20479694251320452
Marino,m.b. benzoic 0.29 mg/ml|marine_broth_2216|25,3650,0.2534200685037785,0.126753606008698
Marino,m.b. benzoic 0.29 mg/ml|marine_broth_2216|30,3650,0.263374494939748,0.13002483958278194
Marino,m.b. carbenicillin 0.004 mg/ml|marine_broth_2216|30,3650,0.262226435119365,0.130270051166447
Marino,m.b. ceftazidime 0.008 mg/ml|marine_broth_2216|30,3650,0.2909607084028295,0.14602881337246748
Marino,m.b. ceftazidime 0.032 mg/ml|marine_broth_2216|25,7300,0.17543099799246684,0.08752732977918798
Marino,m.b. ceftazidime 0.032 mg/ml|marine_broth_2216|30,3650,0.2747813006218613,0.13748502862248177
Marino,m.b. cephalothin 0.01 mg/ml|marine_broth_2216|25,7300,0.17994258726667456,0.08985272120612595
Marino,m.b. cephalothin 0.01 mg/ml|marine_broth_2216|30,3650,0.1937911027155792,0.0968443307420731
Marino,m.b. chloramphenicol 0.0002 mg/ml|marine_broth_2216|30,3650,0.40794537603796677,0.20402492629589983
Marino,m.b. chloramphenicol 0.0004 mg/ml|marine_broth_2216|30,3650,0.33579195233437176,0.165913789266331
Marino,m.b. chloride 1000 mm|marine_broth_2216|30,3650,0.23829421896502773,0.119869768756237
Marino,m.b. chlorite 0.08 mm|marine_broth_2216|25,3650,0.2507494122738598,0.12527396046522937
Marino,m.b. chlorite 0.08 mm|marine_broth_2216|30,3650,0.2653763247869837,0.13268699567184342
Marino,m.b. chlorite 0.16 mm|marine_broth_2216|30,3650,0.30807595289727496,0.15413582695563685
Marino,m.b. cholin acetate 153.15 mm|marine_broth_2216|25,7300,0.20504517833203834,0.10216774525594492
Marino,m.b. cholin acetate 153.15 mm|marine_broth_2216|30,7300,0.34196550574462403,0.17077171520215062
Marino,m.b. cholin acetate 76.57 mm|marine_broth_2216|30,7300,0.23143418020259848,0.1151709540412205
Marino,m.b. choline chloride 358.1 mm|marine_broth_2216|25,7300,0.44192811736931276,0.21786224117921799
Marino,m.b. choline lysine 10 mm|marine_broth_2216|30,7300,0.2530954694666543,0.125783214480641
Marino,m.b. cisplatin 0.025 mg/ml|marine_broth_2216|25,7300,0.37032367780564945,0.186334966493224
Marino,m.b. cisplatin 0.025 mg/ml|marine_broth_2216|30,3650,0.3284333577245815,0.16409881663063863
Marino,m.b. cobalt chloride 0.32 mm|marine_broth_2216|30,18250,0.1996343935873353,0.09981710171354866
Marino,m.b. cobalt chloride 0.64 mm|marine_broth_2216|30,3650,0.25014046854523025,0.12506450002443234
Marino,m.b. copper (ii) chloride 1 mm|marine_broth_2216|30,18250,0.175981196884261,0.0876246682516646
Marino,m.b. d-cycloserine 0.032 mg/ml|marine_broth_2216|30,3650,0.3315914711138775,0.16740739749828337
Marino,m.b. d-cycloserine 0.064 mg/ml|marine_broth_2216|30,3650,0.3867597756792023,0.19326694254940496
Marino,m.b. dimethyl sulfoxide 5 vol%|marine_broth_2216|30,3650,0.26849790207194674,0.1344674294456282
Marino,m.b. dimethyl sulfoxide 7.5 vol%|marine_broth_2216|25,7300,0.19099047974621255,0.0952286697883231
Marino,m.b. dimethyl sulfoxide 7.5 vol%|marine_broth_2216|30,3650,0.2713652832912273,0.13368472731843145
Marino,m.b. dimethyl sulfoxide 9 vol%|marine_broth_2216|25,7300,0.19316257382390456,0.0958364008001719
Marino,m.b. doxycycline hyclate 0.032 mg/ml|marine_broth_2216|30,3650,0.3382792765752545,0.169284407131355
Marino,m.b. furfuryl alcohol 0.125 vol%|marine_broth_2216|25,7300,0.20965717338147644,0.10352325698829964
Marino,m.b. furfuryl alcohol 0.125 vol%|marine_broth_2216|30,3650,0.28294710092312025,0.14203090428570048
Marino,m.b. fusidic 0.03 mg/ml|marine_broth_2216|25,3650,0.17282941903829846,0.0864740561493571
Marino,m.b. fusidic 0.03 mg/ml|marine_broth_2216|30,3650,0.28257861805822027,0.13745382370631926
Marino,m.b. methylglyoxal 0.008 vol%|marine_broth_2216|25,3650,0.19706022143152796,0.09858004033058174
Marino,m.b. methylglyoxal 0.008 vol%|marine_broth_2216|30,3650,0.38181743101476173,0.191347433720502
Marino,m.b. nalidixic 0.016 mg/ml|marine_broth_2216|30,3650,0.4585720949393842,0.22903857447662734
Marino,m.b. nalidixic 0.032 mg/ml|marine_broth_2216|25,7300,0.20500256587076165,0.10240396720512955
Marino,m.b. nickel (ii) chloride 1 mm|marine_broth_2216|30,18250,0.19587340215455362,0.09796662201657494
Marino,m.b. nitrite 10 mm|marine_broth_2216|25,7300,0.223704478378107,0.11186384976245223
Marino,m.b. nitrite 10 mm|marine_broth_2216|30,3650,0.24960950906951626,0.12408766846056199
Marino,m.b. nitrite 20 mm|marine_broth_2216|30,3650,0.23109938823943843,0.11441757675112679
Marino,m.b. paraquat dichloride 0.002 mg/ml|marine_broth_2216|25,7300,0.2539694867126845,0.127106545039676
Marino,m.b. paraquat dichloride 0.002 mg/ml|marine_broth_2216|30,3650,0.29875002679615875,0.1484883434187304
Marino,m.b. paraquat dichloride 0.0075 mg/ml|marine_broth_2216|30,3650,0.4563584776524702,0.2271381303577275
Marino,m.b. perchlorate 100 mm|marine_broth_2216|30,3650,0.298247592537893,0.14873135216361724
Marino,m.b. perchlorate 50 mm|marine_broth_2216|25,7300,0.28414896740475776,0.14172425087764154
Marino,m.b. perchlorate 50 mm|marine_broth_2216|30,3650,0.28528132142117124,0.1451929989005945
Marino,m.b. ph10|marine_broth_2216|30,7300,0.318674767609738,0.159523342562033
Marino,m.b. ph6.5|marine_broth_2216|30,3650,0.20769049116767085,0.10345197501625944
Marino,m.b. ph6|marine_broth_2216|30,7300,0.21386810661492173,0.106559367493339
Marino,m.b. ph7|marine_broth_2216|30,7300,0.21860926963219082,0.10884501001843146
Marino,m.b. ph9|marine_broth_2216|30,3650,0.214444496407859,0.10669617209035061
Marino,m.b. phosphomycin 0.5 mg/ml|marine_broth_2216|30,3650,0.23282392319938475,0.1156900942862815
Marino,m.b. phosphomycin 1 mg/ml|marine_broth_2216|25,7300,0.17731129083356448,0.0885454810159039
Marino,m.b. phosphomycin 1 mg/ml|marine_broth_2216|30,3650,0.246996431333818,0.12345701039302051
Marino,m.b. polymyxin b sulfate 0.0004 mg/ml|marine_broth_2216|25,7300,0.2656457424364045,0.1321645575519465
Marino,m.b. sisomicin 0.004 mg/ml|marine_broth_2216|25,7300,0.17935334843828654,0.0894281916144056
Marino,m.b. sisomicin 0.008 mg/ml|marine_broth_2216|25,7300,0.2658982127003127,0.1322240207842254
Marino,m.b. syringaldehyde 0.3125 mm|marine_broth_2216|30,3650,0.28129156955071977,0.1407226219944035
Marino,m.b. syringaldehyde 1.25 mm|marine_broth_2216|25,3650,0.19542183564450305,0.096844322938796
Marino,m.b. tetracycline 0.0125 mg/ml|marine_broth_2216|30,3650,0.345729074340962,0.1733067896313945
Marino,m.b. tetracycline 0.025 mg/ml|marine_broth_2216|25,7300,0.1786345968938649,0.08919700699442
Marino,m.b. tetracycline 0.025 mg/ml|marine_broth_2216|30,3650,0.28708958215723573,0.1440213761676919
Marino,m.b. thallium(i) acetate 0.008 mg/ml|marine_broth_2216|30,3650,0.25476337660604,0.12751801129411094
Marino,m.b. thallium(i) acetate 0.016 mg/ml|marine_broth_2216|25,7300,0.27418223285280496,0.13689137996128348
Marino,m.b. thallium(i) acetate 0.016 mg/ml|marine_broth_2216|30,3650,0.30964527635441474,0.15496352358106946
Marino,m.b. vancomycin 0.5 mg/ml|marine_broth_2216|30,3650,0.24462572679448474,0.12213188300941374
Marino,m.b. vancomycin 1 mg/ml|marine_broth_2216|25,7300,0.19987873814925566,0.09906981205832975
Marino,m.b. vancomycin 1 mg/ml|marine_broth_2216|30,3650,0.2223242414100819,0.11053697577019173
Marino,m.b. vanillin 1.25 mm|marine_broth_2216|25,3650,0.19704602534400992,0.09828751973617814
Marino,m.b. vanillin 1.25 mm|marine_broth_2216|30,3650,0.26993445901381274,0.13512764129454802
Marino,m.b. vanillin 2.5 mm|marine_broth_2216|30,3650,0.41363636564720097,0.20761308902566383
Marino,m.b. zinc 0.5 mm|marine_broth_2216|25,7300,0.4248076965879828,0.211772273947142
Marino,m.b. zinc 0.5 mm|marine_broth_2216|30,3650,0.37311197785004574,0.18601507302065662
Marino,marine broth|marine_broth_2216|25,10950,0.18399177777254144,0.09133741774273085
Marino,marine broth|marine_broth_2216|30,40150,0.261991157751501,0.1307635270149688
Marino,nag as (n)|dinomm_alphaketoglutacid_nonitrogen|30,3650,0.5638398348225893,0.2807476496682195
Marino,"no vitamins, second passage|dinomm_l_lactatecarbon_highnutrient_novitamin|30",3650,0.39868676583054374,0.19939984308176276
Marino,pyruvate|dinomm_nocarbon_highnutrient|30,7300,0.2970452736176933,0.14880190714270913
Marino,pyruvate|dinomm_nocarbon|30,3650,0.19151212983103919,0.09538885057179097
Marino,succinate|dinomm_nocarbon_highnutrient|30,3650,0.3875023838089247,0.1926022163804775
Marino,succinate|dinomm_nocarbon|30,3650,0.40719340024439554,0.20419277753994963
Marino,trisodium citrate (c)|dinomm_nocarbon_highnutrient|30,14600,0.23422264533753526,0.11734671186771665
Marino,trisodium citrate|dinomm_nocarbon|30,3650,0.2201090390012374,0.1099347610901631
Marino,tween 20|dinomm_nocarbon_highnutrient|30,7300,0.240359624736456,0.12052383215450202
Marino,urea as (n)|dinomm_alphaketoglutacid_nonitrogen|30,7300,0.5431342599976023,0.2714714121292645
Methanococcus_JJ,"control, 1x iron with casaminos and vitamins, formate media|mccas_formate_fe_free|37",4149,0.807169937406605,0.22081171565684451
Methanococcus_JJ,"control, 1x iron with casaminos and vitamins, h2 media|mccas_h2_fe_free|37",4149,0.846506963418646,0.2489453538981288
Methanococcus_JJ,formate mcaa b12 dropout|mcaa_formate_no_b12|37,4149,0.8622069109421335,0.229245443286218
Methanococcus_JJ,formate mcaa biotin dropout|mcaa_formate_no_biotin|37,4149,0.7999936063590775,0.21614804877866128
Methanococcus_JJ,formate mcaa folic dropout|mcaa_formate_no_folicacid|37,4149,0.8546209803793872,0.22021827423880042
Methanococcus_JJ,formate mcaa lipolic dropout|mcaa_formate_no_lipolicacid|37,4149,0.806379832683406,0.2041532509511938
Methanococcus_JJ,formate mcaa nicotinic dropout|mcaa_formate_no_nicotinicacid|37,4149,0.7665325987251765,0.2052874605221331
Methanococcus_JJ,formate mcaa p-aminobenzoic dropout|mcaa_formate_no_paba|37,4149,0.8100361605972077,0.2139731443344216
Methanococcus_JJ,formate mcaa pantothenate dropout|mcaa_formate_no_capantothenate|37,4149,0.7715269010424088,0.2183619310665808
Methanococcus_JJ,formate mcaa pyroxidine hcl dropout|mcaa_formate_no_pyroxidine|37,4149,0.7801879962688271,0.2187346907226887
Methanococcus_JJ,formate mcaa riboflavin dropout|mcaa_formate_no_riboflavin|37,4149,0.7563284884742094,0.2135013523549854
Methanococcus_JJ,formate mcaa thiamine dropout|mcaa_formate_no_thiamine|37,4149,0.7976725789063713,0.2463277610113577
Methanococcus_JJ,"formate mccas, 2.5g/l bicarb, 200 mm mops, 20 psi n2co2, so4 & casamino acid free|mc_defined_formate|37",8298,0.7622188620545671,0.21368802912371318
Methanococcus_JJ,"formate mccas, 2.5g/l bicarb, 200 mm mops, 20 psi n2co2, so4 & vitamin free|mc_defined_formate|37",8298,0.8316691283363343,0.2801196304207785
Methanococcus_JJ,"formate mccas, 2.5g/l bicarb, 200 mm mops, 20 psi n2co2, so4 free|mccas_formate_complete|37",8298,0.7569008981585348,0.18442139830648885
Methanococcus_JJ,"formate mccas, 2.5g/l bicarb, 200 mm mops, 20 psi n2co2, so4 vitamin & casamino acid free|mc_defined_formate|37",8298,0.673182999460879,0.20490358495417998
Methanococcus_JJ,formate n-free with 10mm ammonium chloride|mc_formate_n_free|37,4149,0.6371444182509454,0.1853131547298582
Methanococcus_JJ,formate n-free with 2mm adenosine|mc_formate_n_free|37,4149,1.504897432762851,0.5235248916716551
Methanococcus_JJ,formate vitamin complete|mcaa_formate|37,4149,0.776701756311083,0.2187491368363153
Methanococcus_JJ,"h2 mccas, 2.5g/l bicarb, 200 mm mops, 20 psi n2co2, so4 vitamin & casamino acid free|mc_defined_h2|37",4149,0.5198997079314873,0.1591683974655985
Methanococcus_JJ,"h2 mccas, 2.5g/l bicarb, 200 mm mops, 40 psi h2co2, so4 & casamino acid free|mc_defined_h2|37",5532,0.6572707300293794,0.2065133258216325
Methanococcus_JJ,"h2 mccas, 2.5g/l bicarb, 200 mm mops, 40 psi h2co2, so4 & vitamin free|mc_defined_h2|37",8298,0.8246962045497076,0.2165512387080802
Methanococcus_JJ,"h2 mccas, 2.5g/l bicarb, 200 mm mops, 40 psi h2co2, so4 free|mccas_h2_complete|37",8298,0.692977228348506,0.1900773122061055
Methanococcus_JJ,"h2 mccas, 2.5g/l bicarb, 200 mm mops, 40 psi h2co2, so4 vitamin & casamino acid free|mc_defined_h2|37",4149,1.053984529556545,0.37654908556175604
Methanococcus_JJ,"h2 mccas, 2.5g/l bicarb, 200 mm mops, 40 psi h2co2|mccas_mops|37",8298,0.7189529023802997,0.1895093371276465
Methanococcus_JJ,"h2 mccas, 5g/l bicarb, 40 psi h2co2|mccas|37",5532,0.6061018730201302,0.17073621030559807
Methanococcus_JJ,h2 n-free with 10mm ammonium chloride|mc_h2_n_free|37,4149,0.8942118911288897,0.2629087907257831
Methanococcus_JJ,h2 n-free with 10mm d-glucosamine|mc_h2_n_free|37,4149,0.7124048483941909,0.2555687611876213
Methanococcus_JJ,h2 n-free with 2g/l casaminos 10mm ammonium chloride|mc_h2_n_free|37,4149,0.9158974434317815,0.24372127094434332
Methanococcus_JJ,h2 n-free with 2g/l casaminos|mc_h2_n_free|37,4149,0.8489516384999979,0.2455744973409341
Methanococcus_JJ,h2 n-free with 2mm adenosine|mc_h2_n_free|37,4149,0.880110412823024,0.39297295262660803
Methanococcus_JJ,"iron excess (2.5x) , formate media|mccas_formate_fe_free|37",4149,0.7883145074694505,0.20903327994541387
Methanococcus_JJ,"iron excess (2.5x) , h2 media|mccas_h2_fe_free|37",4149,1.021753468714482,0.307532886800762
Methanococcus_JJ,"iron limitation (0.2x), formate media|mccas_formate_fe_free|37",4149,0.7737872697050441,0.2232111421519852
Methanococcus_JJ,"iron limitation (0.2x), h2 media|mccas_h2_fe_free|37",4149,0.8305462961416735,0.2125038779832965
Methanococcus_JJ,"n2 fixation, h2 media|mc_h2_n_free|37",1383,0.6789522219038034,0.34264166468259044
Methanococcus_S2,"control, 1x iron with casaminos and vitamins, formate media|mccas_formate_fe_free|37",3732,0.4753421981290243,0.20675631131476035
Methanococcus_S2,"control, 1x iron with casaminos and vitamins, h2 media|mccas_h2_fe_free|37",3732,0.5947279490974755,0.2397961089698931
Methanococcus_S2,formate deepwell acetate and casamino free|mc_defined_formate|37,7464,0.5242674489005961,0.1829965048239445
Methanococcus_S2,formate deepwell acetate and vitamin free|mc_defined_formate|37,7464,0.385842966191905,0.14363399603952448
Methanococcus_S2,formate deepwell acetate free|mc_defined_formate|37,7464,0.43955961019914025,0.1610132901801845
Methanococcus_S2,formate deepwell autotrophic conditions|mc_defined_formate|37,7464,0.5672732736094416,0.1890459037435575
Methanococcus_S2,formate deepwell casamino free|mc_defined_formate|37,7464,0.41939878558459864,0.15185100448580102
Methanococcus_S2,formate deepwell vitamin and casamino free|mc_defined_formate|37,7464,0.44803760093823164,0.164047759511209
Methanococcus_S2,formate deepwell vitamin free|mc_defined_formate|37,7464,0.3513129374581571,0.13425665208583099
Methanococcus_S2,formate mcaa b12 dropout|mcaa_formate_no_b12|37,3732,0.4377591078732563,0.1948258513228215
Methanococcus_S2,formate mcaa biotin dropout|mcaa_formate_no_biotin|37,3732,0.42570203464370127,0.18245395524001365
Methanococcus_S2,formate mcaa folic dropout|mcaa_formate_no_folicacid|37,3732,0.41930598904985905,0.18615484672533988
Methanococcus_S2,formate mcaa lipolic dropout|mcaa_formate_no_lipolicacid|37,3732,0.4058713361023577,0.1810348016229576
Methanococcus_S2,formate mcaa nicotinic dropout|mcaa_formate_no_nicotinicacid|37,3732,0.42421583776641714,0.18117605354144883
Methanococcus_S2,formate mcaa p-aminobenzoic dropout|mcaa_formate_no_paba|37,3732,0.3946607691903452,0.1807028255001385
Methanococcus_S2,formate mcaa pantothenate dropout|mcaa_formate_no_capantothenate|37,3732,0.4091175213202298,0.1800368850310306
Methanococcus_S2,formate mcaa pyroxidine hcl dropout|mcaa_formate_no_pyroxidine|37,3732,0.43604539355535377,0.19294478748359115
Methanococcus_S2,formate mcaa riboflavin dropout|mcaa_formate_no_riboflavin|37,3732,0.40788876620694303,0.1823368678241214
Methanococcus_S2,formate mcaa thiamine dropout|mcaa_formate_no_thiamine|37,3732,0.39294175088901,0.17589740351703348
Methanococcus_S2,formate mccas deepwell complete|mccas_formate_complete|37,7464,0.3596098912203749,0.1328507300413468
Methanococcus_S2,"formate mccas, 2.5g/l bicarb, 200 mm mops, 20 psi n2co2, so4 & casamino acid free|mc_defined_formate|37",7464,0.4376198930572921,0.16828678945605802
Methanococcus_S2,"formate mccas, 2.5g/l bicarb, 200 mm mops, 20 psi n2co2, so4 & vitamin free|mc_defined_formate|37",4976,0.3736158650370899,0.15239578495880135
Methanococcus_S2,"formate mccas, 2.5g/l bicarb, 200 mm mops, 20 psi n2co2, so4 free|mccas_formate_complete|37",7464,0.4336718514148489,0.15970603151714702
Methanococcus_S2,"formate mccas, 2.5g/l bicarb, 200 mm mops, 20 psi n2co2, so4 vitamin & casamino acid free|mc_defined_formate|37",7464,0.38272385999919734,0.14983992632751164
Methanococcus_S2,formate n-free with 10mm ammonium chloride|mc_formate_n_free|37,3732,0.5084193875792216,0.2242464249668121
Methanococcus_S2,formate n-free with 2mm adenosine|mc_formate_n_free|37,3732,0.4911364934361765,0.245880881832368
Methanococcus_S2,formate vitamin complete|mcaa_formate|37,3732,0.4144354366916288,0.18719840550434474
Methanococcus_S2,h2 deepwell acetate and casamino free|mc_defined_h2|37,14928,0.6160867268382877,0.2652516227376824
Methanococcus_S2,h2 deepwell acetate and vitamin free|mc_defined_h2|37,7464,0.7660213999709047,0.30226702739073935
Methanococcus_S2,h2 deepwell acetate free|mc_defined_h2|37,7464,0.7630196765562425,0.3084520304670675
Methanococcus_S2,h2 deepwell autotrophic conditions|mc_defined_h2|37,14928,0.6061683259169668,0.25710501642848593
Methanococcus_S2,h2 deepwell casamino free|mc_defined_h2|37,7464,0.621334393445425,0.2499706236722736
Methanococcus_S2,h2 deepwell vitamin and casamino free|mc_defined_h2|37,7464,0.6386592473346113,0.2648149811931382
Methanococcus_S2,h2 deepwell vitamin free|mc_defined_h2|37,4976,0.6920987623184678,0.2999540879427632
Methanococcus_S2,h2 mccas deepwell complete|mccas_h2_complete|37,4976,0.6211307450721972,0.26489200194171403
Methanococcus_S2,h2 mccas with 0.1 mm (nh4)2s|mccas_h2_no_na2s|37,3732,0.8185139120402134,0.2994290937552355
Methanococcus_S2,h2 mccas with 0.1 mm na2s|mccas_h2_no_na2s|37,2488,0.8579225413152255,0.298545417930069
Methanococcus_S2,h2 mccas with 0.1 mm sulfite|mccas_h2_complete|37,2488,0.4780117264709965,0.19357771475009625
Methanococcus_S2,h2 mccas with 1 hour oxygen exposure|mccas_h2_complete|37,3732,0.9213172745151854,0.34030880461532353
Methanococcus_S2,h2 mccas with 1 mm (nh4)2s control|mccas_h2_no_na2s|37,3732,0.836913636032735,0.30918465075263346
Methanococcus_S2,h2 mccas with 1 mm na2s|mccas_h2_no_na2s|37,3732,0.9191228810991543,0.31878610164046683
Methanococcus_S2,h2 mccas with 1 mm polysulfide|mccas_h2_complete|37,3732,0.8268596564655047,0.29664208250109647
Methanococcus_S2,h2 mccas with 10 mm (nh4)2s|mccas_h2_no_na2s|37,3732,0.7952314294232925,0.287161473149462
Methanococcus_S2,h2 mccas with 10 mm na2s|mccas_h2_no_na2s|37,3732,0.796782431027753,0.29125441286008424
Methanococcus_S2,h2 mccas with 10 mm polysulfide|mccas_h2_complete|37,3732,0.7288233779484965,0.26163543762363306
Methanococcus_S2,h2 mccas with 10 mm thiosulfate|mccas_h2_complete|37,3732,0.34017915547398175,0.1607096886459805
Methanococcus_S2,h2 mccas with 20 minute oxygen exposure|mccas_h2_complete|37,3732,0.927769425034108,0.321677798775412
Methanococcus_S2,h2 mccas with 40 minute oxygen exposure|mccas_h2_complete|37,3732,1.1325853865345514,0.408121520932604
Methanococcus_S2,h2 mccas with 5 minute oxygen exposure|mccas_h2_complete|37,3732,0.8687942866689535,0.3115500664906645
Methanococcus_S2,"h2 mccas, 2.5g/l bicarb, 200 mm mops, 20 psi n2co2, so4 vitamin & casamino acid free|mc_defined_h2|37",3732,0.4168411551361917,0.16236263177859633
Methanococcus_S2,"h2 mccas, 2.5g/l bicarb, 200 mm mops, 40 psi h2co2, so4 & casamino acid free|mc_defined_h2|37",7464,0.5398055704659125,0.2088513092898101
Methanococcus_S2,"h2 mccas, 2.5g/l bicarb, 200 mm mops, 40 psi h2co2, so4 & vitamin free|mc_defined_h2|37",7464,0.692620953693304,0.29068846483836785
Methanococcus_S2,"h2 mccas, 2.5g/l bicarb, 200 mm mops, 40 psi h2co2, so4 free|mccas_h2_complete|37",7464,0.6449229281301687,0.2437476207642245
Methanococcus_S2,"h2 mccas, 2.5g/l bicarb, 200 mm mops, 40 psi h2co2, so4 vitamin & casamino acid free|mc_defined_h2|37",3732,0.6091988207332961,0.20594087875985082
Methanococcus_S2,"h2 mccas, 2.5g/l bicarb, 200 mm mops, 40 psi h2co2|mccas_mops|37",7464,0.5680252144349845,0.2163006904105795
Methanococcus_S2,"h2 mccas, 5g/l bicarb, 40 psi h2co2|mccas|37",4976,0.6446901911068389,0.2333592734315055
Methanococcus_S2,h2 n-free with 10mm ammonium chloride|mc_h2_n_free|37,3732,0.526606572784736,0.21324958331190963
Methanococcus_S2,h2 n-free with 10mm d-alanine|mc_h2_n_free|37,3732,0.6667277867612454,0.257409168082862
Methanococcus_S2,h2 n-free with 10mm d-glucosamine|mc_h2_n_free|37,3732,0.5966295455256917,0.2291888526626125
Methanococcus_S2,h2 n-free with 10mm d-glucuronamide|mc_h2_n_free|37,3732,0.5613651140914497,0.22953043372731252
Methanococcus_S2,h2 n-free with 10mm gly-d-asp|mc_h2_n_free|37,3732,0.7461974846134527,0.2976751413434635
Methanococcus_S2,h2 n-free with 10mm gly-glu|mc_h2_n_free|37,3732,0.7462012038758701,0.294398957761393
Methanococcus_S2,h2 n-free with 10mm glycine|mc_h2_n_free|37,3732,0.7315886550901376,0.31536965739863265
Methanococcus_S2,h2 n-free with 10mm l-alanine|mc_h2_n_free|37,3732,0.7489645137131222,0.3195298824856324
Methanococcus_S2,h2 n-free with 10mm l-asparagine|mc_h2_n_free|37,3732,0.6336025200864055,0.2554859021005459
Methanococcus_S2,h2 n-free with 10mm l-carnitine|mc_h2_n_free|37,3732,0.7278223655686893,0.27177159519229016
Methanococcus_S2,h2 n-free with 10mm l-glutamine|mc_h2_n_free|37,3732,0.605534343129295,0.2156754478372111
Methanococcus_S2,h2 n-free with 10mm l-histidine|mc_h2_n_free|37,3732,0.5926709062169196,0.22799381686611772
Methanococcus_S2,h2 n-free with 10mm l-methionine|mc_h2_n_free|37,3732,0.9317129783183308,0.37469445988621897
Methanococcus_S2,h2 n-free with 10mm l-ornithine|mc_h2_n_free|37,3732,0.7916232982236475,0.29781383259035077
Methanococcus_S2,h2 n-free with 2g/l casaminos 10mm ammonium chloride|mc_h2_n_free|37,3732,0.59213498509628,0.252185020293341
Methanococcus_S2,h2 n-free with 2g/l casaminos|mc_h2_n_free|37,3732,0.5864035889190965,0.24921550977746149
Methanococcus_S2,h2 n-free with 2mm adenosine|mc_h2_n_free|37,1244,0.6423005468960515,0.3208420369086392
Methanococcus_S2,"iron excess (5x) , formate media|mccas_formate_fe_free|37",3732,0.4036391188914385,0.1794311590265961
Methanococcus_S2,"iron excess (5x) , h2 media|mccas_h2_fe_free|37",3732,0.6391773293187213,0.28204830649044754
Methanococcus_S2,"iron limitation, formate media|mccas_formate_fe_free|37",3732,0.37727291877635266,0.1683318926306185
Methanococcus_S2,"iron limitation, h2 media|mccas_h2_fe_free|37",3732,0.45360281585087525,0.19385604984853752
Methanococcus_S2,"mc formate, casamino free, with 10mm glycine|mc_formate|37",3732,0.5289143755188772,0.251250788269999
Methanococcus_S2,"mc formate, casamino free, with 10mm l-asparagine|mc_formate|37",3732,0.4911241912139125,0.22449367706217585
Methanococcus_S2,"mc formate, casamino free, with 10mm l-citrulline|mc_formate|37",3732,0.48573703625743003,0.22612748161834614
Methanococcus_S2,"mc formate, casamino free, with 10mm l-histidine|mc_formate|37",3732,0.35718219658455286,0.15373511599457365
Methanococcus_S2,"mc formate, casamino free, with 10mm l-methionine|mc_formate|37",3732,0.7102311540674742,0.29994359895780653
Methanococcus_S2,"mc formate, casamino free, with 10mm l-ornithine|mc_formate|37",3732,0.6134577642227872,0.287608741797442
Methanococcus_S2,"mc formate, casamino free, with 10mm l-proline|mc_formate|37",3732,0.5657218266700039,0.26593899858233
Methanococcus_S2,"mc formate, casamino free, with 10mm l-threonine|mc_formate|37",3732,0.6838225652514618,0.33388048145153537
Methanococcus_S2,"mc formate, casamino free, with 10mm l-tyrosine|mc_formate|37",3732,0.439489990556,0.1980543165477155
Methanococcus_S2,"mc formate, casamino free, with 5mm l-glutamate and 5mm l-proline|mc_formate|37",3732,0.5327007590630217,0.247524608380447
Methanococcus_S2,"mc formate, casamino free, with 5mm l-glutamate and 5mm l-tyrosine|mc_formate|37",3732,0.46202545090492575,0.20585910391482248
Methanococcus_S2,"mc formate, casamino free, with 5mm l-glutamine and 5mm l-arginine|mc_formate|37",3732,0.5204891100669461,0.241806783636896
Methanococcus_S2,"mixed culture; syntrophotalea carbinolica 1:1 starting od to methanogen; 1,3-propanediol_timecourse1; 10 generations|mccas|NA",1244,0.6519913039225982,0.2026022815414954
Methanococcus_S2,"mixed culture; syntrophotalea carbinolica 1:1 starting od to methanogen; 1,3-propanediol_timecourse1; 20 generations|mccas|NA",1244,1.2794329194663951,0.278235001570732
Methanococcus_S2,"mixed culture; syntrophotalea carbinolica 1:1 starting od to methanogen; 1,3-propanediol_timecourse1; 5 generations|mccas|NA",1244,0.45547431653981835,0.17819633091346473
Methanococcus_S2,"mixed culture; syntrophotalea carbinolica 1:1 starting od to methanogen; 1,3-propanediol_timecourse2; 10 generations|mccas|NA",1244,0.6274480837063966,0.18571984608324169
Methanococcus_S2,"mixed culture; syntrophotalea carbinolica 1:1 starting od to methanogen; 1,3-propanediol_timecourse2; 20 generations|mccas|NA",1244,1.1920145920081362,0.26031616942479885
Methanococcus_S2,"mixed culture; syntrophotalea carbinolica 1:1 starting od to methanogen; 1,3-propanediol_timecourse2; 5 generations|mccas|NA",1244,0.45474008651606,0.16055545822460077
Methanococcus_S2,"mixed culture; syntrophotalea carbinolica 1:1 starting od to methanogen; 1,3-propanediol_timecourse3; 10 generations|mccas|NA",1244,0.6203150681708772,0.20062833504498948
Methanococcus_S2,"mixed culture; syntrophotalea carbinolica 1:1 starting od to methanogen; 1,3-propanediol_timecourse3; 20 generations|mccas|NA",1244,1.2061472922781669,0.2567220876824103
Methanococcus_S2,"mixed culture; syntrophotalea carbinolica 1:1 starting od to methanogen; 1,3-propanediol_timecourse3; 5 generations|mccas|NA",1244,0.4399146060411301,0.1656680764044776
Methanococcus_S2,mixed culture; syntrophotalea carbinolica 1:1 starting od to methanogen; ethanol_timecourse1; 10 generations|mccas|NA,1244,0.6736432693232243,0.22992594887876
Methanococcus_S2,mixed culture; syntrophotalea carbinolica 1:1 starting od to methanogen; ethanol_timecourse1; 20 generations|mccas|NA,1244,1.2852965623483301,0.26331997763115156
Methanococcus_S2,mixed culture; syntrophotalea carbinolica 1:1 starting od to methanogen; ethanol_timecourse1; 5 generations|mccas|NA,1244,0.39204567422550163,0.1668917082223925
Methanococcus_S2,mixed culture; syntrophotalea carbinolica 1:1 starting od to methanogen; ethanol_timecourse2; 10 generations|mccas|NA,1244,0.582136961427571,0.19012318126692435
Methanococcus_S2,mixed culture; syntrophotalea carbinolica 1:1 starting od to methanogen; ethanol_timecourse2; 20 generations|mccas|NA,1244,1.104681444700531,0.25789438999220393
Methanococcus_S2,mixed culture; syntrophotalea carbinolica 1:1 starting od to methanogen; ethanol_timecourse2; 5 generations|mccas|NA,1244,0.31045849736864917,0.1390699421465072
Methanococcus_S2,mixed culture; syntrophotalea carbinolica 1:1 starting od to methanogen; ethanol_timecourse3; 10 generations|mccas|NA,1244,0.6645324183581135,0.1768586823078895
Methanococcus_S2,mixed culture; syntrophotalea carbinolica 1:1 starting od to methanogen; ethanol_timecourse3; 20 generations|mccas|NA,1244,1.1413598592823484,0.2532203944174839
Methanococcus_S2,mixed culture; syntrophotalea carbinolica 1:1 starting od to methanogen; ethanol_timecourse3; 5 generations|mccas|NA,1244,0.33178466357440495,0.1394524242204267
Methanococcus_S2,mixed culture; syntrophotalea carbinolica 1:1 starting od to methanogen; ethanolamine_timecourse1; 10 generations|mccas|NA,1244,0.7007185958327107,0.2622384902323275
Methanococcus_S2,mixed culture; syntrophotalea carbinolica 1:1 starting od to methanogen; ethanolamine_timecourse1; 20 generations|mccas|NA,1244,1.3006376967078894,0.4432596633089675
Methanococcus_S2,mixed culture; syntrophotalea carbinolica 1:1 starting od to methanogen; ethanolamine_timecourse2; 10 generations|mccas|NA,1244,0.6784006320365421,0.21192001569511548
Methanococcus_S2,mixed culture; syntrophotalea carbinolica 1:1 starting od to methanogen; ethanolamine_timecourse2; 20 generations|mccas|NA,1244,1.4641188089367003,0.4554765783091985
Methanococcus_S2,mixed culture; syntrophotalea carbinolica 1:1 starting od to methanogen; ethanolamine_timecourse2; 5 generations|mccas|NA,1244,0.3075579055756407,0.14658551521046703
Methanococcus_S2,mixed culture; syntrophotalea carbinolica 1:1 starting od to methanogen; ethanolamine_timecourse3; 10 generations|mccas|NA,1244,0.688309971214546,0.303311570890736
Methanococcus_S2,mixed culture; syntrophotalea carbinolica 1:1 starting od to methanogen; ethanolamine_timecourse3; 20 generations|mccas|NA,1244,1.4385779355446804,0.508608030624648
Methanococcus_S2,mixed culture; syntrophotalea carbinolica 1:1 starting od to methanogen; ethanolamine_timecourse3; 5 generations|mccas|NA,1244,0.2968614848469614,0.1345532249814321
Methanococcus_S2,"n2 fixation, h2 media|mc_h2_n_free|37",3732,0.7283898062380065,0.301420508229751
Miya,"1 day starvation, 30c|mols4|30",2531,0.32757317195478103,0.1634286987462241
Miya,"1 day starvation, 37c|mols4|37",2531,0.2970703574859956,0.1469553439558319
Miya,"10 day starvation, 30c|mols4|30",2531,0.365290414653372,0.17501122214826842
Miya,"10 day starvation, 37c|mols4|37",2531,0.49806312896182947,0.2388228583707964
Miya,14 days starvation 37c|moyls4|37,2531,0.745458816832602,0.3631417958682174
Miya,"2 day starvation, 30c|mols4|30",2531,0.30574884382455947,0.1487172647877092
Miya,"2 day starvation, 37c|mols4|37",2531,0.320068717438433,0.15723047934059958
Miya,2 days starvation 37c|moyls4|37,2531,0.458637132422093,0.22343713054716358
Miya,20 mm lactate (c)|mols4_no_lactate|30,2531,0.25737430873143197,0.12861042126716843
Miya,"3 day starvation, 30c|mols4|30",2531,0.3337043764848615,0.1588637125631107
Miya,"3 day starvation, 37c|mols4|37",2531,0.317811120432356,0.1543953859123092
Miya,3 days starvation|moyls4|30,2531,0.43692703109500997,0.2168249084259415
Miya,"4 day starvation, 30c|mols4|30",2531,0.34182672259869484,0.16817522916318078
Miya,"4 day starvation, 37c|mols4|37",2531,0.3415473739532925,0.16048296641600301
Miya,4 days starvation 37c|moyls4|37,2531,0.504822033528691,0.2462611209837321
Miya,"5 day starvation, 30c|mols4|30",2531,0.3697329448764735,0.1795515206638893
Miya,"5 day starvation, 37c|mols4|37",2531,0.356338846432741,0.1704089888208321
Miya,"6 day starvation, 30c|mols4|30",2531,0.386792512832401,0.1787769612277828
Miya,"6 day starvation, 37c|mols4|37",2531,0.3383493387667805,0.15763830384934402
Miya,6 days starvation 37c|moyls4|37,2531,0.5309773065608275,0.2609262794935402
Miya,6 days starvation|moyls4|30,2531,0.39075697098241446,0.1840528678529517
Miya,60 mm lactate (c)|mols4_no_lactate|30,2531,0.294158430144038,0.1475568636253134
Miya,"7 day starvation, 30c|mols4|30",2531,0.364564675804271,0.1643183751965585
Miya,"7 day starvation, 37c|mols4|37",2531,0.3764464150842445,0.1849366737898376
Miya,"8 day starvation, 30c|mols4|30",2531,0.373277229838138,0.17619487447884769
Miya,"8 day starvation, 37c|mols4|37",2531,0.397083069253148,0.1933521567284877
Miya,"9 day starvation, 30c|mols4|30",2531,0.38654559211796874,0.1793381801174015
Miya,"9 day starvation, 37c|mols4|37",2531,0.47713135579012145,0.23648732451413182
Miya,ammonium chloride (n)|mols4_no_ammonia|30,5062,0.27167646194684475,0.1363342546267745
Miya,casaminos (c)|mols4_no_lactate|30,5062,0.29018045733848097,0.1408040114347655
Miya,casaminos (n)|mols4_no_ammonia|30,5062,0.26619478531845975,0.13262690351318052
Miya,"d,l-lactate (c)|mols4_no_lactate|30",5062,0.3271023436595035,0.16296765754608386
Miya,d-lactate (c)|mols4_no_lactate|30,5062,0.31213437352254847,0.15462551722885254
Miya,defined mols4|mols4|30,27841,0.27474597478516705,0.13663485415532944
Miya,defined mols4|mols4|37,5062,0.3235338580764435,0.1604654181753824
Miya,glucuronamide (n)|mols4_no_ammonia|30,5062,0.30304724848468,0.15151577365533167
Miya,l-lactate (c)|mols4_no_lactate|30,5062,0.30573443637572123,0.15322215945455053
Miya,l-methionine and l-threonine as nutrient|mols4|30,5062,0.3182389226532718,0.158870442432121
Miya,l-methionine as nutrient|mols4|30,5062,0.3328857904933078,0.165155351641049
Miya,l-serine (c)|mols4_no_lactate|30,5062,0.42540183105513674,0.2117090473315742
Miya,l-serine (n)|mols4_no_ammonia|30,5062,0.2780106763467173,0.13864557399580538
Miya,l-threonine as nutrient|mols4|30,5062,0.29456734626422776,0.1464315509170227
Miya,methionine 1 mm|mols4|30,5062,0.2727051840613365,0.1361558073961835
Miya,"mols4 minimal media with d,l-cysteine|mols4|30",5062,0.3628542978233775,0.18210911067981733
Miya,"mols4 minimal media with d,l-histidine|mols4|30",2531,0.345608661297198,0.17312546804483842
Miya,mols4 minimal media with l-histidine|mols4|30,2531,0.3377675393633235,0.16902937204015492
Miya,mols4 minimal media with l-serine|mols4|30,5062,0.3316258814604782,0.166021208437609
Miya,mols4 minimal media|mols4|30,5062,0.40589768622467626,0.2016642221949277
Miya,mols4 with chlorate 3.125 mm|mols4|30,2531,0.34169540571797896,0.16856126821618023
Miya,mols4 with chlorate 6.25 mm|mols4|30,2531,0.6334490702179796,0.31278886197541367
Miya,mols4 with chlorite 12.5 mm|mols4|30,2531,0.3158330972337065,0.15506843759774358
Miya,mols4 with chlorite 3.125 mm|mols4|30,2531,0.3145098971285815,0.15697472402019907
Miya,mols4 with chlorite 6.25 mm|mols4|30,2531,0.35188827022783997,0.1707657552751234
Miya,mols4 with d-cycloserine 0.0625 mg/ml|mols4|30,2531,0.5342239998511804,0.2676754345227967
Miya,mols4 with d-cycloserine 0.125 mg/ml|mols4|30,2531,0.5088193348210319,0.2521719632262624
Miya,mols4 with d-cycloserine 0.25 mg/ml|mols4|30,2531,0.44562902523241554,0.22021393968180308
Miya,moyls4 with 2-furfuraldehyde 0.0625 %|moyls4|30,2531,0.47755339001200847,0.2394628619812239
Miya,moyls4 with 5-hydroxymethylfurfural 10 mm|moyls4|30,2531,0.4544350877892255,0.2234114039633298
Miya,moyls4 with 5-hydroxymethylfurfural 2.5 mm|moyls4|30,2531,0.320574891861349,0.1599438111107139
Miya,moyls4 with 5-hydroxymethylfurfural 5 mm|moyls4|30,2531,0.327768943698997,0.16278185866925385
Miya,moyls4 with a22 0.043 mg/ml|moyls4|30,2531,0.302893563407195,0.14762796536353315
Miya,moyls4 with a22 0.0875 mg/ml|moyls4|30,2531,0.42320942250559546,0.2115596632802283
Miya,moyls4 with aluminum chloride 10 mm|moyls4|30,2531,0.41915580738700153,0.2097470290345776
Miya,moyls4 with aluminum chloride 5 mm|moyls4|30,2531,0.2454979972083805,0.1203166445167277
Miya,moyls4 with bacitracin 1 mg/ml|moyls4|30,2531,0.4243456411236855,0.2114102328390318
Miya,moyls4 with bacitracin 1.4 mg/ml|moyls4|30,2531,0.634455812622179,0.31567101115681934
Miya,moyls4 with benzoic 0.25 mg/ml|moyls4|30,2531,0.2273412851706569,0.1120124972725213
Miya,moyls4 with benzoic 0.54 mg/ml|moyls4|30,2531,0.23476724808352484,0.11373846467420966
Miya,moyls4 with benzoic 0.64 mg/ml|moyls4|30,2531,0.2482383443401612,0.12222661778697841
Miya,moyls4 with benzoic 0.8 mg/ml|moyls4|30,2531,0.25363359259444584,0.1237564562829608
Miya,moyls4 with carbenicillin 0.0468 mg/ml|moyls4|30,5062,0.250011902688787,0.122419157658379
Miya,moyls4 with carbenicillin 0.0625 mg/ml|moyls4|30,5062,0.30519901406063854,0.15290565149898686
Miya,moyls4 with ceftazidime 0.5 mg/ml|moyls4|30,2531,0.3284132780251935,0.164349415923488
Miya,moyls4 with ceftazidime 0.6 mg/ml|moyls4|30,2531,0.3628566748443265,0.1797166228155871
Miya,moyls4 with ceftazidime 0.75 mg/ml|moyls4|30,2531,0.305071224684048,0.1532952556098075
Miya,moyls4 with ceftazidime 0.9 mg/ml|moyls4|30,2531,0.305027133625482,0.1517821149831765
Miya,moyls4 with ceftazidime 1 mg/ml|moyls4|30,2531,0.290295446850402,0.1456497299537978
Miya,moyls4 with cephalothin 0.625 mg/ml|moyls4|30,2531,0.25734765911672897,0.1271414322586455
Miya,moyls4 with cephalothin 1.25 mg/ml|moyls4|30,2531,0.2530711149795485,0.1263264149192053
Miya,moyls4 with chloramphenicol 0.003125 mg/ml|moyls4|30,5062,0.25115026993207556,0.12233310205007089
Miya,moyls4 with chloride 125 mm|moyls4|30,2531,0.274699934657641,0.13707587785403297
Miya,moyls4 with chloride 62.5 mm|moyls4|30,2531,0.266535010371259,0.13372930296166755
Miya,moyls4 with d-cycloserine 0.25 mg/ml|moyls4|30,2531,0.4288028541509205,0.2132467610223097
Miya,moyls4 with dimethyl sulfoxide 10 %|moyls4|30,2531,0.26557458645162924,0.1309086950973966
Miya,moyls4 with dimethyl sulfoxide 5 %|moyls4|30,2531,0.2584878206942254,0.1250273351250597
Miya,moyls4 with dimethyl sulfoxide 7.5 %|moyls4|30,2531,0.2754674630525215,0.13404606114615245
Miya,moyls4 with doxycycline hyclate 0.003 mg/ml|moyls4|30,2531,0.425845334209204,0.2132205202927015
Miya,moyls4 with doxycycline hyclate 0.0156 mg/ml|moyls4|30,2531,0.4803130748708065,0.2403413734697186
Miya,moyls4 with furfuryl alcohol 0.25 %|moyls4|30,2531,0.3405875172647135,0.16898751706237183
Miya,moyls4 with furfuryl alcohol 0.5 %|moyls4|30,2531,0.3085159003086035,0.155998608196487
Miya,moyls4 with fusidic 0.015625 mg/ml|moyls4|30,2531,0.25230024061742884,0.1246661431040321
Miya,moyls4 with fusidic 0.03125 mg/ml|moyls4|30,2531,0.402662814499303,0.2014986511593716
Miya,moyls4 with g418 0.031 mg/ml|moyls4|30,5062,0.22604241921184273,0.11095151092523708
Miya,moyls4 with g418 0.125 mg/ml|moyls4|30,5062,0.26885309742845825,0.13130419078456101
Miya,moyls4 with gentamicin 0.03 mg/ml|moyls4|30,2531,0.3622756374521655,0.1803623051408009
Miya,moyls4 with gentamicin 0.0625 mg/ml|moyls4|30,2531,0.548257511300616,0.27033607135059834
Miya,moyls4 with lomefloxacin 0.00078 mm|moyls4|30,2531,0.28872783340108954,0.14368237792066021
Miya,moyls4 with lomefloxacin 0.00156 mm|moyls4|30,2531,0.634433859890155,0.315785687049665
Miya,moyls4 with methylglyoxal 0.0156 %|moyls4|30,2531,0.4123899658271905,0.2013106209086785
Miya,moyls4 with methylglyoxal 0.031 %|moyls4|30,2531,0.49619575180415,0.2492833016021208
Miya,moyls4 with nalidixic 0.0078125 mg/ml|moyls4|30,5062,0.32108050206807626,0.16145939123411102
Miya,moyls4 with neomycin 0.06 mg/ml|moyls4|30,2531,0.29262795449260803,0.14620434207644484
Miya,moyls4 with neomycin 0.125 mg/ml|moyls4|30,2531,0.3029171059358865,0.1509156217001053
Miya,moyls4 with nitrate 50 mm|moyls4|30,5062,0.38099661567747123,0.1904907982340307
Miya,moyls4 with nitrite 0.625 mg/ml|moyls4|30,2531,0.296867851382872,0.14835597958927038
Miya,moyls4 with nitrite 1.25 mg/ml|moyls4|30,2531,0.272155563251633,0.1363199331538823
Miya,moyls4 with perchlorate 12.5 mm|moyls4|30,2531,0.4204744104895525,0.2090312697860997
Miya,moyls4 with polymyxin b sulfate 0.0625 mg/ml|moyls4|30,2531,0.278801419074233,0.13973996828419322
Miya,moyls4 with polymyxin b sulfate 0.1 mg/ml|moyls4|30,2531,0.4281953524791085,0.21337692888510323
Miya,moyls4 with polymyxin b sulfate 0.125 mg/ml|moyls4|30,2531,0.3988299486374825,0.19892761558949967
Miya,moyls4 with polymyxin b sulfate 0.25 mg/ml|moyls4|30,2531,0.40720765283863003,0.2024270862921568
Miya,moyls4 with rifampicin 0.1 mg/ml|moyls4|30,2531,0.31602519906444704,0.1560824854773054
Miya,moyls4 with rifampicin 0.2 mg/ml|moyls4|30,2531,0.518510926926232,0.25970120489708515
Miya,moyls4 with rifampicin 0.4 mg/ml|moyls4|30,2531,0.457211501122832,0.22940650789909212
Miya,moyls4 with sisomicin 0.0078 mg/ml|moyls4|30,2531,0.24857943897672402,0.12447990705022477
Miya,moyls4 with sisomicin 0.0156 mg/ml|moyls4|30,2531,0.35816633625384103,0.1790154905614672
Miya,moyls4 with sisomicin 0.03125 mg/ml|moyls4|30,2531,0.4853923094730475,0.24273202982929393
Miya,moyls4 with spectinomycin 0.0125 mg/ml|moyls4|30,5062,0.24152592212000823,0.11931051594838224
Miya,moyls4 with spectinomycin 0.025 mg/ml|moyls4|30,5062,0.238685783400116,0.11973224589311
Miya,moyls4 with tetracycline 0.0005 mg/ml|moyls4|30,7593,0.327985065460074,0.1615671232544226
Miya,moyls4 with vancomycin 0.25 mg/ml|moyls4|30,2531,0.3011028151755185,0.1511726887597377
Miya,moyls4 with vancomycin 0.5 mg/ml|moyls4|30,2531,0.5249434192999655,0.2583501085571903
Miya,moyls4 with vancomycin 1 mg/ml|moyls4|30,2531,0.481262675876708,0.2374006784801679
Miya,moyls4 with vanillin 10 mm|moyls4|30,2531,0.3961222777245345,0.197245460441969
Miya,moyls4 with vanillin 2.5 mm|moyls4|30,2531,0.33154850330144603,0.1635447265050492
Miya,moyls4 with vanillin 5 mm|moyls4|30,2531,0.2837840563233015,0.14173007101138996
Miya,rich moyls4|moyls4|30,32903,0.270799223218947,0.13456818213113653
Miya,rich moyls4|moyls4|34,2531,0.2713359692731987,0.1336729714324131
PS,a-ketoglutaric (c)|alp_defined_noc|30,5122,0.706516825775981,0.3407194157619445
PS,alp with bacitracin 0.2 mg/ml|alp_richb|25,2561,1.0404845597813177,0.454779296788961
PS,alp with chloride 75 mm|alp_richb|25,2561,1.0695864108771138,0.433925493239395
PS,alp with cisplatin 0.0007 mg/ml|alp_richb|25,2561,0.842916247418951,0.409929336588693
PS,alp with cisplatin 0.0008 mg/ml|alp_richb|25,2561,0.9421000947018617,0.41217622137828097
PS,alp with cisplatin 0.0009 mg/ml|alp_richb|25,2561,0.9633367822453879,0.429237584716674
PS,alp with cobalt chloride 0.2 mm|alp_richb|25,2561,0.8992999375138154,0.41245050114936
PS,alp with cobalt chloride 0.25 mm|alp_richb|25,2561,0.906566564393253,0.434610514338481
PS,alp with copper (ii) chloride 0.6 mm|alp_richb|25,2561,0.855934346733579,0.419804904608054
PS,alp with dimethyl sulfoxide 2 vol%|alp_richb|25,2561,0.9626766968602978,0.40442958629455694
PS,alp with fusidic 0.007 mg/ml|alp_richb|25,2561,1.029643778157298,0.454618082369005
PS,alp with fusidic 0.01 mg/ml|alp_richb|25,2561,1.009728875805731,0.456472876456713
PS,alp with fusidic 0.02 mg/ml|alp_richb|25,2561,1.027874971813705,0.46884264043746804
PS,alp with nickel (ii) chloride 1.5 mm|alp_richb|25,2561,0.7541696261305944,0.3713111159469753
PS,alp with nickel (ii) chloride 2.5 mm|alp_richb|25,2561,0.8297994115947409,0.4152142001878788
PS,alp with nickel (ii) chloride 3.5 mm|alp_richb|25,2561,0.8615047358805441,0.397979040461405
PS,alp with nitrate 50 mm|alp_richb|25,2561,1.036588297462903,0.43603587558205004
PS,alp with nitrate 75 mm|alp_richb|25,2561,1.013088014364818,0.44115822404832195
PS,alp with nitrite 0.15 mm|alp_richb|25,2561,0.9595586377422135,0.383917692961457
PS,alp with nitrite 0.3 mm|alp_richb|25,2561,0.9906794037692568,0.399027458000024
PS,alp with nitrite 0.45 mm|alp_richb|25,2561,1.0006117703153528,0.407958104373364
PS,alp with perchlorate 12 mm|alp_richb|25,2561,1.0544491999103345,0.37963034267108897
PS,alp with perchlorate 3 mm|alp_richb|25,2561,1.0859058592846689,0.399750150553367
PS,alp with perchlorate 6 mm|alp_richb|25,2561,1.1023121376437077,0.39726198807817603
PS,alp with sodium fluoride 30 mm|alp_richb|25,2561,0.8837371366125759,0.365128950011763
PS,alp with sodium fluoride 40 mm|alp_richb|25,2561,0.9459239970448837,0.378143598004429
PS,alp with thallium(i) acetate 0.002 mg/ml|alp_richb|25,2561,1.0323267853799574,0.417829686909927
PS,alp with thallium(i) acetate 0.003 mg/ml|alp_richb|25,2561,1.0167324976639993,0.43720233957429705
PS,alp with thallium(i) acetate 0.004 mg/ml|alp_richb|25,2561,0.9962745066349654,0.41954165868751997
PS,alp with zinc 1 mm|alp_richb|25,2561,0.9619388682149026,0.426065554755546
PS,alp with zinc 2 mm|alp_richb|25,2561,0.9838816861023126,0.46017210565545097
PS,alp|alp_richb|25,2561,0.9537153637309513,0.382947691954691
PS,"anaero. lactate (c), chlorate electron acceptor|alp_defined_noc|37",10244,0.42704825429291476,0.208016876501671
PS,"anaero. lactate (c), nitrate electron acceptor|alp_defined_noc|37",10244,0.3211811892646915,0.15537995151286238
PS,"anaero. lactate (c), perchlorate electron acceptor|alp_defined_noc|37",10244,0.4930857259632005,0.24018533716985074
PS,anaerobic growth in rich media with nitrate electron acceptor|alp_rich|37,10244,0.5078362002319745,0.23853424826980196
PS,"d,l-lactate (c)|alp_defined_noc|30",5122,0.9128483267770402,0.4008542476869275
PS,d-lactate (c)|alp_defined_noc|30,5122,0.8614862412277948,0.38681380887334404
PS,defined media with 30 mm sodium lactate|alp_defined_noc|37,10244,0.31667387644882605,0.156501194527422
PS,defined media with 40 mm sodium acetate|alp_defined_noc|37,10244,0.29779476467126376,0.1464799587099225
PS,l-lactate (c)|alp_defined_noc|30,5122,0.8806944123514985,0.38734178284204446
PS,propionate (c)|alp_defined_noc|30,5122,0.8487807461731419,0.40036232589009146
PS,pyruvate (c)|alp_defined_noc|30,5122,0.9168196122594392,0.39876120600259446
PS,r2a with sodium pyruvate|r2a|37,10244,0.327657334349128,0.16258574051422425
PS,rich media with hydrogen peroxide 5 mm|alp_rich|37,2561,0.317277526819428,0.15402054643405289
PS,rich media with sodium chlorite 0.16 mm|alp_rich|37,10244,0.306920241465497,0.15061190473881186
PS,rich media|alp_rich|37,7683,0.34137791697633146,0.1697306051307998
PV4,1-ethyl-3-methylimidazolium acetate 10 mm|lb|25,6018,0.31445725090462523,0.15721682332155087
PV4,1-ethyl-3-methylimidazolium chloride 50 mm|lb|25,6018,0.28507882753043046,0.1425924371652345
PV4,1-ethyl-3-methylimidazolium lysine 10 mm|lb|25,6018,0.5324783494874697,0.2657717750617375
PV4,2-furfuraldehyde 0.0625 vol%|lb|25,6018,0.37050153348319625,0.18620678519358486
PV4,5-hydroxymethylfurfural 10 mm|lb|25,6018,0.4173533600761977,0.207763393338733
PV4,5-hydroxymethylfurfural 5 mm|lb|25,6018,0.3521110430958677,0.175678141626675
PV4,a-ketoglutaric (c)|shewmm_nocarbon|30,6018,0.41696378455528377,0.20560956232555
PV4,a22 0.005 mg/ml|lb|30,6018,0.38977462887350345,0.19307432856341
PV4,acetate (c)|shewmm_nocarbon|30,6018,0.7641365664205705,0.3801804848999895
PV4,acetate 25 mm|lb|25,6018,0.23973957819675185,0.11993828234530439
PV4,aluminum chloride 1 mm|lb|25,6018,0.2461338906318405,0.12307033233550868
PV4,anaero. fumarate as e acceptor|shewmm|30,3009,0.597913203705599,0.2825024953488653
PV4,bacitracin 0.125 mg/ml|lb|25,6018,0.2945954365978952,0.14722348111389805
PV4,bacitracin 0.25 mg/ml|lb|25,6018,0.392028130894856,0.196901924095133
PV4,carbenicillin 0.002 mg/ml|lb|25,3009,0.39508246794311097,0.1973748039028384
PV4,carbenicillin 50 mg/ml|lb|25,3009,0.39091564986440597,0.1947020799785005
PV4,casaminos (c)|shewmm_nocarbon|30,6018,0.35559793262482753,0.1760120688254725
PV4,ceftazidime 5 mg/ml|lb|25,6018,0.3792496085961372,0.1899112336941067
PV4,cephalothin 0.05 mg/ml|lb|30,6018,0.3895728020666248,0.19476365797581124
PV4,cephalothin 0.1 mg/ml|lb|30,6018,0.5051940004746598,0.252997899176642
PV4,chloramphenicol 5 mg/ml|lb|25,6018,0.3094415829543585,0.15380394608688852
PV4,chlorite 200 mm|lb|25,9027,0.39513756863908645,0.1950502675566144
PV4,chlorite 200 mm|lb|30,9027,0.366428300670567,0.1787893669680638
PV4,cholin acetate 20 mm|lb|25,6018,0.23010144145863953,0.11518835229829279
PV4,choline chloride 200 mm|lb|25,6018,0.367197810947843,0.1836348785308345
PV4,choline lysine 10 mm|lb|25,6018,0.3479146377551,0.17447108375461298
PV4,cisplatin 1 mg/ml|lb|25,12036,0.45214901828186227,0.2237005738738656
PV4,cobalt chloride 0.04 mm|lb|30,6018,0.3520313756537322,0.1759132380376264
PV4,cobalt chloride 0.08 mm|lb|30,6018,0.35894907133348675,0.17946625798377308
PV4,copper (ii) chloride 0.5 mm|lb|30,6018,0.32668851017126077,0.1623739883016483
PV4,"d,l-lactate (c)|shewmm_nocarbon|30",6018,0.535347051622436,0.26653706610882
PV4,d-maltose (c)|shewmm_nocarbon|30,6018,0.6416739387065551,0.31356605069348753
PV4,dimethyl sulfoxide 5 vol%|lb|25,6018,0.2258351036383535,0.1129236100610814
PV4,doxycycline hyclate 10 mg/ml|lb|25,6018,0.3477450597342585,0.1739059834861783
PV4,fumarate (c)|shewmm_nocarbon|30,3009,0.754109293569122,0.3721504321341399
PV4,furfuryl alcohol 0.075 vol%|lb|28,3009,0.46766348710400296,0.23296828052533777
PV4,fusidic 0.03125 mg/ml|lb|25,6018,0.30830721638124753,0.15478652472304155
PV4,fusidic 0.0625 mg/ml|lb|25,6018,0.39712170644116596,0.19720412719931274
PV4,gelatin (c)|shewmm_nocarbon|30,6018,0.3285438375533195,0.16327115841634682
PV4,l-glutamine (c)|shewmm_nocarbon|30,3009,0.8507214634624061,0.4233280774525828
PV4,l-lactate (c)|shewmm_nocarbon|30,6018,0.5392096248078893,0.26670320365665856
PV4,l-lysine 200 mm|lb|25,6018,0.31250403392130927,0.15508488985493052
PV4,l-malic (c)|shewmm_nocarbon|30,6018,0.5954090551151805,0.2953477120544984
PV4,lb 10c|lb|10,3009,0.28751161747535003,0.1404455342379463
PV4,lb 20c|lb|20,3009,0.21280026265238888,0.10595623017472611
PV4,lb 25c|lb|25,3009,0.2245640733851299,0.1064803570896447
PV4,lb 30c|lb|30,3009,0.1934184008793331,0.0958038877666951
PV4,lb|lb|25,66198,0.27655686666622825,0.13818018047520986
PV4,lb|lb|28,6018,0.37195104785659727,0.1847499834860375
PV4,lb|lb|30,15045,0.32817781572236304,0.16431171500888772
PV4,methylglyoxal 0.001 vol%|lb|25,6018,0.41919820815405673,0.20944259636019652
PV4,minmedia 20c|shewmm|20,3009,0.2812799335524059,0.1343104437898334
PV4,minmedia 30c|shewmm|30,3009,0.339909594986399,0.1575411008785378
PV4,motility m3|lb|30,6018,0.6254803908518832,0.296832472929968
PV4,motility m4|lb|30,6018,0.614478852653875,0.29606682594997175
PV4,nag (c)|shewmm_nocarbon|30,6018,0.5161956358009392,0.2533835165905546
PV4,nickel (ii) chloride 0.5 mm|lb|30,6018,0.235577931212182,0.11776502082886761
PV4,nitrate 2000 mm|lb|25,6018,0.35381862503514694,0.17543365273073028
PV4,nitrite 200 mm|lb|25,12036,0.3502165738342685,0.17349993367682792
PV4,paraquat dichloride 10 mg/ml|lb|25,6018,0.4440945804152633,0.22187385916236002
PV4,phosphomycin 0.12 mg/ml|lb|28,3009,0.412256987651681,0.20634551081869337
PV4,phosphomycin 0.24 mg/ml|lb|28,3009,0.556214214513759,0.2767932577643162
PV4,polymyxin b sulfate 20 mg/ml|lb|25,3009,0.464367003415054,0.2280755218932099
PV4,polymyxin b sulfate 20 mg/ml|lb|30,3009,0.447297073753476,0.2212411645289637
PV4,pyruvate (c)|shewmm_nocarbon|30,6018,0.429017983451196,0.21296582871806571
PV4,sodium fluoride 100 mm|lb|30,6018,0.3439614476394685,0.17204803461711948
PV4,spectinomycin 10 mg/ml|lb|25,6018,0.34569442492360625,0.17246719653355863
PV4,succinate (c)|shewmm_nocarbon|30,6018,0.6087651046980507,0.302416913843012
PV4,syringaldehyde 1 mm|lb|25,6018,0.2727532038626872,0.13636005936718076
PV4,tetracycline 0.0002 mg/ml|lb|28,3009,0.359169673621269,0.1780343751499725
PV4,tetracycline 0.0004 mg/ml|lb|28,3009,0.389514531309447,0.1912276022294716
PV4,thallium(i) acetate 10 mg/ml|lb|25,6018,0.4354439675314843,0.21577861960044936
PV4,vancomycin 0.0625 mg/ml|lb|30,6018,0.3892016110974335,0.19494029602022
PV4,vanillin 2 mm|lb|25,6018,0.259699219161701,0.130030239895717
PV4,zinc 0.8 mm|lb|28,3009,0.428438050969566,0.21199249219102329
Pedo557,agro_defined_trehalose 1x (c)|rch2_defined_nocarbon|30,8846,0.4390938593548498,0.21894818177640102
Pedo557,beta-lactose (c)|rch2_defined_nocarbon|30,4423,0.24775847316064747,0.1236793382566768
Pedo557,casamino acids (n)|rch2_defined_glucose_nonitrogen|30,8846,0.314273595530327,0.1574636349897635
Pedo557,cytidine (n)|rch2_defined_glucose_nonitrogen|30,8846,0.22619447039529977,0.1130890504219415
Pedo557,d-cellobiose (c)|rch2_defined_nocarbon|30,8846,0.2181337321580796,0.10779336082453861
Pedo557,d-galactose (c)|rch2_defined_nocarbon|30,8846,0.24795572923083814,0.1224508575425045
Pedo557,d-galacturonic acid (c)|rch2_defined_nocarbon|30,8846,0.3714524006124862,0.183023325354067
Pedo557,d-glucosamine hydrochloride (c)|rch2_defined_nocarbon|30,8846,0.22063528717471292,0.11050193360126906
Pedo557,d-glucosamine hydrochloride (n)|rch2_defined_glucose_nonitrogen|30,4423,0.2230788799677605,0.11063977615748609
Pedo557,d-glucose 20mm (c)|rch2_defined_nocarbon|30,8846,0.3413593027265185,0.17055263841624402
Pedo557,d-maltose (c)|rch2_defined_nocarbon|30,8846,0.21631754020493243,0.10710986575300249
Pedo557,d-mannose (c)|rch2_defined_nocarbon|30,8846,0.21981966196987845,0.11006388625439854
Pedo557,d-salicin (c)|rch2_defined_nocarbon|30,8846,0.32763618836593955,0.1633421231668892
Pedo557,d-trehalose (c)|rch2_defined_nocarbon|30,8846,0.26983802148178776,0.13374063091752486
Pedo557,d-trehalose 20mm (c)|rch2_defined_nocarbon|30,8846,0.3113679560760585,0.1554464396642099
Pedo557,glucuronamide (n)|rch2_defined_glucose_nonitrogen|30,8846,0.24358386578734273,0.12161703085294306
Pedo557,gly-dl-asp (n)|rch2_defined_glucose_nonitrogen|30,8846,0.27166508958766,0.13413023933935103
Pedo557,glycine (n)|rch2_defined_glucose_nonitrogen|30,8846,0.2521049159452847,0.12511597000406474
Pedo557,l-alanine (n)|rch2_defined_glucose_nonitrogen|30,8846,0.2123350774112821,0.10532147413382525
Pedo557,l-arabinose (c)|rch2_defined_nocarbon|30,8846,0.2668336188321295,0.13289059866075664
Pedo557,l-arginine (n)|rch2_defined_glucose_nonitrogen|30,8846,0.22628762855408774,0.1133327772139385
Pedo557,l-asparagine (n)|rch2_defined_glucose_nonitrogen|30,8846,0.3156836091820905,0.1564920213966715
Pedo557,l-aspartic (n)|rch2_defined_glucose_nonitrogen|30,8846,0.21470774288194272,0.10745747687757409
Pedo557,l-citrulline (n)|rch2_defined_glucose_nonitrogen|30,8846,0.237236475265738,0.11836771910900601
Pedo557,l-glutamic (n)|rch2_defined_glucose_nonitrogen|30,8846,0.18456885330358955,0.09178895369385251
Pedo557,l-glutamine (n)|rch2_defined_glucose_nonitrogen|30,4423,0.3037592357813635,0.1510426481740311
Pedo557,l-histidine (n)|rch2_defined_glucose_nonitrogen|30,8846,0.31197135376565027,0.154498494183954
Pedo557,l-isoleucine (n)|rch2_defined_glucose_nonitrogen|30,8846,0.2228611466318388,0.1107451218213731
Pedo557,l-leucine (n)|rch2_defined_glucose_nonitrogen|30,8846,0.2280270114650596,0.113189116812263
Pedo557,l-lysine (n)|rch2_defined_glucose_nonitrogen|30,8846,0.22088774031521524,0.11016542896695095
Pedo557,l-phenylalanine (n)|rch2_defined_glucose_nonitrogen|30,8846,0.317065647346625,0.15811984034850401
Pedo557,l-proline (n)|rch2_defined_glucose_nonitrogen|30,8846,0.227002421376899,0.11330134986954533
Pedo557,l-serine (n)|rch2_defined_glucose_nonitrogen|30,8846,0.2355933416561235,0.1170610177006838
Pedo557,l-valine (n)|rch2_defined_glucose_nonitrogen|30,8846,0.3158576468559315,0.157141983626052
Pedo557,lactitol 10mm (c)|rch2_defined_nocarbon|30,8846,0.3049061978433397,0.1525203220769265
Pedo557,lactulose 20mm (c)|rch2_defined_nocarbon|30,8846,0.43723427097255196,0.21801914165629824
Pedo557,maltitol 20mm (c)|rch2_defined_nocarbon|30,8846,0.373002086593754,0.18648492171847286
Pedo557,methyl-b-d-galactopyranoside 20mm (c)|rch2_defined_nocarbon|30,8846,0.3750328070093407,0.186892058597719
Pedo557,n-acetyl-d-glucosamine (n)|rch2_defined_glucose_nonitrogen|30,4423,0.2808975958334525,0.13889561391917218
Pedo557,nag (c)|rch2_defined_nocarbon|30,8846,0.25990238340751626,0.12934115120979606
Pedo557,nitrate (n)|rch2_defined_glucose_nonitrogen|30,8846,0.26089375784800073,0.13030155320805334
Pedo557,r2a with a22 0.02 mg/ml|r2a|30,4423,0.2076843185129817,0.1016269040781705
Pedo557,r2a with a22 0.04 mg/ml|r2a|30,8846,0.26344584698418394,0.1286497663543401
Pedo557,r2a with aluminum chloride 1 mm|r2a|30,8846,0.2512144784875429,0.12245319634010851
Pedo557,r2a with benzoic 0.1 mg/ml|r2a|30,8846,0.18836998901117497,0.09348882896222742
Pedo557,r2a with carbenicillin 0.2 mg/ml|r2a|30,8846,0.23014395382487063,0.11381449018840625
Pedo557,r2a with chloramphenicol 0.001 mg/ml|r2a|30,8846,0.21015131529525297,0.10407756238129195
Pedo557,r2a with chloramphenicol 0.005 mg/ml|r2a|30,8846,0.2120980811245958,0.1046868229960867
Pedo557,r2a with chloride 300 mm|r2a|30,8846,0.2354588538455569,0.1165455185854962
Pedo557,r2a with chlorite 0.08 mm|r2a|30,8846,0.18536111140405814,0.09257583150784895
Pedo557,r2a with cisplatin 0.005 mg/ml|r2a|30,8846,0.20149705211126828,0.099515935437019
Pedo557,r2a with cisplatin 0.01 mg/ml|r2a|30,8846,0.23529519210268243,0.11702878234263565
Pedo557,r2a with cobalt chloride 0.04 mm|r2a|30,8846,0.23532535644881017,0.1156160538724679
Pedo557,r2a with cobalt chloride 0.08 mm|r2a|30,8846,0.31023047852163876,0.152297161580263
Pedo557,r2a with copper (ii) chloride 0.16 mm|r2a|30,8846,0.4316808940287967,0.2126380483930606
Pedo557,r2a with d-cycloserine 0.12 mg/ml|r2a|30,8846,0.20090298287039063,0.10064622580467619
Pedo557,r2a with d-cycloserine 0.2 mg/ml|r2a|30,8846,0.26091027923979304,0.130928894897677
Pedo557,r2a with dimethyl sulfoxide 5 vol%|r2a|30,8846,0.20901619707929203,0.1036546209793261
Pedo557,r2a with dimethyl sulfoxide 7.5 vol%|r2a|30,8846,0.20581208957276814,0.10253372271835201
Pedo557,r2a with fusidic 0.001 mg/ml|r2a|30,8846,0.20125255401752276,0.10053770346580745
Pedo557,r2a with fusidic 0.003 mg/ml|r2a|30,4423,0.2234236508741385,0.11219680863898945
Pedo557,r2a with lomefloxacin 0.1 mm|r2a|30,8846,0.2153256533403928,0.10572642587217604
Pedo557,r2a with nalidixic 0.008 mg/ml|r2a|30,8846,0.2846997319879591,0.139311347290744
Pedo557,r2a with neomycin 0.004 mg/ml|r2a|30,8846,0.20563628571942832,0.1018634240568225
Pedo557,r2a with nickel (ii) chloride 0.3 mm|r2a|30,8846,0.298721593839569,0.14721842360333642
Pedo557,r2a with nitrate 100 mm|r2a|30,8846,0.2001871024621372,0.0994025929798168
Pedo557,r2a with nitrate 200 mm|r2a|30,8846,0.247118829212083,0.12335529444714
Pedo557,r2a with nitrite 1.5 mm|r2a|30,8846,0.20161479437371255,0.0999147430626405
Pedo557,r2a with nitrite 3 mm|r2a|30,8846,0.20193963307542698,0.10003064016187829
Pedo557,r2a with nitrite 6 mm|r2a|30,8846,0.2873985658148595,0.14249804073415
Pedo557,r2a with paraquat dichloride 0.001 mg/ml|r2a|30,8846,0.2170183115595355,0.10728138580210875
Pedo557,r2a with paraquat dichloride 0.003 mg/ml|r2a|30,8846,0.353092893761875,0.1769950269345465
Pedo557,r2a with perchlorate 12.5 mm|r2a|30,8846,0.18520024509695254,0.0922543042668863
Pedo557,r2a with perchlorate 25 mm|r2a|30,8846,0.19110766812749774,0.09489670671355124
Pedo557,r2a with perchlorate 6.25 mm|r2a|30,8846,0.18873598925390944,0.0945998388828879
Pedo557,r2a with polymyxin b sulfate 0.016 mg/ml|r2a|30,8846,0.34452880700819954,0.1665425995419553
Pedo557,r2a with sisomicin 0.008 mg/ml|r2a|30,8846,0.3970791413407687,0.19850481567337824
Pedo557,r2a with sodium fluoride 12.5 mm|r2a|30,8846,0.18018259123729063,0.08962607223591823
Pedo557,r2a with sodium fluoride 25 mm|r2a|30,8846,0.21250489570139736,0.10622941375299948
Pedo557,r2a with spectinomycin 0.025 mg/ml|r2a|30,8846,0.22373053350249705,0.1107210206975878
Pedo557,r2a with spectinomycin 0.05 mg/ml|r2a|30,8846,0.24831536331819823,0.12329633142839601
Pedo557,r2a with tetracycline 0.0005 mg/ml|r2a|30,8846,0.2288452160992633,0.1131251090255735
Pedo557,r2a with thallium(i) acetate 0.0001 mg/ml|r2a|30,8846,0.29547376088872646,0.147692178026805
Pedo557,r2a with thallium(i) acetate 0.001 mg/ml|r2a|30,8846,0.2481521267781765,0.124020543116583
Pedo557,r2a with vancomycin 0.06 mg/ml|r2a|30,8846,0.4062869105753875,0.2017285243780165
Pedo557,r2a with zinc 0.08 mm|r2a|30,8846,0.26732062127211625,0.133073355484673
Pedo557,r2a with zinc 0.2 mm|r2a|30,8846,0.3899938107263913,0.194661721683066
Pedo557,r2a|r2a|30,39807,0.1987629782119483,0.098955539180839
Phaeo,a-ketoglutaric (c)|dinomm_nocarbon_highnutrient|25,6198,0.25341585200518824,0.1246012488464625
Phaeo,a-ketoglutaric (c)|dinomm_nocarbon|25,6198,0.34244799679896853,0.1681409606556541
Phaeo,acetate (c)|dinomm_nocarbon_highnutrient|25,6198,0.21989618224458407,0.1092101530238576
Phaeo,acetate (c)|dinomm_nocarbon|25,3099,0.6605412077725266,0.3303612139706264
Phaeo,adenosine (n)|dinomm_nonitrogen_highnutrient_sucrosec|25,6198,0.36642284958161975,0.181870178847482
Phaeo,ammonium chloride (n)|dinomm_nonitrogen_highnutrient_sucrosec|25,6198,0.23110015108212112,0.11420435198198285
Phaeo,butyrate (c)|dinomm_nocarbon_highnutrient|25,6198,0.2231159472820615,0.11070787182237476
Phaeo,carbon source d-glucose 10 mm|dinomm_nocarbon_highnutrient|30,6198,0.360401455970838,0.1783381212009385
Phaeo,carbon source l-citrulline 10 mm|dinomm_nocarbon_highnutrient|30,6198,0.2813876388604252,0.1395520213082951
Phaeo,carbon source l-citrulline 5 mm|dinomm_nocarbon_highnutrient|30,6198,0.2843333164311815,0.14088317495103464
Phaeo,carbon source l-ornithine 10 mm|dinomm_nocarbon_highnutrient|30,6198,0.29483895138903077,0.1417754326618283
Phaeo,carbon source l-ornithine 5 mm|dinomm_nocarbon_highnutrient|30,6198,0.32407244516844574,0.16181691953425048
Phaeo,casaminos (c)|dinomm_nocarbon_highnutrient|25,6198,0.268083947240351,0.13303208493953045
Phaeo,casaminos (c)|dinomm_nocarbon|25,6198,0.3383349638538903,0.16406766994536326
Phaeo,cytidine (n)|dinomm_nonitrogen_highnutrient_sucrosec|25,6198,0.25043770919374125,0.12389088431956526
Phaeo,"d,l-lactate (c)|dinomm_nocarbon_highnutrient|25",6198,0.21828423880569314,0.1088783481968455
Phaeo,"d,l-lactate (c)|dinomm_nocarbon|25",6198,0.34660843734610924,0.169499140862439
Phaeo,d-alanine (n)|dinomm_nonitrogen_highnutrient_sucrosec|25,6198,0.23796747213415625,0.1180444553546275
Phaeo,d-cellobiose (c)|dinomm_nocarbon_highnutrient|25,6198,0.232232986793761,0.1135063086468468
Phaeo,d-fructose (c)|dinomm_nocarbon_highnutrient|25,6198,0.20457002535993699,0.10168606271165825
Phaeo,d-fructose (c)|dinomm_nocarbon|25,6198,0.4841040768345073,0.24220801073209325
Phaeo,d-glucose (c)|dinomm_nocarbon_highnutrient|25,6198,0.22104298878038592,0.1100626934981985
Phaeo,d-glucose (c)|dinomm_nocarbon|25,6198,0.5239875421619306,0.2601505580529565
Phaeo,d-lactate (c)|dinomm_nocarbon|25,6198,0.42218625330369275,0.19910286240441338
Phaeo,d-mannose (c)|dinomm_nocarbon_highnutrient|25,6198,0.20738930452227328,0.10367022654266853
Phaeo,d-sorbitol (c)|dinomm_nocarbon_highnutrient|25,6198,0.30003884700253525,0.1463941734212928
Phaeo,d-trehalose (c)|dinomm_nocarbon_highnutrient|25,6198,0.21339209804916248,0.1063115695578635
Phaeo,d-xylose (c)|dinomm_nocarbon_highnutrient|25,6198,0.26769829953882274,0.13281671482334506
Phaeo,dinomm minimal media with l-arginine|dinomm_l_lactatecarbon_highnutrient|30,6198,0.360062031412254,0.1784897991148115
Phaeo,dinomm minimal media with l-threonine|dinomm_l_lactatecarbon_highnutrient|30,6198,0.386162348769725,0.18958886425119792
Phaeo,dinomm minimal media|dinomm_l_lactatecarbon_highnutrient|30,6198,0.40321091234031503,0.196015852750967
Phaeo,fumarate (c)|dinomm_nocarbon_highnutrient|25,6198,0.2305352008008373,0.1136868890567765
Phaeo,fumarate (c)|dinomm_nocarbon|25,3099,0.46267872784103997,0.2198788128473993
Phaeo,glycerol (c)|dinomm_nocarbon|25,6198,0.4853358388924062,0.24329803375330794
Phaeo,glycine (c)|dinomm_nocarbon_highnutrient|25,6198,0.21289313531680748,0.10562099385502624
Phaeo,glycine (c)|dinomm_nocarbon|25,6198,0.4478434495529985,0.22187983090214253
Phaeo,l-alanine (n)|dinomm_nonitrogen_highnutrient_sucrosec|25,6198,0.23449294921641953,0.1167728571443715
Phaeo,l-asparagine (c)|dinomm_nocarbon_highnutrient|25,6198,0.2187772716581184,0.11019032221899196
Phaeo,l-citrulline (c)|dinomm_nocarbon|25,6198,0.3725549543627368,0.18605955185458034
Phaeo,l-citrulline (n)|dinomm_nonitrogen_highnutrient_sucrosec|25,6198,0.24166704944941325,0.1185293858112165
Phaeo,l-glutamic (c)|dinomm_nocarbon_highnutrient|25,6198,0.197742100737423,0.09970942545797887
Phaeo,l-glutamic (c)|dinomm_nocarbon|25,3099,0.33781344336013597,0.1670845122106054
Phaeo,l-glutamine (c)|dinomm_nocarbon_highnutrient|25,6198,0.24734421230793543,0.1204543879946965
Phaeo,l-histidine (n)|dinomm_nonitrogen_highnutrient_sucrosec|25,6198,0.24963976449552597,0.12372490442346142
Phaeo,l-isoleucine (n)|dinomm_nonitrogen_highnutrient_sucrosec|25,6198,0.24043633878361165,0.11940490025971251
Phaeo,l-lactate (c)|dinomm_nocarbon_highnutrient|25,6198,0.22626756013517374,0.1112327115897325
Phaeo,l-lactate (c)|dinomm_nocarbon|25,6198,0.370619694505344,0.17844046916318201
Phaeo,l-leucine (n)|dinomm_nonitrogen_highnutrient_sucrosec|25,6198,0.23003373347579384,0.11376305561667868
Phaeo,l-malic (c)|dinomm_nocarbon_highnutrient|25,6198,0.2813166980904168,0.1381945257587594
Phaeo,l-malic (c)|dinomm_nocarbon|25,3099,0.30935428282313,0.15243137712340307
Phaeo,l-methionine (n)|dinomm_nonitrogen_highnutrient_sucrosec|25,6198,0.23003752908646197,0.1127747504343336
Phaeo,l-phenylalanine (n)|dinomm_nonitrogen_highnutrient_sucrosec|25,6198,0.22987513873305448,0.115172082101972
Phaeo,l-proline (c)|dinomm_nocarbon_highnutrient|25,6198,0.21220751627422751,0.10631956603123249
Phaeo,l-proline (c)|dinomm_nocarbon|25,6198,0.3819372709733435,0.18519118190055
Phaeo,l-serine (c)|dinomm_nocarbon_highnutrient|25,6198,0.22135903932708942,0.1089785288010332
Phaeo,l-threonine (c)|dinomm_nocarbon_highnutrient|25,6198,0.2488043251942565,0.123625203484486
Phaeo,l-tryptophan (n)|dinomm_nonitrogen_highnutrient_sucrosec|25,6198,0.2424835607817818,0.1196930292740017
Phaeo,l-valine (n)|dinomm_nonitrogen_highnutrient_sucrosec|25,6198,0.22732526738469033,0.11282989007491485
Phaeo,m-inositol (c)|dinomm_nocarbon_highnutrient|25,6198,0.22392666610949358,0.1116921709753475
Phaeo,m-inositol (c)|dinomm_nocarbon|25,6198,0.443283899451289,0.22202738686899437
Phaeo,m.b. 1-ethyl-3-methylimidazolium acetate 10 mm|marine_broth_2216|25,3099,0.27080212549611,0.1338493327729583
Phaeo,m.b. 1-ethyl-3-methylimidazolium acetate 20 mm|marine_broth_2216|25,3099,0.28855894407048477,0.1409723467447167
Phaeo,m.b. 1-ethyl-3-methylimidazolium chloride 5 mm|marine_broth_2216|25,3099,0.2806292849443755,0.1397913592560107
Phaeo,m.b. 1-ethyl-3-methylimidazolium lysine 1 mm|marine_broth_2216|25,3099,0.280670360465464,0.1404057694856298
Phaeo,m.b. 2-furfuraldehyde 0.016 vol%|marine_broth_2216|25,6198,0.2707989103168905,0.13417465854387794
Phaeo,m.b. 5-hydroxymethylfurfural 2.5 mm|marine_broth_2216|25,3099,0.27904738306511845,0.1384931271482875
Phaeo,m.b. a22 0.02 mg/ml|marine_broth_2216|25,9297,0.2314310803588076,0.11560553789770016
Phaeo,m.b. a22 0.04 mg/ml|marine_broth_2216|25,3099,0.33100458590248805,0.16544669804839532
Phaeo,m.b. acetate 100 mm|marine_broth_2216|25,3099,0.28420854042089705,0.1395598872723554
Phaeo,m.b. acetate 140 mm|marine_broth_2216|25,3099,0.2863322813752066,0.1428723524929433
Phaeo,m.b. aluminum chloride 1.25 mm|marine_broth_2216|25,9297,0.279901958526474,0.1390175689656731
Phaeo,m.b. benzalkonium chloride 0.002 mg/ml|marine_broth_2216|25,3099,0.3852507564158805,0.18794926079358248
Phaeo,m.b. benzalkonium chloride 0.004 mg/ml|marine_broth_2216|25,9297,0.30564664554976195,0.15247522150324466
Phaeo,m.b. benzethonium chloride 0.0125 mm|marine_broth_2216|25,3099,0.26877177166322347,0.1292229784048434
Phaeo,m.b. benzethonium chloride 0.02 mm|marine_broth_2216|25,3099,0.3121107983595205,0.1550820367842643
Phaeo,m.b. benzethonium chloride 0.025 mm|marine_broth_2216|25,3099,0.693907275969865,0.338268881958379
Phaeo,m.b. benzoic 0.145 mg/ml|marine_broth_2216|25,9297,0.26299574966405104,0.13114534771034195
Phaeo,m.b. ceftazidime 0.001 mg/ml|marine_broth_2216|25,3099,0.3228750106672375,0.15965444691815917
Phaeo,m.b. cephalothin 0.001 mg/ml|marine_broth_2216|25,3099,0.2545202318608022,0.12456715618074991
Phaeo,m.b. chloramphenicol 0.00002 mg/ml|marine_broth_2216|25,3099,0.31858996403997997,0.15606146601821566
Phaeo,m.b. chloride 600 mm|marine_broth_2216|25,6198,0.2854406136898118,0.14170561629604123
Phaeo,m.b. chloride 700 mm|marine_broth_2216|25,3099,0.2406710125978015,0.12067666402515179
Phaeo,m.b. chloride 800 mm|marine_broth_2216|25,3099,0.22706654792112796,0.11159251418332725
Phaeo,m.b. chlorite 0.1 mm|marine_broth_2216|25,3099,0.3093260074561085,0.1515821321781857
Phaeo,m.b. chlorite 0.16 mm|marine_broth_2216|25,6198,0.24258949500170598,0.12032820749965523
Phaeo,m.b. cholin acetate 15 mm|marine_broth_2216|25,6198,0.2164573446400444,0.10665117016396114
Phaeo,m.b. choline lysine 10 mm|marine_broth_2216|25,3099,0.27786655935012416,0.1396126540810285
Phaeo,m.b. choline lysine 3 mm|marine_broth_2216|25,3099,0.3298208572141615,0.16545087713905882
Phaeo,m.b. cisplatin 0.0125 mg/ml|marine_broth_2216|25,6198,0.287525698809978,0.14316951164725294
Phaeo,m.b. cisplatin 0.025 mg/ml|marine_broth_2216|25,3099,0.31180873192821,0.15278887558817592
Phaeo,m.b. cobalt chloride 0.625 mm|marine_broth_2216|25,9297,0.26945812735428,0.13474777845656188
Phaeo,m.b. copper (ii) chloride 0.3 mm|marine_broth_2216|25,6198,0.25323816541469024,0.1262210745739551
Phaeo,m.b. d-cycloserine 0.0625 mg/ml|marine_broth_2216|25,6198,0.29639236009606473,0.1461952271486403
Phaeo,m.b. dimethyl sulfoxide 7.5 vol%|marine_broth_2216|25,6198,0.21875709817508956,0.10861038572579565
Phaeo,m.b. doxycycline hyclate 0.001 mg/ml|marine_broth_2216|25,3099,0.3774004609623075,0.1883426849153201
Phaeo,m.b. doxycycline hyclate 0.002 mg/ml|marine_broth_2216|25,3099,0.2150679128070233,0.10731571567543655
Phaeo,m.b. furfuryl alcohol 0.032 vol%|marine_broth_2216|25,3099,0.34617549815448423,0.1655054854072429
Phaeo,m.b. furfuryl alcohol 0.064 vol%|marine_broth_2216|25,6198,0.2665087637338475,0.13264452648722
Phaeo,m.b. fusidic 0.0002 mg/ml|marine_broth_2216|25,9297,0.286913642499696,0.1436729994021051
Phaeo,m.b. gentamicin 0.002 mg/ml|marine_broth_2216|25,9297,0.266963241527099,0.13294294765707862
Phaeo,m.b. gentamicin 0.004 mg/ml|marine_broth_2216|25,9297,0.29145897310256996,0.14573589239719822
Phaeo,m.b. lomefloxacin 0.00078125 mm|marine_broth_2216|25,6198,0.2614426452352242,0.1307416723051742
Phaeo,m.b. methylglyoxal 0.004 vol%|marine_broth_2216|25,3099,0.40982337956167747,0.2028395142053644
Phaeo,m.b. methylglyoxal 0.008 vol%|marine_broth_2216|25,6198,0.29491282865881124,0.14592133225034265
Phaeo,m.b. nalidixic 0.008 mg/ml|marine_broth_2216|25,3099,0.4009000463790685,0.2013691975039034
Phaeo,m.b. nalidixic 0.016 mg/ml|marine_broth_2216|25,6198,0.20111942812604436,0.0998202375940018
Phaeo,m.b. nickel (ii) chloride 0.625 mm|marine_broth_2216|25,9297,0.314224050515109,0.1568717500028779
Phaeo,m.b. nickel (ii) chloride 1 mm|marine_broth_2216|25,6198,0.2690135891936721,0.13470424290538507
Phaeo,m.b. nitrate 100 mm|marine_broth_2216|25,3099,0.344796613448447,0.17317420388038185
Phaeo,m.b. nitrate 50 mm|marine_broth_2216|25,3099,0.29437741350251545,0.14700554567566038
Phaeo,m.b. nitrite 6 mm|marine_broth_2216|25,3099,0.3556730431684465,0.1788264376600173
Phaeo,m.b. nitrite 8 mm|marine_broth_2216|25,3099,0.43957056085655954,0.21859501949661497
Phaeo,m.b. paraquat dichloride 0.016 mg/ml|marine_broth_2216|25,3099,0.268815351106262,0.13413646438743593
Phaeo,m.b. paraquat dichloride 0.032 mg/ml|marine_broth_2216|25,3099,0.365876532807362,0.176106647950021
Phaeo,m.b. perchlorate 100 mm|marine_broth_2216|25,3099,0.259400382326622,0.13006814269879668
Phaeo,m.b. perchlorate 50 mm|marine_broth_2216|25,6198,0.286617462028107,0.14356451660074965
Phaeo,m.b. phosphomycin 1 mg/ml|marine_broth_2216|25,9297,0.27420416068992004,0.1366228358214147
Phaeo,m.b. phosphomycin 2 mg/ml|marine_broth_2216|25,6198,0.265395187144952,0.13268743304690228
Phaeo,m.b. polymyxin b sulfate 0.0008 mg/ml|marine_broth_2216|25,3099,0.2966451162428625,0.1446668560785103
Phaeo,m.b. polymyxin b sulfate 0.0032 mg/ml|marine_broth_2216|25,3099,0.6590804327156121,0.3188181189834185
Phaeo,m.b. sisomicin 0.005 mg/ml|marine_broth_2216|25,3099,0.4224613085816955,0.21169507235530835
Phaeo,m.b. spectinomycin 0.00625 mg/ml|marine_broth_2216|25,9297,0.2707257608104728,0.1315970590771221
Phaeo,m.b. syringaldehyde 1.25 mm|marine_broth_2216|25,3099,0.3169600566227795,0.1556782263779603
Phaeo,m.b. syringaldehyde 2 mm|marine_broth_2216|25,3099,0.267884193485104,0.133906471993507
Phaeo,m.b. tetracycline 0.00625 mg/ml|marine_broth_2216|25,3099,0.296661854715939,0.1475959349795155
Phaeo,m.b. thallium(i) acetate 0.002 mg/ml|marine_broth_2216|25,6198,0.26828216391330273,0.1342942888556215
Phaeo,m.b. vancomycin 0.024 mg/ml|marine_broth_2216|25,3099,0.22898079659016982,0.11311180747136841
Phaeo,m.b. vancomycin 0.032 mg/ml|marine_broth_2216|25,6198,0.30104603669666796,0.14804288974973165
Phaeo,m.b. vanillin 1.25 mm|marine_broth_2216|25,3099,0.3513784332558325,0.1733231781312373
Phaeo,m.b. zinc 0.1 mm|marine_broth_2216|25,6198,0.2381069526661223,0.1187669141014903
Phaeo,m.b. zinc 0.32 mm|marine_broth_2216|25,3099,0.36676625984113653,0.18366772466045253
Phaeo,marine broth 25c|marine_broth_2216|25,6198,0.26669654672891413,0.1317084925776325
Phaeo,marine broth 30c|marine_broth_2216|30,6198,0.2541759512649294,0.12612905236522404
Phaeo,marine broth 37c|marine_broth_2216|37,3099,0.2649278375583755,0.13231320631868038
Phaeo,marine broth ph 6|marine_broth_2216|25,3099,0.3156350581967695,0.1580773646652864
Phaeo,marine broth ph6.5|marine_broth_2216|25,6198,0.2906096636570705,0.14579575165809006
Phaeo,marine broth ph8|marine_broth_2216|25,3099,0.327522348953751,0.1608610688189596
Phaeo,marine broth ph9|marine_broth_2216|25,3099,0.3317929734347005,0.16263717446419718
Phaeo,marine broth tube 15c sample2|marine_broth_2216|15,3099,0.3623712986616443,0.1714691463227661
Phaeo,marine broth|marine_broth_2216|25,46485,0.27344192252958,0.13576380672078509
Phaeo,nag (c)|dinomm_nocarbon_highnutrient|25,6198,0.22791329575782,0.11370009657459348
Phaeo,nag (c)|dinomm_nocarbon|25,3099,0.4730127204806915,0.2360348615762701
Phaeo,no vitamins t1|dinomm_l_lactatecarbon_highnutrient_novitamin|30,3099,0.42390797086437754,0.20724892662928518
Phaeo,no vitamins t2|dinomm_l_lactatecarbon_highnutrient_novitamin|30,3099,0.5433269242242356,0.256963786694163
Phaeo,propionate (c)|dinomm_nocarbon_highnutrient|25,6198,0.23552119575539987,0.1151235269159119
Phaeo,putrescine (n)|dinomm_nonitrogen_highnutrient_sucrosec|25,6198,0.341332127837498,0.1694071871101035
Phaeo,pyruvate (c)|dinomm_nocarbon_highnutrient|25,6198,0.2696135250381559,0.13164580897025954
Phaeo,pyruvate (c)|dinomm_nocarbon|25,6198,0.4125399103493895,0.205350809050019
Phaeo,succinate (c)|dinomm_nocarbon_highnutrient|25,6198,0.22031253122058397,0.1087197011245334
Phaeo,succinate (c)|dinomm_nocarbon|25,6198,0.360421152875605,0.17584715987419253
Phaeo,trisodium citrate (c)|dinomm_nocarbon_highnutrient|25,6198,0.31341624834322224,0.1557319226847895
Phaeo,uridine (n)|dinomm_nonitrogen_highnutrient_sucrosec|25,6198,0.26191234561127696,0.129643173320693
Ponti,m.b. a22 0.04 mg/ml|marine_broth_2216|30,7370,0.5915572420932368,0.29276951665016504
Ponti,m.b. benzoic 0.4 mg/ml|marine_broth_2216|30,7370,0.25951868877249606,0.12756729508086778
Ponti,m.b. benzoic 0.58 mg/ml|marine_broth_2216|30,7370,0.24924409928568114,0.12117952934510386
Ponti,m.b. carbenicillin 0.0004 mg/ml|marine_broth_2216|30,7370,0.28533049892827544,0.14084004654705404
Ponti,m.b. carbenicillin 0.0015 mg/ml|marine_broth_2216|30,7370,0.393494840794623,0.19352823753939724
Ponti,m.b. ceftazidime 0.0005 mg/ml|marine_broth_2216|30,7370,0.2606280682178975,0.130408489949602
Ponti,m.b. ceftazidime 0.001 mg/ml|marine_broth_2216|30,7370,0.2548310357589402,0.12483735164895565
Ponti,m.b. cephalothin 0.005 mg/ml|marine_broth_2216|30,7370,0.39423481301308577,0.1951596502047425
Ponti,m.b. chloramphenicol 0.0005 mg/ml|marine_broth_2216|30,7370,0.22188320813000792,0.10937084113367695
Ponti,m.b. chloramphenicol 0.001 mg/ml|marine_broth_2216|30,7370,0.23536220740876035,0.11569045194136546
Ponti,m.b. chloride 500 mm|marine_broth_2216|30,7370,0.2189481213625245,0.10745370567204526
Ponti,m.b. chloride 750 mm|marine_broth_2216|30,7370,0.335627785776913,0.15558069702390298
Ponti,m.b. chlorite 0.08 mm|marine_broth_2216|30,7370,0.20748227476514122,0.10314289436469082
Ponti,m.b. chlorite 0.2 mm|marine_broth_2216|30,7370,0.24316594035954195,0.12057130183038585
Ponti,m.b. cisplatin 0.025 mg/ml|marine_broth_2216|30,7370,0.329157595334225,0.1597362384803723
Ponti,m.b. cisplatin 0.035 mg/ml|marine_broth_2216|30,3685,0.544685162087249,0.2727665510730897
Ponti,m.b. cobalt chloride 0.05 mm|marine_broth_2216|30,7370,0.22517977611269077,0.1120948995365959
Ponti,m.b. cobalt chloride 0.15 mm|marine_broth_2216|30,7370,0.23123263849458767,0.11412100566611749
Ponti,m.b. cobalt chloride 0.3 mm|marine_broth_2216|30,7370,0.2442724502163894,0.12127818492989235
Ponti,m.b. copper (ii) chloride 0.16 mm|marine_broth_2216|30,7370,0.41480656548432226,0.2050211587498737
Ponti,m.b. d-cycloserine 0.032 mg/ml|marine_broth_2216|30,7370,0.3115565567134585,0.1547412711530815
Ponti,m.b. dimethyl sulfoxide 10 vol%|marine_broth_2216|30,7370,0.23941181115347648,0.11855806329238949
Ponti,m.b. dimethyl sulfoxide 7.5 vol%|marine_broth_2216|30,7370,0.24801919226218952,0.12322994309472249
Ponti,m.b. doxycycline hyclate 0.004 mg/ml|marine_broth_2216|30,7370,0.2643204913011325,0.13026636014408025
Ponti,m.b. doxycycline hyclate 0.008 mg/ml|marine_broth_2216|30,7370,0.31903731925594475,0.1588667514132115
Ponti,m.b. fusidic 0.0001 mg/ml|marine_broth_2216|30,7370,0.23842246283590102,0.1170223420149
Ponti,m.b. fusidic 0.0005 mg/ml|marine_broth_2216|30,7370,0.2941385153002998,0.14415730127974358
Ponti,m.b. fusidic 0.001 mg/ml|marine_broth_2216|30,7370,0.29552232296777,0.14608497416362032
Ponti,m.b. lomefloxacin 0.002 mm|marine_broth_2216|30,7370,0.21457126208458122,0.10681502293772338
Ponti,m.b. lomefloxacin 0.004 mm|marine_broth_2216|30,7370,0.2574483525725345,0.128480771086047
Ponti,m.b. nalidixic 0.008 mg/ml|marine_broth_2216|30,7370,0.2300239796578616,0.1146725858281785
Ponti,m.b. nalidixic 0.016 mg/ml|marine_broth_2216|30,7370,0.26783478008995054,0.13395017894550398
Ponti,m.b. nalidixic 0.03 mg/ml|marine_broth_2216|30,7370,0.4079719467995605,0.2039727165410115
Ponti,m.b. nickel (ii) chloride 1 mm|marine_broth_2216|30,7370,0.2691384024421205,0.13527101354963195
Ponti,m.b. nickel (ii) chloride 2 mm|marine_broth_2216|30,3685,0.298033416907395,0.1480883376156678
Ponti,m.b. nitrite 20 mm|marine_broth_2216|30,7370,0.22119579764708602,0.10912019875388436
Ponti,m.b. nitrite 30 mm|marine_broth_2216|30,7370,0.22314196117254526,0.1111978579596275
Ponti,m.b. paraquat dichloride 0.025 mg/ml|marine_broth_2216|30,7370,0.2679442770686221,0.12952572733043805
Ponti,m.b. perchlorate 100 mm|marine_broth_2216|30,7370,0.22873632732284,0.11332873085980466
Ponti,m.b. perchlorate 50 mm|marine_broth_2216|30,7370,0.22440923685779499,0.11155736853135559
Ponti,m.b. sodium fluoride 12.5 mm|marine_broth_2216|30,7370,0.21646060496385103,0.10609092477815639
Ponti,m.b. spectinomycin 0.08 mg/ml|marine_broth_2216|30,7370,0.37129311885825,0.1837702678177617
Ponti,m.b. tetracycline 0.003 mg/ml|marine_broth_2216|30,7370,0.2996778310387155,0.14923658375226245
Ponti,m.b. tetracycline 0.006 mg/ml|marine_broth_2216|30,7370,0.26843848185465824,0.13368033684680525
Ponti,m.b. thallium(i) acetate 0.001 mg/ml|marine_broth_2216|30,7370,0.46377690530338544,0.22905521129818102
Ponti,m.b. thallium(i) acetate 0.0025 mg/ml|marine_broth_2216|30,7370,0.8254027758381485,0.4078589727181595
Ponti,m.b. vancomycin 0.008 mg/ml|marine_broth_2216|30,7370,0.27372464605233354,0.1319694280258445
Ponti,m.b. vancomycin 0.016 mg/ml|marine_broth_2216|30,7370,0.33671059177187823,0.167040077210782
Ponti,marine broth|marine_broth_2216|30,36850,0.2244370013016871,0.11017420045534054
Putida,"1,2-propanediol (c)|mops minimal media_nocarbon|30",9556,0.22346359666117432,0.110506437419972
Putida,"1,3-butandiol (c)|mops minimal media_nocarbon|30",9556,0.1953168542718442,0.09696091706122635
Putida,"1,4-butanediol (c)|mops minimal media_nocarbon|30",9556,0.258003401392617,0.1280380174781915
Putida,"1,5-pentanediol (c)|mops minimal media_nocarbon|30",9556,0.22523600551409897,0.11224506622786701
Putida,"1,6-hexanediamine (n)|mops minimal media_glucose_nonitrogen|30",9556,0.20636185646859767,0.1027497011980056
Putida,1-pentanol (c)|mops minimal media_nocarbon|30,9556,0.20304377926768605,0.1003061394139177
Putida,2-methyl-1-butanol (c)|mops minimal media_nocarbon|30,9556,0.23936587695462316,0.1184933799606534
Putida,24hr timepoint from 1l m9/1% dextrose batch fermentation in 2l sartorius biostat reactor kept at 10% do.|m9_1percentglucose|30,4778,0.3623034388464077,0.1814544993364731
Putida,24hr timepoint from 1l m9/1% dextrose batch fermentation in 2l sartorius biostat reactor kept at 30% do with 20% v/v dodecane overlay|m9_1percentglucose|30,4778,0.3002926729221578,0.14902625365858457
Putida,24hr timepoint from 1l m9/1% dextrose batch fermentation in 2l sartorius biostat reactor kept at 30% do.|m9_1percentglucose|30,4778,0.3102325485996362,0.15459202779306597
Putida,"24hr timepoint of 1l m9/1% dextrose continuous fed batch fermentation in 2l sartorius biostat, feed rate 1g/hr dextrose, set to 30% do.|m9_1percentglucose|30",4778,0.3445291115592758,0.1715916594406405
Putida,3-aminobutyric (n)|mops minimal media_glucose_nonitrogen|30,9556,0.17504265732604693,0.08736010519746075
Putida,3-methyl-1-butanol (c)|mops minimal media_nocarbon|30,9556,0.2522485477385098,0.1234670415111565
Putida,3-methyl-3-butenol (c)|mops minimal media_nocarbon|30,9556,0.1983277393996708,0.09837166931097
Putida,4-aminobutyric (n)|mops minimal media_glucose_nonitrogen|30,9556,0.16809295228185106,0.0838142430786375
Putida,4-aminobutyric 10 mm (c)|mops minimal media_nocarbon|30,4778,0.36458938515454226,0.181873561415341
Putida,4-guanidinobutyric (n)|mops minimal media_glucose_nonitrogen|30,9556,0.1975502940853291,0.09829969117975446
Putida,4-hydroxybenzoic acid (c)|mops minimal media_nocarbon|30,9556,0.24000663697792607,0.1193897304637283
Putida,4-hydroxyvalerate (c) (40mm)|rch2_defined_nocarbon|30,9556,0.302736976028059,0.1499518128147373
Putida,"40hr timepoint of 1l m9/1% dextrose continuous fed batch fermentation in 2l sartorius biostat, feed rate 1g/hr dextrose, set to 30% do.|m9_1percentglucose|30",4778,0.272302672951972,0.136262834739299
Putida,"40hr timepoint of 1l m9/1% dextrose continuous fed batch fermentation in 2l sartorius biostat, feed rate 2.15g/hr dextrose, set to 30% do.|m9_1percentglucose|30",4778,0.305168681340874,0.15174572174130802
Putida,48hr timepoint from 1l m9/1% dextrose batch fermentation in 2l sartorius biostat reactor kept at 10% do.|m9_1percentglucose|30,9556,0.3238194591002825,0.16223306716719404
Putida,48hr timepoint from 1l m9/1% dextrose batch fermentation in 2l sartorius biostat reactor kept at 30% do with 20% v/v dodecane overlay|m9_1percentglucose|30,4778,0.30144446889350196,0.1513293484128475
Putida,48hr timepoint from 1l m9/1% dextrose batch fermentation in 2l sartorius biostat reactor kept at 30% do.|m9_1percentglucose|30,4778,0.29817260680131874,0.1485003438364866
Putida,48hr timepoint of 1l m9/1% dextrose discontinuous fed batch fermentation in 2l sartorius biostat set to 10% do.|m9_1percentglucose|30,4778,0.34680609903084375,0.173258576416328
Putida,5-aminovaleric (n)|mops minimal media_glucose_nonitrogen|30,9556,0.16849230095605922,0.08392860415715901
Putida,5-aminovaleric 10 mm (c)|mops minimal media_nocarbon|30,9556,0.30790393341863226,0.1533682164763165
Putida,6-aminocaproic (n)|mops minimal media_glucose_nonitrogen|30,9556,0.22488501903818198,0.1126102414575335
Putida,72hr timepoint from 1l m9/1% dextrose batch fermentation in 2l sartorius biostat reactor kept at 10% do.|m9_1percentglucose|30,9556,0.33068481905687924,0.1647985100541685
Putida,72hr timepoint from 1l m9/1% dextrose batch fermentation in 2l sartorius biostat reactor kept at 30% do with 20% v/v oleyl alcohol overlay|m9_1percentglucose|30,4778,0.34496392381678675,0.1696824025150985
Putida,72hr timepoint from 1l m9/1% dextrose batch fermentation in 2l sartorius biostat reactor kept at 30% do.|m9_1percentglucose|30,4778,0.27747119868694126,0.1391273905997158
Putida,a-ketoglutaric (c)|mops minimal media_nocarbon|30,4778,0.231954887273404,0.11593082862713494
Putida,acetate carbon source (20mm)|rch2_defined_nocarbon|30,9556,0.26800776671787424,0.133296147529397
Putida,acetate carbon source (5mm)|rch2_defined_nocarbon|30,9556,0.272994688981167,0.1357141096348332
Putida,adaptation in m9 media timecourse 1; day 2|m9_1percentglucose|30,4778,0.21301241557429312,0.10408114949692115
Putida,adaptation in m9 media timecourse 1; day 3|m9_1percentglucose|30,4778,0.244028406229749,0.12254917405850099
Putida,adaptation in m9 media timecourse 2; day 3|m9_1percentglucose|30,4778,0.23747358464668977,0.1182816096579895
Putida,adaptation in m9 media timecourse 3; day 2|m9_1percentglucose|30,4778,0.219254101492444,0.1101865013214285
Putida,adaptation in m9 media timecourse 3; day 3|m9_1percentglucose|30,4778,0.23116208032058075,0.11443002203508856
Putida,adaptation in m9 media timecourse 4; day 2|m9_1percentglucose|30,4778,0.22543310869858946,0.11143697768750449
Putida,adaptation in m9 media timecourse 4; day 3|m9_1percentglucose|30,4778,0.23355119403297225,0.1161744889811185
Putida,adenine (n)|mops minimal media_glucose_nonitrogen|30,9556,0.18664784055423253,0.09276601269933071
Putida,ammonium chloride (n)|mops minimal media_glucose_nonitrogen|30,9556,0.16167638340129992,0.08061675788924294
Putida,benzoic (c)|mops minimal media_nocarbon|30,14334,0.2467564908687592,0.1213768264281225
Putida,beta-alanine (n)|mops minimal media_glucose_nonitrogen|30,9556,0.19973887804608148,0.0992711475219267
Putida,betaine (n)|mops minimal media_glucose_nonitrogen|30,9556,0.19995125205867842,0.09940317873076365
Putida,butanol (c)|mops minimal media_nocarbon|30,9556,0.17700936832138728,0.08826014031748784
Putida,butyl stearate (c)|mops minimal media_nocarbon|30,9556,0.24922327833573377,0.1246761336768185
Putida,butyrate (c)|mops minimal media_nocarbon|30,14334,0.33589469698626473,0.16700357452093262
Putida,butyrolactam (n)|mops minimal media_glucose_nonitrogen|30,9556,0.19471208063057507,0.09742312469483375
Putida,cadaverine (n)|mops minimal media_glucose_nonitrogen|30,9556,0.19376151142049378,0.09633928661279356
Putida,caprolactam (n)|mops minimal media_glucose_nonitrogen|30,9556,0.19195001892564867,0.0957383160444676
Putida,carnitine hydrochloride (n)|mops minimal media_glucose_nonitrogen|30,9556,0.21106930403331747,0.1054202592091624
Putida,choline chloride (n)|mops minimal media_glucose_nonitrogen|30,9556,0.19012784718942255,0.09495363802819935
Putida,cytosine (n)|mops minimal media_glucose_nonitrogen|30,9556,0.19278868375890068,0.09569190828802335
Putida,d-alanine (n)|mops minimal media_glucose_nonitrogen|30,9556,0.1763650599710787,0.08748445059270216
Putida,d-galacturonic acid (c)|mops minimal media_nocarbon|30,9556,0.24020844700627275,0.11893198839855951
Putida,d-glucose (c) with 20aa_mix_minus_ala|mops minimal media_nocarbon|30,4778,0.20587698743343363,0.10228484413606215
Putida,d-glucose (c) with 20aa_mix_minus_arg|mops minimal media_nocarbon|30,4778,0.1927024621927556,0.09627616320502541
Putida,d-glucose (c) with 20aa_mix_minus_asn|mops minimal media_nocarbon|30,4778,0.20276331412634488,0.1007133702110765
Putida,d-glucose (c) with 20aa_mix_minus_asp|mops minimal media_nocarbon|30,4778,0.1952203826072552,0.09755574892330515
Putida,d-glucose (c) with 20aa_mix_minus_cys|mops minimal media_nocarbon|30,4778,0.3027604158113407,0.15096410764925203
Putida,d-glucose (c) with 20aa_mix_minus_gln|mops minimal media_nocarbon|30,4778,0.1950664781798085,0.0971174403435464
Putida,d-glucose (c) with 20aa_mix_minus_glu|mops minimal media_nocarbon|30,4778,0.2112073343834475,0.1059023510397944
Putida,d-glucose (c) with 20aa_mix_minus_gly|mops minimal media_nocarbon|30,4778,0.22126823420026076,0.1103906640588211
Putida,d-glucose (c) with 20aa_mix_minus_his|mops minimal media_nocarbon|30,4778,0.220666645954797,0.10923298549362809
Putida,d-glucose (c) with 20aa_mix_minus_ile|mops minimal media_nocarbon|30,4778,0.20344642551716285,0.10088459074155894
Putida,d-glucose (c) with 20aa_mix_minus_leu|mops minimal media_nocarbon|30,4778,0.2328168720594205,0.11405751562663517
Putida,d-glucose (c) with 20aa_mix_minus_lys|mops minimal media_nocarbon|30,4778,0.21808395756655102,0.1087302984305525
Putida,d-glucose (c) with 20aa_mix_minus_met|mops minimal media_nocarbon|30,4778,0.2162636247663276,0.10757496126951352
Putida,d-glucose (c) with 20aa_mix_minus_pro|mops minimal media_nocarbon|30,4778,0.18840527028831422,0.09425503497027823
Putida,d-glucose (c) with 20aa_mix_minus_ser|mops minimal media_nocarbon|30,4778,0.22315956146978094,0.11167151006542429
Putida,d-glucose (c) with 20aa_mix_minus_thr|mops minimal media_nocarbon|30,4778,0.24274269625410674,0.12220841039291754
Putida,d-glucose (c) with 20aa_mix_minus_trp|mops minimal media_nocarbon|30,4778,0.2220190293633055,0.11104624338219499
Putida,d-glucose (c) with 20aa_mix_minus_tyr|mops minimal media_nocarbon|30,4778,0.23654679294509776,0.11786822643783001
Putida,d-glucose (c) with 20aa_mix_minus_val|mops minimal media_nocarbon|30,4778,0.20850415542444423,0.1043454290392932
Putida,d-glucose (c) with 20aa_mix|mops minimal media_nocarbon|30,4778,0.20325628682773084,0.1009357042162585
Putida,d-glucose (c)|mops minimal media_nocarbon|30,14334,0.20912756644573458,0.10412132609099667
Putida,d-glucose (c)|rch2_defined_nocarbon|30,9556,0.21028709035834908,0.10459799920234486
Putida,d-glucuronic acid (c)|mops minimal media_nocarbon|30,4778,0.22351003274217174,0.11072932267678454
Putida,d-lysine (n)|mops minimal media_glucose_nonitrogen|30,9556,0.19422185264324293,0.09667677346540404
Putida,d-lysine 10 mm (c)|mops minimal media_nocarbon|30,9556,0.3151435957352392,0.1560742870572091
Putida,decanoic (c)|mops minimal media_nocarbon|30,9556,0.24359477913546224,0.12066222433641645
Putida,dl-2-aminobutyric (n)|mops minimal media_glucose_nonitrogen|30,9556,0.3077037959332263,0.1538835608001537
Putida,dl-3-aminoisobutyric (n)|mops minimal media_glucose_nonitrogen|30,9556,0.23960008190357276,0.119177131523746
Putida,ethanol (c)|mops minimal media_nocarbon|30,9556,0.18089874001011946,0.0893969489721019
Putida,ethanolamine (n)|mops minimal media_glucose_nonitrogen|30,9556,0.19433530090520346,0.09717962459113949
Putida,ferulic acid (c)|mops minimal media_nocarbon|30,14334,0.24536674110640075,0.12111677856168401
Putida,glucose (c) (20mm)|rch2_defined_nocarbon|30,9556,0.246563842181204,0.1226996461709685
Putida,glucose (c) (40mm)|rch2_defined_nocarbon|30,9556,0.2469958956778765,0.12255475103451488
Putida,glycine (n)|mops minimal media_glucose_nonitrogen|30,9556,0.17920044110288505,0.0892198141997166
Putida,heptanoic (c)|mops minimal media_nocarbon|30,9556,0.23786294105282893,0.11799864343462235
Putida,hexanoic (c)|mops minimal media_nocarbon|30,9556,0.28925351146566675,0.1444693577527179
Putida,hydantoin (n)|mops minimal media_glucose_nonitrogen|30,9556,0.26191519793479723,0.1307763218758253
Putida,l-alanine (n)|mops minimal media_glucose_nonitrogen|30,9556,0.1758656344979388,0.08803751739611265
Putida,l-arginine (c)|mops minimal media_nocarbon|30,4778,0.246106736796008,0.12336723749324295
Putida,l-arginine (n)|mops minimal media_glucose_nonitrogen|30,9556,0.17609764553804114,0.087630646600712
Putida,l-asparagine (n)|mops minimal media_glucose_nonitrogen|30,9556,0.16747532163851805,0.08371496265615365
Putida,l-aspartate (n)|mops minimal media_glucose_nonitrogen|30,9556,0.1702574543123401,0.08422165870596404
Putida,l-cysteine (n)|mops minimal media_glucose_nonitrogen|30,9556,0.19961527242914417,0.09976410854987344
Putida,l-glutamic (c)|mops minimal media_nocarbon|30,14334,0.25462888362312497,0.1261863228485005
Putida,l-glutamic (n)|mops minimal media_glucose_nonitrogen|30,9556,0.1960788797920206,0.0979231810504987
Putida,l-glutamine (n)|mops minimal media_glucose_nonitrogen|30,9556,0.16695565510617827,0.0828794033245728
Putida,l-histidine (c)|mops minimal media_nocarbon|30,4778,0.21249126710636673,0.10603067092771751
Putida,l-histidine (n)|mops minimal media_glucose_nonitrogen|30,9556,0.16670225816931036,0.08334588317816616
Putida,l-isoleucine (n)|mops minimal media_glucose_nonitrogen|30,9556,0.17792252088274305,0.08884579743176846
Putida,l-leucine (n)|mops minimal media_glucose_nonitrogen|30,9556,0.2222053643372964,0.11066770431809886
Putida,l-lysine (c)|mops minimal media_nocarbon|30,9556,0.22800502971605052,0.11265273026075301
Putida,l-lysine (n)|mops minimal media_glucose_nonitrogen|30,9556,0.18917005864703743,0.09387114772134761
Putida,l-lysine 10 mm (c)|mops minimal media_nocarbon|30,4778,0.29631830706377776,0.147818745303949
Putida,l-methionine (n)|mops minimal media_glucose_nonitrogen|30,9556,0.22695452285526876,0.11351299062034301
Putida,l-ornithine (n)|mops minimal media_glucose_nonitrogen|30,9556,0.1908527895654036,0.09446152866860846
Putida,l-phenylalanine (n)|mops minimal media_glucose_nonitrogen|30,9556,0.1927527149704733,0.09598550738824074
Putida,l-pipecolic acid (n)|mops minimal media_glucose_nonitrogen|30,9556,0.18109197556541312,0.09026730974720165
Putida,l-proline (n)|mops minimal media_glucose_nonitrogen|30,9556,0.1701578809059187,0.08470114657383575
Putida,l-pyroglutamic (n)|mops minimal media_glucose_nonitrogen|30,9556,0.19809539485929106,0.09885433670808881
Putida,l-serine (n)|mops minimal media_glucose_nonitrogen|30,9556,0.17554305663532688,0.08782157779623496
Putida,l-threonine (n)|mops minimal media_glucose_nonitrogen|30,9556,0.18377619594631342,0.0918856313725069
Putida,l-valine (n)|mops minimal media_glucose_nonitrogen|30,9556,0.18263632038765992,0.09077898363577605
Putida,lauric (c)|mops minimal media_nocarbon|30,9556,0.22503393726463938,0.1115322667510825
Putida,levulinic acid (c)|rch2_defined_nocarbon|30,19112,0.2506412550965835,0.124444274626138
Putida,myristic (c)|mops minimal media_nocarbon|30,9556,0.253367381406065,0.126158327828227
Putida,nicotinic acid (n)|mops minimal media_glucose_nonitrogen|30,9556,0.18175664093072036,0.09036517722456616
Putida,nitrate (n)|mops minimal media_glucose_nonitrogen|30,9556,0.17752039879999143,0.08831314850328961
Putida,nitrite (n)|mops minimal media_glucose_nonitrogen|30,9556,0.18972518953848833,0.09431009338937145
Putida,nonanoic (c)|mops minimal media_nocarbon|30,9556,0.25779283089619504,0.1282701204307375
Putida,octanoic (c)|mops minimal media_nocarbon|30,9556,0.2659261122630964,0.133241532273009
Putida,oleic (c)|mops minimal media_nocarbon|30,9556,0.275618792235242,0.13620179125423099
Putida,p-coumaric (c)|mops minimal media_nocarbon|30,9556,0.2261457190947292,0.11239160008885477
Putida,p-coumaric (c)|rch2_defined_nocarbon|30,9556,0.23407807826576987,0.11551001445682096
Putida,phenylacetic (c)|mops minimal media_nocarbon|30,9556,0.2525496161654559,0.1248253431393079
Putida,propandiamine (n)|mops minimal media_glucose_nonitrogen|30,9556,0.39027348770653003,0.191180049976305
Putida,propionate (c)|mops minimal media_nocarbon|30,9556,0.2521739819398474,0.12526080830949948
Putida,protocatechuic acid (c)|mops minimal media_nocarbon|30,9556,0.2471989455283305,0.12316353926738685
Putida,putrescine (n)|mops minimal media_glucose_nonitrogen|30,9556,0.22459216387339187,0.11038105202660745
Putida,r2a control with 0.2% methanol|r2a|30,23890,0.27876986888324723,0.1391081593135465
Putida,r2a control with 0.2x vogels|r2a|30,19112,0.30497365870940474,0.1518823012478845
Putida,r2a control|r2a|30,28668,0.2467256966883665,0.122803075475413
Putida,r2a with fusaric 120 ug/ml|r2a|30,23890,0.26459331351308873,0.13170959418663
Putida,r2a with fusaric 240 ug/ml|r2a|30,23890,0.299166043192659,0.148533572472703
Putida,r2a with fusaric 480 ug/ml|r2a|30,28668,0.3079335204385485,0.15287477593259124
Putida,r2a with polymyxin b sulfate 0.001 mg/ml|r2a|30,19112,0.30326666966917226,0.15049289309905026
Putida,r2a with polymyxin b sulfate 0.002 mg/ml|r2a|30,4778,0.5224207080870635,0.255979293382925
Putida,r2a with vogels_fungal_media 0.2x|r2a|30,4778,0.26541543516968524,0.13361806289802852
Putida,r2a with vogels_fungal_media 0.8x|r2a|30,14334,0.2253350955846295,0.1127503580685815
Putida,spermidine (n)|mops minimal media_glucose_nonitrogen|30,9556,0.21965926193967295,0.10871805210110799
Putida,succinate (c)|mops minimal media_nocarbon|30,4778,0.2056073905329842,0.10180453036257145
Putida,"supernatant; trichoderma atroviride imi grown in vogels_fungal_media, filtered; 0.2x|r2a|30",14334,0.28256687829932003,0.140939116224639
Putida,"supernatant; trichoderma atroviride imi tmk3mutant grown in vogels_fungal_media, filtered; 0.2x|r2a|30",14334,0.23773433944347916,0.11816352177543316
Putida,tween 20 (c)|mops minimal media_nocarbon|30,9556,0.4128012493822065,0.20483227237498353
Putida,uracil (n)|mops minimal media_glucose_nonitrogen|30,9556,0.20001025204058592,0.09963785235238215
Putida,urea (n)|mops minimal media_glucose_nonitrogen|30,9556,0.1742383004992911,0.08608908009464311
Putida,valeric (c)|mops minimal media_nocarbon|30,9556,0.2722544773038522,0.13592055331432829
Putida,valerolactam (c)|mops minimal media_nocarbon|30,4778,0.21785125754876233,0.108381898299555
Putida,valerolactam (n)|mops minimal media_glucose_nonitrogen|30,9556,0.17872127107767188,0.08891258836077755
Putida,valerolactam 10 mm (c)|mops minimal media_nocarbon|30,4778,0.28094789896935923,0.13955738171513293
Putida,vanillic acid (c)|mops minimal media_nocarbon|30,9556,0.25416019371981574,0.12525040414537666
Putida,vanillin (c)|mops minimal media_nocarbon|30,9556,0.27137262961139874,0.13393950827415602
Putida,vanillin (c)|rch2_defined_nocarbon|30,9556,0.276624238242531,0.1364791314887524
RalstoniaBSBF1503,cpg|cpg|28,11337,0.27818017196294,0.13927945555696303
RalstoniaBSBF1503,m63_quarter_strength|m63_quarter_strength|28,7558,0.3152559849656602,0.15775701214767993
RalstoniaGMI1000,cpg|cpg|28,7960,0.2697490106310005,0.1350865202454845
RalstoniaGMI1000,m63_quarter_strength|m63_quarter_strength|28,11940,0.26606277517563226,0.1321386434924935
RalstoniaPSI07,cpg|cpg|28,8058,0.32063706967238953,0.160079589584599
RalstoniaPSI07,m63_quarter_strength|m63_quarter_strength|28,12087,0.356863772353723,0.17885727327091278
RalstoniaUW163,cpg|cpg|28,11385,0.254438199619349,0.12746221356693793
RalstoniaUW163,m63_quarter_strength|m63_quarter_strength|28,11385,0.26126696760108004,0.1298353118790054
SB2B,1-ethyl-3-methylimidazolium acetate 15 mm|lb|37,6242,0.17399000955024493,0.08659597442333955
SB2B,5-hydroxymethylfurfural 10 mm|lb|37,3121,0.1712313527794458,0.08426972314003754
SB2B,5-hydroxymethylfurfural 20 mm|lb|37,3121,0.1991350450031696,0.0987594313720542
SB2B,a-ketoglutaric|shewmm_nocarbon|37,6242,0.3684173352456845,0.1791387729158935
SB2B,a22 0.0109375 mg/ml|lb|37,3121,0.2302600317703017,0.11421192564500389
SB2B,a22 0.021875 mg/ml|lb|37,3121,0.1999515446801123,0.09869981246797739
SB2B,acetate 25 mm|lb|37,6242,0.18890621000479094,0.09169053683935566
SB2B,acetate|shewmm_nocarbon|37,6242,0.23945790359739477,0.117171585240513
SB2B,adenosine (n)|shewmm_nonitrogen|37,6242,0.47857015610257253,0.23839945773225102
SB2B,adenosine|shewmm_nocarbon|37,6242,0.21574031589050235,0.10649762729572584
SB2B,aluminum chloride 0.625 mm|lb|37,3121,0.1739396710595242,0.0861321579428026
SB2B,aluminum chloride 1.25 mm|lb|37,3121,0.17906787570342242,0.08828170167037741
SB2B,aluminum chloride 2.5 mm|lb|37,3121,0.1809113201691563,0.0897946280290449
SB2B,ammonium chloride (n)|shewmm_nonitrogen|37,6242,0.275637155376409,0.1363718506116875
SB2B,anaero. fumarate (e.a.)|shewmm|37,3121,0.510211800127053,0.2254605547986568
SB2B,bacitracin 0.125 mg/ml|lb|37,3121,0.21564867969850532,0.1066891041836781
SB2B,bacitracin 0.25 mg/ml|lb|37,3121,0.271438121706966,0.1347698274887867
SB2B,benzalkonium chloride 0.002 mg/ml|lb|37,3121,0.2518051029620144,0.1231933074429534
SB2B,benzalkonium chloride 0.004 mg/ml|lb|37,3121,0.2755162159676766,0.1328920947523009
SB2B,benzethonium chloride 0.00625 mm|lb|37,3121,0.1971200838440755,0.0970655089882374
SB2B,benzoic 0.29 mg/ml|lb|37,3121,0.17344145820657653,0.08543058882033731
SB2B,carbenicillin 0.00195312 mg/ml|lb|37,3121,0.240699758250212,0.11931497443326881
SB2B,casaminos (n)|shewmm_nonitrogen|37,6242,0.18528121895914135,0.09086664703973191
SB2B,casaminos|shewmm_nocarbon|37,12484,0.1658684445831318,0.08211586233932235
SB2B,chloramphenicol 0.0002 mg/ml|lb|37,3121,0.1607870385633598,0.0792322231193372
SB2B,chloramphenicol 0.0004 mg/ml|lb|37,3121,0.159774429068333,0.07892873238925731
SB2B,chloride 500 mm|lb|37,3121,0.1638745718519092,0.07864595759597219
SB2B,chloride 600 mm|lb|37,3121,0.1765240298437569,0.08744516758126579
SB2B,chloride 700 mm|lb|37,3121,0.241866417074499,0.118563036567804
SB2B,chlorite 0.078125 mm|lb|37,3121,0.2248760906256852,0.1113807047943407
SB2B,chlorite 0.15625 mm|lb|37,3121,0.1861080683441247,0.09288792549949942
SB2B,cholin acetate 25 mm|lb|37,6242,0.20143834061318844,0.09878065003263756
SB2B,choline chloride 200 mm|lb|37,6242,0.19504073900055371,0.0929444205294552
SB2B,cisplatin 0.0025 mg/ml|lb|37,3121,0.2061019299455064,0.10191131245415061
SB2B,cisplatin 0.005 mg/ml|lb|37,3121,0.2221157486359766,0.1104745527742976
SB2B,cisplatin 0.01 mg/ml|lb|37,3121,0.567744184502875,0.2771473672483937
SB2B,cisplatin 0.025 mg/ml|lb|37,3121,0.31016226741719,0.15407720044128032
SB2B,cobalt chloride 0.078125 mm|lb|37,3121,0.42489156988961896,0.21356039243777197
SB2B,copper (ii) chloride 0.16 mm|lb|37,3121,0.23488284206694998,0.1169696521891994
SB2B,cytidine (n)|shewmm_nonitrogen|37,6242,0.34962350169641476,0.174438832472289
SB2B,cytidine|shewmm_nocarbon|37,6242,0.2287484681331236,0.11251114451584071
SB2B,"d,l-lactate|shewmm_nocarbon|37",31210,0.2680737006885102,0.1318368344568095
SB2B,d-cellobiose|shewmm_nocarbon|37,6242,0.21787278049660308,0.1067739696135433
SB2B,d-cycloserine 0.03125 mg/ml|lb|37,3121,0.288246662548005,0.13944105197092269
SB2B,d-glucosamine hydrochloride (n)|shewmm_nonitrogen|37,6242,0.32321185982915546,0.158396782762672
SB2B,d-glucose|shewmm_nocarbon|37,12484,0.29136558631398723,0.1457223189088204
SB2B,d-maltose|shewmm_nocarbon|37,6242,0.252189482136252,0.1228691949323191
SB2B,d-mannose|shewmm_nocarbon|37,6242,0.21149997267881845,0.10349240396997866
SB2B,dimethyl sulfoxide 5 vol%|lb|37,3121,0.17741210277158648,0.08739959941587606
SB2B,doxycycline hyclate 0.0001 mg/ml|lb|37,3121,0.1684679861659219,0.0836699910197404
SB2B,fusidic 0.0625 mg/ml|lb|37,3121,0.49245807782151196,0.24392497014375353
SB2B,gelatin|shewmm_nocarbon|37,6242,0.17832044915826148,0.08781422861400451
SB2B,gly-glu|shewmm_nocarbon|37,6242,0.22987508117506608,0.112047237836036
SB2B,glycine (n)|shewmm_nonitrogen|37,6242,0.33579240834624774,0.16548565019113248
SB2B,inosine|shewmm_nocarbon|37,6242,0.20559259726446116,0.0989530049800331
SB2B,l-arginine (n)|shewmm_nonitrogen|37,6242,0.3457287807493332,0.169840770515499
SB2B,l-aspartic acid (n)|shewmm_nonitrogen|37,6242,0.616146180731807,0.3034947523258171
SB2B,l-glutamic|shewmm_nocarbon|37,6242,0.28098474003290624,0.14010622949013402
SB2B,l-glutamine|shewmm_nocarbon|37,6242,0.3039273811984415,0.149975211729922
SB2B,l-histidine (n)|shewmm_nonitrogen|37,6242,0.562495746487084,0.27870802885457757
SB2B,l-lactate|shewmm_nocarbon|37,6242,0.4268952457492975,0.210805985510886
SB2B,l-leucine (n)|shewmm_nonitrogen|37,6242,0.27400090116238907,0.13436233740294
SB2B,l-lysine (n)|shewmm_nonitrogen|37,6242,0.2898367806619592,0.1412998245255485
SB2B,l-lysine 200 mm|lb|37,6242,0.24480786841166285,0.118502090577211
SB2B,l-proline (n)|shewmm_nonitrogen|37,6242,0.22074154398351717,0.1094234056426755
SB2B,l-serine (n)|shewmm_nonitrogen|37,6242,0.33501146130687276,0.167698566786099
SB2B,l-serine|shewmm_nocarbon|37,6242,0.30561992223813805,0.15360441305282851
SB2B,l-threonine (n)|shewmm_nonitrogen|37,6242,0.35011192723766277,0.1732168534718963
SB2B,lb rep1 t1|lb|37,6242,0.16816555823756518,0.08233230933404175
SB2B,lb rep1 t2|lb|37,6242,0.18398544369148545,0.0903681986278136
SB2B,lb rep2 t1|lb|37,6242,0.177038015987938,0.0875626647526781
SB2B,lb rep2 t2|lb|37,6242,0.18286301666842086,0.0897880686871637
SB2B,"lb, 20c|lb|20",3121,0.1485141684454829,0.073138788327684
SB2B,"lb, 25c|lb|25",3121,0.1876012631467851,0.09320567076752533
SB2B,"lb, 30c|lb|30",3121,0.1801069497561542,0.09044102578025771
SB2B,"lb, 37c|lb|37",3121,0.1715028731963109,0.08236925757715241
SB2B,"lb, microplate|lb|37",18726,0.18234135780964017,0.0903172915571763
SB2B,lb|lb|37,24968,0.18741969796941305,0.0906046960045424
SB2B,lomefloxacin 0.000390625 mm|lb|37,3121,0.306615524045564,0.1532902433802471
SB2B,"minimal media, 20c|shewmm|20",3121,0.2585958590505435,0.11722200431531091
SB2B,"minimal media, 25c|shewmm|25",3121,0.2207919218698572,0.10190209985385551
SB2B,"minimal media, 30c|shewmm|30",3121,0.22204359905425108,0.10585686205725009
SB2B,"minimal media, ph7|shewmm|37",6242,0.3885093357991283,0.17600529003920934
SB2B,"motility assay, center cut sample 1|lb|37",3121,0.444912016307509,0.2207491737979512
SB2B,"motility assay, center cut sample 2|lb|37",3121,0.41434512752568897,0.20441829931100403
SB2B,nag (n)|shewmm_nonitrogen|37,6242,0.404129275068182,0.2012739380891265
SB2B,nag|shewmm_nocarbon|37,12484,0.27568497275210374,0.135415527894131
SB2B,nickel (ii) chloride 0.625 mm|lb|37,3121,0.1705514847455849,0.08541084526820869
SB2B,nitrate 200 mm|lb|37,3121,0.26475554907737897,0.1288205385052439
SB2B,nitrite 10 mm|lb|37,3121,0.19585282535352289,0.0948370929206183
SB2B,nitrite 5 mm|lb|37,3121,0.1977623942989452,0.09736826195305605
SB2B,"outer cut, lb soft agar motility assay|lb|30",12484,0.47460323824700096,0.2354369530619475
SB2B,paraquat dichloride 0.03125 mg/ml|lb|37,3121,0.337873730728914,0.1589486745729144
SB2B,perchlorate 100 mm|lb|37,3121,0.1942702318441458,0.09649800799506
SB2B,putrescine (n)|shewmm_nonitrogen|37,6242,0.3405027913322893,0.16675546606831299
SB2B,putrescine|shewmm_nocarbon|37,12484,0.3070038941814045,0.15112769335944853
SB2B,pyruvate|shewmm_nocarbon|37,6242,0.24098639729568258,0.1193209991719435
SB2B,sisomicin 0.00390625 mg/ml|lb|37,3121,0.271324677453262,0.13542379883273
SB2B,sodium fluoride 25 mm|lb|37,3121,0.224299527657512,0.11203816560876685
SB2B,sodium fluoride 50 mm|lb|37,3121,0.376446870790965,0.1866755988827586
SB2B,spectinomycin 0.0125 mg/ml|lb|37,3121,0.22145122737931058,0.107628063709594
SB2B,tetracycline 0.0004 mg/ml|lb|37,3121,0.1785324042790333,0.08934037810679792
SB2B,thymidine|shewmm_nocarbon|37,6242,0.27001861061563126,0.13084435748175216
SB2B,tween 20|shewmm_nocarbon|37,12484,0.27094681200582976,0.12685248360406498
SB2B,uridine|shewmm_nocarbon|37,6242,0.20140905144861415,0.09936583797696866
SB2B,vanillin 2.5 mm|lb|37,3121,0.2207737336177924,0.1076703145625147
SB2B,zinc 0.15625 mm|lb|37,3121,0.2141833750668333,0.10677929973779035
SB2B,zinc 0.3125 mm|lb|37,3121,0.272417770973166,0.13614418193900676
Smeli,a22 0.02 mg/ml|lb|30,5133,0.2362120254555249,0.1178926228449346
Smeli,aluminum chloride|lb|30,5133,0.38853441094528096,0.19425394772677598
Smeli,beta-lactose (c)|rch2_defined_nocarbon|30,5133,0.22526394841040442,0.11174842613133999
Smeli,chloride 200 mm|lb|30,5133,0.281420604353659,0.14050867581205015
Smeli,chlorite 0.1 mm|lb|30,5133,0.436980272967812,0.21835422365040888
Smeli,cisplatin 0.0005 mg/ml|lb|30,5133,0.38778305924147405,0.1938699502176174
Smeli,cisplatin 0.001 mg/ml|lb|30,5133,0.432631146179252,0.21672314157859782
Smeli,cobalt chloride 0.16 mm|lb|30,5133,0.270878355025423,0.1350830449827141
Smeli,copper (ii) chloride 1 mm|lb|30,10266,0.3491399919845945,0.1736644231763235
Smeli,cytosine (n)|rch2_defined_glucose_nonitrogen|30,5133,0.414505858798306,0.20717151913748444
Smeli,"d,l-lactate (c)|rch2_defined_nocarbon|30",5133,0.2169135792813121,0.1084167446350355
Smeli,d-arabinose (c)|rch2_defined_nocarbon|30,5133,0.238562853816842,0.11805591918593986
Smeli,d-cellobiose (c)|rch2_defined_nocarbon|30,5133,0.2183458577507352,0.10857180123793692
Smeli,d-cycloserine 0.05 mg/ml|lb|30,5133,0.337992783875665,0.169130725013034
Smeli,d-fructose (c)|rch2_defined_nocarbon|30,5133,0.2392231477164699,0.11917287632707521
Smeli,d-galactose (c)|rch2_defined_nocarbon|30,5133,0.228610625787518,0.1135461059441713
Smeli,d-glucosamine hydrochloride (c)|rch2_defined_nocarbon|30,5133,0.22685099764579253,0.1126912255690655
Smeli,d-glucosamine hydrochloride (n)|rch2_defined_glucose_nonitrogen|30,5133,0.389639830076778,0.19194203500744828
Smeli,d-glucose (c)|rch2_defined_nocarbon|30,5133,0.2615871811459002,0.1298947982516816
Smeli,d-maltose (c)|rch2_defined_nocarbon|30,5133,0.23218254241928932,0.1139169092874031
Smeli,d-mannose (c)|rch2_defined_nocarbon|30,5133,0.21475520491444777,0.1066164748104835
Smeli,d-raffinose (c)|rch2_defined_nocarbon|30,5133,0.2294121405846426,0.1139796539292757
Smeli,d-ribose (c)|rch2_defined_nocarbon|30,5133,0.227476273725329,0.11352617782956348
Smeli,d-salicin (c)|rch2_defined_nocarbon|30,5133,0.226076641374251,0.11213313808424709
Smeli,d-sorbitol (c)|rch2_defined_nocarbon|30,5133,0.2224634018859511,0.1102883502271783
Smeli,d-tagatose (c)|rch2_defined_nocarbon|30,5133,0.2206036706263652,0.10850493278592309
Smeli,d-trehalose (c)|rch2_defined_nocarbon|30,5133,0.22294705675385862,0.11130090595075612
Smeli,d-xylose (c)|rch2_defined_nocarbon|30,5133,0.237835344093104,0.11827135930939128
Smeli,fusidic 0.0001 mg/ml|lb|30,5133,0.26282480270422404,0.13057548344441988
Smeli,gelatin (n)|rch2_defined_glucose_nonitrogen|30,5133,0.33978156133002,0.16902078369702458
Smeli,gly-dl-asp (n)|rch2_defined_glucose_nonitrogen|30,5133,0.329883862969575,0.1635791219716501
Smeli,glycerol (c)|rch2_defined_nocarbon|30,5133,0.2128330791081113,0.10601204797864718
Smeli,l-arabinose (c)|rch2_defined_nocarbon|30,5133,0.230227201230015,0.1148697202908719
Smeli,l-arginine (n)|rch2_defined_glucose_nonitrogen|30,5133,0.516207986145772,0.2557997363879173
Smeli,l-asparagine (n)|rch2_defined_glucose_nonitrogen|30,5133,0.47861043677122,0.238511360333762
Smeli,l-fucose (c)|rch2_defined_nocarbon|30,5133,0.2382456343560541,0.1176265651898403
Smeli,l-glutamine (c)|rch2_defined_nocarbon|30,5133,0.2268874817222642,0.1118378018592572
Smeli,l-glutamine (n)|rch2_defined_glucose_nonitrogen|30,5133,0.333228624338495,0.1658308615144705
Smeli,l-histidine (c)|rch2_defined_nocarbon|30,5133,0.2359794639235154,0.11715311147950931
Smeli,l-histidine (n)|rch2_defined_glucose_nonitrogen|30,5133,0.398286370137678,0.1977096614728897
Smeli,l-histidine|rch2_defined_glucose|30,10266,0.2784549044237845,0.13829349530854415
Smeli,l-lactate (c)|rch2_defined_nocarbon|30,5133,0.2137306343833688,0.10677046714816953
Smeli,l-leucine (c)|rch2_defined_nocarbon|30,5133,0.2251333741564543,0.113404438688778
Smeli,l-leucine (n)|rch2_defined_glucose_nonitrogen|30,5133,0.43190829958369303,0.2151849461253704
Smeli,l-lysine (c)|rch2_defined_nocarbon|30,5133,0.2208353338580638,0.1093692231384933
Smeli,l-lysine|rch2_defined_glucose|30,10266,0.2806802781716152,0.14007091703911295
Smeli,l-malic (c)|rch2_defined_nocarbon|30,5133,0.21858214229565498,0.10909097838754679
Smeli,l-proline (c)|rch2_defined_nocarbon|30,5133,0.2151976497527343,0.1064311526578974
Smeli,l-rhamnose (c)|rch2_defined_nocarbon|30,5133,0.223991714305195,0.11128414969789538
Smeli,l-serine (n)|rch2_defined_glucose_nonitrogen|30,5133,0.310287456063853,0.15516373682066312
Smeli,"lb, 23c|lb|23",10266,0.22746430586482003,0.11394372677696432
Smeli,"lb, 30c|lb|30",10266,0.21961992734323477,0.10996512759191929
Smeli,"lb, ph6|lb|30",10266,0.3453129857494192,0.172778833234907
Smeli,"lb, ph7|lb|30",10266,0.23202459172961426,0.11573110998973143
Smeli,"lb, ph8|lb|30",10266,0.2978868575488003,0.14878675018458498
Smeli,lb|lb|30,15399,0.3067063132089945,0.1528858746109172
Smeli,m-inositol (c)|rch2_defined_nocarbon|30,5133,0.2216762400175517,0.10954375919410773
Smeli,min media with glucose|rch2_defined_glucose|30,10266,0.28644551080728275,0.14236014153495352
Smeli,nag (c)|rch2_defined_nocarbon|30,5133,0.24901385767537199,0.12358677441215281
Smeli,nag (n)|rch2_defined_glucose_nonitrogen|30,5133,0.371734127897847,0.1861474267924816
Smeli,nickel (ii) chloride 0.5 mm|lb|30,5133,0.25098050596979604,0.12546657769868613
Smeli,nickel (ii) chloride 1 mm|lb|30,5133,0.447703064999411,0.22418651717445792
Smeli,nitrate (n)|rch2_defined_glucose_nonitrogen|30,5133,0.371658160896459,0.1848101158666382
Smeli,nitrate 40 mm|lb|30,5133,0.38659977427338,0.19372625929829895
Smeli,nitrite 20 mm|lb|30,5133,0.2051522807498221,0.1027137066920537
Smeli,paraquat dichloride 0.05 mg/ml|lb|30,5133,0.279249721315769,0.1393778991457669
Smeli,paraquat dichloride 0.2 mg/ml|lb|30,10266,0.34133265902572524,0.17056091321031902
Smeli,paraquat dichloride 0.3 mg/ml|lb|30,5133,0.365075805429434,0.1812776603078253
Smeli,perchlorate 10 mm|lb|30,5133,0.390203191076344,0.1946934224192941
Smeli,polymyxin b sulfate 0.00005 mg/ml|lb|30,5133,0.507260284020132,0.2537300587152921
Smeli,pyruvate (c)|rch2_defined_nocarbon|30,5133,0.2270414844309,0.11302469244016614
Smeli,sisomicin 0.004 mg/ml|lb|30,5133,0.33341039506521597,0.1663376751222057
Smeli,sodium fluoride 100 mm|lb|30,5133,0.2146491321227066,0.10823178393746931
Smeli,succinate (c)|rch2_defined_nocarbon|30,5133,0.2148353923684126,0.10709363454118426
Smeli,thallium(i) acetate 0.001 mg/ml|lb|30,5133,0.33406746861532,0.16705482688951817
Smeli,thallium(i) acetate 0.0025 mg/ml|lb|30,5133,0.363299761572383,0.1812880715673583
Smeli,uridine (c)|rch2_defined_nocarbon|30,5133,0.221058739589504,0.10964443459980482
Smeli,uridine (n)|rch2_defined_glucose_nonitrogen|30,5133,0.344841621922795,0.1722099131288696
SynE,a22 0.000341796875 mg/ml|bg11|30,1899,1.2347820848214797,0.530537067766565
SynE,aluminum chloride 0.078125 mm|bg11|30,1899,0.46817799353490075,0.205909703935626
SynE,aluminum chloride 0.15625 mm|bg11|30,1899,0.4196990008277431,0.18550966425214843
SynE,aluminum chloride 0.3125 mm|bg11|30,1899,0.46045865344753956,0.20608303269397132
SynE,bacitracin 0.0009765625 mg/ml|bg11|30,3798,0.6281379432739784,0.2784271608878051
SynE,benzethonium chloride 0.00078125 mm|bg11|30,1899,0.612825743615165,0.2606427501847921
SynE,benzoic 0.29 mg/ml|bg11|30,1899,0.451733480858889,0.1999942696476316
SynE,bg11 with bacitracin 0.0009765625 mg/ml|bg11|30,1899,0.3930760286139975,0.1898570668157107
SynE,bg11 with chlorate 10 mm|bg11|30,1899,0.44240412496486803,0.2077795587951798
SynE,bg11 with chlorate 2.5 mm|bg11|30,1899,0.43814591262914404,0.2120209188104337
SynE,bg11 with chlorate 20 mm|bg11|30,1899,0.4056183381915315,0.1968726605627635
SynE,bg11 with chlorate 5 mm|bg11|30,1899,0.44132564799415197,0.211340902811954
SynE,bg11 with chloride 0.48828125 mm|bg11|30,1899,0.5531189963330589,0.2661250137779597
SynE,bg11 with chloride 0.9765625 mm|bg11|30,1899,0.559691457866231,0.2693829712622653
SynE,bg11 with chloride 1.953125 mm|bg11|30,1899,0.508088129059098,0.2548831385407997
SynE,bg11 with chloride 125 mm|bg11|30,1899,0.6899536349176975,0.3358443977342974
SynE,bg11 with chloride 15.625 mm|bg11|30,1899,0.588617783353259,0.2974180539219205
SynE,bg11 with chloride 250 mm|bg11|30,1899,0.7149549417297225,0.34103473816291285
SynE,bg11 with chloride 3.90625 mm|bg11|30,1899,0.5584619584404276,0.2708877886498184
SynE,bg11 with chloride 31.25 mm|bg11|30,1899,0.573608028047558,0.28620956451763563
SynE,bg11 with chloride 62.5 mm|bg11|30,1899,0.618961728309251,0.3060275065578623
SynE,bg11 with chloride 7.8125 mm|bg11|30,1899,0.6287927563937105,0.3125085995958789
SynE,bg11 with chlorite 0.3125 mm|bg11|30,1899,0.433869584836402,0.20877146863600493
SynE,bg11 with chlorite 0.625 mm|bg11|30,1899,0.39581199033576153,0.20206663554290338
SynE,bg11 with chlorite 1.25 mm|bg11|30,1899,0.34768408688441255,0.16741948565845
SynE,bg11 with chlorite 2.5 mm|bg11|30,1899,0.559441502248206,0.2613831133320547
SynE,bg11 with cisplatin 0.0125 mg/ml|bg11|30,1899,0.4152595515911869,0.1729190634901348
SynE,bg11 with cisplatin 0.025 mg/ml|bg11|30,1899,0.4440296678479183,0.1880848553714649
SynE,bg11 with cisplatin 0.05 mg/ml|bg11|30,1899,0.4098829430646709,0.1743471589921009
SynE,bg11 with cisplatin 0.1 mg/ml|bg11|30,1899,0.4164083304308291,0.1790226440105558
SynE,bg11 with fusidic 0.0625 mg/ml|bg11|30,1899,0.39461158890092296,0.182652372235006
SynE,bg11 with fusidic 0.125 mg/ml|bg11|30,1899,0.42296718072546496,0.19558963361541978
SynE,bg11 with fusidic 0.25 mg/ml|bg11|30,1899,0.391006543708163,0.17621948621288352
SynE,bg11 with fusidic 0.5 mg/ml|bg11|30,1899,0.42211378063217303,0.19474422937486388
SynE,bg11 with nalidixic 0.0009765625 mg/ml|bg11|30,1899,0.4017586235313485,0.17650249428148151
SynE,bg11 with nalidixic 0.001953125 mg/ml|bg11|30,1899,0.41213865332327304,0.1902354818758733
SynE,bg11 with nalidixic 0.00390625 mg/ml|bg11|30,1899,0.38933714510765405,0.1736359761832792
SynE,bg11 with nalidixic 0.0078125 mg/ml|bg11|30,1899,0.43489177169489746,0.1839645736649757
SynE,bg11 with nitrate 100 mm|bg11|30,1899,0.6159597930728891,0.28634335770904906
SynE,bg11 with nitrate 200 mm|bg11|30,1899,0.6417465657806934,0.29469265686958146
SynE,bg11 with nitrate 25 mm|bg11|30,1899,0.5357922547964991,0.2553338103772109
SynE,bg11 with nitrate 50 mm|bg11|30,1899,0.5279068228851245,0.25690359396210294
SynE,bg11 with nitrite 2.5 mm|bg11|30,1899,0.459820544119256,0.2116171917777425
SynE,bg11 with nitrite 20 mm|bg11|30,1899,0.519448464473235,0.2346348410032965
SynE,bg11 with nitrite 5 mm|bg11|30,1899,0.472062667503093,0.2008623209500616
SynE,bg11 with perchlorate 12.5 mm|bg11|30,1899,0.5818525336619029,0.2889586081260143
SynE,bg11 with perchlorate 25 mm|bg11|30,1899,0.4866093633573175,0.2302031825211861
SynE,bg11 with perchlorate 50 mm|bg11|30,1899,0.404324689385209,0.1904911694346195
SynE,bg11 with polymyxin b sulfate 0.0001953125 mg/ml|bg11|30,1899,0.432386433227817,0.2143123306150144
SynE,bg11 with polymyxin b sulfate 0.000390625 mg/ml|bg11|30,1899,0.4982412145694215,0.23339176398189299
SynE,bg11|bg11|30,34182,0.4761477504261855,0.21706954689120045
SynE,ceftazidime 0.03125 mg/ml|bg11|30,1899,0.5566209734319226,0.23373342481935602
SynE,ceftazidime 0.0625 mg/ml|bg11|30,1899,0.581488638573897,0.2447848500385778
SynE,ceftazidime 0.125 mg/ml|bg11|30,1899,0.668063331640531,0.33118000495085487
SynE,cephalothin 0.00390625 mg/ml|bg11|30,1899,0.8539380012587086,0.39213882115341236
SynE,chloramphenicol 0.00033203125 mg/ml|bg11|30,1899,0.554917231171781,0.24591952825855828
SynE,chloramphenicol 0.0006640625 mg/ml|bg11|30,1899,0.5842976819884835,0.2759900091077681
SynE,chlorate 10 mm|bg11|30,1899,0.5726763071912515,0.258051340268859
SynE,chlorate 20 mm|bg11|30,1899,0.6002341866264225,0.27121257441418456
SynE,chloride 31.25 mm|bg11|30,1899,0.6430511606102894,0.29514253789830724
SynE,chloride 62.5 mm|bg11|30,1899,0.7621214142638346,0.3439924889626661
SynE,chlorite 20 mm|bg11|30,1899,0.611705800131036,0.2676883935836882
SynE,cisplatin 0.00625 mg/ml|bg11|30,1899,0.987065268469862,0.427790506275176
SynE,d-cycloserine 0.015625 mg/ml|bg11|30,1899,0.5191011150015094,0.22497611882881163
SynE,d-cycloserine 0.03125 mg/ml|bg11|30,1899,0.5751936061520055,0.2443747717969703
SynE,d-cycloserine 0.0625 mg/ml|bg11|30,1899,0.8669234401733665,0.352905077145821
SynE,dimethyl sulfoxide 2.5 vol%|bg11|30,1899,0.47731000592629746,0.2049572395895159
SynE,dimethyl sulfoxide 5 vol%|bg11|30,1899,0.5433510566723154,0.22081433402838518
SynE,doxycycline hyclate 0.00078125 mg/ml|bg11|30,1899,0.5714654403892581,0.237410730182603
SynE,doxycycline hyclate 0.0015625 mg/ml|bg11|30,1899,0.6211858799022749,0.25135736709897805
SynE,fusidic 0.015625 mg/ml|bg11|30,1899,0.4326039638175825,0.19243396612537417
SynE,fusidic 0.25 mg/ml|bg11|30,1899,0.5012504319103472,0.21477078672381078
SynE,fusidic 0.5 mg/ml|bg11|30,1899,0.5515796209025831,0.2384510153768773
SynE,gentamicin 0.00048828125 mg/ml|bg11|30,1899,0.674539288102469,0.2995119274643049
SynE,l-glutamic (n)|bg11_nonitrogen|30,5697,0.372629380156853,0.170583359500805
SynE,l-glutamine (n)|bg11_nonitrogen|30,5697,0.583126317659217,0.2745021341693451
SynE,l-leucine (n)|bg11_nonitrogen|30,5697,0.410263617522158,0.184639861220817
SynE,l-phenylalanine (n)|bg11_nonitrogen|30,7596,0.5729119552274425,0.28417601337294607
SynE,nalidixic 0.00390625 mg/ml|bg11|30,1899,0.6201045018300485,0.2668867030318454
SynE,nalidixic 0.0078125 mg/ml|bg11|30,1899,0.8134061221736946,0.3517761915575
SynE,nitrate 25 mm|bg11|30,1899,0.685443060431618,0.2941471285587477
SynE,nitrate 50 mm|bg11|30,1899,0.7581439825755679,0.3361766328940809
SynE,nitrite 10 mm|bg11|30,1899,0.6702487470771195,0.256081910166378
SynE,nitrite 5 mm|bg11|30,1899,0.583133910747732,0.2346704218870898
SynE,perchlorate 100 mm|bg11|30,1899,0.6248075478226236,0.2735324120253191
SynE,phosphomycin 0.0015625 mg/ml|bg11|30,1899,0.41267129772520844,0.18628380688883278
SynE,phosphomycin 0.003125 mg/ml|bg11|30,1899,0.4458925047029444,0.19086590413520138
SynE,phosphomycin 0.00625 mg/ml|bg11|30,1899,0.4780503074628168,0.1983916377038505
SynE,polymyxin b sulfate 0.2 mg/ml|bg11|30,1899,0.631304012583489,0.2651471461783839
SynE,rifampicin 0.0001953125 mg/ml|bg11|30,1899,0.7207423134760135,0.29406023159608513
SynE,rifampicin 0.0003125 mg/ml|bg11|30,1899,0.715103107493062,0.3053711485292736
SynE,rifampicin 0.000390625 mg/ml|bg11|30,1899,0.7589145140376465,0.3484171703082414
SynE,rifampicin 0.000625 mg/ml|bg11|30,1899,0.81067254737895,0.341021683578212
SynE,sodium fluoride 12.5 mm|bg11|30,1899,0.6422002488524395,0.2941348351964976
SynE,sodium fluoride 25 mm|bg11|30,1899,0.710372640732665,0.326029100849214
SynE,spectinomycin 0.0009765625 mg/ml|bg11|30,1899,0.6702669242276005,0.31514870788573124
SynE,tetracycline 0.00125 mg/ml|bg11|30,1899,0.609462026745411,0.2768302512075429
SynE,thallium(i) acetate 0.0009765625 mg/ml|bg11|30,1899,0.5352206886333685,0.24593810981086778
SynE,thallium(i) acetate 0.001953125 mg/ml|bg11|30,1899,0.532110852977056,0.2497757280654137
SynE,thallium(i) acetate 0.00390625 mg/ml|bg11|30,1899,0.5401560065655839,0.2584974461518935
SynE,thallium(i) acetate 0.0078125 mg/ml|bg11|30,1899,0.5559590921041315,0.2755859515980692
SynE,zinc 0.01953125 mm|bg11|30,1899,0.817517151651161,0.34884900172785
SyringaeB728a,kb with acridine orange 62.5 ug/ml|kb|28,4314,0.5200474437366429,0.261177457637709
SyringaeB728a,kb with acriflavine 7.75 ug/ml|kb|28,4314,0.3110173859659995,0.15542799350246322
SyringaeB728a,kb with ampicillin 15.6 ug/ml|kb|28,4314,0.27115966849746626,0.1357455781950481
SyringaeB728a,kb with berberine 250 ug/ml|kb|28,4314,0.311341389209413,0.1553592301182205
SyringaeB728a,kb with capsaicin 0.125 mg/ml|kb|28,4314,0.2782111270898615,0.138478295125361
SyringaeB728a,kb with capsaicin 0.25 mg/ml|kb|28,4314,0.26777915932086804,0.133277379911142
SyringaeB728a,kb with carbenicillin 250 ug/ml|kb|28,4314,0.28872315207113397,0.1438563232294014
SyringaeB728a,kb with chloramphenicol 12.5 ug/ml|kb|28,4314,0.26956926218802074,0.13447236773535842
SyringaeB728a,kb with dimethyl sulfoxide 1 vol%|kb|28,4314,0.27979389841847624,0.1389313348743807
SyringaeB728a,kb with dimethyl sulfoxide 1.25 vol%|kb|28,4314,0.2600142802020172,0.129699214882631
SyringaeB728a,kb with erythromycin 25 ug/ml|kb|28,4314,0.290771299482751,0.14549783183172038
SyringaeB728a,kb with flavone 0.125 mg/ml|kb|28,4314,0.2575165065089875,0.12844812011718298
SyringaeB728a,kb with mitomycin c 0.625 ug/ml|kb|28,4314,0.6591659708685833,0.327873858394177
SyringaeB728a,kb with nalidixic 12.5 ug/ml|kb|28,4314,0.38637637973379246,0.1938505937683275
SyringaeB728a,kb with nitrofurantoin 0.25 mg/ml|kb|28,4314,0.2683169161499032,0.134384394324773
SyringaeB728a,kb with nitrofurantoin 125 ug/ml|kb|28,4314,0.2724142547289278,0.134844486757951
SyringaeB728a,kb with phloretin 250 ug/ml|kb|28,4314,0.26288015358345,0.12984860351393623
SyringaeB728a,kb with rifampicin 0.1 mg/ml|kb|28,4314,0.26455725927780427,0.13269822021910255
SyringaeB728a,kb with rotenone 0.125 mg/ml|kb|28,4314,0.27471319858020127,0.1359687182940295
SyringaeB728a,kb with rotenone 0.25 mg/ml|kb|28,4314,0.267726409731814,0.13316019906725596
SyringaeB728a,kb with trimethoprim 125 ug/ml|kb|28,4314,0.27777139167147963,0.13676081503889298
SyringaeB728a,kb|kb|28,8628,0.2707504563197125,0.13476215188402452
SyringaeB728a_mexBdelta,kb with acridine orange 3.125 ug/ml|kb|28,4282,0.4757551474321222,0.2386728974640214
SyringaeB728a_mexBdelta,kb with acriflavine 1.25 ug/ml|kb|28,4282,0.33361750711951554,0.1652204752937558
SyringaeB728a_mexBdelta,kb with ampicillin 0.775 ug/ml|kb|28,4282,0.26303225749473336,0.1317202689194286
SyringaeB728a_mexBdelta,kb with berberine 15.6 ug/ml|kb|28,4282,0.28859023569562026,0.14420306378565112
SyringaeB728a_mexBdelta,kb with capsaicin 0.125 mg/ml|kb|28,4282,0.2707419544183365,0.13509424045497442
SyringaeB728a_mexBdelta,kb with capsaicin 0.25 mg/ml|kb|28,4282,0.26779496092884925,0.1328136355325995
SyringaeB728a_mexBdelta,kb with carbenicillin 3.1 ug/ml|kb|28,4282,0.5176303841572403,0.2586396421709845
SyringaeB728a_mexBdelta,kb with chloramphenicol 1.55 ug/ml|kb|28,4282,0.26805792630978975,0.1335431936890195
SyringaeB728a_mexBdelta,kb with dimethyl sulfoxide 0.42 vol%|kb|28,4282,0.28509310382400627,0.14108189962419998
SyringaeB728a_mexBdelta,kb with dimethyl sulfoxide 1.25 vol%|kb|28,4282,0.27107901305328097,0.1354399959911156
SyringaeB728a_mexBdelta,kb with erythromycin 6.25 ug/ml|kb|28,4282,0.351707853700961,0.17221638587273042
SyringaeB728a_mexBdelta,kb with flavone 0.125 mg/ml|kb|28,4282,0.26644895808902974,0.133188655757439
SyringaeB728a_mexBdelta,kb with mitomycin c 0.05 ug/ml|kb|28,4282,0.54945762956027,0.2748520399889755
SyringaeB728a_mexBdelta,kb with nalidixic 0.775 ug/ml|kb|28,4282,0.2804104538863572,0.14083915440689582
SyringaeB728a_mexBdelta,kb with nitrofurantoin 0.0625 mg/ml|kb|28,4282,0.274610693330803,0.1358500738577768
SyringaeB728a_mexBdelta,kb with nitrofurantoin 31.25 ug/ml|kb|28,4282,0.2662283970117234,0.1327974382920455
SyringaeB728a_mexBdelta,kb with phloretin 125 ug/ml|kb|28,4282,0.29790544120027224,0.14725116507512248
SyringaeB728a_mexBdelta,kb with rifampicin 0.1 mg/ml|kb|28,4282,0.26478665141035473,0.1319057572511905
SyringaeB728a_mexBdelta,kb with rotenone 0.125 mg/ml|kb|28,4282,0.26484173422617474,0.1326554009005429
SyringaeB728a_mexBdelta,kb with rotenone 0.25 mg/ml|kb|28,4282,0.2623139950802429,0.13058128184172474
SyringaeB728a_mexBdelta,kb with trimethoprim 15.6 ug/ml|kb|28,4282,0.29776218775243524,0.1476090599527264
SyringaeB728a_mexBdelta,kb|kb|28,8564,0.2754916964927445,0.136771472259759
WCS417,1-ethyl-3-methylimidazolium acetate 35 mm|lb|25,4419,0.323243603962472,0.1616504619910259
WCS417,1-ethyl-3-methylimidazolium chloride 200 mm|lb|25,4419,0.3597849451164735,0.1797101305899626
WCS417,2'-deoxyinosine 5 mm (c)|rch2_defined_nocarbon|30,8838,0.4822698143572843,0.24060750397348385
WCS417,2-deoxy-d-ribonic lithium salt (c)|rch2_defined_nocarbon|30,4419,0.27052643497059403,0.1343545337441412
WCS417,2-deoxy-d-ribonic lithium salt 10 mm (c)|rch2_defined_nocarbon|30,8838,0.343340916887112,0.16902719761664947
WCS417,2-deoxy-d-ribose (c)|rch2_defined_nocarbon|30,17676,0.2717674753339743,0.1355852129705254
WCS417,2-deoxy-d-ribose 10 mm (c)|rch2_defined_nocarbon|30,8838,0.35491991923918376,0.1762636114856295
WCS417,2-furfuraldehyde 0.03 vol%|lb|25,4419,0.2503682007774205,0.12284180547205119
WCS417,2-furfuraldehyde 0.06 vol%|lb|25,4419,0.24034336206709647,0.12156902755661449
WCS417,a-ketoglutaric (c)|rch2_defined_nocarbon|30,8838,0.230041210689728,0.114436246216373
WCS417,a22 0.16 mg/ml|lb|25,4419,0.2167480153017286,0.1086004893399514
WCS417,acetate (c)|rch2_defined_nocarbon|30,8838,0.277928224722277,0.1391426236139882
WCS417,adenine (n)|rch2_defined_glucose_nonitrogen|30,4419,0.301759620251699,0.15002369335620988
WCS417,adenosine (n)|rch2_defined_glucose_nonitrogen|30,4419,0.2446622151766511,0.1234103895113404
WCS417,aluminum chloride 4 mm|lb|25,4419,0.26231213362411054,0.12973882189632993
WCS417,ammonium chloride (n)|rch2_defined_glucose_nonitrogen|30,4419,0.2357228559202965,0.11655324636018569
WCS417,bacitracin 1 mg/ml|lb|25,4419,0.2459182078773685,0.12243462179435569
WCS417,bacitracin 2 mg/ml|lb|25,4419,0.253321899472453,0.1264174622831919
WCS417,benzalkonium chloride 0.012 mg/ml|lb|25,4419,0.2500764206163215,0.12584793213612594
WCS417,carbon source d-mannitol 10 mm|rch2_defined_nocarbon|30,8838,0.29809149995714074,0.1490306893812125
WCS417,carbon source d-mannitol 2.5 mm|rch2_defined_nocarbon|30,8838,0.31466042095881125,0.15628986269313605
WCS417,carbon source d-mannitol 5 mm|rch2_defined_nocarbon|30,8838,0.3087026347375175,0.15088179390147494
WCS417,carbon source l-citrulline 10 mm|rch2_defined_nocarbon|30,8838,0.2989308398151185,0.1479080327838975
WCS417,carbon source l-citrulline 5 mm|rch2_defined_nocarbon|30,8838,0.3099284480174205,0.15399590625987292
WCS417,carbon source l-ornithine 10 mm|rch2_defined_nocarbon|30,8838,0.29260775604149575,0.145714367414297
WCS417,carbon source l-ornithine 5 mm|rch2_defined_nocarbon|30,8838,0.2915601049624467,0.1462407148520585
WCS417,chloramphenicol 0.0075 mg/ml|lb|25,4419,0.2471045243132135,0.12379829347052328
WCS417,chloramphenicol 0.015 mg/ml|lb|25,4419,0.2613311920553225,0.12972125626707148
WCS417,chlorite 4 mm|lb|25,4419,0.2000790878039219,0.09978263169772512
WCS417,choline chloride 300 mm|lb|25,4419,0.32171450998137896,0.15966568623047517
WCS417,choline lysine 25 mm|lb|25,4419,0.26327708549826845,0.1308661002166707
WCS417,cisplatin 0.01 mg/ml|lb|25,4419,0.35656329172062096,0.1773754029669439
WCS417,cobalt chloride 0.16 mm|lb|25,4419,0.254737276653237,0.1274484363017828
WCS417,cytidine (c)|rch2_defined_nocarbon|30,8838,0.24539720256752148,0.1231060165087188
WCS417,cytidine (n)|rch2_defined_glucose_nonitrogen|30,4419,0.2790600618780405,0.14002347875257554
WCS417,cytosine (n)|rch2_defined_glucose_nonitrogen|30,4419,0.26134664458584,0.1307139473057218
WCS417,"d,l-lactate (c)|rch2_defined_nocarbon|30",8838,0.24496082716836515,0.12187826227894144
WCS417,d-alanine (c)|rch2_defined_nocarbon|30,8838,0.23361188899266483,0.11719823545589489
WCS417,d-fructose (c)|rch2_defined_nocarbon|30,8838,0.2439951486134544,0.12146902549529826
WCS417,d-galactose (c)|rch2_defined_nocarbon|30,8838,0.23285938575954102,0.1159813048281267
WCS417,d-galacturonic acid (c)|rch2_defined_nocarbon|30,8838,0.26560323482959325,0.13330996247779398
WCS417,d-gluconic acid (c)|rch2_defined_nocarbon|30,8838,0.249161387549685,0.12349113125174851
WCS417,d-glucosamine hydrochloride (c)|rch2_defined_nocarbon|30,8838,0.26831604936270625,0.13400152523077363
WCS417,d-glucose (c)|rch2_defined_nocarbon|30,13257,0.24899648465547,0.12450512951959007
WCS417,d-glucose-6-phosphate (c)|rch2_defined_nocarbon|30,8838,0.267695294727967,0.13340256026310549
WCS417,d-lactate (c)|rch2_defined_nocarbon|30,8838,0.2385192027471425,0.11790815407002099
WCS417,d-mannose (c)|rch2_defined_nocarbon|30,8838,0.24920006695416677,0.12464438659574746
WCS417,d-ribose (c)|rch2_defined_nocarbon|30,8838,0.22501238155022796,0.11225634305359944
WCS417,d-sorbitol (c)|rch2_defined_nocarbon|30,8838,0.26127658132619025,0.13094188829916148
WCS417,d-trehalose (c)|rch2_defined_nocarbon|30,8838,0.2408068986759215,0.120418293247403
WCS417,d-xylose (c)|rch2_defined_nocarbon|30,8838,0.23925355188443248,0.11872299495812699
WCS417,deoxyribonucleic from herring sperm 10 mg/ml (c)|rch2_defined_nocarbon|30,8838,0.34255741510311577,0.171907336725633
WCS417,deoxyribonucleic from herring sperm 5 mg/ml (c)|rch2_defined_nocarbon|30,8838,0.30592413923365747,0.153158483228804
WCS417,dimethyl sulfoxide 4 vol%|lb|25,4419,0.2159292041647615,0.10765416211409236
WCS417,dimethyl sulfoxide 5 vol%|lb|25,4419,0.2686103164364915,0.1341530229064839
WCS417,doxycycline hyclate 0.001 mg/ml|lb|25,4419,0.436725148278107,0.2163723708119036
WCS417,ethanol (c)|rch2_defined_nocarbon|30,8838,0.25303637327529727,0.1263934550366885
WCS417,fumarate (c)|rch2_defined_nocarbon|30,8838,0.28041819692900927,0.1397117464437195
WCS417,gentamicin 0.008 mg/ml|lb|25,4419,0.5470775492762,0.2726564491124638
WCS417,gly-glu (c)|rch2_defined_nocarbon|30,8838,0.30268834924300575,0.150642789969532
WCS417,glycerol (c)|rch2_defined_nocarbon|30,4419,0.253386094430715,0.12762842101873317
WCS417,glycine (n)|rch2_defined_glucose_nonitrogen|30,4419,0.251583824572165,0.12559599674176572
WCS417,"inner cut, lb soft agar motility assay|lb|30",17676,0.3841339239589115,0.18927949949557651
WCS417,inosine (c)|rch2_defined_nocarbon|30,8838,0.2516382641814755,0.12587709591956597
WCS417,inosine (n)|rch2_defined_glucose_nonitrogen|30,4419,0.2861566386252925,0.14259569826244578
WCS417,l-alanine (c)|rch2_defined_nocarbon|30,8838,0.24740809853586848,0.12298856834836931
WCS417,l-arabinose (c)|rch2_defined_nocarbon|30,8838,0.243948548910412,0.1214847590917704
WCS417,l-arginine (c)|rch2_defined_nocarbon|30,8838,0.240941286657716,0.11934799079216361
WCS417,l-asparagine (c)|rch2_defined_nocarbon|30,8838,0.2542747676619005,0.1273389871946265
WCS417,l-citrulline (c)|rch2_defined_nocarbon|30,8838,0.25463456366069576,0.12626470189489597
WCS417,l-glutamine (c)|rch2_defined_nocarbon|30,8838,0.24065265138766326,0.1203320359670705
WCS417,l-histidine (c)|rch2_defined_nocarbon|30,8838,0.2667473402484213,0.13320479883181674
WCS417,l-isoleucine (c)|rch2_defined_nocarbon|30,4419,0.2692719362088825,0.132504725491951
WCS417,l-lactate (c)|rch2_defined_nocarbon|30,8838,0.22905632795317726,0.1138618134172911
WCS417,l-leucine (c)|rch2_defined_nocarbon|30,8838,0.28318982627817846,0.14077266459378202
WCS417,l-lysine 60 mm|lb|25,4419,0.283393979032174,0.14042500254555532
WCS417,l-malic (c)|rch2_defined_nocarbon|30,4419,0.2442905621139635,0.1214289287386963
WCS417,l-tryptophan (c)|rch2_defined_nocarbon|30,4419,0.2517599231726614,0.1246016577580541
WCS417,l-valine (c)|rch2_defined_nocarbon|30,8838,0.5751508295954565,0.28629551476757253
WCS417,lomefloxacin 0.0001 mm|lb|25,4419,0.26678658876784,0.1331888962022263
WCS417,m-inositol (c)|rch2_defined_nocarbon|30,8838,0.2385311389678681,0.1183966196555814
WCS417,methylglyoxal 0.032 vol%|lb|25,4419,0.595398857103823,0.296243194604212
WCS417,nag (c)|rch2_defined_nocarbon|30,8838,0.27181578331031925,0.13529283395740516
WCS417,nalidixic 0.015 mg/ml|lb|25,4419,0.2848549800314295,0.14332063070946968
WCS417,nalidixic 0.025 mg/ml|lb|25,4419,0.3206473399979235,0.16112775224350548
WCS417,neomycin 0.04 mg/ml|lb|25,4419,0.3055244718717215,0.15273480753076918
WCS417,nickel (ii) chloride 1 mm|lb|25,4419,0.226808149876227,0.1129818594273152
WCS417,nitrate (n)|rch2_defined_glucose_nonitrogen|30,4419,0.24854018566104685,0.1247606864345288
WCS417,nitrate 200 mm|lb|25,4419,0.252578634176797,0.12657708292116607
WCS417,octanoate (c)|rch2_defined_nocarbon|30,8838,0.33707412806723475,0.1659356043228985
WCS417,"outer cut, lb soft agar motility assay|lb|30",17676,0.350220867268206,0.1734328520958275
WCS417,paraquat dichloride 0.002 mg/ml|lb|25,4419,0.264281979555944,0.13181365060323255
WCS417,paraquat dichloride 0.008 mg/ml|lb|25,4419,0.30119427189404796,0.15059329555548986
WCS417,phosphomycin 0.001 mg/ml|lb|25,4419,0.3125931889881065,0.1556623261762155
WCS417,phosphomycin 0.002 mg/ml|lb|25,4419,0.3147860114054445,0.1573924622320953
WCS417,phosphomycin 0.003 mg/ml|lb|25,4419,0.30555846129056297,0.1525478456904017
WCS417,polymyxin b sulfate 0.006 mg/ml|lb|25,4419,0.2935766812894935,0.14601735279116101
WCS417,putrescine (c)|rch2_defined_nocarbon|30,8838,0.271930736475764,0.13447309483591952
WCS417,putrescine (n)|rch2_defined_glucose_nonitrogen|30,4419,0.290349589533974,0.14528797171874355
WCS417,pyruvate (c)|rch2_defined_nocarbon|30,8838,0.2366445445454795,0.1174922919921032
WCS417,r2a control with 0.2% methanol|r2a|30,4419,0.23460598264224647,0.11696950965256309
WCS417,r2a control with 0.2x vogels|r2a|30,8838,0.281352801779835,0.1415390511042825
WCS417,r2a control|r2a|30,4419,0.26230558435923,0.13115038571137672
WCS417,r2a with fusaric 120 ug/ml|r2a|30,26514,0.2845959735722545,0.14219981515945002
WCS417,r2a with polymyxin b sulfate 0.002 mg/ml|r2a|30,26514,0.3799923474649738,0.1895646669385675
WCS417,r2a with polymyxin b sulfate 0.003 mg/ml|r2a|30,26514,0.46353941744667926,0.23150103135814243
WCS417,r2a with vogels_fungal_media 0.2x|r2a|30,8838,0.2724704268504673,0.13477155330271195
WCS417,spectinomycin 0.4 mg/ml|lb|25,4419,0.27746008235053055,0.1383161288190364
WCS417,succinate (c)|rch2_defined_nocarbon|30,8838,0.241390159709491,0.12039212429525979
WCS417,"supernatant; trichoderma atroviride imi grown in vogels_fungal_media, filtered; 0.2x|r2a|30",13257,0.266595600890824,0.1323437867672091
WCS417,"supernatant; trichoderma atroviride imi tmk3mutant grown in vogels_fungal_media, filtered; 0.2x|r2a|30",8838,0.23976419680318578,0.1198904640706978
WCS417,tetracycline 0.001 mg/ml|lb|25,4419,0.264142702718011,0.1317960381294212
WCS417,thallium(i) acetate 0.0625 mg/ml|lb|25,4419,0.28221158727941953,0.14200976382220862
WCS417,trisodium citrate (c)|rch2_defined_nocarbon|30,8838,0.271724903867246,0.13601312086759998
WCS417,urea (n)|rch2_defined_glucose_nonitrogen|30,4419,0.2747143880336035,0.13658275646063298
WCS417,uridine (c)|rch2_defined_nocarbon|30,8838,0.251465197570957,0.1252443720568195
WCS417,uridine (n)|rch2_defined_glucose_nonitrogen|30,4419,0.24335268823629497,0.12199746934969895
WCS417,xylitol (c)|rch2_defined_nocarbon|30,8838,0.263921053763211,0.1311524575532965
acidovorax_3H11,2-furfuraldehyde 0.06 vol%|lb|30,3935,0.241094470931189,0.11923330314341225
acidovorax_3H11,5-hydroxymethylfurfural 5 mm|lb|30,3935,0.248053458122698,0.12316831056063543
acidovorax_3H11,a-ketoglutaric (c)|rch2_defined_nocarbon|30,7870,0.3840824295128308,0.191198871416648
acidovorax_3H11,a22 0.025 mg/ml|lb|25,3935,0.30520468371810705,0.15077334553411792
acidovorax_3H11,aluminum chloride 2 mm|lb|25,3935,0.298275494833892,0.14727137035303087
acidovorax_3H11,aluminum chloride 4 mm|lb|25,3935,0.281056307697107,0.14064811489175552
acidovorax_3H11,ammonium chloride (n)|rch2_defined_glucose_nonitrogen|30,3935,0.6400626224309065,0.31725901010467056
acidovorax_3H11,bacitracin 0.008 mg/ml|lb|25,3935,0.362769148443684,0.17910632380210287
acidovorax_3H11,bacitracin 0.016 mg/ml|lb|25,3935,0.315060153873148,0.1567970107842218
acidovorax_3H11,bacitracin 0.032 mg/ml|lb|25,3935,0.3540797219741685,0.1750325181364268
acidovorax_3H11,casaminos (c)|rch2_defined_nocarbon|30,3935,0.24233642251446252,0.1209673593568927
acidovorax_3H11,ceftazidime 0.01 mg/ml|lb|30,3935,0.2423719164914665,0.11890075561108755
acidovorax_3H11,cephalothin 0.005 mg/ml|lb|30,3935,0.2295914236346715,0.11385578336813157
acidovorax_3H11,cephalothin 0.01 mg/ml|lb|30,3935,0.2322937740693795,0.11508287138861337
acidovorax_3H11,cephalothin 0.025 mg/ml|lb|30,3935,0.227205214002215,0.11277574104859828
acidovorax_3H11,chloramphenicol 0.0005 mg/ml|lb|30,3935,0.21707000471293508,0.10753566750691204
acidovorax_3H11,chloramphenicol 0.001 mg/ml|lb|30,3935,0.2047931093563152,0.102519177149315
acidovorax_3H11,chlorate 20 mm|lb|25,3935,0.2665846349876745,0.13200482475161468
acidovorax_3H11,chlorite 0.1 mm|lb|25,3935,0.416893825099433,0.20670596346078035
acidovorax_3H11,cisplatin 0.0025 mg/ml|lb|25,3935,0.483340447057546,0.23991569080503608
acidovorax_3H11,cisplatin 0.005 mg/ml|lb|25,3935,0.5543006832874645,0.27435413822826193
acidovorax_3H11,cobalt chloride 0.16 mm|lb|25,3935,0.3116093554004705,0.154353778649801
acidovorax_3H11,cobalt chloride 0.32 mm|lb|25,7870,0.29517835362810774,0.1482850872272535
acidovorax_3H11,cobalt chloride 0.32 mm|lb|30,3935,0.29905679610888747,0.14821341439480806
acidovorax_3H11,cobalt chloride 0.4 mm|lb|30,3935,0.355166318238826,0.17804088020063177
acidovorax_3H11,copper (ii) chloride 1 mm|lb|25,7870,0.32150787212372,0.1594670791337734
acidovorax_3H11,copper (ii) chloride 2 mm|lb|25,3935,0.456350550197189,0.22616394882231675
acidovorax_3H11,"d,l-lactate (c)|rch2_defined_nocarbon|30",11805,0.268139070897378,0.13342367819402207
acidovorax_3H11,d-alanine (n)|rch2_defined_glucose_nonitrogen|30,3935,0.48950137536225946,0.24182404648535522
acidovorax_3H11,d-cycloserine 0.05 mg/ml|lb|30,3935,0.513071959837418,0.256313368621728
acidovorax_3H11,d-fructose (c)|rch2_defined_nocarbon|30,11805,0.26539297591947897,0.1312377220069763
acidovorax_3H11,d-galactose (c)|rch2_defined_nocarbon|30,11805,0.272972356136125,0.13549534506055952
acidovorax_3H11,d-gluconic acid (c)|rch2_defined_nocarbon|30,7870,0.35829730166054424,0.177613227909353
acidovorax_3H11,d-glucose (c)|rch2_defined_nocarbon|30,7870,0.2940838982443345,0.14334190612348052
acidovorax_3H11,d-lactate (c)|rch2_defined_nocarbon|30,11805,0.295013264727362,0.14694188126395788
acidovorax_3H11,d-mannose (c)|rch2_defined_nocarbon|30,3935,0.2724810943864845,0.13456357897849605
acidovorax_3H11,d-ribose (c)|rch2_defined_nocarbon|30,7870,0.28149245197864625,0.1388116045366709
acidovorax_3H11,d-sorbitol (c)|rch2_defined_nocarbon|30,3935,0.2577003683840295,0.12724505973835332
acidovorax_3H11,dimethyl sulfoxide 6 vol%|lb|30,3935,0.2617894699967245,0.1306649233501446
acidovorax_3H11,doxycycline hyclate 0.000025 mg/ml|lb|30,3935,0.2709594815990785,0.13660919028580398
acidovorax_3H11,fusidic 0.001 mg/ml|lb|25,3935,0.305815005397059,0.1540359343506341
acidovorax_3H11,glycerol (c)|rch2_defined_nocarbon|30,3935,0.2618705694182685,0.1283941927867982
acidovorax_3H11,"inner cut, r2a soft agar motility assay|r2a|30",11805,0.45612760229996396,0.2265179261247367
acidovorax_3H11,l-alanine (n)|rch2_defined_glucose_nonitrogen|30,3935,0.5540925924221565,0.2754322847253329
acidovorax_3H11,l-arabinose (c)|rch2_defined_nocarbon|30,11805,0.271873352947008,0.1335305552072053
acidovorax_3H11,l-arginine (n)|rch2_defined_glucose_nonitrogen|30,3935,0.3115152351458355,0.1526779102732852
acidovorax_3H11,l-asparagine (c)|rch2_defined_nocarbon|30,3935,0.2327967108289945,0.11490963492611324
acidovorax_3H11,l-glutamine (c)|rch2_defined_nocarbon|30,3935,0.24794580179849252,0.12358299680742145
acidovorax_3H11,l-glutamine (n)|rch2_defined_glucose_nonitrogen|30,3935,0.2689493097268105,0.13164951658575774
acidovorax_3H11,l-histidine (n)|rch2_defined_glucose_nonitrogen|30,3935,0.3363196129222855,0.16394423137208
acidovorax_3H11,l-isoleucine (n)|rch2_defined_glucose_nonitrogen|30,3935,0.39455079308722696,0.19476809085236457
acidovorax_3H11,l-lactate (c)|rch2_defined_nocarbon|30,11805,0.277446334342804,0.13744996891496067
acidovorax_3H11,l-leucine (n)|rch2_defined_glucose_nonitrogen|30,3935,0.3794488346556905,0.18887375569071072
acidovorax_3H11,l-malic (c)|rch2_defined_nocarbon|30,3935,0.28712176874699447,0.13968523667968422
acidovorax_3H11,l-phenylalanine (n)|rch2_defined_glucose_nonitrogen|30,3935,0.2297920074290985,0.11291928183674835
acidovorax_3H11,l-proline (n)|rch2_defined_glucose_nonitrogen|30,3935,0.243861940617594,0.1198848093872107
acidovorax_3H11,l-serine (n)|rch2_defined_glucose_nonitrogen|30,3935,0.2430172032062075,0.1198254890380432
acidovorax_3H11,l-threonine (n)|rch2_defined_glucose_nonitrogen|30,3935,0.376861670730059,0.18689736305943108
acidovorax_3H11,l-tyrosine (n)|rch2_defined_glucose_nonitrogen|30,3935,0.2656486053120895,0.1328657916379723
acidovorax_3H11,lb 23c|lb|23,7870,0.23153703496982575,0.11496488870388924
acidovorax_3H11,lb 30c|lb|30,7870,0.24159693312198602,0.12057193838707
acidovorax_3H11,"lb, ph10|lb|30",7870,0.5444583592516508,0.2726296127041635
acidovorax_3H11,"lb, ph5|lb|30",7870,0.24062276878993075,0.11974658302991101
acidovorax_3H11,"lb, ph6|lb|30",7870,0.21383615928838456,0.10663615630289253
acidovorax_3H11,"lb, ph7|lb|30",7870,0.21588770154918388,0.1067633664397445
acidovorax_3H11,"lb, ph8|lb|30",7870,0.21432123622821825,0.10665391022384196
acidovorax_3H11,"lb, ph9|lb|30",7870,0.2602233537432035,0.1292264038915955
acidovorax_3H11,lb|lb|25,19675,0.34342472995065154,0.17107182620591327
acidovorax_3H11,lb|lb|30,19675,0.2293358261605625,0.11444521565952955
acidovorax_3H11,nickel (ii) chloride 0.6 mm|lb|25,7870,0.314702632352274,0.155980871644194
acidovorax_3H11,nickel (ii) chloride 0.8 mm|lb|30,3935,0.302322205201427,0.15044397097086196
acidovorax_3H11,nitrate 100 mm|lb|30,3935,0.340708610564782,0.16800574053139458
acidovorax_3H11,nitrate 20 mm|lb|30,3935,0.24935377377539197,0.12401365922210603
acidovorax_3H11,nitrate 45 mm|lb|30,3935,0.26103927149003053,0.1294159610932903
acidovorax_3H11,nitrite 10 mm|lb|25,7870,0.29702813555916674,0.1483878579857755
acidovorax_3H11,paraquat dichloride 0.01 mg/ml|lb|25,3935,0.49950505976202453,0.24318239835262848
acidovorax_3H11,perchlorate 10 mm|lb|25,3935,0.38594491750645654,0.18855918602339736
acidovorax_3H11,perchlorate 25 mm|lb|25,3935,0.33010448060818,0.1654110704004946
acidovorax_3H11,phosphomycin 0.02 mg/ml|lb|25,3935,0.3274668244065045,0.1633447005000159
acidovorax_3H11,phosphomycin 0.06 mg/ml|lb|25,3935,0.362344075561472,0.18010575346145294
acidovorax_3H11,polymyxin b sulfate 0.0001 mg/ml|lb|25,3935,0.34004522839491,0.16825576065546566
acidovorax_3H11,propionate (c)|rch2_defined_nocarbon|30,3935,0.27453962928714504,0.13591785212877872
acidovorax_3H11,pyruvate (c)|rch2_defined_nocarbon|30,11805,0.28726835820366803,0.14315380561292537
acidovorax_3H11,sisomicin 0.0005 mg/ml|lb|25,3935,0.28260893096830497,0.14120291256271258
acidovorax_3H11,sisomicin 0.001 mg/ml|lb|25,3935,0.383051666865746,0.192840804430456
acidovorax_3H11,sisomicin 0.004 mg/ml|lb|30,3935,0.2293254911064335,0.1147780433954491
acidovorax_3H11,sodium fluoride 20 mm|lb|30,3935,0.2660822607634015,0.1333444866412079
acidovorax_3H11,sodium fluoride 25 mm|lb|25,3935,0.2702915233448665,0.1351780382006643
acidovorax_3H11,sodium fluoride 35 mm|lb|30,3935,0.2427843314527745,0.12086704782575114
acidovorax_3H11,sodium fluoride 50 mm|lb|30,3935,0.230801994978806,0.11549056972468687
acidovorax_3H11,succinate (c)|rch2_defined_nocarbon|30,11805,0.320189092645473,0.16017134086338622
acidovorax_3H11,syringaldehyde 2.5 mm|lb|30,3935,0.2882582863641765,0.14528491876514943
acidovorax_3H11,tetracycline 0.00005 mg/ml|lb|30,3935,0.22660590020623514,0.11219251709767049
acidovorax_3H11,tetracycline 0.0001 mg/ml|lb|30,3935,0.2657845700996645,0.13345477590864113
acidovorax_3H11,thallium(i) acetate 0.0006 mg/ml|lb|30,3935,0.2257251417604825,0.11319250933783655
acidovorax_3H11,tween 20 (c)|rch2_defined_nocarbon|30,3935,0.2728274032882665,0.13480371704739322
acidovorax_3H11,uridine (n)|rch2_defined_glucose_nonitrogen|30,3935,0.3262342049343435,0.16251845104157947
acidovorax_3H11,zinc 1 mm|lb|25,3935,0.380131916956694,0.1877227342398127
azobra,2-furfuraldehyde 0.2 vol%|lb|30,4833,0.408924011384034,0.2036561831876877
azobra,a-ketoglutaric (c)|rch2_defined_nocarbon|30,9666,0.29448683582303825,0.1464694195881695
azobra,aluminum chloride 5 mm|lb|25,4833,0.254881686713632,0.12692481839008787
azobra,ammonium chloride (n)|rch2_defined_nonitrogen|30,9666,0.292063877441178,0.14603140857715102
azobra,bacitracin 0.25 mg/ml|lb|25,4833,0.287070554681673,0.1416615407498657
azobra,benzethonium chloride 0.003 mm|lb|25,4833,0.482765450736123,0.24042740627367312
azobra,benzoic 0.145 mg/ml|lb|25,4833,0.260675558381946,0.13092783468450814
azobra,benzoic 0.29 mg/ml|lb|25,4833,0.26077783532561905,0.13063904771052084
azobra,butyrate (c)|rch2_defined_nocarbon|30,9666,0.2864998654691647,0.14342556249154498
azobra,casaminos (n)|rch2_defined_nonitrogen|30,9666,0.3697492438412455,0.184640318463205
azobra,chlorite 1 mm|lb|30,4833,0.414106851935435,0.2084864233703101
azobra,cobalt chloride 0.2 mm|lb|30,4833,0.45733075488781894,0.2284374917714003
azobra,cobalt chloride 0.3 mm|lb|30,4833,0.428993252087639,0.2129028454272813
azobra,copper (ii) chloride 2 mm|lb|25,4833,0.287892510965248,0.1418096715516905
azobra,cytosine (n)|rch2_defined_nonitrogen|30,9666,0.3327834910613875,0.16557735046778996
azobra,"d,l-lactate (c)|rch2_defined_nocarbon|30",9666,0.30175105878653374,0.1494624312729667
azobra,d-alanine (n)|rch2_defined_nonitrogen|30,9666,0.3252299581049173,0.1618217660141174
azobra,d-cycloserine 0.125 mg/ml|lb|25,4833,0.514397700845492,0.2564595548981812
azobra,d-fructose (c)|rch2_defined_nocarbon|30,9666,0.2668658504542343,0.13217235726512
azobra,d-gluconic acid (c)|rch2_defined_nocarbon|30,9666,0.4291826564075627,0.21027670709261836
azobra,d-lactate (c)|rch2_defined_nocarbon|30,9666,0.2917207861314123,0.14514111439745742
azobra,ethanol (c)|rch2_defined_nocarbon|30,9666,0.29730162539710225,0.14872009245546935
azobra,glucuronamide (n)|rch2_defined_nonitrogen|30,9666,0.3306233262437692,0.1647982847027235
azobra,glycerol (c)|rch2_defined_nocarbon|30,9666,0.34461765003225275,0.172346521248819
azobra,"inner cut, lb soft agar motility assay|lb|30",14499,0.5591989992315705,0.2795379294976457
azobra,l-asparagine (n)|rch2_defined_nonitrogen|30,9666,0.300436478484343,0.15028543413217504
azobra,l-aspartic acid (n)|rch2_defined_nonitrogen|30,9666,0.3104694943727433,0.155054709567194
azobra,l-citrulline (n)|rch2_defined_nonitrogen|30,9666,0.3148929558387905,0.1559260735007329
azobra,l-glutamic (n)|rch2_defined_nonitrogen|30,4833,0.54424328680856,0.2697348683731517
azobra,l-glutamine (c)|rch2_defined_nocarbon|30,9666,0.2892683450914122,0.1444341203279439
azobra,l-histidine (n)|rch2_defined_nonitrogen|30,4833,0.43006092612358204,0.21471742816709052
azobra,l-isoleucine (n)|rch2_defined_nonitrogen|30,4833,0.6103716945093509,0.3043093451535201
azobra,l-lactate (c)|rch2_defined_nocarbon|30,9666,0.30335399089554405,0.1505609316227215
azobra,l-leucine (c)|rch2_defined_nocarbon|30,4833,0.309810904179907,0.15337279973255039
azobra,l-leucine (n)|rch2_defined_nonitrogen|30,9666,0.36414892969180246,0.18095944250905543
azobra,l-lysine (n)|rch2_defined_nonitrogen|30,9666,0.3139957921749913,0.15620629267207015
azobra,l-malic (c)|rch2_defined_nocarbon|30,9666,0.3090072839449337,0.153625656878278
azobra,l-phenylalanine (n)|rch2_defined_nonitrogen|30,9666,0.320762724215262,0.160212167249978
azobra,l-proline (c)|rch2_defined_nocarbon|30,9666,0.3029480878777595,0.15066612219828823
azobra,l-serine (n)|rch2_defined_nonitrogen|30,9666,0.31992535668919025,0.16011103377751001
azobra,l-threonine (n)|rch2_defined_nonitrogen|30,9666,0.37904238447128047,0.18986863547014599
azobra,lb|lb|25,9666,0.259172852079124,0.1293579840905375
azobra,lb|lb|30,9666,0.4838718383105982,0.240521283538667
azobra,nickel (ii) chloride 0.5 mm|lb|25,4833,0.26105564030197004,0.1317081654078455
azobra,nitrate (n)|rch2_defined_nonitrogen|30,9666,0.33055328515467497,0.164864244331962
azobra,nitrate 100 mm|lb|25,4833,0.282537523842241,0.1415371755409134
azobra,nitrite 10 mm|lb|25,4833,0.275009179395281,0.13523058819338482
azobra,"outer cut, lb soft agar motility assay|lb|30",4833,0.694180868714118,0.3428785914161604
azobra,parabanic acid (n)|rch2_defined_nonitrogen|30,9666,0.330756562136742,0.16541156894188952
azobra,paraquat dichloride 0.02 mg/ml|lb|30,4833,0.440305252124317,0.2213304630405327
azobra,paraquat dichloride 0.04 mg/ml|lb|30,4833,0.487153657256315,0.24392341628591221
azobra,pyruvate (c)|rch2_defined_nocarbon|30,9666,0.3045616287511622,0.1523835984779122
azobra,sisomicin 0.01 mg/ml|lb|30,4833,0.5363873565309101,0.26677301481692056
azobra,succinate (c)|rch2_defined_nocarbon|30,9666,0.30468918820533275,0.1519330009548365
azobra,thallium(i) acetate 0.008 mg/ml|lb|25,4833,0.260612475277492,0.129990483381947
azobra,urea (n)|rch2_defined_nonitrogen|30,9666,0.29974603506985925,0.14856898133226204
azobra,vancomycin 0.03 mg/ml|lb|25,4833,0.283042123058167,0.1407980934031685
psRCH2,1-ethyl-3-methylimidazolium acetate 20 mm|lb|28,3349,0.348696771554754,0.1738432122324995
psRCH2,1-ethyl-3-methylimidazolium acetate 40 mm|lb|28,6698,0.38508212725864777,0.1918129383813765
psRCH2,2-furfuraldehyde 0.05 vol%|lb|30,6698,0.410437496330442,0.203752107583674
psRCH2,5-hydroxymethylfurfural 5 mm|lb|30,6698,0.38087839986975525,0.18837403021369692
psRCH2,a-ketoglutaric (c)|rch2_defined_nocarbon|30,6698,0.26870987772189703,0.1333427182061655
psRCH2,a22 0.002 mg/ml|lb|30,10047,0.36373980621164004,0.18212117864139157
psRCH2,a22 0.005 mg/ml|lb|30,10047,0.37703905296865803,0.1880988327528578
psRCH2,acetate (c)|rch2_defined_nocarbon|30,6698,0.30970109435064375,0.1541703825939085
psRCH2,acetate 80 mm|lb|28,6698,0.3645313907881565,0.18208797878114052
psRCH2,adenine (n)|rch2_defined_nonitrogen|30,10047,0.2863564006533335,0.14154705200288997
psRCH2,aluminum chloride 0.3 mm|lb|28,6698,0.36171998939058825,0.18040008341863326
psRCH2,ammonium chloride (n)|rch2_defined_nonitrogen|30,6698,0.26216980042879445,0.129485216045128
psRCH2,bacitracin 0.25 mg/ml|lb|30,6698,0.4616166826619348,0.231051839024353
psRCH2,benzalkonium chloride 0.002 mg/ml|lb|30,3349,0.533236706515219,0.2664840145080682
psRCH2,benzethonium chloride 0.01 mm|lb|30,6698,0.423835354559678,0.210360856872233
psRCH2,benzethonium chloride 0.0125 mm|lb|30,6698,0.44350307943367995,0.2203648022411025
psRCH2,benzoic 0.4 mg/ml|lb|30,10047,0.328714844274161,0.1637172309361932
psRCH2,butyrate (c)|rch2_defined_nocarbon|30,10047,0.361699301042339,0.18013111384660638
psRCH2,carbenicillin 0.0065 mg/ml|lb|28,6698,0.38080328283943954,0.1884688806261145
psRCH2,carbenicillin 0.008 mg/ml|lb|28,6698,0.4504106903417311,0.222283531510177
psRCH2,casaminos (c)|rch2_defined_nocarbon|30,6698,0.23802775651137675,0.118748677436639
psRCH2,cephalothin 0.04 mg/ml|lb|30,3349,0.77710925258488,0.3916816733373805
psRCH2,chlorate 75 mm|lb|30,3349,0.785072919486351,0.3931696104785675
psRCH2,chloride 200 mm|lb|30,6698,0.38794819428794003,0.1956844100666615
psRCH2,chlorite 0.06 mm|lb|30,3349,0.327504213938349,0.16333464725331837
psRCH2,cholin acetate 40 mm|lb|28,3349,0.35839783693639204,0.1765002230041824
psRCH2,choline chloride 90 mm|lb|28,6698,0.45435668302624227,0.2262064524810775
psRCH2,choline lysine 20 mm|lb|28,6698,0.44976057785359547,0.22362410542747402
psRCH2,cisplatin 0.0016 mg/ml|lb|30,6698,0.3471404175402417,0.173435058927287
psRCH2,cisplatin 0.003 mg/ml|lb|30,6698,0.39185728760277627,0.1918292999512985
psRCH2,cobalt chloride 0.05 mm|lb|28,6698,0.373704057878557,0.1855113930639267
psRCH2,cobalt chloride 0.06 mm|lb|28,3349,0.35225158472749096,0.17530005115539782
psRCH2,cobalt chloride 0.06 mm|lb|30,3349,0.342235235305754,0.1685667369031319
psRCH2,cobalt chloride 0.07 mm|lb|28,6698,0.3583559709172822,0.178793454774661
psRCH2,cobalt chloride 0.08 mm|lb|28,6698,0.36954382296904176,0.1838140252118155
psRCH2,cytosine (n)|rch2_defined_nonitrogen|30,10047,0.3056440050651595,0.1508679313110278
psRCH2,"d,l-lactate (c)|rch2_defined_nocarbon|30",6698,0.284995384389579,0.13967828414737285
psRCH2,d-alanine (c)|rch2_defined_nocarbon|30,6698,0.23819698930585176,0.1163869254779036
psRCH2,d-alanine (n)|rch2_defined_nonitrogen|30,10047,0.2967017206284195,0.147365798935901
psRCH2,d-cycloserine 0.032 mg/ml|lb|30,6698,0.47030131068187997,0.2350873976076825
psRCH2,d-fructose (c)|rch2_defined_nocarbon|30,6698,0.31827954668797925,0.1571593454868735
psRCH2,d-gluconic acid (c)|rch2_defined_nocarbon|30,6698,0.3380250895046695,0.16616330717940497
psRCH2,d-glucose (c)|rch2_defined_nocarbon|30,6698,0.2568322860215316,0.12588630438407375
psRCH2,d-lactate (c)|rch2_defined_nocarbon|30,6698,0.26430019749694816,0.13142357095000118
psRCH2,d-maltose (c)|rch2_defined_nocarbon|30,10047,0.28599569499049005,0.1387601398664769
psRCH2,def 2-furfuraldehyde 0.032 vol%|rch2_defined_no_vitamin|30,3349,0.7476026252833889,0.3713915462462781
psRCH2,def 5-hydroxymethylfurfural 5 mm|rch2_defined_no_vitamin|30,3349,0.375793148176667,0.18885484009711193
psRCH2,def a22 0.015 mg/ml|rch2_defined_no_vitamin|30,3349,0.340389458803167,0.1670541753850733
psRCH2,def benzalkonium chloride 0.002 mg/ml|rch2_defined_no_vitamin|30,3349,0.767704712628927,0.3828324195112089
psRCH2,def benzethonium chloride 0.008 mm|rch2_defined_no_vitamin|30,3349,0.632270404735119,0.3133922331302138
psRCH2,def carbenicillin 0.008 mg/ml|rch2_defined_no_vitamin|30,3349,0.79712264269595,0.3963359742269609
psRCH2,def carbenicillin 0.02 mg/ml|rch2_defined_no_vitamin|30,3349,0.605758902018425,0.3031120676704101
psRCH2,def cephalothin 0.04 mg/ml|rch2_defined_no_vitamin|30,3349,0.452211319164316,0.2256164745011955
psRCH2,def cephalothin 0.08 mg/ml|rch2_defined_no_vitamin|30,3349,0.41005207209801564,0.1968705240559926
psRCH2,def chlorate 20 mm|rch2_defined_no_vitamin|30,3349,0.47930253212415097,0.23977860315137883
psRCH2,def chlorate 40 mm|rch2_defined_no_vitamin|30,3349,0.466907862884135,0.2325838444306871
psRCH2,def chloride 400 mm|rch2_defined_no_vitamin|30,3349,0.496511521983106,0.2485987525663786
psRCH2,def cisplatin 0.0002 mg/ml|rch2_defined_no_vitamin|30,3349,0.281557605192234,0.138402413218846
psRCH2,def dimethyl sulfoxide 5 vol%|rch2_defined_no_vitamin|30,3349,0.325626498908609,0.16135622506954522
psRCH2,def doxycycline hyclate 0.0002 mg/ml|rch2_defined_no_vitamin|30,3349,0.293139822395178,0.14733241551457765
psRCH2,def doxycycline hyclate 0.0006 mg/ml|rch2_defined_no_vitamin|30,3349,0.312298314556415,0.1544495391611976
psRCH2,def fusidic 0.032 mg/ml|rch2_defined_no_vitamin|30,3349,0.291160439944885,0.14469467285755588
psRCH2,def fusidic 0.064 mg/ml|rch2_defined_no_vitamin|30,3349,0.31544856072159,0.1548594585607074
psRCH2,def lomefloxacin 0.00004 mm|rch2_defined_no_vitamin|30,3349,0.34834417327857703,0.1713211176931636
psRCH2,def methylglyoxal 0.01 vol%|rch2_defined_no_vitamin|30,3349,0.36389569451301496,0.18210491915326182
psRCH2,def nalidixic 0.0005 mg/ml|rch2_defined_no_vitamin|30,3349,0.287437327593895,0.14347706163924662
psRCH2,def nalidixic 0.001 mg/ml|rch2_defined_no_vitamin|30,3349,0.408996878434004,0.20644420015857112
psRCH2,def neomycin 0.0002 mg/ml|rch2_defined_no_vitamin|30,3349,0.318478247384298,0.1593189299345931
psRCH2,def neomycin 0.0008 mg/ml|rch2_defined_no_vitamin|30,3349,0.477887656600056,0.2383248582302018
psRCH2,def phosphomycin 0.125 mg/ml|rch2_defined_no_vitamin|30,3349,0.390326239718686,0.1870062612313404
psRCH2,def polymyxin b sulfate 0.00008 mg/ml|rch2_defined_no_vitamin|30,3349,0.520178073499376,0.2602323499329504
psRCH2,def polymyxin b sulfate 0.0001 mg/ml|rch2_defined_no_vitamin|30,3349,0.467060022790188,0.23370158846006014
psRCH2,def sodium fluoride 25 mm|rch2_defined_no_vitamin|30,3349,0.290878137346378,0.1470479037144448
psRCH2,def tetracycline 0.0004 mg/ml|rch2_defined_no_vitamin|30,3349,0.278789053380795,0.13807437960963664
psRCH2,def thallium(i) acetate 0.125 mg/ml|rch2_defined_no_vitamin|30,3349,0.447595086649375,0.2233740992272854
psRCH2,def vancomycin 0.008 mg/ml|rch2_defined_no_vitamin|30,3349,0.330212807244454,0.1639349686357517
psRCH2,def vancomycin 0.016 mg/ml|rch2_defined_no_vitamin|30,3349,0.358638235300019,0.17922948454528034
psRCH2,dimethyl sulfoxide 5 vol%|lb|30,10047,0.31922035291527495,0.15987580212643845
psRCH2,doxycycline hyclate 0.0002 mg/ml|lb|30,3349,0.447747706153649,0.22451399781317322
psRCH2,ethanol (c)|rch2_defined_nocarbon|30,6698,0.299837492313955,0.1501093673600405
psRCH2,fumarate (c)|rch2_defined_nocarbon|30,6698,0.25036477991140305,0.1255466843020073
psRCH2,furfuryl alcohol 0.05 vol%|lb|30,3349,0.687322802060513,0.33910518051538185
psRCH2,furfuryl alcohol 0.2 vol%|lb|28,3349,0.350528539413203,0.17319063848123029
psRCH2,furfuryl alcohol 0.3 vol%|lb|28,3349,0.359630378915062,0.17561915628874442
psRCH2,fusidic 0.016 mg/ml|lb|30,10047,0.425282498640238,0.212619414916814
psRCH2,gentamicin 0.0016 mg/ml|lb|30,3349,0.643192284962141,0.3202897650571984
psRCH2,glucose defined 30c timecourse1 timepoint 1|rch2_defined_glucose|30,3349,0.261032363568391,0.13142713943988957
psRCH2,glucose defined 30c timecourse1 timepoint 2|rch2_defined_glucose|30,3349,0.297586687867134,0.14749278128710389
psRCH2,glucose defined 30c timecourse1 timepoint 3|rch2_defined_glucose|30,3349,0.327177897286348,0.16326710639818898
psRCH2,glucose defined media 26c sample1|rch2_defined_glucose|26,3349,0.291211903766492,0.1428641168021407
psRCH2,glucose defined media 37c sample1|rch2_defined_glucose|37,3349,0.26027925229862203,0.1279456100863012
psRCH2,glucose defined media|rch2_defined_glucose|30,6698,0.3029035080633785,0.1513837020991669
psRCH2,glycerol (c)|rch2_defined_nocarbon|30,6698,0.26521721466406223,0.131637703511148
psRCH2,glycine (n)|rch2_defined_nonitrogen|30,10047,0.29821838626146047,0.1488780100904341
psRCH2,glycolic acid (c)|rch2_defined_nocarbon|30,6698,0.327835814489041,0.16238101124181015
psRCH2,l-alanine (c)|rch2_defined_nocarbon|30,6698,0.34081915991253053,0.170931603249596
psRCH2,l-alanine (n)|rch2_defined_nonitrogen|30,10047,0.346842428696452,0.1704048663305689
psRCH2,l-arginine (n)|rch2_defined_nonitrogen|30,3349,0.303978901415676,0.14803706519062992
psRCH2,l-asparagine (c)|rch2_defined_nocarbon|30,10047,0.24507499971984142,0.12074201810716689
psRCH2,l-asparagine (n)|rch2_defined_nonitrogen|30,6698,0.2834414260935928,0.141133341375081
psRCH2,l-citrulline (n)|rch2_defined_nonitrogen|30,6698,0.41126758432806254,0.203053688929945
psRCH2,l-glutamic (c)|rch2_defined_nocarbon|30,6698,0.2531968779989777,0.126525404544222
psRCH2,l-glutamic (n)|rch2_defined_nonitrogen|30,10047,0.3742950656883745,0.1872058754591139
psRCH2,l-glutamine (c)|rch2_defined_nocarbon|30,10047,0.28652202935855553,0.14223134007394608
psRCH2,l-glutamine (n)|rch2_defined_nonitrogen|30,10047,0.30077964442681804,0.15056433493965174
psRCH2,l-histidine|rch2_defined_glucose|30,6698,0.34335960567110424,0.171130441358713
psRCH2,l-isoleucine (c)|rch2_defined_nocarbon|30,6698,0.21596981221925532,0.10726584576098486
psRCH2,l-isoleucine (n)|rch2_defined_nonitrogen|30,13396,0.3924950555063543,0.1958546216629325
psRCH2,l-lactate (c)|rch2_defined_nocarbon|30,10047,0.362136428057332,0.17952133171040602
psRCH2,l-leucine (c)|rch2_defined_nocarbon|30,6698,0.25988069021285326,0.129584491390424
psRCH2,l-lysine 200 mm|lb|28,6698,0.4434819969011905,0.2207356365592975
psRCH2,l-malic (c)|rch2_defined_nocarbon|30,6698,0.237614913251189,0.11774921488089951
psRCH2,l-proline (c)|rch2_defined_nocarbon|30,10047,0.3116556347244015,0.1526022035845579
psRCH2,l-proline (n)|rch2_defined_nonitrogen|30,13396,0.2750051372751795,0.13782407929448048
psRCH2,l-tyrosine (c)|rch2_defined_nocarbon|30,6698,0.6167148364544263,0.30833652841414705
psRCH2,l-tyrosine|rch2_defined_glucose|30,6698,0.3839267281011638,0.19148098986632694
psRCH2,l-valine (n)|rch2_defined_nonitrogen|30,6698,0.36285609277958925,0.180500340315968
psRCH2,lactate-nitrate; anaerobic sample1|rch2_lactate_nitrate_ye|30,3349,0.345201526904958,0.173090554286735
psRCH2,lactate-nitrate; anaerobic sample2|rch2_lactate_nitrate_ye|30,3349,0.355124411215083,0.17775858441456036
psRCH2,lactate-nitrate; anaerobic sample3|rch2_lactate_nitrate_ye|30,3349,0.373975702087021,0.18424671115702476
psRCH2,lactate-nitrate; anaerobic; cadmium stress sample1|rch2_lactate_nitrate_ye|30,3349,0.35709873568048,0.17799728765436823
psRCH2,lactate-nitrate; anaerobic; cadmium stress sample2|rch2_lactate_nitrate_ye|30,3349,0.340821923230618,0.17063419850058426
psRCH2,lactate-nitrate; anaerobic; cadmium stress sample3|rch2_lactate_nitrate_ye|30,3349,0.349130165874252,0.1724951744158977
psRCH2,lactate-nitrate; anaerobic; cobalt stress sample1|rch2_lactate_nitrate_ye|30,3349,0.37030787338675697,0.18422959793487628
psRCH2,lactate-nitrate; anaerobic; cobalt stress sample2|rch2_lactate_nitrate_ye|30,3349,0.390935694830775,0.1915681709850979
psRCH2,lactate-nitrate; anaerobic; cobalt stress sample3|rch2_lactate_nitrate_ye|30,3349,0.38692991588154,0.19244682632488805
psRCH2,lactate-nitrate; anaerobic; copper stress sample1|rch2_lactate_nitrate_ye|30,3349,0.421068689103632,0.2082560652326845
psRCH2,lactate-nitrate; anaerobic; copper stress sample2|rch2_lactate_nitrate_ye|30,3349,0.41891285239057796,0.2071049842280696
psRCH2,lactate-nitrate; anaerobic; copper stress sample3|rch2_lactate_nitrate_ye|30,3349,0.445532987350856,0.2221299186632783
psRCH2,lactate-nitrate; anaerobic; dichromate stress sample1|rch2_lactate_nitrate_ye|30,3349,0.394125460454802,0.1972914121988279
psRCH2,lactate-nitrate; anaerobic; dichromate stress sample2|rch2_lactate_nitrate_ye|30,3349,0.397774938772186,0.1977544588025785
psRCH2,lactate-nitrate; anaerobic; dichromate stress sample3|rch2_lactate_nitrate_ye|30,3349,0.39937961417880496,0.1991658119651229
psRCH2,lactate-nitrate; anaerobic; nickel stress sample1|rch2_lactate_nitrate_ye|30,3349,0.396687900056012,0.1973715800328807
psRCH2,lactate-nitrate; anaerobic; nickel stress sample2|rch2_lactate_nitrate_ye|30,3349,0.402667948605548,0.2013072434520312
psRCH2,lactate-nitrate; anaerobic; nickel stress sample3|rch2_lactate_nitrate_ye|30,3349,0.400355318892495,0.2002867099190204
psRCH2,lactate-nitrate; anaerobic; uranyl acetate stress sample1|rch2_lactate_nitrate_ye|30,3349,0.392068166242382,0.19394597713942358
psRCH2,lactate-nitrate; anaerobic; uranyl acetate stress sample2|rch2_lactate_nitrate_ye|30,3349,0.398720615766161,0.1971961061316629
psRCH2,lactate-nitrate; anaerobic; uranyl acetate stress sample3|rch2_lactate_nitrate_ye|30,3349,0.373787646699853,0.18588266840535259
psRCH2,lactate-nitrite with ye; anaerobic; sample1|rch2_lactate_ye_1_m_fe-cu|30,3349,0.322664263310935,0.161840005404493
psRCH2,lactate-nitrite with ye; anaerobic; sample2|rch2_lactate_ye_1_m_fe-cu|30,3349,0.315346014713046,0.15832115427037888
psRCH2,lactate-nitrite with ye; anaerobic; sample3|rch2_lactate_ye_1_m_fe-cu|30,3349,0.321796726723602,0.15978123493222068
psRCH2,lactate-nitrite with ye; anaerobic; with copper; sample1|rch2_lactate_ye_1_m_fe-cu|30,3349,0.32681555411068597,0.16341080280573062
psRCH2,lactate-nitrite with ye; anaerobic; with copper; sample2|rch2_lactate_ye_1_m_fe-cu|30,3349,0.317864502020177,0.15729224799466637
psRCH2,lactate-nitrite with ye; anaerobic; with copper; sample3|rch2_lactate_ye_1_m_fe-cu|30,3349,0.31537064176659,0.157066735312824
psRCH2,lactate-nitrite; anaerobic; sample1|rch2_lactate_1_m_fe-cu|30,3349,0.33684349060602103,0.1673697405824901
psRCH2,lactate-nitrite; anaerobic; sample2|rch2_lactate_1_m_fe-cu|30,3349,0.346691886025631,0.1716498424928767
psRCH2,lactate-nitrite; anaerobic; sample3|rch2_lactate_1_m_fe-cu|30,3349,0.371937329215208,0.1813939807726904
psRCH2,lactate-nitrite; anaerobic; with copper; sample1|rch2_lactate_1_m_fe-cu|30,3349,0.333131715338771,0.1643754292265584
psRCH2,lactate-nitrite; anaerobic; with copper; sample2|rch2_lactate_1_m_fe-cu|30,3349,0.324201883782635,0.1585457599939252
psRCH2,lactate-nitrite; anaerobic; with copper; sample3|rch2_lactate_1_m_fe-cu|30,3349,0.332404384112691,0.163618405652326
psRCH2,lactate; aerobic; sample1|rch2_lactate_1_m_fe-cu|30,3349,0.31788173993771496,0.1561932888029044
psRCH2,lactate; aerobic; sample2|rch2_lactate_1_m_fe-cu|30,3349,0.328367100255677,0.1614467026385372
psRCH2,lactate; aerobic; sample3|rch2_lactate_1_m_fe-cu|30,3349,0.324399459310315,0.16068946207706292
psRCH2,"lactate; aerobic; with copper, sample1|rch2_lactate_1_m_fe-cu|30",3349,0.325407863051823,0.1643116463099742
psRCH2,"lactate; aerobic; with copper, sample2|rch2_lactate_1_m_fe-cu|30",3349,0.348061295346751,0.1724595511610109
psRCH2,"lactate; aerobic; with copper, sample3|rch2_lactate_1_m_fe-cu|30",3349,0.341743292183443,0.1697025908179168
psRCH2,lb 26c sample1|lb|26,3349,0.351334655592989,0.17598175592400805
psRCH2,lb 30c timecourse1 timepoint 1|lb|30,3349,0.37129779304294397,0.1858972036714068
psRCH2,lb 30c timecourse1 timepoint 2|lb|30,3349,0.385312525558213,0.19345974674837893
psRCH2,lb 30c timecourse1 timepoint 3|lb|30,3349,0.483134445382427,0.2379661022337141
psRCH2,lb 30c timecourse2 timepoint 1|lb|30,3349,0.443224694334335,0.22164035965591333
psRCH2,lb 30c timecourse2 timepoint 2|lb|30,3349,0.43911666781313996,0.2200916782809264
psRCH2,lb|lb|28,10047,0.366692337383671,0.1820509199465253
psRCH2,lb|lb|30,26792,0.319599393033524,0.1587418310119914
psRCH2,lomefloxacin 0.0001 mm|lb|30,6698,0.35214146904382326,0.1767427983496955
psRCH2,methylglyoxal 0.0016 vol%|lb|30,3349,0.482356233149386,0.2379538114798935
psRCH2,min media with glucose|rch2_defined_glucose|30,6698,0.38356956369844597,0.19011180962804086
psRCH2,nalidixic 0.001 mg/ml|lb|30,3349,0.377150526504197,0.1892329178462403
psRCH2,nalidixic 0.00390625 mg/ml|lb|30,6698,0.5292436609980484,0.2636954283705014
psRCH2,neomycin 0.004 mg/ml|lb|30,10047,0.377827100637589,0.188922450496068
psRCH2,nickel (ii) chloride 0.75 mm|lb|28,3349,0.369845182094377,0.1834777911507403
psRCH2,nickel (ii) chloride 0.8 mm|lb|28,6698,0.36979677525432775,0.1834961207369566
psRCH2,nickel (ii) chloride 0.8 mm|lb|30,3349,0.36953804583595495,0.18453039781153469
psRCH2,nickel (ii) chloride 0.9 mm|lb|28,6698,0.3650573021531712,0.1817549812410173
psRCH2,nickel (ii) chloride 1 mm|lb|28,6698,0.370031809622003,0.183361366949151
psRCH2,nitrate (n)|rch2_defined_nonitrogen|30,10047,0.330909516326393,0.1641959209372354
psRCH2,nitrate 200 mm|lb|30,6698,0.5061191760936953,0.2503135393187521
psRCH2,nitrate 250 mm|lb|30,3349,0.816459646544419,0.4073346561797694
psRCH2,nitrate reduction - anaerobic|rch2_defined_glucose|30,3349,0.456323214230996,0.22655696347494939
psRCH2,nitrite (n)|rch2_defined_nonitrogen|30,13396,0.41682376107006924,0.20753232820071235
psRCH2,nitrite 2.5 mm|lb|30,10047,0.4064931352414175,0.2024702492614213
psRCH2,no vitamins t1|rch2_defined_glucose_novitamin|30,3349,0.397022844442,0.1975706694083676
psRCH2,no vitamins t2|rch2_defined_glucose_novitamin|30,3349,0.407823114886069,0.20326618005716718
psRCH2,parabanic acid (n)|rch2_defined_nonitrogen|30,10047,0.33792806150335397,0.16732098131906772
psRCH2,paraquat dichloride 0.015 mg/ml|lb|30,6698,0.5017136807726855,0.24966891289654153
psRCH2,perchlorate 12.5 mm|lb|30,6698,0.342696941157152,0.1723682162046165
psRCH2,perchlorate 25 mm|lb|30,10047,0.3523928314520975,0.176131503398887
psRCH2,phosphomycin 0.012 mg/ml|lb|30,6698,0.41291053390396926,0.2061540012861448
psRCH2,polymyxin b sulfate 0.0001 mg/ml|lb|30,3349,0.641010884028399,0.3167276506356146
psRCH2,propionate (c)|rch2_defined_nocarbon|30,6698,0.599556081476324,0.3005244379434553
psRCH2,putrescine (n)|rch2_defined_nonitrogen|30,10047,0.351863554240809,0.17566524504558037
psRCH2,pyruvate (c)|rch2_defined_nocarbon|30,6698,0.261065719486353,0.1286648695219865
psRCH2,rch2 defined media|rch2_defined_no_vitamin|30,13396,0.341489447620266,0.1698855185282595
psRCH2,sodium fluoride 6.25 mm|lb|30,3349,0.418023384217614,0.20327430008005698
psRCH2,sodium fluoride 8.5 mm|lb|28,3349,0.361690132392395,0.1802842255263549
psRCH2,spectinomycin 0.00625 mg/ml|lb|30,6698,0.4260854521740255,0.21220369861400645
psRCH2,succinate (c)|rch2_defined_nocarbon|30,6698,0.2488520159577585,0.12405968187256407
psRCH2,syringaldehyde 3 mm|lb|28,6698,0.36563517227706477,0.18224437421062
psRCH2,syringaldehyde 4 mm|lb|28,6698,0.37318712998181525,0.18636774116653398
psRCH2,thallium(i) acetate 0.08 mg/ml|lb|28,6698,0.3521663705012955,0.17513930329169436
psRCH2,thallium(i) acetate 0.09 mg/ml|lb|28,6698,0.36143139144033753,0.18135931294872099
psRCH2,thallium(i) acetate 0.1 mg/ml|lb|28,6698,0.36424824929211597,0.181031513767586
psRCH2,trisodium citrate (c)|rch2_defined_nocarbon|30,6698,0.23978191393481527,0.11923491403849
psRCH2,tween 20 (c)|rch2_defined_nocarbon|30,6698,0.259911981200872,0.12841756564400209
psRCH2,urea (n)|rch2_defined_nonitrogen|30,6698,0.2720244175418307,0.13486187914499015
psRCH2,vancomycin 0.016 mg/ml|lb|30,6698,0.368683300341906,0.182854704790181
psRCH2,vanillin 2 mm|lb|30,6698,0.4066350072818965,0.20292563005752925
psRCH2,with vitamins t1|rch2_defined_glucose|30,3349,0.429385948524732,0.2131564922044126
psRCH2,with vitamins t2|rch2_defined_glucose|30,3349,0.423373799063425,0.21185147762912598
psRCH2,zinc 0.12 mm|lb|28,6698,0.3614766006853942,0.1789401276284205
pseudo13_GW456_L13,a-ketoglutaric (c)|rch2_defined_nocarbon|30,8700,0.472663139519369,0.23249625718572547
pseudo13_GW456_L13,a22 0.04 mg/ml|lb|25,4350,0.2250461616135475,0.1108534975824725
pseudo13_GW456_L13,aluminum chloride 2.5 mm|lb|25,4350,0.25141697987969125,0.12663342590235577
pseudo13_GW456_L13,aluminum chloride 5 mm|lb|25,4350,0.3127509872241717,0.156477758004236
pseudo13_GW456_L13,ammonium chloride (n)|rch2_defined_glucose_nonitrogen|30,4350,0.27325798878039226,0.13355618779061945
pseudo13_GW456_L13,bacitracin 0.5 mg/ml|lb|25,4350,0.22476528927005826,0.1122502607178815
pseudo13_GW456_L13,bacitracin 1 mg/ml|lb|25,4350,0.2547546991903683,0.126673797817845
pseudo13_GW456_L13,benzethonium chloride 0.0125 mm|lb|25,4350,0.21169791354274067,0.10508078951270927
pseudo13_GW456_L13,casaminos (c)|rch2_defined_nocarbon|30,8700,0.2233567078598372,0.10928598699329811
pseudo13_GW456_L13,cephalothin 3 mg/ml|lb|25,4350,0.2420213196792855,0.11927440924829069
pseudo13_GW456_L13,chloride 400 mm|lb|25,4350,0.23533701672750823,0.118239729718246
pseudo13_GW456_L13,cisplatin 0.0125 mg/ml|lb|25,4350,0.20156591274172095,0.10016957758594058
pseudo13_GW456_L13,cobalt chloride 0.16 mm|lb|25,4350,0.2077658559476171,0.10388306176524978
pseudo13_GW456_L13,cytosine (n)|rch2_defined_glucose_nonitrogen|30,4350,0.20844242095467116,0.10385485345750889
pseudo13_GW456_L13,"d,l-lactate (c)|rch2_defined_nocarbon|30",4350,0.37250318810299854,0.18201155068636699
pseudo13_GW456_L13,d-alanine (c)|rch2_defined_nocarbon|30,8700,0.267285577083755,0.1320773275589585
pseudo13_GW456_L13,d-alanine (n)|rch2_defined_glucose_nonitrogen|30,4350,0.23054571820477127,0.11624158167759939
pseudo13_GW456_L13,d-cycloserine 0.125 mg/ml|lb|25,4350,0.23597224365954553,0.11828225818024962
pseudo13_GW456_L13,d-fructose (c)|rch2_defined_nocarbon|30,8700,0.42350276794250497,0.2085378784486755
pseudo13_GW456_L13,d-galactose (c)|rch2_defined_nocarbon|30,8700,0.3988168248921503,0.19433933396181513
pseudo13_GW456_L13,d-gluconic acid (c)|rch2_defined_nocarbon|30,8700,0.44687521960773047,0.21960185509598149
pseudo13_GW456_L13,d-glucosamine hydrochloride (c)|rch2_defined_nocarbon|30,8700,0.3216971134909098,0.16043727690069498
pseudo13_GW456_L13,d-glucose (c)|rch2_defined_nocarbon|30,4350,0.44003719760689725,0.2173819932658439
pseudo13_GW456_L13,d-lactate (c)|rch2_defined_nocarbon|30,8700,0.3867815199828125,0.1920993020770975
pseudo13_GW456_L13,d-mannose (c)|rch2_defined_nocarbon|30,8700,0.27188224440355674,0.1331853547986281
pseudo13_GW456_L13,d-serine (c)|rch2_defined_nocarbon|30,8700,0.2764582280571145,0.13804022563741197
pseudo13_GW456_L13,d-serine (n)|rch2_defined_glucose_nonitrogen|30,4350,0.3178651488410745,0.1576766729110422
pseudo13_GW456_L13,dimethyl sulfoxide 7.5 vol%|lb|25,4350,0.224634203730175,0.1120300359822565
pseudo13_GW456_L13,fusidic 0.03 mg/ml|lb|25,4350,0.2148143346253765,0.107669142606722
pseudo13_GW456_L13,fusidic 0.08 mg/ml|lb|25,4350,0.23293974364994918,0.1150939998014249
pseudo13_GW456_L13,gly-dl-asp (n)|rch2_defined_glucose_nonitrogen|30,4350,0.32602720635906846,0.157708636179305
pseudo13_GW456_L13,gly-glu (n)|rch2_defined_glucose_nonitrogen|30,4350,0.2777358668199507,0.13865744758367152
pseudo13_GW456_L13,glycerol (c)|rch2_defined_nocarbon|30,8700,0.3556987022714453,0.175332168854921
pseudo13_GW456_L13,glycine (n)|rch2_defined_glucose_nonitrogen|30,4350,0.23177762024795823,0.11387297640553334
pseudo13_GW456_L13,l-alanine (c)|rch2_defined_nocarbon|30,8700,0.27486112451673,0.13620707101381752
pseudo13_GW456_L13,l-alanine (n)|rch2_defined_glucose_nonitrogen|30,4350,0.2251449615713887,0.1102012516322006
pseudo13_GW456_L13,l-arabinose (c)|rch2_defined_nocarbon|30,8700,0.3887635172157972,0.1907044855997485
pseudo13_GW456_L13,l-arginine (n)|rch2_defined_glucose_nonitrogen|30,4350,0.24107179481365498,0.11771803273076853
pseudo13_GW456_L13,l-asparagine (c)|rch2_defined_nocarbon|30,8700,0.23921405077742514,0.11608819747740955
pseudo13_GW456_L13,l-asparagine (n)|rch2_defined_glucose_nonitrogen|30,4350,0.23513014363922832,0.11725236069430475
pseudo13_GW456_L13,l-aspartic acid (n)|rch2_defined_glucose_nonitrogen|30,4350,0.22969374810998613,0.11347285913075246
pseudo13_GW456_L13,l-citrulline (n)|rch2_defined_glucose_nonitrogen|30,4350,0.26083494037709326,0.12895331641561436
pseudo13_GW456_L13,l-glutamic (n)|rch2_defined_glucose_nonitrogen|30,4350,0.23527913847934853,0.1156197685263165
pseudo13_GW456_L13,l-glutamine (c)|rch2_defined_nocarbon|30,8700,0.29223395671898433,0.1421294124391408
pseudo13_GW456_L13,l-glutamine (n)|rch2_defined_glucose_nonitrogen|30,4350,0.23611186711903406,0.11569001536249379
pseudo13_GW456_L13,l-histidine (c)|rch2_defined_nocarbon|30,8700,0.27970419459460777,0.13815168585089851
pseudo13_GW456_L13,l-histidine (n)|rch2_defined_glucose_nonitrogen|30,4350,0.2418684851311919,0.118342305390095
pseudo13_GW456_L13,l-isoleucine (n)|rch2_defined_glucose_nonitrogen|30,4350,0.24122309914323406,0.1200553976759841
pseudo13_GW456_L13,l-lactate (c)|rch2_defined_nocarbon|30,4350,0.43938725910991727,0.2134518339917675
pseudo13_GW456_L13,l-leucine (n)|rch2_defined_glucose_nonitrogen|30,4350,0.2585339009142217,0.1276878846692795
pseudo13_GW456_L13,l-lysine (n)|rch2_defined_glucose_nonitrogen|30,4350,0.2540480492116145,0.12447082530629311
pseudo13_GW456_L13,l-malic (c)|rch2_defined_nocarbon|30,8700,0.3566907538139945,0.17657151925961956
pseudo13_GW456_L13,l-phenylalanine (c)|rch2_defined_nocarbon|30,8700,0.2529861824867177,0.12552341464365296
pseudo13_GW456_L13,l-phenylalanine (n)|rch2_defined_glucose_nonitrogen|30,4350,0.24582629236852022,0.121040397022117
pseudo13_GW456_L13,l-proline (n)|rch2_defined_glucose_nonitrogen|30,4350,0.266524985067815,0.1303110167584164
pseudo13_GW456_L13,l-serine (n)|rch2_defined_glucose_nonitrogen|30,4350,0.2476984668755973,0.12158458130229899
pseudo13_GW456_L13,l-threonine (n)|rch2_defined_glucose_nonitrogen|30,4350,0.2634038510503065,0.1315547340500685
pseudo13_GW456_L13,l-tryptophan (c)|rch2_defined_nocarbon|30,8700,0.3471189161625813,0.172608448820941
pseudo13_GW456_L13,l-tryptophan (n)|rch2_defined_glucose_nonitrogen|30,4350,0.22716481433549768,0.1116308440597812
pseudo13_GW456_L13,l-valine (c)|rch2_defined_nocarbon|30,8700,0.3104818613994835,0.1538799715985005
pseudo13_GW456_L13,l-valine (n)|rch2_defined_glucose_nonitrogen|30,4350,0.2438585457365225,0.12181495937866427
pseudo13_GW456_L13,lb|lb|25,4350,0.18161695619895918,0.0913054671714238
pseudo13_GW456_L13,lomefloxacin 0.0004 mm|lb|25,4350,0.4387292319656155,0.217696022016447
pseudo13_GW456_L13,nag (n)|rch2_defined_glucose_nonitrogen|30,4350,0.2339726872961367,0.11439512199451375
pseudo13_GW456_L13,nickel (ii) chloride 1 mm|lb|25,4350,0.2080637780617327,0.1032067936529901
pseudo13_GW456_L13,nitrate (n)|rch2_defined_glucose_nonitrogen|30,4350,0.24770435377590508,0.1214838378706887
pseudo13_GW456_L13,nitrate 200 mm|lb|25,4350,0.23874170167443454,0.1176825935844735
pseudo13_GW456_L13,nitrite 10 mm|lb|25,4350,0.20760061955633702,0.10252882317932795
pseudo13_GW456_L13,nitrite 5 mm|lb|25,4350,0.20173718582441807,0.10094261725139438
pseudo13_GW456_L13,octanoate (c)|rch2_defined_nocarbon|30,4350,0.6615609462837537,0.3272068290606735
pseudo13_GW456_L13,paraquat dichloride 0.032 mg/ml|lb|25,4350,0.21173740844662398,0.10481962943808901
pseudo13_GW456_L13,putrescine (c)|rch2_defined_nocarbon|30,4350,0.4876893191962235,0.2411641403667863
pseudo13_GW456_L13,putrescine (n)|rch2_defined_glucose_nonitrogen|30,4350,0.24184496957076684,0.1208673745135976
pseudo13_GW456_L13,sodium fluoride 12.5 mm|lb|25,4350,0.1972048028702054,0.09843604375966325
pseudo13_GW456_L13,succinate (c)|rch2_defined_nocarbon|30,4350,0.3667794320587817,0.18293242341253527
pseudo13_GW456_L13,thallium(i) acetate 0.002 mg/ml|lb|25,4350,0.19942023991524482,0.09955033663922949
pseudo13_GW456_L13,thallium(i) acetate 0.004 mg/ml|lb|25,4350,0.202277188911278,0.1013923616291217
pseudo13_GW456_L13,thallium(i) acetate 0.008 mg/ml|lb|25,4350,0.19655533470545566,0.0990668423981091
pseudo13_GW456_L13,trisodium citrate (c)|rch2_defined_nocarbon|30,4350,0.41834861547989877,0.20583589466245197
pseudo13_GW456_L13,tween 20 (c)|rch2_defined_nocarbon|30,8700,0.234691635248414,0.11672691357238721
pseudo13_GW456_L13,uridine (n)|rch2_defined_glucose_nonitrogen|30,4350,0.22546156081089438,0.1125440959334265
pseudo13_GW456_L13,vancomycin 0.125 mg/ml|lb|25,4350,0.23552952659512727,0.11656671979453402
pseudo13_GW456_L13,vancomycin 0.25 mg/ml|lb|25,4350,0.2608554732693835,0.12897635662565848
pseudo13_GW456_L13,vancomycin 0.5 mg/ml|lb|25,4350,0.2866363042118,0.14222410524767082
pseudo13_GW456_L13,zinc 1 mm|lb|25,4350,0.2099036726528853,0.1034783597662995
pseudo1_N1B4,1-ethyl-3-methylimidazolium chloride 80 mm|lb|26,4336,0.39462515398930575,0.19763803351052417
pseudo1_N1B4,1-ethyl-3-methylimidazolium lysine 5 mm|lb|26,4336,0.4012590754480655,0.19824517044638001
pseudo1_N1B4,4c survival; 24 hrs|lb|30,4336,0.26132945673673946,0.130484636953833
pseudo1_N1B4,5-hydroxymethylfurfural 2.5 mm|lb|26,4336,0.31598167448648196,0.1578426959492345
pseudo1_N1B4,a-ketoglutaric (c)|rch2_defined_nocarbon|30,8672,0.31447780380428003,0.1555981032943365
pseudo1_N1B4,acetate (c)|rch2_defined_nocarbon|30,8672,0.31845429667131653,0.157870507867336
pseudo1_N1B4,acetate 20 mm|lb|26,4336,0.3290690710637195,0.1650183068016846
pseudo1_N1B4,adenine (n)|rch2_defined_nonitrogen|30,4336,0.4014313948624582,0.19992466152998328
pseudo1_N1B4,aluminum chloride 2.5 mm|lb|26,4336,0.44245211601784573,0.21960898157970635
pseudo1_N1B4,ammonium chloride (n)|rch2_defined_nonitrogen|30,4336,0.3976592346565825,0.198711094830666
pseudo1_N1B4,bacitracin 2 mg/ml|lb|26,4336,0.35256952865247226,0.1744072406743725
pseudo1_N1B4,benzethonium chloride 0.0125 mm|lb|26,4336,0.526093527762997,0.2600837221963725
pseudo1_N1B4,benzoic 0.58 mg/ml|lb|26,4336,0.3466068000672803,0.1716066120843365
pseudo1_N1B4,butyrate (c)|rch2_defined_nocarbon|30,4336,0.34579622034010404,0.1727366649225465
pseudo1_N1B4,carbenicillin 2 mg/ml|lb|26,4336,0.43494333667782625,0.216903999706233
pseudo1_N1B4,carbon source sucrose 0.25mm|rch2_defined_nocarbon|30,8672,0.7256119262323353,0.3601090107832261
pseudo1_N1B4,carbon source sucrose 0.5mm|rch2_defined_nocarbon|30,4336,0.704401143754,0.3475638109899335
pseudo1_N1B4,carbon source sucrose 1mm|rch2_defined_nocarbon|30,8672,0.7168411927000911,0.348650780371516
pseudo1_N1B4,carbon source sucrose 20mm|rch2_defined_nocarbon|30,8672,0.346182308346103,0.171756984008276
pseudo1_N1B4,carbon source sucrose 5mm|rch2_defined_nocarbon|30,8672,0.525636412712686,0.25817509841626485
pseudo1_N1B4,carnitine hydrochloride (c)|rch2_defined_nocarbon|30,4336,0.40239904535201854,0.19936381158992397
pseudo1_N1B4,carnitine hydrochloride (n)|rch2_defined_nonitrogen|30,4336,0.35576405036119574,0.176107956493329
pseudo1_N1B4,casaminos (c)|rch2_defined_nocarbon|30,4336,0.33167896183129797,0.1655216966963905
pseudo1_N1B4,cephalothin 2.5 mg/ml|lb|26,4336,0.35983706469015553,0.180842224293439
pseudo1_N1B4,chloride 200 mm|lb|26,4336,0.352754820317312,0.17589722545595893
pseudo1_N1B4,chloride 300 mm|lb|26,4336,0.37644217316865525,0.189257085275286
pseudo1_N1B4,chlorite 1 mm|lb|26,4336,0.355039196673244,0.176297824774684
pseudo1_N1B4,cholin acetate 10 mm|lb|26,4336,0.3436846145915987,0.1702928236052348
pseudo1_N1B4,cholin acetate 20 mm|lb|26,4336,0.32925772081954924,0.1629285938007225
pseudo1_N1B4,choline chloride 200 mm|lb|26,4336,0.4003880561462435,0.1999396238710845
pseudo1_N1B4,choline lysine 6 mm|lb|26,4336,0.4216235801359185,0.2098903344434645
pseudo1_N1B4,cisplatin 0.006 mg/ml|lb|28,8672,0.430885716828333,0.2153791164139585
pseudo1_N1B4,cobalt chloride 0.3125 mm|lb|28,4336,0.35364213348162155,0.1765733979098815
pseudo1_N1B4,copper (ii) chloride 2.5 mm|lb|28,8672,0.36717425411126325,0.1823001146566921
pseudo1_N1B4,cytidine (c)|rch2_defined_nocarbon|30,4336,0.37232002197444847,0.18725088315325988
pseudo1_N1B4,cytidine (n)|rch2_defined_nonitrogen|30,4336,0.4406292022669528,0.22046441247147625
pseudo1_N1B4,cytosine (n)|rch2_defined_nonitrogen|30,4336,0.3946064685263572,0.1971348329922777
pseudo1_N1B4,"d,l-lactate (c)|rch2_defined_nocarbon|30",8672,0.3170707844149553,0.15827815890174302
pseudo1_N1B4,d-alanine (c)|rch2_defined_nocarbon|30,4336,0.3448597413517535,0.1723283621686565
pseudo1_N1B4,d-alanine (n)|rch2_defined_nonitrogen|30,4336,0.3503546682936478,0.17516655115062052
pseudo1_N1B4,d-cycloserine 0.1 mg/ml|lb|26,4336,0.3844976101946565,0.1885098081583425
pseudo1_N1B4,d-fructose (c)|rch2_defined_nocarbon|30,8672,0.348233257889838,0.1746795304464832
pseudo1_N1B4,d-galactose (c)|rch2_defined_nocarbon|30,8672,0.3192717690744263,0.1598573527912695
pseudo1_N1B4,d-galacturonic acid (c)|rch2_defined_nocarbon|30,4336,0.35829364700777855,0.17876499207341978
pseudo1_N1B4,d-gluconic acid (c)|rch2_defined_nocarbon|30,8672,0.31285852260308,0.155178782241974
pseudo1_N1B4,d-glucosamine hydrochloride (n)|rch2_defined_nonitrogen|30,4336,0.46652612917506353,0.2328481207297485
pseudo1_N1B4,d-glucose (c)|rch2_defined_nocarbon|30,8672,0.3465833385131908,0.1734301300774238
pseudo1_N1B4,d-lactate (c)|rch2_defined_nocarbon|30,8672,0.3359400375187413,0.16700732863636442
pseudo1_N1B4,d-mannose (c)|rch2_defined_nocarbon|30,4336,0.368514116095612,0.18363364753361688
pseudo1_N1B4,d-ribose (c)|rch2_defined_nocarbon|30,8672,0.3256316154902955,0.16268345486497823
pseudo1_N1B4,d-trehalose (c)|rch2_defined_nocarbon|30,4336,0.38060711641105927,0.1904171948451665
pseudo1_N1B4,dimethyl sulfoxide 5 vol%|lb|26,4336,0.36129329135224697,0.18027097640476453
pseudo1_N1B4,dimethyl sulfoxide 6.5 vol%|lb|26,4336,0.35155095673904824,0.17555508822589466
pseudo1_N1B4,doxycycline hyclate 0.0001 mg/ml|lb|26,4336,0.5612485550954658,0.2806429070933545
pseudo1_N1B4,fumarate (c)|rch2_defined_nocarbon|30,8672,0.3460863801099685,0.17153864148158088
pseudo1_N1B4,fusidic 0.0625 mg/ml|lb|26,4336,0.464892977809883,0.23223289572512923
pseudo1_N1B4,fusidic 0.125 mg/ml|lb|26,4336,0.5529982239548625,0.2770024769108665
pseudo1_N1B4,gentamicin 0.001 mg/ml|lb|26,4336,0.40266204363935043,0.20093963965034956
pseudo1_N1B4,glycerol (c)|rch2_defined_nocarbon|30,4336,0.3526141048821595,0.17551137972489
pseudo1_N1B4,l-alanine (c)|rch2_defined_nocarbon|30,4336,0.360910240370828,0.179432220453692
pseudo1_N1B4,l-arabinose (c)|rch2_defined_nocarbon|30,8672,0.35975798516775703,0.1789675241088865
pseudo1_N1B4,l-arginine (c)|rch2_defined_nocarbon|30,4336,0.3949203253445558,0.19234155619183602
pseudo1_N1B4,l-arginine (n)|rch2_defined_glucose_nonitrogen|30,4336,0.27256280223299234,0.1337296776841564
pseudo1_N1B4,l-asparagine (c)|rch2_defined_nocarbon|30,4336,0.3399388479269255,0.1688434257085265
pseudo1_N1B4,l-citrulline (c)|rch2_defined_nocarbon|30,4336,0.37588208653596955,0.1869777573316988
pseudo1_N1B4,l-citrulline (n)|rch2_defined_nonitrogen|30,4336,0.328030140696433,0.16331574640900087
pseudo1_N1B4,l-glutamic (c)|rch2_defined_nocarbon|30,4336,0.3764000729634012,0.18888918761853551
pseudo1_N1B4,l-glutamic (n)|rch2_defined_glucose_nonitrogen|30,4336,0.261530047272149,0.13019096808266217
pseudo1_N1B4,l-glutamine (c)|rch2_defined_nocarbon|30,4336,0.348669075129337,0.17343227549065598
pseudo1_N1B4,l-histidine (c)|rch2_defined_nocarbon|30,4336,0.36948462734739373,0.18136163431198882
pseudo1_N1B4,l-histidine (n)|rch2_defined_glucose_nonitrogen|30,4336,0.267665208463066,0.1323373269538539
pseudo1_N1B4,l-isoleucine (c)|rch2_defined_nocarbon|30,4336,0.38141096450891776,0.190510147477373
pseudo1_N1B4,l-isoleucine (n)|rch2_defined_nonitrogen|30,4336,0.361954522454751,0.1792512194774285
pseudo1_N1B4,l-lactate (c)|rch2_defined_nocarbon|30,8672,0.33199743021822076,0.165083696541071
pseudo1_N1B4,l-leucine (c)|rch2_defined_nocarbon|30,4336,0.421738976293695,0.210050648222672
pseudo1_N1B4,l-leucine (n)|rch2_defined_nonitrogen|30,4336,0.3793252833618645,0.18782491925845604
pseudo1_N1B4,l-lysine (n)|rch2_defined_glucose_nonitrogen|30,4336,0.28759378073575725,0.1408016730225864
pseudo1_N1B4,l-malic (c)|rch2_defined_nocarbon|30,4336,0.34214404185393354,0.1701274122313396
pseudo1_N1B4,l-methionine (n)|rch2_defined_nonitrogen|30,4336,0.4793599945831245,0.23888843378139551
pseudo1_N1B4,l-serine (n)|rch2_defined_glucose_nonitrogen|30,4336,0.2815732617512595,0.14183010804204552
pseudo1_N1B4,l-valine (c)|rch2_defined_nocarbon|30,4336,0.3747215680479282,0.1867520722146565
pseudo1_N1B4,l-valine (n)|rch2_defined_nonitrogen|30,4336,0.3623229498645195,0.17943071494818896
pseudo1_N1B4,lb 10c|lb|10,8672,0.26466594526487275,0.1328216731159845
pseudo1_N1B4,lb 20c|lb|20,8672,0.27435559211978977,0.13648902959824602
pseudo1_N1B4,lb 30c|lb|30,4336,0.2794729298873365,0.13913773227195048
pseudo1_N1B4,lb 37c|lb|37,8672,0.6131118176970493,0.30524274770968496
pseudo1_N1B4,lb|lb|26,21680,0.333087520745979,0.166244033033217
pseudo1_N1B4,lb|lb|28,8672,0.3425190924864935,0.1707064505072215
pseudo1_N1B4,m-inositol (c)|rch2_defined_nocarbon|30,4336,0.40288183445749604,0.202026844698215
pseudo1_N1B4,methylglyoxal 0.004 vol%|lb|26,4336,0.3488498264562795,0.174816899146588
pseudo1_N1B4,methylglyoxal 0.008 vol%|lb|26,4336,0.4272161472824393,0.21333751455596872
pseudo1_N1B4,minimal media ph6|rch2_defined_glucose_mes|25,4336,0.3043856774107563,0.151320110800429
pseudo1_N1B4,minimal media ph7|rch2_defined_glucose|25,8672,0.30550991060320554,0.15167206111298182
pseudo1_N1B4,minimal media ph8|rch2_defined_glucose_taps|25,4336,0.2912435990479423,0.14370942667650305
pseudo1_N1B4,minimal media ph9|rch2_defined_glucose_taps|25,8672,0.5279296742505865,0.26544090421238353
pseudo1_N1B4,nalidixic 0.004 mg/ml|lb|26,4336,0.39249480526896524,0.19546261071176052
pseudo1_N1B4,nitrate (n)|rch2_defined_nonitrogen|30,4336,0.40840301093596154,0.20378740863134848
pseudo1_N1B4,nitrate 100 mm|lb|26,4336,0.41080563956739724,0.2057600541695249
pseudo1_N1B4,nitrite 10 mm|lb|26,8672,0.3865308571557202,0.1917668060633142
pseudo1_N1B4,octanoate (c)|rch2_defined_nocarbon|30,4336,0.5704774105150967,0.2852498310522568
pseudo1_N1B4,paraquat dichloride 0.016 mg/ml|lb|28,4336,0.4184935197530545,0.20964899863507808
pseudo1_N1B4,putrescine (c)|rch2_defined_nocarbon|30,4336,0.35103169470936124,0.176163404155527
pseudo1_N1B4,putrescine (n)|rch2_defined_nonitrogen|30,4336,0.3590122770073495,0.18077091496083025
pseudo1_N1B4,pyruvate (c)|rch2_defined_nocarbon|30,8672,0.3213895276887022,0.16041539540230798
pseudo1_N1B4,rifampicin 0.004 mg/ml|lb|26,4336,0.44402583770901877,0.223293932132136
pseudo1_N1B4,sisomicin 0.001 mg/ml|lb|26,4336,0.4296533715782495,0.21479844823314645
pseudo1_N1B4,sodium fluoride 12.5 mm|lb|28,8672,0.33604897980451676,0.16759946822565405
pseudo1_N1B4,spectinomycin 0.025 mg/ml|lb|26,4336,0.33293892895015653,0.16643059906166602
pseudo1_N1B4,spectinomycin 0.05 mg/ml|lb|26,4336,0.4028474330360345,0.200690111386157
pseudo1_N1B4,tetracycline 0.0004 mg/ml|lb|26,4336,0.35203247674899774,0.1750844846226945
pseudo1_N1B4,thallium(i) acetate 0.008 mg/ml|lb|28,8672,0.35905970703080126,0.1794900752390853
pseudo1_N1B4,thymine (n)|rch2_defined_nonitrogen|30,4336,0.390908246796693,0.196009806299077
pseudo1_N1B4,tween 20 (c)|rch2_defined_nocarbon|30,4336,0.36861836988827024,0.18232679745779876
pseudo1_N1B4,uridine (c)|rch2_defined_nocarbon|30,4336,0.37826868120047674,0.19076943847233752
pseudo1_N1B4,uridine (n)|rch2_defined_nonitrogen|30,4336,0.44371409618773,0.2218707053454085
pseudo3_N2E3,1-ethyl-3-methylimidazolium acetate 15 mm|lb|25,5028,0.29480223824727225,0.146006133786511
pseudo3_N2E3,1-ethyl-3-methylimidazolium acetate 20 mm|lb|25,5028,0.276427913762267,0.13729093790776709
pseudo3_N2E3,1-ethyl-3-methylimidazolium acetate 30 mm|lb|25,5028,0.332636010101898,0.16450839840291248
pseudo3_N2E3,1-ethyl-3-methylimidazolium chloride 170 mm|lb|25,5028,0.25702718772484,0.12691104478448423
pseudo3_N2E3,1-ethyl-3-methylimidazolium lysine 10.5 mm|lb|25,5028,0.29465006255822,0.1450903341201656
pseudo3_N2E3,4c survival; 192 hrs|lb|30,5028,0.2648852623376103,0.1302583801286355
pseudo3_N2E3,4c survival; 360 hrs|lb|30,5028,0.322276992824563,0.1605409278952305
pseudo3_N2E3,4c survival; 672 hrs|lb|30,5028,0.42587018797355247,0.20955520257416116
pseudo3_N2E3,a-ketoglutaric (c)|rch2_defined_nocarbon|30,10056,0.23600906573186106,0.11725987169890405
pseudo3_N2E3,a22 0.002 mg/ml|lb|25,5028,0.24737004643202953,0.12255647811622915
pseudo3_N2E3,a22 0.01 mg/ml|lb|25,5028,0.24103981078658399,0.11980219194409855
pseudo3_N2E3,acetate (c)|rch2_defined_nocarbon|30,10056,0.445605748891162,0.221108814871014
pseudo3_N2E3,acetate 17 mm|lb|25,5028,0.26246873645483404,0.1312439915355245
pseudo3_N2E3,acetate 34 mm|lb|25,5028,0.27306438489461576,0.13690629603787646
pseudo3_N2E3,acetate 68 mm|lb|25,5028,0.32036034476671077,0.15682092212730098
pseudo3_N2E3,adenine (n)|rch2_defined_glucose_nonitrogen|30,5028,0.22656336738526567,0.11243550968090059
pseudo3_N2E3,adenosine (n)|rch2_defined_glucose_nonitrogen|30,5028,0.24380912075117572,0.12068269451401589
pseudo3_N2E3,ammonium chloride (n)|rch2_defined_glucose_nonitrogen|30,5028,0.21727744614256378,0.10857513146563515
pseudo3_N2E3,benzalkonium chloride 0.01 mg/ml|lb|25,5028,0.30280397374399226,0.148946921817944
pseudo3_N2E3,benzalkonium chloride 0.012 mg/ml|lb|25,5028,0.3302551412127007,0.1630158774318387
pseudo3_N2E3,benzethonium chloride 0.025 mm|lb|25,5028,0.2561092524468648,0.12593448887950762
pseudo3_N2E3,benzoic 0.58 mg/ml|lb|25,5028,0.23695315964622538,0.1166342635807831
pseudo3_N2E3,butyrate (c)|rch2_defined_nocarbon|30,5028,0.25926587873347323,0.12900002305263136
pseudo3_N2E3,carnitine hydrochloride (c)|rch2_defined_nocarbon|30,5028,0.2568956058721355,0.12649406600902602
pseudo3_N2E3,carnitine hydrochloride (n)|rch2_defined_glucose_nonitrogen|30,5028,0.22835214074767535,0.11338136049240949
pseudo3_N2E3,casaminos (c)|rch2_defined_nocarbon|30,5028,0.25491597376637976,0.12542401039667206
pseudo3_N2E3,ceftazidime 0.12 mg/ml|lb|25,5028,0.251921013677269,0.12342082432246049
pseudo3_N2E3,chloramphenicol 0.0025 mg/ml|lb|25,5028,0.22812952906914236,0.1136299266625469
pseudo3_N2E3,chloramphenicol 0.004 mg/ml|lb|25,5028,0.22627470716218726,0.11396171342285599
pseudo3_N2E3,chloride 500 mm|lb|25,5028,0.24871662320119425,0.12283780958240201
pseudo3_N2E3,chlorite 0.16 mm|lb|25,5028,0.23489592480645466,0.11663316404152821
pseudo3_N2E3,cholin acetate 10 mm|lb|25,5028,0.27745856495899923,0.1381519708844822
pseudo3_N2E3,cholin acetate 19 mm|lb|25,5028,0.2873018297128125,0.14219224611411102
pseudo3_N2E3,cholin acetate 38 mm|lb|25,5028,0.2970675154329707,0.1473683149989614
pseudo3_N2E3,choline chloride 268.5 mm|lb|25,5028,0.2576399737148303,0.12804636530096616
pseudo3_N2E3,choline chloride 358 mm|lb|25,5028,0.24307079063176684,0.12085963904776251
pseudo3_N2E3,choline lysine 12 mm|lb|25,5028,0.2679076247046067,0.13273911749074901
pseudo3_N2E3,cisplatin 0.006 mg/ml|lb|25,10056,0.5197914936617795,0.258977139025181
pseudo3_N2E3,cobalt chloride 0.16 mm|lb|28,10056,0.24589524901885285,0.121364519697794
pseudo3_N2E3,cobalt chloride 0.32 mm|lb|28,10056,0.2956931650286915,0.1468498007894195
pseudo3_N2E3,copper (ii) chloride 2.5 mm|lb|28,10056,0.3037460712771177,0.14962230484939953
pseudo3_N2E3,cytidine (c)|rch2_defined_nocarbon|30,5028,0.22638276335972274,0.113208123664166
pseudo3_N2E3,"d,l-lactate (c)|rch2_defined_nocarbon|30",10056,0.20931635919584488,0.10391039408028946
pseudo3_N2E3,d-alanine (c)|rch2_defined_nocarbon|30,5028,0.3164067008641618,0.1560838164609385
pseudo3_N2E3,d-alanine (n)|rch2_defined_glucose_nonitrogen|30,5028,0.24246100954739802,0.11927710440878891
pseudo3_N2E3,d-cycloserine 0.1 mg/ml|lb|25,5028,0.22545127164803333,0.11368435914199025
pseudo3_N2E3,d-fructose (c)|rch2_defined_nocarbon|30,10056,0.21337420320109038,0.1069698290618437
pseudo3_N2E3,d-gluconic acid (c)|rch2_defined_nocarbon|30,10056,0.20703765138475122,0.10154528260681185
pseudo3_N2E3,d-glucosamine hydrochloride (c)|rch2_defined_nocarbon|30,5028,0.224167597395856,0.11205674694778942
pseudo3_N2E3,d-glucosamine hydrochloride (n)|rch2_defined_glucose_nonitrogen|30,5028,0.23525141077449926,0.1172429059401596
pseudo3_N2E3,d-glucose (c)|rch2_defined_nocarbon|30,10056,0.21704034846507142,0.10729993981229169
pseudo3_N2E3,d-glucose|rch2_defined_nocarbon|30,10056,0.42007536966821046,0.21027909211192902
pseudo3_N2E3,d-lactate (c)|rch2_defined_nocarbon|30,10056,0.21732322088900152,0.10750279714330355
pseudo3_N2E3,d-mannose (c)|rch2_defined_nocarbon|30,5028,0.22714220474482644,0.11040667878586345
pseudo3_N2E3,d-ribose (c)|rch2_defined_nocarbon|30,10056,0.2209384664660975,0.1098345976028315
pseudo3_N2E3,d-serine (c)|rch2_defined_nocarbon|30,5028,0.31820935971075626,0.157085103100338
pseudo3_N2E3,d-serine (n)|rch2_defined_glucose_nonitrogen|30,5028,0.21862373500575966,0.10815775603990149
pseudo3_N2E3,d-trehalose (c)|rch2_defined_nocarbon|30,10056,0.28724287274333704,0.141575102171131
pseudo3_N2E3,dimethyl sulfoxide 7.5 vol%|lb|25,5028,0.231840300577665,0.11488691357957867
pseudo3_N2E3,doxycycline hyclate 0.0002 mg/ml|lb|25,5028,0.32623325631880573,0.162519661214661
pseudo3_N2E3,doxycycline hyclate 0.0006 mg/ml|lb|25,5028,0.5588639799036412,0.27843569509987753
pseudo3_N2E3,ethanol (c)|rch2_defined_nocarbon|30,10056,0.2864223642210797,0.14143143091611
pseudo3_N2E3,fumarate (c)|rch2_defined_nocarbon|30,10056,0.213231745543745,0.10568735897037085
pseudo3_N2E3,furfuryl alcohol 0.0625 vol%|lb|25,5028,0.2443629687304875,0.12168369622926305
pseudo3_N2E3,furfuryl alcohol 0.125 vol%|lb|25,5028,0.22967495857412518,0.11428439998531689
pseudo3_N2E3,furfuryl alcohol 0.25 vol%|lb|25,5028,0.26395941826768954,0.13171371544390098
pseudo3_N2E3,fusidic 0.125 mg/ml|lb|25,5028,0.33832934872355425,0.16922757599424648
pseudo3_N2E3,gentamicin 0.006 mg/ml|lb|25,5028,0.27511402518313,0.136639405846316
pseudo3_N2E3,gly-dl-asp (n)|rch2_defined_glucose_nonitrogen|30,5028,0.293999722995226,0.1448625984619476
pseudo3_N2E3,gly-glu (n)|rch2_defined_glucose_nonitrogen|30,5028,0.299744744016083,0.14727815558694668
pseudo3_N2E3,glycerol (c)|rch2_defined_nocarbon|30,10056,0.23526157065111902,0.11576801934809149
pseudo3_N2E3,glycine (n)|rch2_defined_glucose_nonitrogen|30,10056,0.25548520342034087,0.12579436846655714
pseudo3_N2E3,inosine (n)|rch2_defined_glucose_nonitrogen|30,5028,0.27276267846311797,0.135415827684777
pseudo3_N2E3,l-alanine (c)|rch2_defined_nocarbon|30,5028,0.40004525792695345,0.19666920676080132
pseudo3_N2E3,l-arginine (c)|rch2_defined_nocarbon|30,10056,0.24069524641020726,0.1191589537725715
pseudo3_N2E3,l-arginine (n)|rch2_defined_glucose_nonitrogen|30,10056,0.2560056654445294,0.12598185352380248
pseudo3_N2E3,l-asparagine (c)|rch2_defined_nocarbon|30,10056,0.24238176268034933,0.12089966322777615
pseudo3_N2E3,l-aspartic acid (c)|rch2_defined_nocarbon|30,10056,0.28809419092652877,0.1432669929116168
pseudo3_N2E3,l-citrulline (c)|rch2_defined_nocarbon|30,5028,0.283739445882691,0.141238092527271
pseudo3_N2E3,l-citrulline (n)|rch2_defined_glucose_nonitrogen|30,5028,0.22713888771486843,0.11231502841180606
pseudo3_N2E3,l-citrulline|rch2_defined_nocarbon|30,20112,0.49573259018708477,0.2461405769761825
pseudo3_N2E3,l-glutamic (c)|rch2_defined_nocarbon|30,10056,0.22259591246385543,0.1099510739030136
pseudo3_N2E3,l-glutamic (n)|rch2_defined_glucose_nonitrogen|30,10056,0.23004335522139469,0.1133845777147767
pseudo3_N2E3,l-glutamine (c)|rch2_defined_nocarbon|30,10056,0.24300497779986674,0.12008740542889551
pseudo3_N2E3,l-glutamine (n)|rch2_defined_glucose_nonitrogen|30,10056,0.23603631682020168,0.11702625254044496
pseudo3_N2E3,l-histidine (c)|rch2_defined_nocarbon|30,10056,0.24529866594077565,0.11989379940571371
pseudo3_N2E3,l-histidine (n)|rch2_defined_glucose_nonitrogen|30,10056,0.2444864214560759,0.12083329700090664
pseudo3_N2E3,l-isoleucine (c)|rch2_defined_nocarbon|30,5028,0.35553514319340696,0.1746380497932286
pseudo3_N2E3,l-lactate (c)|rch2_defined_nocarbon|30,10056,0.20096667538518298,0.09894358894492335
pseudo3_N2E3,l-leucine (c)|rch2_defined_nocarbon|30,5028,0.4227311432444337,0.205771663251966
pseudo3_N2E3,l-lysine (n)|rch2_defined_glucose_nonitrogen|30,10056,0.22865957816450533,0.1131462458245972
pseudo3_N2E3,l-malic (c)|rch2_defined_nocarbon|30,10056,0.24173092756595094,0.12063839971240414
pseudo3_N2E3,l-ornithine|rch2_defined_nocarbon|30,20112,0.4407521334380198,0.22030149458628143
pseudo3_N2E3,l-phenylalanine (c)|rch2_defined_nocarbon|30,5028,0.3721975673271253,0.1832171737536725
pseudo3_N2E3,l-phenylalanine (n)|rch2_defined_glucose_nonitrogen|30,5028,0.260107787147291,0.12892261817252093
pseudo3_N2E3,l-proline (c)|rch2_defined_nocarbon|30,10056,0.2554161341209325,0.12695848568026313
pseudo3_N2E3,l-serine (c)|rch2_defined_nocarbon|30,5028,0.3348278027400685,0.16674444466897664
pseudo3_N2E3,l-serine (n)|rch2_defined_glucose_nonitrogen|30,10056,0.23303385072901805,0.1158469447318686
pseudo3_N2E3,l-threonine (n)|rch2_defined_glucose_nonitrogen|30,10056,0.2271147889317832,0.1126688856052075
pseudo3_N2E3,l-tryptophan (c)|rch2_defined_nocarbon|30,5028,0.3373097529638995,0.1663860265054124
pseudo3_N2E3,l-tryptophan (n)|rch2_defined_glucose_nonitrogen|30,5028,0.24075219281775873,0.119701900819949
pseudo3_N2E3,l-tyrosine (n)|rch2_defined_glucose_nonitrogen|30,5028,0.25374375820927625,0.12589251323008643
pseudo3_N2E3,l-valine (c)|rch2_defined_nocarbon|30,5028,0.3962401328610375,0.19019272153681405
pseudo3_N2E3,lb 10c|lb|10,10056,0.2036086328721327,0.1009992970636453
pseudo3_N2E3,lb 20c|lb|20,10056,0.21970145896326299,0.10835116942044055
pseudo3_N2E3,lb 30c|lb|30,10056,0.23240547906935416,0.1147647461870975
pseudo3_N2E3,lb|lb|25,20112,0.2501804600671295,0.12475322837524598
pseudo3_N2E3,lomefloxacin 0.001 mm|lb|25,5028,0.460828142981621,0.22947491937184392
pseudo3_N2E3,m-inositol (c)|rch2_defined_nocarbon|30,10056,0.27358709362065503,0.1346469820022937
pseudo3_N2E3,methylglyoxal 0.008 vol%|lb|25,5028,0.2869191722168357,0.14246106839533051
pseudo3_N2E3,methylglyoxal 0.009 vol%|lb|25,5028,0.41127141088104174,0.204764304519356
pseudo3_N2E3,minimal media ph6|rch2_defined_glucose_mes|25,10056,0.26349640464978796,0.1299885319508925
pseudo3_N2E3,minimal media ph7|rch2_defined_glucose|25,5028,0.2828502478707107,0.139719143969817
pseudo3_N2E3,minimal media ph8|rch2_defined_glucose_taps|25,10056,0.23553784524958798,0.1165783290000845
pseudo3_N2E3,minimal media ph9|rch2_defined_glucose_taps|25,10056,0.4289393757584515,0.209319292250164
pseudo3_N2E3,nag (n)|rch2_defined_glucose_nonitrogen|30,5028,0.2465921823230704,0.12150493722469526
pseudo3_N2E3,nalidixic 0.004 mg/ml|lb|25,5028,0.267796821745774,0.1329949620343861
pseudo3_N2E3,nickel (ii) chloride 0.625 mm|lb|28,10056,0.28183953485678026,0.13911497378738052
pseudo3_N2E3,nitrate (n)|rch2_defined_glucose_nonitrogen|30,5028,0.2194454950163286,0.10965567375848634
pseudo3_N2E3,nitrate 200 mm|lb|25,5028,0.329153456572224,0.16479642434332598
pseudo3_N2E3,nitrite (n)|rch2_defined_glucose_nonitrogen|30,5028,0.2304502541987,0.11423541228023366
pseudo3_N2E3,nitrite 10 mm|lb|25,5028,0.23218871391781948,0.1143446298418085
pseudo3_N2E3,"outer cut, lb soft agar motility assay|lb|30",15084,0.5728881486863923,0.27855187237987766
pseudo3_N2E3,parabanic acid (n)|rch2_defined_glucose_nonitrogen|30,5028,0.38415551738564274,0.1888378453445062
pseudo3_N2E3,paraquat dichloride 0.032 mg/ml|lb|28,5028,0.3694934522173325,0.1825554487628775
pseudo3_N2E3,perchlorate 75 mm|lb|25,5028,0.30093779751958827,0.1507435379555545
pseudo3_N2E3,polymyxin b sulfate 4 mg/ml|lb|25,5028,0.23775992249447445,0.1180163278744872
pseudo3_N2E3,propionate (c)|rch2_defined_nocarbon|30,10056,0.36995474911093773,0.18290633868259276
pseudo3_N2E3,putrescine (c)|rch2_defined_nocarbon|30,5028,0.2518005771208955,0.12444135131308301
pseudo3_N2E3,putrescine (n)|rch2_defined_glucose_nonitrogen|30,5028,0.23727799052631982,0.11670288751352065
pseudo3_N2E3,pyruvate (c)|rch2_defined_nocarbon|30,10056,0.24383222559132994,0.121757211446468
pseudo3_N2E3,rifampicin 0.005 mg/ml|lb|25,5028,0.3339050670278453,0.16675749406153
pseudo3_N2E3,sisomicin 0.008 mg/ml|lb|25,5028,0.4563161573921825,0.227766744058846
pseudo3_N2E3,sodium fluoride 6.25 mm|lb|28,5028,0.2774229890129247,0.14020699762453215
pseudo3_N2E3,spectinomycin 0.1 mg/ml|lb|25,5028,0.23201292558098258,0.1161574766982143
pseudo3_N2E3,spectinomycin 0.15 mg/ml|lb|25,5028,0.266680472874442,0.133174623491702
pseudo3_N2E3,spectinomycin 0.2 mg/ml|lb|25,5028,0.3131520582308157,0.1563600442636413
pseudo3_N2E3,succinate (c)|rch2_defined_nocarbon|30,10056,0.22129632308230351,0.11076486386287165
pseudo3_N2E3,syringaldehyde 5 mm|lb|25,5028,0.23706007008566968,0.1169483077260911
pseudo3_N2E3,tetracycline 0.0008 mg/ml|lb|25,5028,0.24406197244956052,0.121719325172032
pseudo3_N2E3,tetracycline 0.0016 mg/ml|lb|25,5028,0.3544189580185452,0.175718662890188
pseudo3_N2E3,thallium(i) acetate 0.008 mg/ml|lb|25,10056,0.2983257259932355,0.14946785528852163
pseudo3_N2E3,thallium(i) acetate 0.016 mg/ml|lb|25,10056,0.2974010697449537,0.1485475274747835
pseudo3_N2E3,thymine (n)|rch2_defined_glucose_nonitrogen|30,5028,0.24121360428324803,0.12032119448454325
pseudo3_N2E3,trisodium citrate (c)|rch2_defined_nocarbon|30,10056,0.2281058398671935,0.11291770147171451
pseudo3_N2E3,tween 20 (c)|rch2_defined_nocarbon|30,10056,0.2507500250597855,0.12428361327053075
pseudo3_N2E3,urea (n)|rch2_defined_glucose_nonitrogen|30,5028,0.2469703039297905,0.123792375852609
pseudo3_N2E3,uridine (c)|rch2_defined_nocarbon|30,5028,0.25109751702715005,0.12558291613280992
pseudo3_N2E3,uridine (n)|rch2_defined_glucose_nonitrogen|30,5028,0.25463895026358163,0.12533856250084213
pseudo3_N2E3,vancomycin 1 mg/ml|lb|25,5028,0.24992237524433542,0.1242262845884153
pseudo3_N2E3,vanillin 1.25 mm|lb|25,5028,0.23463597450384224,0.11739676361239262
pseudo5_N2C3_1,1-ethyl-3-methylimidazolium acetate 10 mm|lb|25,5193,0.276069754447116,0.1352373281711769
pseudo5_N2C3_1,1-ethyl-3-methylimidazolium acetate 20 mm|lb|25,5193,0.271221986417494,0.1341167685674334
pseudo5_N2C3_1,1-ethyl-3-methylimidazolium acetate 5 mm|lb|25,5193,0.2382259057328151,0.1184881738880545
pseudo5_N2C3_1,1-ethyl-3-methylimidazolium chloride 200 mm|lb|25,5193,0.391381740464743,0.1953313748433951
pseudo5_N2C3_1,1-ethyl-3-methylimidazolium lysine 10 mm|lb|25,5193,0.2507289677951883,0.12603023122393142
pseudo5_N2C3_1,4c survival; 1152 hrs|lb|30,5193,0.35252955677458997,0.1692183926470074
pseudo5_N2C3_1,4c survival; 192 hrs|lb|30,5193,0.2827003243407245,0.1370315017092179
pseudo5_N2C3_1,4c survival; 24 hrs|lb|30,5193,0.2192292355038055,0.1069803467882573
pseudo5_N2C3_1,4c survival; 360 hrs|lb|30,5193,0.328993550042716,0.1605859631520393
pseudo5_N2C3_1,4c survival; 672 hrs|lb|30,5193,0.2720362878724964,0.13456510937724608
pseudo5_N2C3_1,a-ketoglutaric (c)|rch2_defined_nocarbon|30,10386,0.21679592667344577,0.1076702346041927
pseudo5_N2C3_1,acetate (c)|rch2_defined_nocarbon|30,10386,0.28486389035966947,0.1391950241043225
pseudo5_N2C3_1,acetate 40 mm|lb|25,5193,0.265131355421784,0.1303164812847506
pseudo5_N2C3_1,adenine (n)|rch2_defined_glucose_nonitrogen|30,5193,0.20419360945938658,0.10146426359910299
pseudo5_N2C3_1,adenosine (n)|rch2_defined_glucose_nonitrogen|30,5193,0.21048683698149118,0.10381319778549421
pseudo5_N2C3_1,aluminum chloride 5 mm|lb|25,5193,0.25049353041560196,0.12505462046050705
pseudo5_N2C3_1,ammonium chloride (n)|rch2_defined_glucose_nonitrogen|30,5193,0.2068606883681481,0.1024032938281297
pseudo5_N2C3_1,bacitracin 2 mg/ml|lb|25,5193,0.2344566700521975,0.11726154200345949
pseudo5_N2C3_1,benzalkonium chloride 0.008 mg/ml|lb|25,5193,0.250098468728488,0.12296193587376843
pseudo5_N2C3_1,benzalkonium chloride 0.016 mg/ml|lb|25,5193,0.333239101272237,0.16646063451510207
pseudo5_N2C3_1,benzethonium chloride 0.025 mm|lb|25,5193,0.2345752875500552,0.11609538890554322
pseudo5_N2C3_1,carbon source d-mannitol 10 mm|rch2_defined_nocarbon|30,10386,0.2575424755406,0.127394958508372
pseudo5_N2C3_1,carbon source d-mannitol 2.5 mm|rch2_defined_nocarbon|30,10386,0.26206088295533303,0.12982211138305655
pseudo5_N2C3_1,carbon source d-mannitol 5 mm|rch2_defined_nocarbon|30,10386,0.2579766844279666,0.1263389848407035
pseudo5_N2C3_1,carbon source sucrose 10 mm|rch2_defined_nocarbon|30,10386,0.26815938025485897,0.133478624257032
pseudo5_N2C3_1,carbon source sucrose 2.5 mm|rch2_defined_nocarbon|30,10386,0.25811061945686226,0.1267908361327822
pseudo5_N2C3_1,carbon source sucrose 5 mm|rch2_defined_nocarbon|30,10386,0.259517222302023,0.12776715870357852
pseudo5_N2C3_1,carnitine hydrochloride (c)|rch2_defined_nocarbon|30,5193,0.25432178358631186,0.1252167812859151
pseudo5_N2C3_1,carnitine hydrochloride (n)|rch2_defined_glucose_nonitrogen|30,5193,0.23536667537133882,0.1159573224483032
pseudo5_N2C3_1,casaminos (c)|rch2_defined_nocarbon|30,5193,0.2151071767457134,0.10718066128922143
pseudo5_N2C3_1,ceftazidime 0.2 mg/ml|lb|25,5193,0.235463496446862,0.1175231717945315
pseudo5_N2C3_1,cephalothin 2 mg/ml|lb|25,5193,0.24906712135689718,0.12327909244517139
pseudo5_N2C3_1,chloramphenicol 0.005 mg/ml|lb|25,5193,0.2229699980707538,0.1104499942016002
pseudo5_N2C3_1,chlorite 0.04 mm|lb|25,5193,0.318714938260042,0.1581130438536637
pseudo5_N2C3_1,chlorite 0.08 mm|lb|25,5193,0.32818387471687605,0.1618805309372387
pseudo5_N2C3_1,cholin acetate 20 mm|lb|25,5193,0.254743404924555,0.12621175463459192
pseudo5_N2C3_1,cholin acetate 40 mm|lb|25,5193,0.29995938030219527,0.14678233496187182
pseudo5_N2C3_1,choline chloride 300 mm|lb|25,5193,0.2502817944180148,0.1234887223907993
pseudo5_N2C3_1,choline chloride 500 mm|lb|25,5193,0.2834384776265,0.1419025230607445
pseudo5_N2C3_1,cisplatin 0.0032 mg/ml|lb|25,10386,0.2672253253651302,0.13367071844099587
pseudo5_N2C3_1,cobalt chloride 0.08 mm|lb|25,10386,0.274771711292166,0.13751098479028548
pseudo5_N2C3_1,copper (ii) chloride 2.5 mm|lb|25,5193,0.428273589314762,0.21383808995022077
pseudo5_N2C3_1,cytidine (c)|rch2_defined_nocarbon|30,5193,0.244128268930226,0.12082153913126079
pseudo5_N2C3_1,cytosine (n)|rch2_defined_glucose_nonitrogen|30,5193,0.20994712572025997,0.10422889566033267
pseudo5_N2C3_1,"d,l-lactate (c)|rch2_defined_nocarbon|30",10386,0.22641021336190498,0.1120656813459885
pseudo5_N2C3_1,d-alanine (c)|rch2_defined_nocarbon|30,5193,0.25523402031797,0.1267630599154477
pseudo5_N2C3_1,d-alanine (n)|rch2_defined_glucose_nonitrogen|30,5193,0.2350042452194207,0.11606091513615141
pseudo5_N2C3_1,d-cycloserine 0.1 mg/ml|lb|25,5193,0.20957813101164668,0.10443316210220237
pseudo5_N2C3_1,d-fructose (c)|rch2_defined_nocarbon|30,10386,0.2307458620502908,0.1145978323762564
pseudo5_N2C3_1,d-galactose (c)|rch2_defined_nocarbon|30,10386,0.23202572448219333,0.1151296338543606
pseudo5_N2C3_1,d-gluconic acid (c)|rch2_defined_nocarbon|30,10386,0.2233095871032765,0.1116560731227255
pseudo5_N2C3_1,d-glucosamine hydrochloride (c)|rch2_defined_nocarbon|30,5193,0.2417130793462984,0.1194309740837315
pseudo5_N2C3_1,d-glucosamine hydrochloride (n)|rch2_defined_glucose_nonitrogen|30,5193,0.21866468159779662,0.1096385345259108
pseudo5_N2C3_1,d-glucose (c)|rch2_defined_nocarbon|30,10386,0.22523005798366838,0.111879703963919
pseudo5_N2C3_1,d-lactate (c)|rch2_defined_nocarbon|30,10386,0.25566994614893157,0.12650055886134776
pseudo5_N2C3_1,d-mannose (c)|rch2_defined_nocarbon|30,5193,0.229215779180519,0.11230471521873463
pseudo5_N2C3_1,d-ribose (c)|rch2_defined_nocarbon|30,10386,0.23111951171359202,0.1148093170852875
pseudo5_N2C3_1,d-serine (n)|rch2_defined_glucose_nonitrogen|30,5193,0.314173650026208,0.1573245378465312
pseudo5_N2C3_1,d-sorbitol (c)|rch2_defined_nocarbon|30,10386,0.21054045016224826,0.10447052624637884
pseudo5_N2C3_1,d-trehalose (c)|rch2_defined_nocarbon|30,10386,0.23152163615984478,0.11501326261855882
pseudo5_N2C3_1,d-xylose (c)|rch2_defined_nocarbon|30,10386,0.25365819731790923,0.126684204461434
pseudo5_N2C3_1,doxycycline hyclate 0.0001 mg/ml|lb|25,5193,0.260341641618215,0.1296684466214461
pseudo5_N2C3_1,ethanol (c)|rch2_defined_nocarbon|30,10386,0.23600319510037898,0.1179885783697264
pseudo5_N2C3_1,fumarate (c)|rch2_defined_nocarbon|30,10386,0.25808516514353225,0.1288981222790875
pseudo5_N2C3_1,fusidic 0.1 mg/ml|lb|25,5193,0.2078064026094828,0.10351680468902219
pseudo5_N2C3_1,gly-glu (n)|rch2_defined_glucose_nonitrogen|30,5193,0.2478641485634268,0.12249447110514089
pseudo5_N2C3_1,glycerol (c)|rch2_defined_nocarbon|30,10386,0.22751532628850374,0.11260511989314795
pseudo5_N2C3_1,inosine (c)|rch2_defined_nocarbon|30,5193,0.2438663494243635,0.1220965330879893
pseudo5_N2C3_1,inosine (n)|rch2_defined_glucose_nonitrogen|30,5193,0.234934924833943,0.11679629025379495
pseudo5_N2C3_1,l-alanine (c)|rch2_defined_nocarbon|30,5193,0.2338899445741479,0.1158345883291235
pseudo5_N2C3_1,l-arabinose (c)|rch2_defined_nocarbon|30,10386,0.2349501317494564,0.11622357298567354
pseudo5_N2C3_1,l-arginine (c)|rch2_defined_nocarbon|30,10386,0.22495067782122022,0.11084395769809174
pseudo5_N2C3_1,l-asparagine (c)|rch2_defined_nocarbon|30,10386,0.22780634679126197,0.11173272713479634
pseudo5_N2C3_1,l-aspartic acid (c)|rch2_defined_nocarbon|30,10386,0.20928866213836966,0.10340838312381945
pseudo5_N2C3_1,l-glutamic (c)|rch2_defined_nocarbon|30,10386,0.21276542299853823,0.10465672981373145
pseudo5_N2C3_1,l-glutamine (c)|rch2_defined_nocarbon|30,10386,0.21632949513453686,0.106859948104954
pseudo5_N2C3_1,l-histidine (c)|rch2_defined_nocarbon|30,10386,0.305404461174488,0.149071125321181
pseudo5_N2C3_1,l-isoleucine (c)|rch2_defined_nocarbon|30,5193,0.2570862433208525,0.1277363886819476
pseudo5_N2C3_1,l-isoleucine (n)|rch2_defined_glucose_nonitrogen|30,5193,0.239765636919273,0.11936233859390503
pseudo5_N2C3_1,l-lactate (c)|rch2_defined_nocarbon|30,10386,0.22540918918094976,0.11231636383468206
pseudo5_N2C3_1,l-leucine (c)|rch2_defined_nocarbon|30,5193,0.262861164208232,0.1309751805857274
pseudo5_N2C3_1,l-leucine (n)|rch2_defined_glucose_nonitrogen|30,5193,0.243441273937097,0.12081477925108498
pseudo5_N2C3_1,l-lysine (c)|rch2_defined_nocarbon|30,10386,0.3519248690687172,0.1730841185614236
pseudo5_N2C3_1,l-malic (c)|rch2_defined_nocarbon|30,10386,0.21689638919698107,0.10820249705189691
pseudo5_N2C3_1,l-phenylalanine (n)|rch2_defined_glucose_nonitrogen|30,5193,0.2351471852029518,0.1173117004383835
pseudo5_N2C3_1,l-proline (c)|rch2_defined_nocarbon|30,10386,0.22406251504278574,0.1098331880848512
pseudo5_N2C3_1,l-tyrosine (n)|rch2_defined_glucose_nonitrogen|30,5193,0.246625266269092,0.12273810902858787
pseudo5_N2C3_1,lb 10c|lb|10,10386,0.20051422706860528,0.09888033740797135
pseudo5_N2C3_1,lb 20c|lb|20,10386,0.19514672103289876,0.0958217214234927
pseudo5_N2C3_1,lb 30c|lb|30,10386,0.2152852148151774,0.10642005953052715
pseudo5_N2C3_1,lb 37c|lb|37,10386,0.19292146864144072,0.09619280972201649
pseudo5_N2C3_1,lb|lb|25,20772,0.2146089169508118,0.1062714446002037
pseudo5_N2C3_1,lomefloxacin 0.0005 mm|lb|25,5193,0.380397515802068,0.1897655934421328
pseudo5_N2C3_1,m-inositol (c)|rch2_defined_nocarbon|30,10386,0.22343618307273305,0.11020282240628432
pseudo5_N2C3_1,methylglyoxal 0.016 vol%|lb|25,5193,0.344389691358534,0.16990274730459562
pseudo5_N2C3_1,minimal media ph6|rch2_defined_glucose_mes|25,10386,0.23610804192209423,0.11653849786808951
pseudo5_N2C3_1,minimal media ph7|rch2_defined_glucose|25,10386,0.22050003598673917,0.10923500642893084
pseudo5_N2C3_1,minimal media ph8|rch2_defined_glucose_taps|25,10386,0.242088042059021,0.12013220208004201
pseudo5_N2C3_1,minimal media ph9|rch2_defined_glucose_taps|25,5193,0.2740968342295311,0.1349757283047031
pseudo5_N2C3_1,nag (c)|rch2_defined_nocarbon|30,5193,0.2475791727839593,0.12343504547131981
pseudo5_N2C3_1,nalidixic 0.004 mg/ml|lb|25,5193,0.254553167406045,0.1270629422462368
pseudo5_N2C3_1,nickel (ii) chloride 0.625 mm|lb|25,10386,0.27805934160082624,0.139565722898455
pseudo5_N2C3_1,nitrate 200 mm|lb|25,5193,0.30367893361085296,0.15134538994172342
pseudo5_N2C3_1,nitrate reduction with yeast extract|rch2_defined|30,5193,0.597295731763807,0.29068433452319004
pseudo5_N2C3_1,nitrite (n)|rch2_defined_glucose_nonitrogen|30,5193,0.2223386673125291,0.1103028867521101
pseudo5_N2C3_1,nitrite 10 mm|lb|25,5193,0.329826853459663,0.1633457148556873
pseudo5_N2C3_1,"outer cut, lb soft agar motility assay|lb|30",20772,0.4575953975867448,0.22477296985308576
pseudo5_N2C3_1,paraquat dichloride 0.0625 mg/ml|lb|25,10386,0.2523210856925012,0.1258839107273793
pseudo5_N2C3_1,perchlorate 75 mm|lb|25,5193,0.294971815774613,0.1466050876075353
pseudo5_N2C3_1,putrescine (c)|rch2_defined_nocarbon|30,5193,0.269552230160478,0.1335258475565796
pseudo5_N2C3_1,putrescine (n)|rch2_defined_glucose_nonitrogen|30,5193,0.22680341538935112,0.11247507922916089
pseudo5_N2C3_1,pyruvate (c)|rch2_defined_nocarbon|30,10386,0.21056323601013188,0.10520361297180085
pseudo5_N2C3_1,rifampicin 0.0016 mg/ml|lb|25,5193,0.22385235030003298,0.11149931644266714
pseudo5_N2C3_1,rifampicin 0.0024 mg/ml|lb|25,5193,0.256094089731585,0.1266424225274152
pseudo5_N2C3_1,sisomicin 0.001 mg/ml|lb|25,5193,0.40646582815239196,0.19857247900477382
pseudo5_N2C3_1,sodium fluoride 6.25 mm|lb|25,5193,0.2184050221766909,0.10858806902009768
pseudo5_N2C3_1,spectinomycin 0.0125 mg/ml|lb|25,5193,0.2228325956391658,0.1118125027619842
pseudo5_N2C3_1,spectinomycin 0.025 mg/ml|lb|25,5193,0.239893500530795,0.11899794582999615
pseudo5_N2C3_1,succinate (c)|rch2_defined_nocarbon|30,10386,0.21174703008286339,0.10507740815867272
pseudo5_N2C3_1,syringaldehyde 10 mm|lb|25,5193,0.22474200807425748,0.11120715732837304
pseudo5_N2C3_1,syringaldehyde 5 mm|lb|25,5193,0.23417851520426752,0.1167255502926347
pseudo5_N2C3_1,tetracycline 0.0001 mg/ml|lb|25,5193,0.21340691251552563,0.1065368538346625
pseudo5_N2C3_1,thallium(i) acetate 0.008 mg/ml|lb|25,10386,0.25571597095200876,0.12770010314429575
pseudo5_N2C3_1,thymine (n)|rch2_defined_glucose_nonitrogen|30,5193,0.217652862892547,0.1087725123824445
pseudo5_N2C3_1,tween 20 (c)|rch2_defined_nocarbon|30,10386,0.21144811692909454,0.1044418298383115
pseudo5_N2C3_1,urea (n)|rch2_defined_glucose_nonitrogen|30,5193,0.282126209770735,0.13959990230922148
pseudo5_N2C3_1,uridine (c)|rch2_defined_nocarbon|30,5193,0.227264183066121,0.11396466190971714
pseudo5_N2C3_1,uridine (n)|rch2_defined_glucose_nonitrogen|30,5193,0.22371224203921639,0.11052114355884901
pseudo5_N2C3_1,vanillin 1.25 mm|lb|25,5193,0.219094018517136,0.10945232177325748
pseudo5_N2C3_1,vanillin 2.5 mm|lb|25,5193,0.223520576100129,0.11122815630060558
pseudo6_N2E2,4-hydroxybenzoic acid (c)|rch2_defined_nocarbon|30,10266,0.2922935697124305,0.1457375763552895
pseudo6_N2E2,5-hydroxymethylfurfural 10 mm|lb|30,5133,0.245128146136952,0.1210531443432183
pseudo6_N2E2,a-ketoglutaric (c)|rch2_defined_nocarbon|30,10266,0.25084802464369377,0.1257301847633452
pseudo6_N2E2,a22 0.002 mg/ml|lb|25,5133,0.272323827333089,0.1362308554419206
pseudo6_N2E2,acetate 80 mm|lb|30,5133,0.19632183339878112,0.09799020702138543
pseudo6_N2E2,aluminum chloride 2 mm|lb|25,5133,0.238100571233895,0.11879607980333716
pseudo6_N2E2,aluminum chloride 4 mm|lb|25,5133,0.34709785740089905,0.17380757210338912
pseudo6_N2E2,ammonium chloride (n)|rch2_defined_glucose_nonitrogen|30,10266,0.25022184624871974,0.124738326388603
pseudo6_N2E2,benzalkonium chloride 0.016 mg/ml|lb|25,5133,0.22777571474768693,0.11235972344936271
pseudo6_N2E2,benzethonium chloride 0.02 mm|lb|25,5133,0.241518597740353,0.1209658812854804
pseudo6_N2E2,carbon source sucrose 10 mm|rch2_defined_nocarbon|30,10266,0.3264193379429045,0.16236512199222494
pseudo6_N2E2,carbon source sucrose 2.5 mm|rch2_defined_nocarbon|30,10266,0.3092095340627945,0.1538005246811625
pseudo6_N2E2,carbon source sucrose 5 mm|rch2_defined_nocarbon|30,10266,0.324402510886027,0.16056613373903
pseudo6_N2E2,carnitine hydrochloride (c)|rch2_defined_nocarbon|30,10266,0.256818379567588,0.1269152585835165
pseudo6_N2E2,casaminos (c)|rch2_defined_nocarbon|30,10266,0.21721016341506333,0.10829535700372388
pseudo6_N2E2,ceftazidime 0.15 mg/ml|lb|25,5133,0.247164183779642,0.12382356202521111
pseudo6_N2E2,cephalothin 4 mg/ml|lb|25,5133,0.256697298734223,0.1272470312320458
pseudo6_N2E2,chloramphenicol 0.002 mg/ml|lb|30,5133,0.2036890625411814,0.1009850012355884
pseudo6_N2E2,chloramphenicol 0.004 mg/ml|lb|30,5133,0.2013608933147783,0.10068852739784752
pseudo6_N2E2,chloramphenicol 0.008 mg/ml|lb|30,5133,0.2658246862917,0.13276527070107372
pseudo6_N2E2,chloride 500 mm|lb|25,5133,0.23047596411232402,0.1152065468003624
pseudo6_N2E2,chloride 500 mm|lb|30,5133,0.264629273579164,0.1321329971502294
pseudo6_N2E2,chloride 600 mm|lb|30,5133,0.40678137773537604,0.20056657076592618
pseudo6_N2E2,chlorite 0.08 mm|lb|25,5133,0.212598867894928,0.1060843603800672
pseudo6_N2E2,choline lysine 20 mm|lb|30,5133,0.302370919137123,0.1483523667176501
pseudo6_N2E2,cisplatin 0.008 mg/ml|lb|25,5133,0.272499298049807,0.13455423030866012
pseudo6_N2E2,cobalt chloride 0.16 mm|lb|25,5133,0.230630999508559,0.11525505575473885
pseudo6_N2E2,copper (ii) chloride 3 mm|lb|30,5133,0.324261917151471,0.1622764912274626
pseudo6_N2E2,cytidine (n)|rch2_defined_glucose_nonitrogen|30,10266,0.32699173820347827,0.1635012011675887
pseudo6_N2E2,cytosine (n)|rch2_defined_glucose_nonitrogen|30,10266,0.3000945192585003,0.14911683049771396
pseudo6_N2E2,"d,l-lactate (c)|rch2_defined_nocarbon|30",10266,0.231975903121378,0.115450727345001
pseudo6_N2E2,d-alanine (c)|rch2_defined_nocarbon|30,10266,0.28321141083908075,0.1401346879970199
pseudo6_N2E2,d-alanine (n)|rch2_defined_glucose_nonitrogen|30,5133,0.2591039517143884,0.1285036773132148
pseudo6_N2E2,d-cycloserine 0.12 mg/ml|lb|25,5133,0.274224322615755,0.13634687818472163
pseudo6_N2E2,d-fructose (c)|rch2_defined_nocarbon|30,5133,0.41530763142848004,0.2081656830162311
pseudo6_N2E2,d-galactose (c)|rch2_defined_nocarbon|30,10266,0.4129348511394595,0.20643758208408064
pseudo6_N2E2,d-gluconic acid (c)|rch2_defined_nocarbon|30,10266,0.24242644634425725,0.1213673944457636
pseudo6_N2E2,d-glucosamine hydrochloride (c)|rch2_defined_nocarbon|30,10266,0.32319571915260653,0.162012100954817
pseudo6_N2E2,d-glucose (c)|rch2_defined_nocarbon|30,10266,0.28171789968112226,0.1388486201466175
pseudo6_N2E2,d-lactate (c)|rch2_defined_nocarbon|30,10266,0.23103364948824373,0.115341520477696
pseudo6_N2E2,d-mannose (c)|rch2_defined_nocarbon|30,10266,0.2950071926181205,0.14693718197366212
pseudo6_N2E2,d-sorbitol (c)|rch2_defined_nocarbon|30,10266,0.26220172709106776,0.130885036831642
pseudo6_N2E2,d-trehalose (c)|rch2_defined_nocarbon|30,10266,0.3395150268354915,0.1697769400283909
pseudo6_N2E2,d-xylose (c)|rch2_defined_nocarbon|30,10266,0.3095807023004975,0.15480147919583273
pseudo6_N2E2,dimethyl sulfoxide 7.5 vol%|lb|30,5133,0.1982868717344134,0.0981965625034169
pseudo6_N2E2,doxycycline hyclate 0.0001 mg/ml|lb|25,5133,0.33652380292900397,0.16803171533467148
pseudo6_N2E2,fusidic 0.3 mg/ml|lb|30,5133,0.27141749803949,0.1356672748404963
pseudo6_N2E2,fusidic 0.4 mg/ml|lb|30,5133,0.32447723804498496,0.16079463226194154
pseudo6_N2E2,glucuronamide (n)|rch2_defined_glucose_nonitrogen|30,10266,0.366449476973599,0.18304172004995847
pseudo6_N2E2,gly-glu (n)|rch2_defined_glucose_nonitrogen|30,10266,0.33957499014807846,0.16938794570240562
pseudo6_N2E2,glycerol (c)|rch2_defined_nocarbon|30,10266,0.26429130542241397,0.13198733248877148
pseudo6_N2E2,glycine (n)|rch2_defined_glucose_nonitrogen|30,10266,0.2882646173731772,0.144274174290595
pseudo6_N2E2,"inner cut, lb soft agar motility assay|lb|30",15399,0.467744600054675,0.2274012100007914
pseudo6_N2E2,l-alanine (c)|rch2_defined_nocarbon|30,10266,0.2900805575490413,0.1449159469109234
pseudo6_N2E2,l-alanine (n)|rch2_defined_glucose_nonitrogen|30,10266,0.27829673843174324,0.13768746108609492
pseudo6_N2E2,l-arabinose (c)|rch2_defined_nocarbon|30,10266,0.25121855641068547,0.124511167804421
pseudo6_N2E2,l-arginine (n)|rch2_defined_glucose_nonitrogen|30,10266,0.29380833122260275,0.14482834433067698
pseudo6_N2E2,l-asparagine (c)|rch2_defined_nocarbon|30,10266,0.26581288555881,0.1329042880781071
pseudo6_N2E2,l-asparagine (n)|rch2_defined_glucose_nonitrogen|30,10266,0.274849666559554,0.13678425513726328
pseudo6_N2E2,l-aspartic acid (n)|rch2_defined_glucose_nonitrogen|30,10266,0.3251533926122125,0.16011535370476798
pseudo6_N2E2,l-citrulline (n)|rch2_defined_glucose_nonitrogen|30,10266,0.27424191952511046,0.13644614470004676
pseudo6_N2E2,l-glutamic (n)|rch2_defined_glucose_nonitrogen|30,10266,0.2849335388878415,0.1413076174943565
pseudo6_N2E2,l-glutamine (c)|rch2_defined_nocarbon|30,10266,0.2074969397634787,0.10238225350735955
pseudo6_N2E2,l-glutamine (n)|rch2_defined_glucose_nonitrogen|30,10266,0.2799896096842097,0.13877256454922843
pseudo6_N2E2,l-histidine (c)|rch2_defined_nocarbon|30,10266,0.2544650031310882,0.12640312726144415
pseudo6_N2E2,l-histidine (n)|rch2_defined_glucose_nonitrogen|30,10266,0.2883288508795022,0.141073228311622
pseudo6_N2E2,l-isoleucine (c)|rch2_defined_nocarbon|30,10266,0.25474500696394475,0.12776278819266051
pseudo6_N2E2,l-isoleucine (n)|rch2_defined_glucose_nonitrogen|30,10266,0.3290920772183905,0.16265251155170501
pseudo6_N2E2,l-lactate (c)|rch2_defined_nocarbon|30,10266,0.2325550905973852,0.1155421045242947
pseudo6_N2E2,l-leucine (c)|rch2_defined_nocarbon|30,20532,0.32942774276029874,0.16450894691627985
pseudo6_N2E2,l-lysine (n)|rch2_defined_glucose_nonitrogen|30,10266,0.3128127400680372,0.155229705486984
pseudo6_N2E2,l-lysine 25 mm|lb|30,5133,0.234255312652389,0.11727586756897762
pseudo6_N2E2,l-malic (c)|rch2_defined_nocarbon|30,10266,0.21989157391015873,0.109559419096296
pseudo6_N2E2,l-phenylalanine (c)|rch2_defined_nocarbon|30,10266,0.2397054626938,0.118817149547766
pseudo6_N2E2,l-phenylalanine (n)|rch2_defined_glucose_nonitrogen|30,10266,0.28032379591339995,0.13814625266361852
pseudo6_N2E2,l-proline (n)|rch2_defined_glucose_nonitrogen|30,10266,0.29131581346387775,0.1434191277763035
pseudo6_N2E2,l-serine (n)|rch2_defined_glucose_nonitrogen|30,10266,0.493861345903977,0.2449060639403585
pseudo6_N2E2,lb|lb|30,20532,0.20459193767287037,0.10186933221279984
pseudo6_N2E2,lomefloxacin 0.0002 mm|lb|30,5133,0.29360239182006,0.14675523388702988
pseudo6_N2E2,m-inositol (c)|rch2_defined_nocarbon|30,10266,0.2566364967572775,0.12806769341229168
pseudo6_N2E2,nalidixic 0.004 mg/ml|lb|30,5133,0.307502030663623,0.15366357008357068
pseudo6_N2E2,nalidixic 0.008 mg/ml|lb|30,5133,0.264035725836114,0.1326225009580524
pseudo6_N2E2,nickel (ii) chloride 0.5 mm|lb|30,5133,0.236266998178288,0.11774175393151247
pseudo6_N2E2,nickel (ii) chloride 1 mm|lb|25,5133,0.226350842796732,0.11280819692338263
pseudo6_N2E2,nitrate (n)|rch2_defined_glucose_nonitrogen|30,10266,0.25864638451612704,0.12831100824324748
pseudo6_N2E2,nitrate 200 mm|lb|25,5133,0.2174470379754429,0.108508125165155
pseudo6_N2E2,nitrite 10 mm|lb|25,5133,0.2091374482682114,0.1038498840241549
pseudo6_N2E2,no vitamins t1|rch2_defined_glucose_novitamin|30,5133,0.349362866981595,0.1730340078223964
pseudo6_N2E2,no vitamins t2|rch2_defined_glucose_novitamin|30,5133,0.380423688620543,0.18907642250385542
pseudo6_N2E2,octanoate (c)|rch2_defined_nocarbon|30,10266,0.4012791253219315,0.1978537478944305
pseudo6_N2E2,"outer cut, lb soft agar motility assay|lb|30",10266,0.4384697077659272,0.216391949328427
pseudo6_N2E2,parabanic acid (n)|rch2_defined_glucose_nonitrogen|30,10266,0.2967605661314995,0.14787974388834998
pseudo6_N2E2,paraquat dichloride 0.03 mg/ml|lb|25,5133,0.21873145452606652,0.109328548568476
pseudo6_N2E2,perchlorate 50 mm|lb|30,5133,0.210260381619934,0.1051424394617713
pseudo6_N2E2,phosphomycin 0.004 mg/ml|lb|25,5133,0.342501916837577,0.17150200968282003
pseudo6_N2E2,propionate (c)|rch2_defined_nocarbon|30,10266,0.3639454433720145,0.18039753051358548
pseudo6_N2E2,putrescine (c)|rch2_defined_nocarbon|30,10266,0.26670811217056023,0.131538993068455
pseudo6_N2E2,putrescine (n)|rch2_defined_glucose_nonitrogen|30,10266,0.27824965689299075,0.13717468473260852
pseudo6_N2E2,pyruvate (c)|rch2_defined_nocarbon|30,10266,0.22824577069722773,0.11384746955505712
pseudo6_N2E2,rifampicin 0.003 mg/ml|lb|30,5133,0.33579148993532104,0.1678635888074914
pseudo6_N2E2,sisomicin 0.0008 mg/ml|lb|30,5133,0.24957535612280002,0.12472696097730049
pseudo6_N2E2,sisomicin 0.0016 mg/ml|lb|30,5133,0.257027625476582,0.12820634634143036
pseudo6_N2E2,sodium fluoride 12.5 mm|lb|25,5133,0.21314023833773799,0.10676861511760177
pseudo6_N2E2,sodium fluoride 15 mm|lb|30,5133,0.233803634079067,0.11705944301350689
pseudo6_N2E2,spectinomycin 0.01 mg/ml|lb|30,5133,0.230878648671284,0.11552343832478133
pseudo6_N2E2,spectinomycin 0.0125 mg/ml|lb|30,5133,0.212214653193915,0.10585735825942305
pseudo6_N2E2,succinate (c)|rch2_defined_nocarbon|30,10266,0.224142323780533,0.111436551221501
pseudo6_N2E2,tetracycline 0.0001 mg/ml|lb|30,5133,0.20354199772279308,0.1016988570622734
pseudo6_N2E2,tetracycline 0.0002 mg/ml|lb|30,10266,0.2181083593471914,0.1087430515957116
pseudo6_N2E2,tetracycline 0.0004 mg/ml|lb|30,5133,0.24713258460427,0.1236022499783609
pseudo6_N2E2,trisodium citrate (c)|rch2_defined_nocarbon|30,10266,0.28096693919387294,0.140584175572618
pseudo6_N2E2,tween 20 (c)|rch2_defined_nocarbon|30,10266,0.2397878833082565,0.11941921621772446
pseudo6_N2E2,urea (n)|rch2_defined_glucose_nonitrogen|30,10266,0.27802790395348426,0.13906533837716273
pseudo6_N2E2,uridine (n)|rch2_defined_glucose_nonitrogen|30,10266,0.28618499415899346,0.141210590272783
pseudo6_N2E2,vancomycin 0.12 mg/ml|lb|25,5133,0.26280100588993,0.1322371452403951
pseudo6_N2E2,vancomycin 0.24 mg/ml|lb|25,5133,0.342158551722635,0.17029475780151732
pseudo6_N2E2,with vitamins t1|rch2_defined_glucose|30,5133,0.341389680773622,0.1712775147240731
pseudo6_N2E2,with vitamins t2|rch2_defined_glucose|30,5133,0.36537965485372403,0.18097018050173821
