group,value,ecdf
ANA3,0.109968503808906,0.009345794392523364
ANA3,0.116345360705621,0.018691588785046728
ANA3,0.135217899959305,0.028037383177570093
ANA3,0.136372927866745,0.037383177570093455
ANA3,0.138418340758988,0.04672897196261682
ANA3,0.138918132630803,0.056074766355140186
ANA3,0.151627750759783,0.06542056074766354
ANA3,0.152270979216569,0.07476635514018691
ANA3,0.161461349070466,0.08411214953271028
ANA3,0.166037949400368,0.09345794392523364
ANA3,0.177064626131964,0.102803738317757
ANA3,0.195953335634238,0.11214953271028037
ANA3,0.20125470926541,0.12149532710280374
ANA3,0.205411305231986,0.1308411214953271
ANA3,0.209105826826639,0.14018691588785046
ANA3,0.209594974990521,0.14953271028037382
ANA3,0.215359435821543,0.1588785046728972
ANA3,0.2166440325255,0.16822429906542055
ANA3,0.217796331630577,0.17757009345794392
ANA3,0.21875307328317,0.18691588785046728
ANA3,0.219343611355589,0.19626168224299065
ANA3,0.220606005386611,0.205607476635514
ANA3,0.223628588299542,0.21495327102803738
ANA3,0.224574240812025,0.22429906542056074
ANA3,0.227147910813321,0.2336448598130841
ANA3,0.227417281680353,0.24299065420560748
ANA3,0.227820090240529,0.2523364485981308
ANA3,0.228205859959369,0.2616822429906542
ANA3,0.228820624239471,0.27102803738317754
ANA3,0.22992346022236,0.2803738317757009
ANA3,0.230272351338575,0.2897196261682243
ANA3,0.231300983623484,0.29906542056074764
ANA3,0.231896861579268,0.308411214953271
ANA3,0.234322765819049,0.3177570093457944
ANA3,0.239816164201318,0.32710280373831774
ANA3,0.240278717943108,0.3364485981308411
ANA3,0.242216518663518,0.34579439252336447
ANA3,0.242853183359006,0.35514018691588783
ANA3,0.245070408987023,0.3644859813084112
ANA3,0.247460397606124,0.37383177570093457
ANA3,0.25328885961716,0.38317757009345793
ANA3,0.254393670349369,0.3925233644859813
ANA3,0.256320012857294,0.40186915887850466
ANA3,0.257874945531334,0.411214953271028
ANA3,0.259786212281161,0.4205607476635514
ANA3,0.263014716368569,0.42990654205607476
ANA3,0.265211463782509,0.4392523364485981
ANA3,0.269525894398912,0.4485981308411215
ANA3,0.271837945113614,0.45794392523364486
ANA3,0.272920423785446,0.4672897196261682
ANA3,0.274660699727923,0.4766355140186916
ANA3,0.275388027900896,0.48598130841121495
ANA3,0.275393990328755,0.4953271028037383
ANA3,0.275972230230869,0.5046728971962616
ANA3,0.279708543969284,0.514018691588785
ANA3,0.279834953379,0.5233644859813084
ANA3,0.280549225086414,0.5327102803738317
ANA3,0.280604190356544,0.5420560747663551
ANA3,0.281647967335483,0.5514018691588785
ANA3,0.281833441051914,0.5607476635514018
ANA3,0.282138048785832,0.5700934579439252
ANA3,0.282949982558679,0.5794392523364486
ANA3,0.286994325374355,0.5887850467289719
ANA3,0.289745613577468,0.5981308411214953
ANA3,0.291739850554747,0.6074766355140186
ANA3,0.293082730998555,0.616822429906542
ANA3,0.293289374409491,0.6261682242990654
ANA3,0.295034636010695,0.6355140186915887
ANA3,0.295064814040709,0.6448598130841121
ANA3,0.296743953356294,0.6542056074766355
ANA3,0.297276694482598,0.6635514018691588
ANA3,0.297572761584792,0.6728971962616822
ANA3,0.297663526875347,0.6822429906542056
ANA3,0.298262894049852,0.6915887850467289
ANA3,0.300627084722017,0.7009345794392523
ANA3,0.300750025063514,0.7102803738317757
ANA3,0.300828186744556,0.719626168224299
ANA3,0.300937344141823,0.7289719626168224
ANA3,0.303004451702208,0.7383177570093458
ANA3,0.304130877561098,0.7476635514018691
ANA3,0.304929169443238,0.7570093457943925
ANA3,0.307539295947143,0.7663551401869159
ANA3,0.308284821085113,0.7757009345794392
ANA3,0.308443701440005,0.7850467289719626
ANA3,0.309979190999504,0.794392523364486
ANA3,0.313953882009831,0.8037383177570093
ANA3,0.315501475658473,0.8130841121495327
ANA3,0.319367856653223,0.822429906542056
ANA3,0.324138977214967,0.8317757009345794
ANA3,0.324759698620165,0.8411214953271028
ANA3,0.325697686517539,0.8504672897196262
ANA3,0.326839163741812,0.8598130841121495
ANA3,0.329727703385949,0.8691588785046729
ANA3,0.334005898094726,0.8785046728971962
ANA3,0.336923900956289,0.8878504672897196
ANA3,0.345406317876374,0.897196261682243
ANA3,0.356675632120492,0.9065420560747663
ANA3,0.36189808259371,0.9158878504672897
ANA3,0.369109465159085,0.9252336448598131
ANA3,0.369356141256682,0.9345794392523364
ANA3,0.400178732842814,0.9439252336448598
ANA3,0.412127402214407,0.9532710280373832
ANA3,0.425501510762771,0.9626168224299065
ANA3,0.432208891061702,0.9719626168224299
ANA3,0.439826889571816,0.9813084112149533
ANA3,0.47240090881315,0.9906542056074766
ANA3,0.495662014505838,1.0
BFirm,0.100680058676122,0.008849557522123894
BFirm,0.103572367367697,0.017699115044247787
BFirm,0.104785044192486,0.02654867256637168
BFirm,0.109107922579882,0.035398230088495575
BFirm,0.109768245477447,0.04424778761061947
BFirm,0.110039013776779,0.05309734513274336
BFirm,0.111389517422271,0.061946902654867256
BFirm,0.113168207899504,0.07079646017699115
BFirm,0.113370065384209,0.07964601769911504
BFirm,0.113452151585492,0.08849557522123894
BFirm,0.113755940717259,0.09734513274336283
BFirm,0.114123167893371,0.10619469026548672
BFirm,0.117469706967674,0.11504424778761062
BFirm,0.117898510209923,0.12389380530973451
BFirm,0.119636726570989,0.13274336283185842
BFirm,0.120730203666994,0.1415929203539823
BFirm,0.121995184836133,0.1504424778761062
BFirm,0.123526906675652,0.1592920353982301
BFirm,0.123767985072832,0.168141592920354
BFirm,0.124297114010016,0.17699115044247787
BFirm,0.124302973266691,0.18584070796460178
BFirm,0.12559154240837,0.19469026548672566
BFirm,0.126642432602286,0.20353982300884957
BFirm,0.132176236074245,0.21238938053097345
BFirm,0.134785796585851,0.22123893805309736
BFirm,0.135795822560244,0.23008849557522124
BFirm,0.137819780151791,0.23893805309734514
BFirm,0.139481394631625,0.24778761061946902
BFirm,0.139878504640194,0.25663716814159293
BFirm,0.140026700503313,0.26548672566371684
BFirm,0.141056588404943,0.2743362831858407
BFirm,0.141275127701059,0.2831858407079646
BFirm,0.142649929045919,0.2920353982300885
BFirm,0.144515898674436,0.3008849557522124
BFirm,0.145496017540452,0.30973451327433627
BFirm,0.145676839290852,0.3185840707964602
BFirm,0.147248355420754,0.3274336283185841
BFirm,0.148331412274798,0.336283185840708
BFirm,0.149679379151106,0.34513274336283184
BFirm,0.150820874064122,0.35398230088495575
BFirm,0.154143723199996,0.36283185840707965
BFirm,0.1560354187096,0.37168141592920356
BFirm,0.157867294433918,0.3805309734513274
BFirm,0.158177456495125,0.3893805309734513
BFirm,0.158513276961502,0.39823008849557523
BFirm,0.160400642167224,0.40707964601769914
BFirm,0.161143555490683,0.415929203539823
BFirm,0.161607867606566,0.4247787610619469
BFirm,0.162457243749557,0.4336283185840708
BFirm,0.162536154072679,0.4424778761061947
BFirm,0.162554771897865,0.45132743362831856
BFirm,0.164206160663435,0.46017699115044247
BFirm,0.165427010427775,0.4690265486725664
BFirm,0.166212733934604,0.4778761061946903
BFirm,0.167069223675232,0.48672566371681414
BFirm,0.167922077206776,0.49557522123893805
BFirm,0.168639543820884,0.504424778761062
BFirm,0.168908537540666,0.5132743362831859
BFirm,0.169312505125409,0.5221238938053098
BFirm,0.169511845550098,0.5309734513274337
BFirm,0.169703960019391,0.5398230088495575
BFirm,0.17270105219503,0.5486725663716814
BFirm,0.175552191566737,0.5575221238938053
BFirm,0.176159627644162,0.5663716814159292
BFirm,0.176429302672487,0.5752212389380531
BFirm,0.180700246577169,0.584070796460177
BFirm,0.181626094938034,0.5929203539823009
BFirm,0.181737892246926,0.6017699115044248
BFirm,0.182169894658844,0.6106194690265486
BFirm,0.183375782256338,0.6194690265486725
BFirm,0.18369162333748,0.6283185840707964
BFirm,0.184026719403582,0.6371681415929203
BFirm,0.18402895157463,0.6460176991150443
BFirm,0.184533955990935,0.6548672566371682
BFirm,0.184768118422466,0.6637168141592921
BFirm,0.185060661649422,0.672566371681416
BFirm,0.186106310320871,0.6814159292035398
BFirm,0.186553992321815,0.6902654867256637
BFirm,0.187275744519033,0.6991150442477876
BFirm,0.189139511958275,0.7079646017699115
BFirm,0.190879380728031,0.7168141592920354
BFirm,0.191877771551117,0.7256637168141593
BFirm,0.192078737347537,0.7345132743362832
BFirm,0.194029495941194,0.7433628318584071
BFirm,0.194332731615865,0.7522123893805309
BFirm,0.195037453349595,0.7610619469026548
BFirm,0.196404849164946,0.7699115044247787
BFirm,0.200146956703405,0.7787610619469026
BFirm,0.200226886414957,0.7876106194690266
BFirm,0.200668350049017,0.7964601769911505
BFirm,0.201281963352794,0.8053097345132744
BFirm,0.203756417586218,0.8141592920353983
BFirm,0.20418715553765,0.8230088495575221
BFirm,0.205334970210149,0.831858407079646
BFirm,0.206155963806898,0.8407079646017699
BFirm,0.206268561158523,0.8495575221238938
BFirm,0.20753948667203,0.8584070796460177
BFirm,0.208951587592244,0.8672566371681416
BFirm,0.21021506310692,0.8761061946902655
BFirm,0.216593029737791,0.8849557522123894
BFirm,0.216949725272963,0.8938053097345132
BFirm,0.218362511086021,0.9026548672566371
BFirm,0.218847486450299,0.911504424778761
BFirm,0.218877452916875,0.9203539823008849
BFirm,0.222916639404442,0.9292035398230089
BFirm,0.225700035598282,0.9380530973451328
BFirm,0.230387997410987,0.9469026548672567
BFirm,0.231493957309551,0.9557522123893806
BFirm,0.23701583551068,0.9646017699115044
BFirm,0.241924922626819,0.9734513274336283
BFirm,0.242691216839002,0.9823008849557522
BFirm,0.251545236642725,0.9911504424778761
BFirm,0.270078068671014,1.0
Btheta,0.100246109058404,0.0019267822736030828
Btheta,0.100804470505402,0.0038535645472061657
Btheta,0.100909786257943,0.005780346820809248
Btheta,0.100913324272914,0.007707129094412331
Btheta,0.101770311495446,0.009633911368015413
Btheta,0.102062862862161,0.011560693641618497
Btheta,0.102329456737131,0.01348747591522158
Btheta,0.102870332618808,0.015414258188824663
Btheta,0.102987637386189,0.017341040462427744
Btheta,0.103070518442641,0.019267822736030827
Btheta,0.103271142297363,0.02119460500963391
Btheta,0.103480728425794,0.023121387283236993
Btheta,0.103582460029817,0.025048169556840076
Btheta,0.104102722777086,0.02697495183044316
Btheta,0.104169738649588,0.028901734104046242
Btheta,0.104403030286851,0.030828516377649325
Btheta,0.10443804659983,0.03275529865125241
Btheta,0.104989589318418,0.03468208092485549
Btheta,0.10511070509722,0.036608863198458574
Btheta,0.10517702706411,0.038535645472061654
Btheta,0.105407023244224,0.04046242774566474
Btheta,0.105409681868191,0.04238921001926782
Btheta,0.1056655090295,0.04431599229287091
Btheta,0.105878062924219,0.046242774566473986
Btheta,0.106069140464046,0.04816955684007707
Btheta,0.106539278875273,0.05009633911368015
Btheta,0.106564743641718,0.05202312138728324
Btheta,0.106623957237623,0.05394990366088632
Btheta,0.106892191469312,0.055876685934489405
Btheta,0.106944986319411,0.057803468208092484
Btheta,0.106962020061337,0.05973025048169557
Btheta,0.106981311969023,0.06165703275529865
Btheta,0.107110112550339,0.06358381502890173
Btheta,0.107358143617898,0.06551059730250482
Btheta,0.107429284400179,0.0674373795761079
Btheta,0.107878353573171,0.06936416184971098
Btheta,0.108833976696078,0.07129094412331406
Btheta,0.108840891496409,0.07321772639691715
Btheta,0.109090800722473,0.07514450867052024
Btheta,0.109117456875866,0.07707129094412331
Btheta,0.109174983981505,0.0789980732177264
Btheta,0.109808770447759,0.08092485549132948
Btheta,0.109980580811286,0.08285163776493257
Btheta,0.110155006043252,0.08477842003853564
Btheta,0.110209094535067,0.08670520231213873
Btheta,0.110447032343623,0.08863198458574181
Btheta,0.110586994389564,0.0905587668593449
Btheta,0.110777723787577,0.09248554913294797
Btheta,0.110982703695414,0.09441233140655106
Btheta,0.111053532957355,0.09633911368015415
Btheta,0.111079650251901,0.09826589595375723
Btheta,0.111350908846703,0.1001926782273603
Btheta,0.111527353967039,0.10211946050096339
Btheta,0.111651473182397,0.10404624277456648
Btheta,0.111975545175837,0.10597302504816955
Btheta,0.112018089817755,0.10789980732177264
Btheta,0.112038067070188,0.10982658959537572
Btheta,0.112907252097528,0.11175337186897881
Btheta,0.113086472364706,0.11368015414258188
Btheta,0.11314824375662,0.11560693641618497
Btheta,0.113583316392096,0.11753371868978806
Btheta,0.113681097157248,0.11946050096339114
Btheta,0.114138305809769,0.12138728323699421
Btheta,0.114165641600666,0.1233140655105973
Btheta,0.11432609359969,0.1252408477842004
Btheta,0.114544002790629,0.12716763005780346
Btheta,0.114629951490119,0.12909441233140656
Btheta,0.115297593321033,0.13102119460500963
Btheta,0.115807961611593,0.1329479768786127
Btheta,0.115859122763423,0.1348747591522158
Btheta,0.116593527921341,0.13680154142581888
Btheta,0.11660517592842,0.13872832369942195
Btheta,0.116608161767644,0.14065510597302505
Btheta,0.116664871310743,0.14258188824662812
Btheta,0.116680499168511,0.14450867052023122
Btheta,0.116925355106625,0.1464354527938343
Btheta,0.11694609427598,0.14836223506743737
Btheta,0.117461408843687,0.15028901734104047
Btheta,0.118102251840137,0.15221579961464354
Btheta,0.118303707049902,0.15414258188824662
Btheta,0.118610901774992,0.15606936416184972
Btheta,0.118856008356187,0.1579961464354528
Btheta,0.11887688973101,0.1599229287090559
Btheta,0.119205979342134,0.16184971098265896
Btheta,0.11925873376593,0.16377649325626203
Btheta,0.119333265601677,0.16570327552986513
Btheta,0.119681156297601,0.1676300578034682
Btheta,0.119690294544631,0.16955684007707128
Btheta,0.119749686967479,0.17148362235067438
Btheta,0.119858301981998,0.17341040462427745
Btheta,0.120016550509673,0.17533718689788053
Btheta,0.120781234017788,0.17726396917148363
Btheta,0.120864321010587,0.1791907514450867
Btheta,0.121009633596711,0.1811175337186898
Btheta,0.121911885437989,0.18304431599229287
Btheta,0.122159239246062,0.18497109826589594
Btheta,0.122242455127428,0.18689788053949905
Btheta,0.122323895580661,0.18882466281310212
Btheta,0.12243061579055,0.1907514450867052
Btheta,0.122590553186509,0.1926782273603083
Btheta,0.122917930149171,0.19460500963391136
Btheta,0.122980803514561,0.19653179190751446
Btheta,0.123143244487723,0.19845857418111754
Btheta,0.123448275692164,0.2003853564547206
Btheta,0.123482984289632,0.2023121387283237
Btheta,0.12357374752408,0.20423892100192678
Btheta,0.123724567123963,0.20616570327552985
Btheta,0.123812638917799,0.20809248554913296
Btheta,0.123909604974032,0.21001926782273603
Btheta,0.124217832710079,0.2119460500963391
Btheta,0.124227297696763,0.2138728323699422
Btheta,0.124430066999198,0.21579961464354527
Btheta,0.124873132628303,0.21772639691714837
Btheta,0.124926221877013,0.21965317919075145
Btheta,0.124933152372262,0.22157996146435452
Btheta,0.125040036189779,0.22350674373795762
Btheta,0.125641318005517,0.2254335260115607
Btheta,0.125907394899403,0.22736030828516376
Btheta,0.126083528023796,0.22928709055876687
Btheta,0.126216391210823,0.23121387283236994
Btheta,0.126514215594339,0.23314065510597304
Btheta,0.126739876647895,0.2350674373795761
Btheta,0.127336197918378,0.23699421965317918
Btheta,0.127805984858565,0.23892100192678228
Btheta,0.127874215422589,0.24084778420038536
Btheta,0.128457888016078,0.24277456647398843
Btheta,0.1285924947658,0.24470134874759153
Btheta,0.128781763585243,0.2466281310211946
Btheta,0.12885377472206,0.24855491329479767
Btheta,0.129554121908197,0.2504816955684008
Btheta,0.13001561432209,0.2524084778420039
Btheta,0.130142778827119,0.2543352601156069
Btheta,0.130262309419216,0.25626204238921
Btheta,0.130506179906729,0.2581888246628131
Btheta,0.130970961119321,0.26011560693641617
Btheta,0.131520592387154,0.26204238921001927
Btheta,0.131554274632114,0.26396917148362237
Btheta,0.131841488775545,0.2658959537572254
Btheta,0.131874731562804,0.2678227360308285
Btheta,0.132341166449017,0.2697495183044316
Btheta,0.132486009614416,0.27167630057803466
Btheta,0.132622591545771,0.27360308285163776
Btheta,0.132872727634739,0.27552986512524086
Btheta,0.132931801878798,0.2774566473988439
Btheta,0.133122206439571,0.279383429672447
Btheta,0.133188819475848,0.2813102119460501
Btheta,0.133333692128668,0.2832369942196532
Btheta,0.133396792356962,0.28516377649325625
Btheta,0.133474027047809,0.28709055876685935
Btheta,0.133571336489821,0.28901734104046245
Btheta,0.133970884867703,0.2909441233140655
Btheta,0.134381091997234,0.2928709055876686
Btheta,0.134489489185317,0.2947976878612717
Btheta,0.134498864282926,0.29672447013487474
Btheta,0.134516000755224,0.29865125240847784
Btheta,0.134640902338458,0.30057803468208094
Btheta,0.134728914681847,0.302504816955684
Btheta,0.135241857414542,0.3044315992292871
Btheta,0.135306720229674,0.3063583815028902
Btheta,0.135403278693645,0.30828516377649323
Btheta,0.135819408038854,0.31021194605009633
Btheta,0.13594774252867,0.31213872832369943
Btheta,0.136016181407058,0.3140655105973025
Btheta,0.136296841257665,0.3159922928709056
Btheta,0.136782442016617,0.3179190751445087
Btheta,0.137240895323686,0.3198458574181118
Btheta,0.137615762729809,0.3217726396917148
Btheta,0.137747769830407,0.3236994219653179
Btheta,0.137877030320377,0.325626204238921
Btheta,0.137983563618062,0.32755298651252407
Btheta,0.138420882529208,0.32947976878612717
Btheta,0.138688085176749,0.33140655105973027
Btheta,0.138709466410926,0.3333333333333333
Btheta,0.138763330417855,0.3352601156069364
Btheta,0.138828322597158,0.3371868978805395
Btheta,0.138961152016332,0.33911368015414256
Btheta,0.139190933223631,0.34104046242774566
Btheta,0.139245187225489,0.34296724470134876
Btheta,0.139528868585588,0.3448940269749518
Btheta,0.1398301277781,0.3468208092485549
Btheta,0.139935244252744,0.348747591522158
Btheta,0.140095075113504,0.35067437379576105
Btheta,0.140156128344025,0.35260115606936415
Btheta,0.140259297222042,0.35452793834296725
Btheta,0.140421095179175,0.35645472061657035
Btheta,0.140988223902416,0.3583815028901734
Btheta,0.141038650246727,0.3603082851637765
Btheta,0.141238301492145,0.3622350674373796
Btheta,0.14155901191954,0.36416184971098264
Btheta,0.141621255585801,0.36608863198458574
Btheta,0.142065719013804,0.36801541425818884
Btheta,0.142147412012533,0.3699421965317919
Btheta,0.142156495089549,0.371868978805395
Btheta,0.142456513907945,0.3737957610789981
Btheta,0.142484885563422,0.37572254335260113
Btheta,0.142803837208808,0.37764932562620424
Btheta,0.142947475670359,0.37957610789980734
Btheta,0.143029247143678,0.3815028901734104
Btheta,0.143111408136322,0.3834296724470135
Btheta,0.143166676600598,0.3853564547206166
Btheta,0.143194250193281,0.3872832369942196
Btheta,0.143482155864306,0.3892100192678227
Btheta,0.143683227737593,0.3911368015414258
Btheta,0.143707817393466,0.3930635838150289
Btheta,0.1439749791391,0.394990366088632
Btheta,0.144152559049558,0.3969171483622351
Btheta,0.144158193525074,0.3988439306358382
Btheta,0.144271373382675,0.4007707129094412
Btheta,0.144467870900808,0.4026974951830443
Btheta,0.144480151936241,0.4046242774566474
Btheta,0.144672315754627,0.40655105973025046
Btheta,0.144762094014078,0.40847784200385356
Btheta,0.144802395233948,0.41040462427745666
Btheta,0.14491513040221,0.4123314065510597
Btheta,0.145218066097313,0.4142581888246628
Btheta,0.145341507101977,0.4161849710982659
Btheta,0.145472715664178,0.41811175337186895
Btheta,0.145791645907403,0.42003853564547206
Btheta,0.146243070269283,0.42196531791907516
Btheta,0.14632491736357,0.4238921001926782
Btheta,0.14654318087917,0.4258188824662813
Btheta,0.146574784260917,0.4277456647398844
Btheta,0.14671186652723,0.4296724470134875
Btheta,0.147166552102803,0.43159922928709055
Btheta,0.14733008839099,0.43352601156069365
Btheta,0.147384442745202,0.43545279383429675
Btheta,0.147461892408863,0.4373795761078998
Btheta,0.147486499186464,0.4393063583815029
Btheta,0.147534516598684,0.441233140655106
Btheta,0.147952011877351,0.44315992292870904
Btheta,0.14816076569953,0.44508670520231214
Btheta,0.148313262277608,0.44701348747591524
Btheta,0.148313600431748,0.4489402697495183
Btheta,0.148372881087756,0.4508670520231214
Btheta,0.148711637341478,0.4527938342967245
Btheta,0.149479099801263,0.45472061657032753
Btheta,0.149560679130739,0.45664739884393063
Btheta,0.150142438846662,0.45857418111753373
Btheta,0.150556105040972,0.4605009633911368
Btheta,0.150667751077054,0.4624277456647399
Btheta,0.150740096563182,0.464354527938343
Btheta,0.151019929339178,0.4662813102119461
Btheta,0.151199779781088,0.4682080924855491
Btheta,0.152276921994625,0.4701348747591522
Btheta,0.152995537589561,0.4720616570327553
Btheta,0.153056049107614,0.47398843930635837
Btheta,0.153064390243057,0.47591522157996147
Btheta,0.15320180543187,0.47784200385356457
Btheta,0.153368635750397,0.4797687861271676
Btheta,0.153889390747363,0.4816955684007707
Btheta,0.154476790170441,0.4836223506743738
Btheta,0.155044493898401,0.48554913294797686
Btheta,0.155077510298361,0.48747591522157996
Btheta,0.155279907203199,0.48940269749518306
Btheta,0.15528365163012,0.4913294797687861
Btheta,0.155768157074046,0.4932562620423892
Btheta,0.156042887574922,0.4951830443159923
Btheta,0.156120709160577,0.49710982658959535
Btheta,0.156285961902056,0.49903660886319845
Btheta,0.156366341759323,0.5009633911368016
Btheta,0.156496937268519,0.5028901734104047
Btheta,0.156677098755166,0.5048169556840078
Btheta,0.15720691590259,0.5067437379576107
Btheta,0.157305159430017,0.5086705202312138
Btheta,0.157370152084924,0.5105973025048169
Btheta,0.157495230117083,0.51252408477842
Btheta,0.157546687569938,0.5144508670520231
Btheta,0.157580740310081,0.5163776493256262
Btheta,0.157687159462908,0.5183044315992292
Btheta,0.157756499134462,0.5202312138728323
Btheta,0.158326871474064,0.5221579961464354
Btheta,0.158395461594388,0.5240847784200385
Btheta,0.158507741610032,0.5260115606936416
Btheta,0.158697219695047,0.5279383429672447
Btheta,0.158753610583753,0.5298651252408478
Btheta,0.158887202871056,0.5317919075144508
Btheta,0.159108824623476,0.5337186897880539
Btheta,0.159193985247848,0.535645472061657
Btheta,0.159209493253516,0.5375722543352601
Btheta,0.159267750886242,0.5394990366088632
Btheta,0.159369528148208,0.5414258188824663
Btheta,0.159477415489262,0.5433526011560693
Btheta,0.159498034330913,0.5452793834296724
Btheta,0.159680404044943,0.5472061657032755
Btheta,0.159725941184536,0.5491329479768786
Btheta,0.159839177638962,0.5510597302504817
Btheta,0.160112247332166,0.5529865125240848
Btheta,0.160551657947821,0.5549132947976878
Btheta,0.161011742575142,0.5568400770712909
Btheta,0.161244564316076,0.558766859344894
Btheta,0.161551396631243,0.5606936416184971
Btheta,0.161785156262421,0.5626204238921002
Btheta,0.162157119633135,0.5645472061657033
Btheta,0.162270881629509,0.5664739884393064
Btheta,0.162573711740619,0.5684007707129094
Btheta,0.162605726995059,0.5703275529865125
Btheta,0.162786810677031,0.5722543352601156
Btheta,0.162835921026259,0.5741811175337187
Btheta,0.162963746620253,0.5761078998073218
Btheta,0.163239334158766,0.5780346820809249
Btheta,0.163248518063739,0.5799614643545279
Btheta,0.163447118225263,0.581888246628131
Btheta,0.163474511564192,0.5838150289017341
Btheta,0.16368941541616,0.5857418111753372
Btheta,0.163810195894443,0.5876685934489403
Btheta,0.164148473215368,0.5895953757225434
Btheta,0.164150450299417,0.5915221579961464
Btheta,0.164167360384415,0.5934489402697495
Btheta,0.164190348683061,0.5953757225433526
Btheta,0.164222805297616,0.5973025048169557
Btheta,0.164367194261604,0.5992292870905588
Btheta,0.164954704024711,0.6011560693641619
Btheta,0.165036940638323,0.603082851637765
Btheta,0.16517319392761,0.605009633911368
Btheta,0.165301331517547,0.6069364161849711
Btheta,0.165306049980584,0.6088631984585742
Btheta,0.165309894284255,0.6107899807321773
Btheta,0.165417189023259,0.6127167630057804
Btheta,0.165534637422918,0.6146435452793835
Btheta,0.166097876660149,0.6165703275529865
Btheta,0.166123020869786,0.6184971098265896
Btheta,0.166765757719659,0.6204238921001927
Btheta,0.166827077763784,0.6223506743737958
Btheta,0.168521642351477,0.6242774566473989
Btheta,0.168823178345268,0.626204238921002
Btheta,0.16905287869996,0.628131021194605
Btheta,0.169109891202534,0.630057803468208
Btheta,0.169341569116878,0.6319845857418112
Btheta,0.169418524152825,0.6339113680154143
Btheta,0.169654938603141,0.6358381502890174
Btheta,0.169708223800523,0.6377649325626205
Btheta,0.169714241612518,0.6396917148362236
Btheta,0.169751850916171,0.6416184971098265
Btheta,0.169883232598071,0.6435452793834296
Btheta,0.170056146837489,0.6454720616570327
Btheta,0.170178316078203,0.6473988439306358
Btheta,0.170417604600904,0.649325626204239
Btheta,0.170612849854832,0.651252408477842
Btheta,0.170824308910128,0.653179190751445
Btheta,0.171429558686466,0.6551059730250481
Btheta,0.171676758398981,0.6570327552986512
Btheta,0.171919080796867,0.6589595375722543
Btheta,0.17192088666363,0.6608863198458574
Btheta,0.172506627657053,0.6628131021194605
Btheta,0.172508824945555,0.6647398843930635
Btheta,0.172976232441072,0.6666666666666666
Btheta,0.172989519378059,0.6685934489402697
Btheta,0.173672609764194,0.6705202312138728
Btheta,0.173797431446028,0.6724470134874759
Btheta,0.173922292127355,0.674373795761079
Btheta,0.17431946153617,0.6763005780346821
Btheta,0.174481025496346,0.6782273603082851
Btheta,0.174493592369525,0.6801541425818882
Btheta,0.174619222577431,0.6820809248554913
Btheta,0.175091954930539,0.6840077071290944
Btheta,0.175720290504255,0.6859344894026975
Btheta,0.175749819778825,0.6878612716763006
Btheta,0.175811492245197,0.6897880539499036
Btheta,0.175835521164458,0.6917148362235067
Btheta,0.176037806778061,0.6936416184971098
Btheta,0.176065255287004,0.6955684007707129
Btheta,0.176223830554334,0.697495183044316
Btheta,0.176775957789711,0.6994219653179191
Btheta,0.176999580406358,0.7013487475915221
Btheta,0.177091366188487,0.7032755298651252
Btheta,0.177284908306024,0.7052023121387283
Btheta,0.177313408374464,0.7071290944123314
Btheta,0.177498337311315,0.7090558766859345
Btheta,0.17753563937506,0.7109826589595376
Btheta,0.177552002040347,0.7129094412331407
Btheta,0.177693806574525,0.7148362235067437
Btheta,0.177717141588175,0.7167630057803468
Btheta,0.177777466669628,0.7186897880539499
Btheta,0.177795011209791,0.720616570327553
Btheta,0.177812589993411,0.7225433526011561
Btheta,0.178001771301797,0.7244701348747592
Btheta,0.178185643447511,0.7263969171483622
Btheta,0.178362456209407,0.7283236994219653
Btheta,0.17847449509404,0.7302504816955684
Btheta,0.178538104218156,0.7321772639691715
Btheta,0.178635467403372,0.7341040462427746
Btheta,0.178938683228979,0.7360308285163777
Btheta,0.178978311945398,0.7379576107899807
Btheta,0.179357503539197,0.7398843930635838
Btheta,0.179391490170443,0.7418111753371869
Btheta,0.1795224932719,0.74373795761079
Btheta,0.179633939554482,0.7456647398843931
Btheta,0.180064774562133,0.7475915221579962
Btheta,0.18044109779079,0.7495183044315993
Btheta,0.180643925592464,0.7514450867052023
Btheta,0.18089315993706,0.7533718689788054
Btheta,0.180897447503261,0.7552986512524085
Btheta,0.180925155691754,0.7572254335260116
Btheta,0.181303699513488,0.7591522157996147
Btheta,0.181332396481808,0.7610789980732178
Btheta,0.181400262733496,0.7630057803468208
Btheta,0.181770671356133,0.7649325626204239
Btheta,0.181772375443731,0.766859344894027
Btheta,0.181803075654295,0.7687861271676301
Btheta,0.181890131083298,0.7707129094412332
Btheta,0.181943663118933,0.7726396917148363
Btheta,0.183051952134789,0.7745664739884393
Btheta,0.183198651105325,0.7764932562620424
Btheta,0.18349154205299,0.7784200385356455
Btheta,0.183782268053196,0.7803468208092486
Btheta,0.183886754353107,0.7822736030828517
Btheta,0.183950730167578,0.7842003853564548
Btheta,0.183952515107783,0.7861271676300579
Btheta,0.184584828154171,0.7880539499036608
Btheta,0.184586985967576,0.789980732177264
Btheta,0.184654293860671,0.791907514450867
Btheta,0.185284263132657,0.7938342967244701
Btheta,0.185359985404145,0.7957610789980732
Btheta,0.185498282361981,0.7976878612716763
Btheta,0.185963653323003,0.7996146435452793
Btheta,0.186008606897012,0.8015414258188824
Btheta,0.186122610975604,0.8034682080924855
Btheta,0.186608809568245,0.8053949903660886
Btheta,0.186943287292235,0.8073217726396917
Btheta,0.186988509106659,0.8092485549132948
Btheta,0.18719479311949,0.8111753371868978
Btheta,0.188110782769941,0.8131021194605009
Btheta,0.188318619628435,0.815028901734104
Btheta,0.188528805492969,0.8169556840077071
Btheta,0.189030818855582,0.8188824662813102
Btheta,0.189539059771366,0.8208092485549133
Btheta,0.189912996421299,0.8227360308285164
Btheta,0.190060525795672,0.8246628131021194
Btheta,0.190109374087332,0.8265895953757225
Btheta,0.190697620084768,0.8285163776493256
Btheta,0.191013257724465,0.8304431599229287
Btheta,0.191191189581566,0.8323699421965318
Btheta,0.192153332278235,0.8342967244701349
Btheta,0.192195412255464,0.8362235067437379
Btheta,0.192547386483655,0.838150289017341
Btheta,0.192696022111936,0.8400770712909441
Btheta,0.192732073813891,0.8420038535645472
Btheta,0.192877363571044,0.8439306358381503
Btheta,0.19293963577352,0.8458574181117534
Btheta,0.193605516444407,0.8477842003853564
Btheta,0.194578695521961,0.8497109826589595
Btheta,0.194634442443431,0.8516377649325626
Btheta,0.194883740994509,0.8535645472061657
Btheta,0.194921766926891,0.8554913294797688
Btheta,0.196059935261546,0.8574181117533719
Btheta,0.196248252398242,0.859344894026975
Btheta,0.196740292353953,0.861271676300578
Btheta,0.196786582849603,0.8631984585741811
Btheta,0.198610735618128,0.8651252408477842
Btheta,0.199408387965844,0.8670520231213873
Btheta,0.200182839420118,0.8689788053949904
Btheta,0.201221575694019,0.8709055876685935
Btheta,0.201332226291826,0.8728323699421965
Btheta,0.201747116214126,0.8747591522157996
Btheta,0.201749060481527,0.8766859344894027
Btheta,0.201878940682952,0.8786127167630058
Btheta,0.201963491583545,0.8805394990366089
Btheta,0.202463244402381,0.882466281310212
Btheta,0.202541952513093,0.884393063583815
Btheta,0.202548236663088,0.8863198458574181
Btheta,0.203059435357485,0.8882466281310212
Btheta,0.203458348328995,0.8901734104046243
Btheta,0.204696369633564,0.8921001926782274
Btheta,0.204815039383196,0.8940269749518305
Btheta,0.204819168097803,0.8959537572254336
Btheta,0.205047807380926,0.8978805394990366
Btheta,0.205504537576254,0.8998073217726397
Btheta,0.205561064963185,0.9017341040462428
Btheta,0.205672017093657,0.9036608863198459
Btheta,0.205777014191804,0.905587668593449
Btheta,0.205827651228498,0.9075144508670521
Btheta,0.206415986639405,0.9094412331406551
Btheta,0.206956671328447,0.9113680154142582
Btheta,0.207675816745762,0.9132947976878613
Btheta,0.208138229928171,0.9152215799614644
Btheta,0.208794456797756,0.9171483622350675
Btheta,0.209417308186685,0.9190751445086706
Btheta,0.20977266633429,0.9210019267822736
Btheta,0.210673864238053,0.9229287090558767
Btheta,0.212227770020573,0.9248554913294798
Btheta,0.212241118786024,0.9267822736030829
Btheta,0.214100175149481,0.928709055876686
Btheta,0.214258741855946,0.930635838150289
Btheta,0.214764444475466,0.9325626204238922
Btheta,0.216215240830415,0.9344894026974951
Btheta,0.217572863116409,0.9364161849710982
Btheta,0.217709219136068,0.9383429672447013
Btheta,0.21835356305041,0.9402697495183044
Btheta,0.219410286175796,0.9421965317919075
Btheta,0.219578782058031,0.9441233140655106
Btheta,0.222297207942312,0.9460500963391136
Btheta,0.223108158641502,0.9479768786127167
Btheta,0.223615073574527,0.9499036608863198
Btheta,0.225469779116508,0.9518304431599229
Btheta,0.225950860214716,0.953757225433526
Btheta,0.226044136538438,0.9556840077071291
Btheta,0.227187433782012,0.9576107899807321
Btheta,0.227669116994342,0.9595375722543352
Btheta,0.227790766875955,0.9614643545279383
Btheta,0.228365779204004,0.9633911368015414
Btheta,0.229404419881587,0.9653179190751445
Btheta,0.229806659700083,0.9672447013487476
Btheta,0.230585220369217,0.9691714836223507
Btheta,0.231282971711059,0.9710982658959537
Btheta,0.231909676915731,0.9730250481695568
Btheta,0.234783401634334,0.9749518304431599
Btheta,0.234973334396364,0.976878612716763
Btheta,0.235074984196573,0.9788053949903661
Btheta,0.23802385523074,0.9807321772639692
Btheta,0.239088988454087,0.9826589595375722
Btheta,0.243285895101631,0.9845857418111753
Btheta,0.24449879978157,0.9865125240847784
Btheta,0.245480345677161,0.9884393063583815
Btheta,0.246165241930058,0.9903660886319846
Btheta,0.250120841117739,0.9922928709055877
Btheta,0.257328496726565,0.9942196531791907
Btheta,0.266943117806146,0.9961464354527938
Btheta,0.292523579100537,0.9980732177263969
Btheta,0.293679008040022,1.0
Burk376,0.118133260046306,0.03333333333333333
Burk376,0.122503973596755,0.06666666666666667
Burk376,0.129525785528562,0.1
Burk376,0.132457168173007,0.13333333333333333
Burk376,0.140647440550292,0.16666666666666666
Burk376,0.148908487980938,0.2
Burk376,0.152663876981335,0.23333333333333334
Burk376,0.165102829793055,0.26666666666666666
Burk376,0.169211911977819,0.3
Burk376,0.171137091639551,0.3333333333333333
Burk376,0.174372077944198,0.36666666666666664
Burk376,0.187678250391527,0.4
Burk376,0.189692843652976,0.43333333333333335
Burk376,0.192622721665047,0.4666666666666667
Burk376,0.193177910220069,0.5
Burk376,0.193240792902761,0.5333333333333333
Burk376,0.194950201481699,0.5666666666666667
Burk376,0.195497716717078,0.6
Burk376,0.202862679360675,0.6333333333333333
Burk376,0.202943081125203,0.6666666666666666
Burk376,0.21187974201592,0.7
Burk376,0.212128124307305,0.7333333333333333
Burk376,0.222589426662678,0.7666666666666667
Burk376,0.232288119739371,0.8
Burk376,0.238754625628134,0.8333333333333334
Burk376,0.250449809125923,0.8666666666666667
Burk376,0.250575273585497,0.9
Burk376,0.268502044951932,0.9333333333333333
Burk376,0.329514448770832,0.9666666666666667
Burk376,0.347917844993498,1.0
Caulo,0.151466907081073,0.005050505050505051
Caulo,0.162102365058492,0.010101010101010102
Caulo,0.207409360221413,0.015151515151515152
Caulo,0.235528122727211,0.020202020202020204
Caulo,0.307439165225135,0.025252525252525252
Caulo,0.312478946745634,0.030303030303030304
Caulo,0.313035201168883,0.03535353535353535
Caulo,0.318511232047376,0.04040404040404041
Caulo,0.340644147407356,0.045454545454545456
Caulo,0.340727261007935,0.050505050505050504
Caulo,0.372724117405889,0.05555555555555555
Caulo,0.38612628028987,0.06060606060606061
Caulo,0.387675330346839,0.06565656565656566
Caulo,0.401485588662594,0.0707070707070707
Caulo,0.40148654579115,0.07575757575757576
Caulo,0.414504593515208,0.08080808080808081
Caulo,0.425578494663054,0.08585858585858586
Caulo,0.426985926585234,0.09090909090909091
Caulo,0.433392023670721,0.09595959595959595
Caulo,0.433541518133218,0.10101010101010101
Caulo,0.438870163101373,0.10606060606060606
Caulo,0.439928767779308,0.1111111111111111
Caulo,0.443036972875326,0.11616161616161616
Caulo,0.446808441006748,0.12121212121212122
Caulo,0.463785026921119,0.12626262626262627
Caulo,0.466616303778114,0.13131313131313133
Caulo,0.469794332119609,0.13636363636363635
Caulo,0.470429424012777,0.1414141414141414
Caulo,0.478596998767322,0.14646464646464646
Caulo,0.478767257795664,0.15151515151515152
Caulo,0.479649084313543,0.15656565656565657
Caulo,0.497479960956558,0.16161616161616163
Caulo,0.499810773532523,0.16666666666666666
Caulo,0.508219679951824,0.1717171717171717
Caulo,0.510178901610218,0.17676767676767677
Caulo,0.521374751593603,0.18181818181818182
Caulo,0.527287676610911,0.18686868686868688
Caulo,0.539097926064927,0.1919191919191919
Caulo,0.554526854370167,0.19696969696969696
Caulo,0.567571994366072,0.20202020202020202
Caulo,0.56838485475017,0.20707070707070707
Caulo,0.56933082117844,0.21212121212121213
Caulo,0.574106607377716,0.21717171717171718
Caulo,0.577165211899477,0.2222222222222222
Caulo,0.598191302977759,0.22727272727272727
Caulo,0.60215949976343,0.23232323232323232
Caulo,0.607701600385821,0.23737373737373738
Caulo,0.610682055668433,0.24242424242424243
Caulo,0.61334973240646,0.2474747474747475
Caulo,0.615188120991168,0.25252525252525254
Caulo,0.617265918785419,0.25757575757575757
Caulo,0.61940850659965,0.26262626262626265
Caulo,0.620223968241912,0.2676767676767677
Caulo,0.623810477735939,0.2727272727272727
Caulo,0.624342868710311,0.2777777777777778
Caulo,0.625050300256751,0.2828282828282828
Caulo,0.62549779741242,0.2878787878787879
Caulo,0.629025481826401,0.29292929292929293
Caulo,0.629251112073886,0.29797979797979796
Caulo,0.629390533526906,0.30303030303030304
Caulo,0.632326276764235,0.30808080808080807
Caulo,0.632529687282546,0.31313131313131315
Caulo,0.636970651057377,0.3181818181818182
Caulo,0.637241725850672,0.32323232323232326
Caulo,0.638283793724613,0.3282828282828283
Caulo,0.639018132675673,0.3333333333333333
Caulo,0.639998970555975,0.3383838383838384
Caulo,0.640407121324946,0.3434343434343434
Caulo,0.640424371773829,0.3484848484848485
Caulo,0.64112076867328,0.35353535353535354
Caulo,0.642634687398343,0.35858585858585856
Caulo,0.642832447373981,0.36363636363636365
Caulo,0.643206208329486,0.3686868686868687
Caulo,0.645726777072875,0.37373737373737376
Caulo,0.646531426236746,0.3787878787878788
Caulo,0.646569481832085,0.3838383838383838
Caulo,0.646754060897299,0.3888888888888889
Caulo,0.647165925407048,0.3939393939393939
Caulo,0.648092532014466,0.398989898989899
Caulo,0.648664240682173,0.40404040404040403
Caulo,0.648689330977205,0.4090909090909091
Caulo,0.650013000009028,0.41414141414141414
Caulo,0.650915037310877,0.41919191919191917
Caulo,0.651243190578318,0.42424242424242425
Caulo,0.651739974730794,0.4292929292929293
Caulo,0.652487909006397,0.43434343434343436
Caulo,0.653556042749658,0.4393939393939394
Caulo,0.654404266881889,0.4444444444444444
Caulo,0.654736025265239,0.4494949494949495
Caulo,0.656892550674825,0.45454545454545453
Caulo,0.658329895016375,0.4595959595959596
Caulo,0.660608250389001,0.46464646464646464
Caulo,0.663014370741526,0.4696969696969697
Caulo,0.665791879518471,0.47474747474747475
Caulo,0.666290563581378,0.4797979797979798
Caulo,0.666607815421007,0.48484848484848486
Caulo,0.669657859893247,0.4898989898989899
Caulo,0.671922874492437,0.494949494949495
Caulo,0.672564010847139,0.5
Caulo,0.67302503815243,0.5050505050505051
Caulo,0.673665480947597,0.51010101010101
Caulo,0.674704918870012,0.5151515151515151
Caulo,0.675119428497777,0.5202020202020202
Caulo,0.675581504340475,0.5252525252525253
Caulo,0.675926628091573,0.5303030303030303
Caulo,0.675961263438231,0.5353535353535354
Caulo,0.676544745402032,0.5404040404040404
Caulo,0.676821438765397,0.5454545454545454
Caulo,0.677815367786892,0.5505050505050505
Caulo,0.679132172136949,0.5555555555555556
Caulo,0.680532586482738,0.5606060606060606
Caulo,0.681544773500007,0.5656565656565656
Caulo,0.683236029905673,0.5707070707070707
Caulo,0.684219785490926,0.5757575757575758
Caulo,0.684477067385388,0.5808080808080808
Caulo,0.685280986918069,0.5858585858585859
Caulo,0.685678868742895,0.5909090909090909
Caulo,0.68633943009337,0.5959595959595959
Caulo,0.686867069856996,0.601010101010101
Caulo,0.687924512453793,0.6060606060606061
Caulo,0.68886779441315,0.6111111111111112
Caulo,0.69019464758828,0.6161616161616161
Caulo,0.691616856181684,0.6212121212121212
Caulo,0.691995611421695,0.6262626262626263
Caulo,0.692240060415217,0.6313131313131313
Caulo,0.692615139625726,0.6363636363636364
Caulo,0.693730760882128,0.6414141414141414
Caulo,0.694300348290617,0.6464646464646465
Caulo,0.695194016148846,0.6515151515151515
Caulo,0.695402624264625,0.6565656565656566
Caulo,0.697507110574138,0.6616161616161617
Caulo,0.697795241931173,0.6666666666666666
Caulo,0.698265381838144,0.6717171717171717
Caulo,0.698315787876047,0.6767676767676768
Caulo,0.698377481472425,0.6818181818181818
Caulo,0.699212597657351,0.6868686868686869
Caulo,0.700988715089307,0.6919191919191919
Caulo,0.701477552410387,0.696969696969697
Caulo,0.701702456715828,0.702020202020202
Caulo,0.702804125210384,0.7070707070707071
Caulo,0.703995499810258,0.7121212121212122
Caulo,0.704166589716366,0.7171717171717171
Caulo,0.709795600071052,0.7222222222222222
Caulo,0.710297799480638,0.7272727272727273
Caulo,0.71084452319894,0.7323232323232324
Caulo,0.711906101738833,0.7373737373737373
Caulo,0.712039232787221,0.7424242424242424
Caulo,0.712611204614043,0.7474747474747475
Caulo,0.71403645101461,0.7525252525252525
Caulo,0.714440041178737,0.7575757575757576
Caulo,0.716302528907793,0.7626262626262627
Caulo,0.718309607813785,0.7676767676767676
Caulo,0.718588858575462,0.7727272727272727
Caulo,0.719795788666368,0.7777777777777778
Caulo,0.720881472499186,0.7828282828282829
Caulo,0.721008789862645,0.7878787878787878
Caulo,0.72138899903627,0.7929292929292929
Caulo,0.722499868262117,0.797979797979798
Caulo,0.7246778927876,0.803030303030303
Caulo,0.724836623233231,0.8080808080808081
Caulo,0.725595507715361,0.8131313131313131
Caulo,0.726013154757244,0.8181818181818182
Caulo,0.727211492826028,0.8232323232323232
Caulo,0.728290344769493,0.8282828282828283
Caulo,0.728327229675686,0.8333333333333334
Caulo,0.728843900377148,0.8383838383838383
Caulo,0.730016093874821,0.8434343434343434
Caulo,0.730227381130746,0.8484848484848485
Caulo,0.730974348030164,0.8535353535353535
Caulo,0.731148100270307,0.8585858585858586
Caulo,0.731395460000391,0.8636363636363636
Caulo,0.731924109770339,0.8686868686868687
Caulo,0.732324824449747,0.8737373737373737
Caulo,0.732403255703648,0.8787878787878788
Caulo,0.73307157655886,0.8838383838383839
Caulo,0.73444332582669,0.8888888888888888
Caulo,0.734557379068978,0.8939393939393939
Caulo,0.734771543859147,0.898989898989899
Caulo,0.735665315013478,0.9040404040404041
Caulo,0.735699412154657,0.9090909090909091
Caulo,0.73778171398684,0.9141414141414141
Caulo,0.739258567857343,0.9191919191919192
Caulo,0.739305569222961,0.9242424242424242
Caulo,0.739708428526181,0.9292929292929293
Caulo,0.739863653872763,0.9343434343434344
Caulo,0.740457752790193,0.9393939393939394
Caulo,0.740866604906898,0.9444444444444444
Caulo,0.741173844812919,0.9494949494949495
Caulo,0.741441168154161,0.9545454545454546
Caulo,0.742197445639454,0.9595959595959596
Caulo,0.742658406130204,0.9646464646464646
Caulo,0.743714369789172,0.9696969696969697
Caulo,0.748092736536647,0.9747474747474747
Caulo,0.749941040317345,0.9797979797979798
Caulo,0.750485799360202,0.9848484848484849
Caulo,0.757110659551977,0.98989898989899
Caulo,0.764615240168904,0.9949494949494949
Caulo,0.769976262316174,1.0
Cola,0.102024392984281,0.0049504950495049506
Cola,0.1042886714309,0.009900990099009901
Cola,0.105971353298562,0.01485148514851485
Cola,0.111426044887893,0.019801980198019802
Cola,0.112020173462684,0.024752475247524754
Cola,0.116165357504584,0.0297029702970297
Cola,0.119452888739031,0.034653465346534656
Cola,0.119455992857237,0.039603960396039604
Cola,0.122268466730745,0.04455445544554455
Cola,0.12261886801557,0.04950495049504951
Cola,0.123245159995924,0.054455445544554455
Cola,0.126347095017609,0.0594059405940594
Cola,0.126698329968464,0.06435643564356436
Cola,0.12775779821885,0.06930693069306931
Cola,0.12825943287284,0.07425742574257425
Cola,0.128324434068275,0.07920792079207921
Cola,0.128372136568556,0.08415841584158416
Cola,0.128603257597898,0.0891089108910891
Cola,0.12891162351109,0.09405940594059406
Cola,0.130031377517798,0.09900990099009901
Cola,0.130959286067165,0.10396039603960396
Cola,0.132245279181535,0.10891089108910891
Cola,0.132538382555087,0.11386138613861387
Cola,0.132830006884077,0.1188118811881188
Cola,0.133276362528873,0.12376237623762376
Cola,0.13333811207672,0.12871287128712872
Cola,0.134552870004112,0.13366336633663367
Cola,0.137492717244902,0.13861386138613863
Cola,0.138596195260135,0.14356435643564355
Cola,0.140539297242253,0.1485148514851485
Cola,0.141879597672299,0.15346534653465346
Cola,0.142986632395875,0.15841584158415842
Cola,0.143530043119856,0.16336633663366337
Cola,0.143685404311106,0.16831683168316833
Cola,0.143840428185176,0.17326732673267325
Cola,0.145194609379671,0.1782178217821782
Cola,0.145624537502812,0.18316831683168316
Cola,0.147202881090789,0.18811881188118812
Cola,0.147340103669609,0.19306930693069307
Cola,0.149085248477195,0.19801980198019803
Cola,0.149186083559195,0.20297029702970298
Cola,0.150379690024129,0.2079207920792079
Cola,0.150862773233471,0.21287128712871287
Cola,0.151024609214219,0.21782178217821782
Cola,0.151065715150749,0.22277227722772278
Cola,0.151210450975884,0.22772277227722773
Cola,0.151537281566443,0.23267326732673269
Cola,0.15157153163758,0.2376237623762376
Cola,0.154755152927647,0.24257425742574257
Cola,0.155240456329156,0.24752475247524752
Cola,0.156855594995126,0.2524752475247525
Cola,0.157721761748189,0.25742574257425743
Cola,0.157882047170133,0.2623762376237624
Cola,0.158556108914164,0.26732673267326734
Cola,0.158678376764647,0.2722772277227723
Cola,0.159746340957058,0.27722772277227725
Cola,0.160796956694405,0.28217821782178215
Cola,0.160801997448306,0.2871287128712871
Cola,0.162082529475062,0.29207920792079206
Cola,0.162083259120376,0.297029702970297
Cola,0.163712850164636,0.30198019801980197
Cola,0.164014825805161,0.3069306930693069
Cola,0.164340326380839,0.3118811881188119
Cola,0.164535539258825,0.31683168316831684
Cola,0.165384084502444,0.3217821782178218
Cola,0.165918401665381,0.32673267326732675
Cola,0.167099231335728,0.3316831683168317
Cola,0.168632781252737,0.33663366336633666
Cola,0.169154675691602,0.3415841584158416
Cola,0.169495698858711,0.3465346534653465
Cola,0.169841520731514,0.35148514851485146
Cola,0.170731650256929,0.3564356435643564
Cola,0.170831758194113,0.3613861386138614
Cola,0.172158132100595,0.36633663366336633
Cola,0.172164507370274,0.3712871287128713
Cola,0.172794582854138,0.37623762376237624
Cola,0.172876123843587,0.3811881188118812
Cola,0.173620996190036,0.38613861386138615
Cola,0.173635890406321,0.3910891089108911
Cola,0.173767849686919,0.39603960396039606
Cola,0.174185149295005,0.400990099009901
Cola,0.17469064971889,0.40594059405940597
Cola,0.175983863521309,0.41089108910891087
Cola,0.177217086876219,0.4158415841584158
Cola,0.178345204798659,0.4207920792079208
Cola,0.178581523363126,0.42574257425742573
Cola,0.178672522486227,0.4306930693069307
Cola,0.182287429919895,0.43564356435643564
Cola,0.182304199509674,0.4405940594059406
Cola,0.182889613348865,0.44554455445544555
Cola,0.185146840891248,0.4504950495049505
Cola,0.185233141328573,0.45544554455445546
Cola,0.185288322568297,0.4603960396039604
Cola,0.186238335269858,0.46534653465346537
Cola,0.186518338784483,0.47029702970297027
Cola,0.186738243329985,0.4752475247524752
Cola,0.187152727877432,0.4801980198019802
Cola,0.188706979417311,0.48514851485148514
Cola,0.189833118695691,0.4900990099009901
Cola,0.191484513582336,0.49504950495049505
Cola,0.191525715537989,0.5
Cola,0.192514385188347,0.504950495049505
Cola,0.192552703319666,0.5099009900990099
Cola,0.19277841927255,0.5148514851485149
Cola,0.193132506541464,0.5198019801980198
Cola,0.19373626253362,0.5247524752475248
Cola,0.193888329318766,0.5297029702970297
Cola,0.1948318404755,0.5346534653465347
Cola,0.195143983390907,0.5396039603960396
Cola,0.196043536293052,0.5445544554455446
Cola,0.197267243252706,0.5495049504950495
Cola,0.197807868171876,0.5544554455445545
Cola,0.19793175259431,0.5594059405940595
Cola,0.197970624835984,0.5643564356435643
Cola,0.19799402149559,0.5693069306930693
Cola,0.200387713715852,0.5742574257425742
Cola,0.201482689787865,0.5792079207920792
Cola,0.201567726473505,0.5841584158415841
Cola,0.20194907542177,0.5891089108910891
Cola,0.205981455748035,0.594059405940594
Cola,0.206123995135734,0.599009900990099
Cola,0.207602078256149,0.6039603960396039
Cola,0.208599990747282,0.6089108910891089
Cola,0.209516203717394,0.6138613861386139
Cola,0.209527244416225,0.6188118811881188
Cola,0.209881270422938,0.6237623762376238
Cola,0.212523202081792,0.6287128712871287
Cola,0.216317496491609,0.6336633663366337
Cola,0.216855335355917,0.6386138613861386
Cola,0.217500732141123,0.6435643564356436
Cola,0.218781016618579,0.6485148514851485
Cola,0.218892999420724,0.6534653465346535
Cola,0.222130195630605,0.6584158415841584
Cola,0.222937570424846,0.6633663366336634
Cola,0.225462359253899,0.6683168316831684
Cola,0.225524559891584,0.6732673267326733
Cola,0.226093267653644,0.6782178217821783
Cola,0.227535735931119,0.6831683168316832
Cola,0.229401670794875,0.6881188118811881
Cola,0.229968582449229,0.693069306930693
Cola,0.230256779845722,0.698019801980198
Cola,0.231450458575047,0.7029702970297029
Cola,0.231693434965466,0.7079207920792079
Cola,0.232636437770958,0.7128712871287128
Cola,0.233920654531555,0.7178217821782178
Cola,0.235666169662893,0.7227722772277227
Cola,0.235718916167722,0.7277227722772277
Cola,0.236783831002833,0.7326732673267327
Cola,0.237229211703462,0.7376237623762376
Cola,0.237964255342456,0.7425742574257426
Cola,0.239559792604671,0.7475247524752475
Cola,0.240478901401507,0.7524752475247525
Cola,0.241629163734158,0.7574257425742574
Cola,0.242759758399859,0.7623762376237624
Cola,0.24321636433607,0.7673267326732673
Cola,0.244067181282114,0.7722772277227723
Cola,0.246437606118517,0.7772277227722773
Cola,0.249345402726203,0.7821782178217822
Cola,0.250097689799345,0.7871287128712872
Cola,0.252394135902375,0.7920792079207921
Cola,0.252797193424051,0.7970297029702971
Cola,0.253717210901857,0.801980198019802
Cola,0.254739143676795,0.806930693069307
Cola,0.257338283063273,0.8118811881188119
Cola,0.259243661532494,0.8168316831683168
Cola,0.26037626634853,0.8217821782178217
Cola,0.262988191281338,0.8267326732673267
Cola,0.272517821922796,0.8316831683168316
Cola,0.274919694772287,0.8366336633663366
Cola,0.275948308127708,0.8415841584158416
Cola,0.277578873115936,0.8465346534653465
Cola,0.279944667280108,0.8514851485148515
Cola,0.286293696983023,0.8564356435643564
Cola,0.291984499113641,0.8613861386138614
Cola,0.296859851055249,0.8663366336633663
Cola,0.297007712252823,0.8712871287128713
Cola,0.304036960926023,0.8762376237623762
Cola,0.307987608474643,0.8811881188118812
Cola,0.309519072476227,0.8861386138613861
Cola,0.310239118628369,0.8910891089108911
Cola,0.313673192797849,0.8960396039603961
Cola,0.321219409428771,0.900990099009901
Cola,0.327038747139884,0.905940594059406
Cola,0.327436394104476,0.9108910891089109
Cola,0.331077883061572,0.9158415841584159
Cola,0.333100579895553,0.9207920792079208
Cola,0.336703768995434,0.9257425742574258
Cola,0.338756078476977,0.9306930693069307
Cola,0.34384396526461,0.9356435643564357
Cola,0.34520110204773,0.9405940594059405
Cola,0.347965258798551,0.9455445544554455
Cola,0.375558151112756,0.9504950495049505
Cola,0.376455641104058,0.9554455445544554
Cola,0.381304866860706,0.9603960396039604
Cola,0.385622294456094,0.9653465346534653
Cola,0.397115301117385,0.9702970297029703
Cola,0.408608065980521,0.9752475247524752
Cola,0.413346194111312,0.9801980198019802
Cola,0.416651229581848,0.9851485148514851
Cola,0.438056827653868,0.9900990099009901
Cola,0.449674380369362,0.995049504950495
Cola,0.452096882327282,1.0
Cup4G11,0.10039121027352,0.009433962264150943
Cup4G11,0.10076857788484,0.018867924528301886
Cup4G11,0.101312292330063,0.02830188679245283
Cup4G11,0.10137125290248,0.03773584905660377
Cup4G11,0.10251125236772,0.04716981132075472
Cup4G11,0.103210316973622,0.05660377358490566
Cup4G11,0.103217880864927,0.0660377358490566
Cup4G11,0.103312128084278,0.07547169811320754
Cup4G11,0.104213365785949,0.08490566037735849
Cup4G11,0.104371661850547,0.09433962264150944
Cup4G11,0.10457001423176,0.10377358490566038
Cup4G11,0.104932295318697,0.11320754716981132
Cup4G11,0.105447298790617,0.12264150943396226
Cup4G11,0.106341320330205,0.1320754716981132
Cup4G11,0.106546261396435,0.14150943396226415
Cup4G11,0.107792465193962,0.1509433962264151
Cup4G11,0.109392248742718,0.16037735849056603
Cup4G11,0.110727439642683,0.16981132075471697
Cup4G11,0.110772616701985,0.1792452830188679
Cup4G11,0.111024903274787,0.18867924528301888
Cup4G11,0.111094322423468,0.19811320754716982
Cup4G11,0.111147392940292,0.20754716981132076
Cup4G11,0.111444426727748,0.2169811320754717
Cup4G11,0.112329557621807,0.22641509433962265
Cup4G11,0.112501493253727,0.2358490566037736
Cup4G11,0.112781660298242,0.24528301886792453
Cup4G11,0.113805108799747,0.25471698113207547
Cup4G11,0.114060485752776,0.2641509433962264
Cup4G11,0.114567794337349,0.27358490566037735
Cup4G11,0.115576874399424,0.2830188679245283
Cup4G11,0.115609047808289,0.29245283018867924
Cup4G11,0.115734775785286,0.3018867924528302
Cup4G11,0.115828252519535,0.3113207547169811
Cup4G11,0.115975540833564,0.32075471698113206
Cup4G11,0.116139210014869,0.330188679245283
Cup4G11,0.11641303113637,0.33962264150943394
Cup4G11,0.116569093345105,0.3490566037735849
Cup4G11,0.116987891794209,0.3584905660377358
Cup4G11,0.117660540292501,0.36792452830188677
Cup4G11,0.117668060170832,0.37735849056603776
Cup4G11,0.119677478284038,0.3867924528301887
Cup4G11,0.119807490172268,0.39622641509433965
Cup4G11,0.119839864144044,0.4056603773584906
Cup4G11,0.120009061640941,0.41509433962264153
Cup4G11,0.121185874656955,0.42452830188679247
Cup4G11,0.12125772435616,0.4339622641509434
Cup4G11,0.121905191014721,0.44339622641509435
Cup4G11,0.122139819494374,0.4528301886792453
Cup4G11,0.123074179091736,0.46226415094339623
Cup4G11,0.125211672678696,0.4716981132075472
Cup4G11,0.125284623305343,0.4811320754716981
Cup4G11,0.125928882715634,0.49056603773584906
Cup4G11,0.126177955006984,0.5
Cup4G11,0.127780522172006,0.5094339622641509
Cup4G11,0.128253789451761,0.5188679245283019
Cup4G11,0.129500151730325,0.5283018867924528
Cup4G11,0.129529544101757,0.5377358490566038
Cup4G11,0.129662221566014,0.5471698113207547
Cup4G11,0.129816745735037,0.5566037735849056
Cup4G11,0.130428326285108,0.5660377358490566
Cup4G11,0.131462615030226,0.5754716981132075
Cup4G11,0.13226606219539,0.5849056603773585
Cup4G11,0.132667145699788,0.5943396226415094
Cup4G11,0.133349115977673,0.6037735849056604
Cup4G11,0.13517841675819,0.6132075471698113
Cup4G11,0.135657498369609,0.6226415094339622
Cup4G11,0.1387946041283,0.6320754716981132
Cup4G11,0.140798668817709,0.6415094339622641
Cup4G11,0.141171236988487,0.6509433962264151
Cup4G11,0.141551345551044,0.660377358490566
Cup4G11,0.141687491429068,0.6698113207547169
Cup4G11,0.152006871992847,0.6792452830188679
Cup4G11,0.15328352923455,0.6886792452830188
Cup4G11,0.15410766977983,0.6981132075471698
Cup4G11,0.156838989531332,0.7075471698113207
Cup4G11,0.158970381895013,0.7169811320754716
Cup4G11,0.160536111713662,0.7264150943396226
Cup4G11,0.16092505840732,0.7358490566037735
Cup4G11,0.161685901954523,0.7452830188679245
Cup4G11,0.163969901124558,0.7547169811320755
Cup4G11,0.168201311295324,0.7641509433962265
Cup4G11,0.170394838775394,0.7735849056603774
Cup4G11,0.173132293337227,0.7830188679245284
Cup4G11,0.17371780539774,0.7924528301886793
Cup4G11,0.180695733440488,0.8018867924528302
Cup4G11,0.185388029442749,0.8113207547169812
Cup4G11,0.185944610274138,0.8207547169811321
Cup4G11,0.191467220666172,0.8301886792452831
Cup4G11,0.191740829620012,0.839622641509434
Cup4G11,0.195599285263861,0.8490566037735849
Cup4G11,0.197365691695977,0.8584905660377359
Cup4G11,0.198066338120125,0.8679245283018868
Cup4G11,0.199615388161258,0.8773584905660378
Cup4G11,0.200457628014647,0.8867924528301887
Cup4G11,0.202195039918999,0.8962264150943396
Cup4G11,0.207774148800826,0.9056603773584906
Cup4G11,0.208296739786846,0.9150943396226415
Cup4G11,0.212911727402813,0.9245283018867925
Cup4G11,0.214219324081577,0.9339622641509434
Cup4G11,0.221145502087446,0.9433962264150944
Cup4G11,0.222483802715409,0.9528301886792453
Cup4G11,0.226567591310011,0.9622641509433962
Cup4G11,0.240883047667857,0.9716981132075472
Cup4G11,0.243724895634799,0.9811320754716981
Cup4G11,0.244619538438808,0.9905660377358491
Cup4G11,0.277447194067238,1.0
Dda3937,0.165423864807606,0.017241379310344827
Dda3937,0.167687226044239,0.034482758620689655
Dda3937,0.17781676808451,0.05172413793103448
Dda3937,0.182468104638093,0.06896551724137931
Dda3937,0.186287743726403,0.08620689655172414
Dda3937,0.189244396938988,0.10344827586206896
Dda3937,0.20159517168916,0.1206896551724138
Dda3937,0.209528754586776,0.13793103448275862
Dda3937,0.211553848003492,0.15517241379310345
Dda3937,0.212289879767785,0.1724137931034483
Dda3937,0.218229932147466,0.1896551724137931
Dda3937,0.219738562011836,0.20689655172413793
Dda3937,0.220776519350544,0.22413793103448276
Dda3937,0.221839894380976,0.2413793103448276
Dda3937,0.22652263739672,0.25862068965517243
Dda3937,0.226642195532375,0.27586206896551724
Dda3937,0.22943026800762,0.29310344827586204
Dda3937,0.229881875544411,0.3103448275862069
Dda3937,0.232681509120452,0.3275862068965517
Dda3937,0.23464458410809,0.3448275862068966
Dda3937,0.236133332036792,0.3620689655172414
Dda3937,0.237429350411241,0.3793103448275862
Dda3937,0.239298470361313,0.39655172413793105
Dda3937,0.243111577134355,0.41379310344827586
Dda3937,0.245629910507719,0.43103448275862066
Dda3937,0.247904879558861,0.4482758620689655
Dda3937,0.249460014916239,0.46551724137931033
Dda3937,0.250487776353361,0.4827586206896552
Dda3937,0.251321516185623,0.5
Dda3937,0.251592667562549,0.5172413793103449
Dda3937,0.255060897493701,0.5344827586206896
Dda3937,0.255606682772968,0.5517241379310345
Dda3937,0.257288653103704,0.5689655172413793
Dda3937,0.264226956890246,0.5862068965517241
Dda3937,0.264459684608644,0.603448275862069
Dda3937,0.265819642106233,0.6206896551724138
Dda3937,0.26726785629264,0.6379310344827587
Dda3937,0.268244749031107,0.6551724137931034
Dda3937,0.26965747709108,0.6724137931034483
Dda3937,0.275135010841816,0.6896551724137931
Dda3937,0.278648737394623,0.7068965517241379
Dda3937,0.285356576361936,0.7241379310344828
Dda3937,0.292311167300972,0.7413793103448276
Dda3937,0.292798536901014,0.7586206896551724
Dda3937,0.292843051448329,0.7758620689655172
Dda3937,0.298969079810572,0.7931034482758621
Dda3937,0.299544580443164,0.8103448275862069
Dda3937,0.301343089175809,0.8275862068965517
Dda3937,0.308851898124621,0.8448275862068966
Dda3937,0.310448968997808,0.8620689655172413
Dda3937,0.312087027351914,0.8793103448275862
Dda3937,0.322244238395181,0.896551724137931
Dda3937,0.324390687882322,0.9137931034482759
Dda3937,0.329109634749921,0.9310344827586207
Dda3937,0.330464026073222,0.9482758620689655
Dda3937,0.356140857594237,0.9655172413793104
Dda3937,0.361133238654632,0.9827586206896551
Dda3937,0.378935311430654,1.0
Ddia6719,0.110691510107171,0.030303030303030304
Ddia6719,0.114070939392022,0.06060606060606061
Ddia6719,0.116671728261329,0.09090909090909091
Ddia6719,0.117291965450726,0.12121212121212122
Ddia6719,0.117814142279895,0.15151515151515152
Ddia6719,0.117940165302351,0.18181818181818182
Ddia6719,0.128277951781963,0.21212121212121213
Ddia6719,0.148269404338005,0.24242424242424243
Ddia6719,0.162670725405289,0.2727272727272727
Ddia6719,0.165238154835487,0.30303030303030304
Ddia6719,0.167753147124214,0.3333333333333333
Ddia6719,0.174033078123992,0.36363636363636365
Ddia6719,0.177830765395982,0.3939393939393939
Ddia6719,0.181004643099646,0.42424242424242425
Ddia6719,0.183235263134994,0.45454545454545453
Ddia6719,0.190095002628995,0.48484848484848486
Ddia6719,0.190167093116827,0.5151515151515151
Ddia6719,0.192675695665657,0.5454545454545454
Ddia6719,0.195758161285445,0.5757575757575758
Ddia6719,0.198367113500482,0.6060606060606061
Ddia6719,0.201273471866866,0.6363636363636364
Ddia6719,0.201637048707632,0.6666666666666666
Ddia6719,0.214211703568215,0.696969696969697
Ddia6719,0.216033711085293,0.7272727272727273
Ddia6719,0.234285324500337,0.7575757575757576
Ddia6719,0.234918926422845,0.7878787878787878
Ddia6719,0.237912671940984,0.8181818181818182
Ddia6719,0.241218906581431,0.8484848484848485
Ddia6719,0.252799014717117,0.8787878787878788
Ddia6719,0.253122112070592,0.9090909090909091
Ddia6719,0.253384930620278,0.9393939393939394
Ddia6719,0.253753849327526,0.9696969696969697
Ddia6719,0.256267920036752,1.0
DdiaME23,0.119088098018259,0.014492753623188406
DdiaME23,0.133685165275523,0.028985507246376812
DdiaME23,0.134120509356326,0.043478260869565216
DdiaME23,0.144646550614794,0.057971014492753624
DdiaME23,0.144659588707984,0.07246376811594203
DdiaME23,0.146526007998161,0.08695652173913043
DdiaME23,0.171197504630315,0.10144927536231885
DdiaME23,0.172893129027763,0.11594202898550725
DdiaME23,0.175267623440447,0.13043478260869565
DdiaME23,0.176348176217594,0.14492753623188406
DdiaME23,0.189953288531384,0.15942028985507245
DdiaME23,0.190890027169858,0.17391304347826086
DdiaME23,0.192849823988691,0.18840579710144928
DdiaME23,0.194074045112182,0.2028985507246377
DdiaME23,0.198289616832274,0.21739130434782608
DdiaME23,0.202591914347027,0.2318840579710145
DdiaME23,0.206239867719902,0.2463768115942029
DdiaME23,0.2077568847216,0.2608695652173913
DdiaME23,0.208854644269636,0.2753623188405797
DdiaME23,0.211034819460381,0.2898550724637681
DdiaME23,0.214168317576393,0.30434782608695654
DdiaME23,0.214430241519701,0.3188405797101449
DdiaME23,0.214988264766022,0.3333333333333333
DdiaME23,0.216870668464899,0.34782608695652173
DdiaME23,0.218918273545472,0.36231884057971014
DdiaME23,0.220654701447749,0.37681159420289856
DdiaME23,0.22571066666664,0.391304347826087
DdiaME23,0.226097277122862,0.4057971014492754
DdiaME23,0.228247173704337,0.42028985507246375
DdiaME23,0.232809257093342,0.43478260869565216
DdiaME23,0.237012972784779,0.4492753623188406
DdiaME23,0.242034103466069,0.463768115942029
DdiaME23,0.246159003497581,0.4782608695652174
DdiaME23,0.247296955533163,0.4927536231884058
DdiaME23,0.249477016383408,0.5072463768115942
DdiaME23,0.250999929947606,0.5217391304347826
DdiaME23,0.263259252942684,0.5362318840579711
DdiaME23,0.264297534463029,0.5507246376811594
DdiaME23,0.268157445308498,0.5652173913043478
DdiaME23,0.268701824358695,0.5797101449275363
DdiaME23,0.272479426753217,0.5942028985507246
DdiaME23,0.273383478751843,0.6086956521739131
DdiaME23,0.274857933894954,0.6231884057971014
DdiaME23,0.276008629818085,0.6376811594202898
DdiaME23,0.278277779281568,0.6521739130434783
DdiaME23,0.2881551138107,0.6666666666666666
DdiaME23,0.288545926034566,0.6811594202898551
DdiaME23,0.290570079845904,0.6956521739130435
DdiaME23,0.292122076522284,0.7101449275362319
DdiaME23,0.292443580711723,0.7246376811594203
DdiaME23,0.295945943900515,0.7391304347826086
DdiaME23,0.296027985338547,0.7536231884057971
DdiaME23,0.299376177891434,0.7681159420289855
DdiaME23,0.30181751661202,0.782608695652174
DdiaME23,0.303879647522771,0.7971014492753623
DdiaME23,0.304090017660922,0.8115942028985508
DdiaME23,0.304940727686922,0.8260869565217391
DdiaME23,0.307145557506945,0.8405797101449275
DdiaME23,0.307236781895877,0.855072463768116
DdiaME23,0.308281509075219,0.8695652173913043
DdiaME23,0.316452292317666,0.8840579710144928
DdiaME23,0.316459826013336,0.8985507246376812
DdiaME23,0.317765093910801,0.9130434782608695
DdiaME23,0.322680174597746,0.927536231884058
DdiaME23,0.326931788146961,0.9420289855072463
DdiaME23,0.331367414874858,0.9565217391304348
DdiaME23,0.333981096180208,0.9710144927536232
DdiaME23,0.334063073404091,0.9855072463768116
DdiaME23,0.341915354468555,1.0
Dino,0.100005213731797,0.005376344086021506
Dino,0.101263988505422,0.010752688172043012
Dino,0.101968558333124,0.016129032258064516
Dino,0.102516313981977,0.021505376344086023
Dino,0.106895570994363,0.026881720430107527
Dino,0.10728533318568,0.03225806451612903
Dino,0.107986493440996,0.03763440860215054
Dino,0.108079930418622,0.043010752688172046
Dino,0.109806751813062,0.04838709677419355
Dino,0.109815777591237,0.053763440860215055
Dino,0.110569573275902,0.05913978494623656
Dino,0.11114499278543,0.06451612903225806
Dino,0.114320812707766,0.06989247311827956
Dino,0.117681832931123,0.07526881720430108
Dino,0.117948463234994,0.08064516129032258
Dino,0.118127579105529,0.08602150537634409
Dino,0.118290791525031,0.0913978494623656
Dino,0.118869788719534,0.0967741935483871
Dino,0.12160750100545,0.10215053763440861
Dino,0.121915965193431,0.10752688172043011
Dino,0.122359113717,0.11290322580645161
Dino,0.124518038015193,0.11827956989247312
Dino,0.124655557849801,0.12365591397849462
Dino,0.125738494325762,0.12903225806451613
Dino,0.127440187246443,0.13440860215053763
Dino,0.127757959890807,0.13978494623655913
Dino,0.12785611024735,0.14516129032258066
Dino,0.128236024776717,0.15053763440860216
Dino,0.131954134820808,0.15591397849462366
Dino,0.133745307224214,0.16129032258064516
Dino,0.133972772275687,0.16666666666666666
Dino,0.134390590590388,0.17204301075268819
Dino,0.134547028695146,0.1774193548387097
Dino,0.134938271522535,0.1827956989247312
Dino,0.135383122341738,0.1881720430107527
Dino,0.135640050681239,0.1935483870967742
Dino,0.135837129693354,0.1989247311827957
Dino,0.137986385649694,0.20430107526881722
Dino,0.138521651155736,0.20967741935483872
Dino,0.141214681605738,0.21505376344086022
Dino,0.141701957816312,0.22043010752688172
Dino,0.141963884703494,0.22580645161290322
Dino,0.14231852132569,0.23118279569892472
Dino,0.14278203637824,0.23655913978494625
Dino,0.143416703745663,0.24193548387096775
Dino,0.143598714888583,0.24731182795698925
Dino,0.143751290139602,0.25268817204301075
Dino,0.145312493236581,0.25806451612903225
Dino,0.146131226456361,0.26344086021505375
Dino,0.14643608680852,0.26881720430107525
Dino,0.147436082758874,0.27419354838709675
Dino,0.149267160110077,0.27956989247311825
Dino,0.150949147744632,0.2849462365591398
Dino,0.151810073488713,0.2903225806451613
Dino,0.152427694239491,0.2956989247311828
Dino,0.153219670161305,0.3010752688172043
Dino,0.154886276116496,0.3064516129032258
Dino,0.155504299092212,0.3118279569892473
Dino,0.155856668062358,0.3172043010752688
Dino,0.156319676286581,0.3225806451612903
Dino,0.156407692567132,0.3279569892473118
Dino,0.156856862011986,0.3333333333333333
Dino,0.157451387828707,0.3387096774193548
Dino,0.158450931742986,0.34408602150537637
Dino,0.159978844811273,0.34946236559139787
Dino,0.162643665968642,0.3548387096774194
Dino,0.16414210827723,0.3602150537634409
Dino,0.16562716010669,0.3655913978494624
Dino,0.165648257614119,0.3709677419354839
Dino,0.166280451858549,0.3763440860215054
Dino,0.166950400454899,0.3817204301075269
Dino,0.167285909600167,0.3870967741935484
Dino,0.167407684134106,0.3924731182795699
Dino,0.168961597371064,0.3978494623655914
Dino,0.169194336176754,0.4032258064516129
Dino,0.169495425825779,0.40860215053763443
Dino,0.171526092670444,0.41397849462365593
Dino,0.171598506857347,0.41935483870967744
Dino,0.17170692951579,0.42473118279569894
Dino,0.172981793286936,0.43010752688172044
Dino,0.176900698254025,0.43548387096774194
Dino,0.177025659455507,0.44086021505376344
Dino,0.177828532809,0.44623655913978494
Dino,0.178004058541775,0.45161290322580644
Dino,0.179562363875811,0.45698924731182794
Dino,0.180025846551121,0.46236559139784944
Dino,0.180102609250358,0.46774193548387094
Dino,0.180395090289487,0.4731182795698925
Dino,0.183918280634287,0.478494623655914
Dino,0.184125841155081,0.4838709677419355
Dino,0.184725918423114,0.489247311827957
Dino,0.185411781678002,0.4946236559139785
Dino,0.18579173605628,0.5
Dino,0.186576539174246,0.5053763440860215
Dino,0.187112365055588,0.510752688172043
Dino,0.187887948131941,0.5161290322580645
Dino,0.188918986383393,0.521505376344086
Dino,0.191542561428079,0.5268817204301075
Dino,0.191644748977344,0.532258064516129
Dino,0.191877649669232,0.5376344086021505
Dino,0.192068098818902,0.543010752688172
Dino,0.192174375862583,0.5483870967741935
Dino,0.192285696283969,0.553763440860215
Dino,0.192699559594327,0.5591397849462365
Dino,0.193405113192,0.5645161290322581
Dino,0.194009992253721,0.5698924731182796
Dino,0.194854008361786,0.5752688172043011
Dino,0.195340716725389,0.5806451612903226
Dino,0.195826156150256,0.5860215053763441
Dino,0.196884084944468,0.5913978494623656
Dino,0.197386569740701,0.5967741935483871
Dino,0.197592937284744,0.6021505376344086
Dino,0.197702595259405,0.6075268817204301
Dino,0.198968002386033,0.6129032258064516
Dino,0.199084692448078,0.6182795698924731
Dino,0.199381381283075,0.6236559139784946
Dino,0.200443207798822,0.6290322580645161
Dino,0.201228481632041,0.6344086021505376
Dino,0.20296734611433,0.6397849462365591
Dino,0.203134748895803,0.6451612903225806
Dino,0.203573243813819,0.6505376344086021
Dino,0.204122894776467,0.6559139784946236
Dino,0.204543918437888,0.6612903225806451
Dino,0.207365964715992,0.6666666666666666
Dino,0.208278451214122,0.6720430107526881
Dino,0.211764050338478,0.6774193548387096
Dino,0.211956229179909,0.6827956989247311
Dino,0.213926179983391,0.6881720430107527
Dino,0.214841747300397,0.6935483870967742
Dino,0.215302672173779,0.6989247311827957
Dino,0.215373071500158,0.7043010752688172
Dino,0.219050617844154,0.7096774193548387
Dino,0.219264647586474,0.7150537634408602
Dino,0.22086960976804,0.7204301075268817
Dino,0.221319226267856,0.7258064516129032
Dino,0.222570025033036,0.7311827956989247
Dino,0.222610655978166,0.7365591397849462
Dino,0.224034872219712,0.7419354838709677
Dino,0.224319749588651,0.7473118279569892
Dino,0.225092701391648,0.7526881720430108
Dino,0.227568879053093,0.7580645161290323
Dino,0.229128584080102,0.7634408602150538
Dino,0.22919887133142,0.7688172043010753
Dino,0.230758299906615,0.7741935483870968
Dino,0.231070953211287,0.7795698924731183
Dino,0.231518111531451,0.7849462365591398
Dino,0.23239673890864,0.7903225806451613
Dino,0.232784145033137,0.7956989247311828
Dino,0.23357899879344,0.8010752688172043
Dino,0.236192006405234,0.8064516129032258
Dino,0.240274183565191,0.8118279569892473
Dino,0.243410015106074,0.8172043010752689
Dino,0.243797946738076,0.8225806451612904
Dino,0.246204805974834,0.8279569892473119
Dino,0.248867556234147,0.8333333333333334
Dino,0.250724783187434,0.8387096774193549
Dino,0.250799569629777,0.8440860215053764
Dino,0.252270792642096,0.8494623655913979
Dino,0.252516631777036,0.8548387096774194
Dino,0.255085200382213,0.8602150537634409
Dino,0.258649806197565,0.8655913978494624
Dino,0.258937636121698,0.8709677419354839
Dino,0.259103635474363,0.8763440860215054
Dino,0.263007273327705,0.8817204301075269
Dino,0.268623948588371,0.8870967741935484
Dino,0.269909379792407,0.8924731182795699
Dino,0.270096241294875,0.8978494623655914
Dino,0.272334641754038,0.9032258064516129
Dino,0.272951920053243,0.9086021505376344
Dino,0.277080157572354,0.9139784946236559
Dino,0.279593727209692,0.9193548387096774
Dino,0.279738870638946,0.9247311827956989
Dino,0.281133501555176,0.9301075268817204
Dino,0.282726159140419,0.9354838709677419
Dino,0.289049562296332,0.9408602150537635
Dino,0.290283681802008,0.946236559139785
Dino,0.315110945119368,0.9516129032258065
Dino,0.317620846166405,0.956989247311828
Dino,0.325322002979772,0.9623655913978495
Dino,0.329729108154042,0.967741935483871
Dino,0.339344606616614,0.9731182795698925
Dino,0.339364277034944,0.978494623655914
Dino,0.355820307924185,0.9838709677419355
Dino,0.387324193892783,0.989247311827957
Dino,0.393452338633669,0.9946236559139785
Dino,0.42254203192074,1.0
DvH,0.10977195545396,0.001321003963011889
DvH,0.12484006849883,0.002642007926023778
DvH,0.125213089100224,0.003963011889035667
DvH,0.137579050629699,0.005284015852047556
DvH,0.140047486567211,0.0066050198150594455
DvH,0.14017955565104,0.007926023778071334
DvH,0.141371720572753,0.009247027741083224
DvH,0.144368170229296,0.010568031704095112
DvH,0.145121739048051,0.011889035667107
DvH,0.145607808425962,0.013210039630118891
DvH,0.14678404416319,0.01453104359313078
DvH,0.149718783297999,0.015852047556142668
DvH,0.149920642659504,0.017173051519154558
DvH,0.150453027217603,0.018494055482166448
DvH,0.151543740454884,0.019815059445178335
DvH,0.156457166292417,0.021136063408190225
DvH,0.160830529274412,0.022457067371202115
DvH,0.161382052532411,0.023778071334214
DvH,0.162674791957115,0.02509907529722589
DvH,0.163209043889206,0.026420079260237782
DvH,0.164803787736201,0.02774108322324967
DvH,0.164919136557802,0.02906208718626156
DvH,0.165080040694438,0.03038309114927345
DvH,0.165093134914604,0.031704095112285335
DvH,0.165464663769397,0.03302509907529723
DvH,0.165507125809014,0.034346103038309116
DvH,0.165898826608107,0.035667107001321
DvH,0.166890394663816,0.036988110964332896
DvH,0.166996783319143,0.03830911492734478
DvH,0.168105828034137,0.03963011889035667
DvH,0.168334351558915,0.04095112285336856
DvH,0.168926150898849,0.04227212681638045
DvH,0.169482902804026,0.043593130779392336
DvH,0.173184811913289,0.04491413474240423
DvH,0.173563828561086,0.046235138705416116
DvH,0.173686919181606,0.047556142668428
DvH,0.174387111240483,0.0488771466314399
DvH,0.174392039601007,0.05019815059445178
DvH,0.174408625326205,0.05151915455746367
DvH,0.174448671080742,0.052840158520475564
DvH,0.174767183734901,0.05416116248348745
DvH,0.176996762627348,0.05548216644649934
DvH,0.177205240134488,0.05680317040951123
DvH,0.178574442873611,0.05812417437252312
DvH,0.17981002558601,0.059445178335535004
DvH,0.179857766858728,0.0607661822985469
DvH,0.18001877862499,0.062087186261558784
DvH,0.180107947616629,0.06340819022457067
DvH,0.181139007134308,0.06472919418758256
DvH,0.181489097244117,0.06605019815059446
DvH,0.181683436523729,0.06737120211360634
DvH,0.182960672977262,0.06869220607661823
DvH,0.182987931256065,0.07001321003963012
DvH,0.183697976807102,0.071334214002642
DvH,0.183834638447026,0.0726552179656539
DvH,0.183876025266689,0.07397622192866579
DvH,0.184537113330247,0.07529722589167767
DvH,0.184775137322015,0.07661822985468957
DvH,0.185292446198554,0.07793923381770146
DvH,0.186135630671891,0.07926023778071334
DvH,0.18620950011235,0.08058124174372523
DvH,0.187173535433713,0.08190224570673713
DvH,0.187296773506819,0.083223249669749
DvH,0.188171196402488,0.0845442536327609
DvH,0.188275930790481,0.08586525759577279
DvH,0.188566856895481,0.08718626155878467
DvH,0.188646158403109,0.08850726552179657
DvH,0.188698811891908,0.08982826948480846
DvH,0.189030056054397,0.09114927344782034
DvH,0.189123621716213,0.09247027741083223
DvH,0.190200968430377,0.09379128137384413
DvH,0.190698502515933,0.095112285336856
DvH,0.190800482661824,0.0964332892998679
DvH,0.191635058917762,0.0977542932628798
DvH,0.191732272147566,0.09907529722589167
DvH,0.192104169095677,0.10039630118890357
DvH,0.192202431714324,0.10171730515191546
DvH,0.192282316574519,0.10303830911492734
DvH,0.19263958235142,0.10435931307793923
DvH,0.192788303890814,0.10568031704095113
DvH,0.193320182589676,0.10700132100396301
DvH,0.193590247920778,0.1083223249669749
DvH,0.193749962750059,0.1096433289299868
DvH,0.195442404160171,0.11096433289299867
DvH,0.195443369597907,0.11228533685601057
DvH,0.196160604807887,0.11360634081902246
DvH,0.196251775710549,0.11492734478203434
DvH,0.196441047787422,0.11624834874504623
DvH,0.196820829681853,0.11756935270805813
DvH,0.1968487638747,0.11889035667107001
DvH,0.197053310747938,0.1202113606340819
DvH,0.19714645019644,0.1215323645970938
DvH,0.1971839645022,0.12285336856010567
DvH,0.197232194413415,0.12417437252311757
DvH,0.197399680101614,0.12549537648612946
DvH,0.197570972649647,0.12681638044914134
DvH,0.197729079492332,0.12813738441215325
DvH,0.198280850298469,0.12945838837516513
DvH,0.19889494834409,0.130779392338177
DvH,0.199119092419431,0.13210039630118892
DvH,0.199263042737553,0.1334214002642008
DvH,0.199597148771767,0.13474240422721268
DvH,0.199698714543603,0.13606340819022458
DvH,0.199740837549901,0.13738441215323646
DvH,0.200370379370399,0.13870541611624834
DvH,0.200425950698329,0.14002642007926025
DvH,0.200624072082961,0.14134742404227213
DvH,0.200644615349466,0.142668428005284
DvH,0.200780354603504,0.14398943196829592
DvH,0.200991504554231,0.1453104359313078
DvH,0.201058531979435,0.14663143989431968
DvH,0.201336974124243,0.14795244385733158
DvH,0.201856119162182,0.14927344782034346
DvH,0.201992632273224,0.15059445178335534
DvH,0.202198840947871,0.15191545574636725
DvH,0.202293415099272,0.15323645970937913
DvH,0.202408039573497,0.154557463672391
DvH,0.202758379384036,0.15587846763540292
DvH,0.202858853791475,0.1571994715984148
DvH,0.202921096003556,0.15852047556142668
DvH,0.202926211639628,0.15984147952443858
DvH,0.202982352328273,0.16116248348745046
DvH,0.203359359530974,0.16248348745046234
DvH,0.2045328700861,0.16380449141347425
DvH,0.204698760703258,0.16512549537648613
DvH,0.206052591779353,0.166446499339498
DvH,0.206140361585869,0.16776750330250992
DvH,0.206226653637634,0.1690885072655218
DvH,0.20652000571438,0.17040951122853368
DvH,0.206541742593425,0.17173051519154559
DvH,0.20667275690693,0.17305151915455746
DvH,0.207371426006615,0.17437252311756934
DvH,0.207447354401798,0.17569352708058125
DvH,0.207543927235335,0.17701453104359313
DvH,0.207903910660265,0.178335535006605
DvH,0.20797434671569,0.17965653896961692
DvH,0.208448840527442,0.1809775429326288
DvH,0.208781138383959,0.18229854689564068
DvH,0.208936907511191,0.18361955085865259
DvH,0.209891652243333,0.18494055482166447
DvH,0.210229044209996,0.18626155878467635
DvH,0.210809326103769,0.18758256274768825
DvH,0.211053787423402,0.18890356671070013
DvH,0.211144016566847,0.190224570673712
DvH,0.213226885517589,0.19154557463672392
DvH,0.213749482237599,0.1928665785997358
DvH,0.213952291968692,0.19418758256274768
DvH,0.214076612795824,0.1955085865257596
DvH,0.214586832108971,0.19682959048877147
DvH,0.214657889187331,0.19815059445178335
DvH,0.215196854220697,0.19947159841479525
DvH,0.21533819021523,0.20079260237780713
DvH,0.2154888985975,0.202113606340819
DvH,0.215689532057577,0.20343461030383092
DvH,0.216136184237959,0.2047556142668428
DvH,0.216472905672059,0.20607661822985468
DvH,0.216510865564466,0.2073976221928666
DvH,0.216728748824526,0.20871862615587847
DvH,0.21676160492012,0.21003963011889035
DvH,0.217137821045078,0.21136063408190225
DvH,0.217228568963315,0.21268163804491413
DvH,0.217532560228482,0.21400264200792601
DvH,0.217639145846023,0.21532364597093792
DvH,0.217800397626348,0.2166446499339498
DvH,0.217857580169763,0.21796565389696168
DvH,0.217972367164721,0.2192866578599736
DvH,0.218385435673246,0.22060766182298547
DvH,0.218590827439039,0.22192866578599735
DvH,0.218659440248619,0.22324966974900926
DvH,0.218933388856587,0.22457067371202113
DvH,0.218970656690505,0.22589167767503301
DvH,0.219028285896863,0.22721268163804492
DvH,0.219066812997393,0.2285336856010568
DvH,0.219179889757612,0.22985468956406868
DvH,0.219615363525153,0.2311756935270806
DvH,0.220026769155972,0.23249669749009247
DvH,0.22010674227246,0.23381770145310435
DvH,0.220146490969233,0.23513870541611626
DvH,0.220257146062891,0.23645970937912814
DvH,0.220536074693604,0.23778071334214002
DvH,0.220597418198317,0.23910171730515192
DvH,0.221024612018813,0.2404227212681638
DvH,0.221104541007155,0.24174372523117568
DvH,0.22135398019694,0.2430647291941876
DvH,0.221833417437364,0.24438573315719947
DvH,0.221924064183754,0.24570673712021135
DvH,0.222487288934572,0.24702774108322326
DvH,0.223156915256273,0.24834874504623514
DvH,0.223386378387676,0.24966974900924702
DvH,0.223830890891116,0.2509907529722589
DvH,0.224157045248643,0.2523117569352708
DvH,0.224196942474298,0.2536327608982827
DvH,0.224277179283367,0.25495376486129456
DvH,0.2248307012235,0.2562747688243065
DvH,0.225245160306779,0.2575957727873184
DvH,0.225456802124891,0.25891677675033026
DvH,0.225665737057936,0.26023778071334214
DvH,0.225716251946088,0.261558784676354
DvH,0.225740095136893,0.2628797886393659
DvH,0.225881410681797,0.26420079260237783
DvH,0.226135493013601,0.2655217965653897
DvH,0.226266421223406,0.2668428005284016
DvH,0.226325089055644,0.26816380449141347
DvH,0.226329229567314,0.26948480845442535
DvH,0.226486824092985,0.27080581241743723
DvH,0.226547107445893,0.27212681638044917
DvH,0.226921014915397,0.27344782034346105
DvH,0.226947659705338,0.2747688243064729
DvH,0.227193892608597,0.2760898282694848
DvH,0.227289981108821,0.2774108322324967
DvH,0.227320389706745,0.27873183619550856
DvH,0.22732365088438,0.2800528401585205
DvH,0.227436580192012,0.2813738441215324
DvH,0.227741793053422,0.28269484808454426
DvH,0.227828002230376,0.28401585204755614
DvH,0.227894445226717,0.285336856010568
DvH,0.228238344480502,0.2866578599735799
DvH,0.228255125015321,0.28797886393659183
DvH,0.228353023845836,0.2892998678996037
DvH,0.228358475286337,0.2906208718626156
DvH,0.228379461986897,0.2919418758256275
DvH,0.228469445734797,0.29326287978863935
DvH,0.228499283895708,0.29458388375165123
DvH,0.228729689862626,0.29590488771466317
DvH,0.229417319391684,0.29722589167767505
DvH,0.229468821243496,0.2985468956406869
DvH,0.229487511127861,0.2998678996036988
DvH,0.229907460398305,0.3011889035667107
DvH,0.230061462247097,0.30250990752972257
DvH,0.23022821820644,0.3038309114927345
DvH,0.230253346494965,0.3051519154557464
DvH,0.230507354562328,0.30647291941875826
DvH,0.230642437275654,0.30779392338177014
DvH,0.230660565333377,0.309114927344782
DvH,0.230710380628966,0.3104359313077939
DvH,0.230733702892387,0.31175693527080584
DvH,0.231344425672971,0.3130779392338177
DvH,0.231417176841627,0.3143989431968296
DvH,0.231759427209559,0.3157199471598415
DvH,0.231948224639785,0.31704095112285335
DvH,0.232078699728869,0.31836195508586523
DvH,0.232167605027928,0.31968295904887717
DvH,0.232233784331688,0.32100396301188905
DvH,0.232638819365009,0.32232496697490093
DvH,0.232743098479689,0.3236459709379128
DvH,0.232751649653387,0.3249669749009247
DvH,0.232829883475136,0.32628797886393657
DvH,0.233014793323311,0.3276089828269485
DvH,0.233183326247761,0.3289299867899604
DvH,0.233369594381802,0.33025099075297226
DvH,0.233535416116001,0.33157199471598414
DvH,0.234047863362383,0.332892998678996
DvH,0.234085068771119,0.3342140026420079
DvH,0.234245362647783,0.33553500660501984
DvH,0.234706160589767,0.3368560105680317
DvH,0.234961208359306,0.3381770145310436
DvH,0.235133076725831,0.3394980184940555
DvH,0.235221775376009,0.34081902245706736
DvH,0.235269120571708,0.34214002642007924
DvH,0.235289099858979,0.34346103038309117
DvH,0.235395346443201,0.34478203434610305
DvH,0.235497123169101,0.34610303830911493
DvH,0.235498438403118,0.3474240422721268
DvH,0.235640277027999,0.3487450462351387
DvH,0.235800112402461,0.35006605019815057
DvH,0.235944779533885,0.3513870541611625
DvH,0.236322613332105,0.3527080581241744
DvH,0.236334695833796,0.35402906208718626
DvH,0.236708571014413,0.35535006605019814
DvH,0.236952405929629,0.35667107001321
DvH,0.237048250110605,0.3579920739762219
DvH,0.237147195101074,0.35931307793923384
DvH,0.237179854234454,0.3606340819022457
DvH,0.237182717182477,0.3619550858652576
DvH,0.237300743829145,0.3632760898282695
DvH,0.237693419752639,0.36459709379128136
DvH,0.237764293860637,0.36591809775429324
DvH,0.237958651437286,0.36723910171730517
DvH,0.238003127227185,0.36856010568031705
DvH,0.238019296425734,0.36988110964332893
DvH,0.238036827139038,0.3712021136063408
DvH,0.238145009980213,0.3725231175693527
DvH,0.238171143529435,0.37384412153236457
DvH,0.238235278946618,0.3751651254953765
DvH,0.238272672707198,0.3764861294583884
DvH,0.238695214775307,0.37780713342140027
DvH,0.238746614378975,0.37912813738441214
DvH,0.238805177810477,0.380449141347424
DvH,0.239140042633547,0.3817701453104359
DvH,0.239169797919648,0.38309114927344784
DvH,0.239424668100306,0.3844121532364597
DvH,0.239743072048544,0.3857331571994716
DvH,0.239748988449024,0.3870541611624835
DvH,0.23976939394961,0.38837516512549536
DvH,0.240157142588876,0.38969616908850724
DvH,0.240182295632216,0.3910171730515192
DvH,0.240224969702193,0.39233817701453105
DvH,0.240388609783895,0.39365918097754293
DvH,0.240580802928787,0.3949801849405548
DvH,0.240594992818534,0.3963011889035667
DvH,0.240698151508818,0.39762219286657857
DvH,0.240867503494714,0.3989431968295905
DvH,0.240923927249273,0.4002642007926024
DvH,0.240926767595074,0.40158520475561427
DvH,0.241074929460418,0.40290620871862615
DvH,0.241287906962175,0.404227212681638
DvH,0.241362556717415,0.40554821664464996
DvH,0.241475516161343,0.40686922060766184
DvH,0.241542932129493,0.4081902245706737
DvH,0.241715408603399,0.4095112285336856
DvH,0.241764224019774,0.4108322324966975
DvH,0.241875050244536,0.41215323645970936
DvH,0.242077272317876,0.4134742404227213
DvH,0.242207735567702,0.4147952443857332
DvH,0.24237250145528,0.41611624834874505
DvH,0.242459074420367,0.41743725231175693
DvH,0.242485866662894,0.4187582562747688
DvH,0.242485985055481,0.4200792602377807
DvH,0.242832173591388,0.42140026420079263
DvH,0.242954171771215,0.4227212681638045
DvH,0.242998229958168,0.4240422721268164
DvH,0.243153679425415,0.42536327608982827
DvH,0.243651217816156,0.42668428005284015
DvH,0.243693758425398,0.42800528401585203
DvH,0.243922749062748,0.42932628797886396
DvH,0.244013902744671,0.43064729194187584
DvH,0.244227861828607,0.4319682959048877
DvH,0.244326820810927,0.4332892998678996
DvH,0.24466288139913,0.4346103038309115
DvH,0.245543561881191,0.43593130779392336
DvH,0.245642744733131,0.4372523117569353
DvH,0.245670960915596,0.4385733157199472
DvH,0.245686565058614,0.43989431968295906
DvH,0.245903711055744,0.44121532364597094
DvH,0.246203383144064,0.4425363276089828
DvH,0.246290258548396,0.4438573315719947
DvH,0.246329600405187,0.44517833553500663
DvH,0.246450727861348,0.4464993394980185
DvH,0.24652869691422,0.4478203434610304
DvH,0.246787898110984,0.44914134742404227
DvH,0.246942442413085,0.45046235138705415
DvH,0.24721914956834,0.45178335535006603
DvH,0.24732185298531,0.45310435931307796
DvH,0.247697716085099,0.45442536327608984
DvH,0.247987758550878,0.4557463672391017
DvH,0.248241350091592,0.4570673712021136
DvH,0.248429794496649,0.4583883751651255
DvH,0.248461709909322,0.45970937912813736
DvH,0.248468709063829,0.4610303830911493
DvH,0.248576372053915,0.4623513870541612
DvH,0.248605347025235,0.46367239101717306
DvH,0.24897771323851,0.46499339498018494
DvH,0.249031584018366,0.4663143989431968
DvH,0.249084798257511,0.4676354029062087
DvH,0.24910645656693,0.46895640686922063
DvH,0.249168855918263,0.4702774108322325
DvH,0.249278465928264,0.4715984147952444
DvH,0.249304742624888,0.47291941875825627
DvH,0.249415731370383,0.47424042272126815
DvH,0.249704606054733,0.47556142668428003
DvH,0.249934624555001,0.47688243064729197
DvH,0.250042842913952,0.47820343461030385
DvH,0.250878821583902,0.4795244385733157
DvH,0.251624031885987,0.4808454425363276
DvH,0.251664530761245,0.4821664464993395
DvH,0.251750635537463,0.48348745046235136
DvH,0.251986679144133,0.4848084544253633
DvH,0.252027631140112,0.4861294583883752
DvH,0.252191087175155,0.48745046235138706
DvH,0.2524178412689,0.48877146631439894
DvH,0.252497082503938,0.4900924702774108
DvH,0.252592243236796,0.4914134742404227
DvH,0.252876137898401,0.49273447820343463
DvH,0.253000987186992,0.4940554821664465
DvH,0.253739485705668,0.4953764861294584
DvH,0.253807100788624,0.4966974900924703
DvH,0.253810206979599,0.49801849405548215
DvH,0.253840229187169,0.49933949801849403
DvH,0.25389041149978,0.5006605019815059
DvH,0.254054202262956,0.5019815059445178
DvH,0.254358752125877,0.5033025099075297
DvH,0.254472704991242,0.5046235138705416
DvH,0.254529983325023,0.5059445178335535
DvH,0.255072654046374,0.5072655217965654
DvH,0.255144476371367,0.5085865257595773
DvH,0.255643214832426,0.5099075297225891
DvH,0.255766939391436,0.5112285336856011
DvH,0.25579315581547,0.512549537648613
DvH,0.255899204361183,0.5138705416116248
DvH,0.256078279607392,0.5151915455746368
DvH,0.256158894196443,0.5165125495376486
DvH,0.256251372799048,0.5178335535006605
DvH,0.25625424758633,0.5191545574636723
DvH,0.256464291104512,0.5204755614266843
DvH,0.256468494110373,0.5217965653896962
DvH,0.256570436516887,0.523117569352708
DvH,0.256826553048601,0.52443857331572
DvH,0.256831304896541,0.5257595772787318
DvH,0.256833651222363,0.5270805812417437
DvH,0.256837675494039,0.5284015852047557
DvH,0.25699343923979,0.5297225891677675
DvH,0.25751083960151,0.5310435931307794
DvH,0.257532222379089,0.5323645970937912
DvH,0.257663280820741,0.5336856010568032
DvH,0.258141751547133,0.535006605019815
DvH,0.258662000865025,0.5363276089828269
DvH,0.258816703382674,0.5376486129458389
DvH,0.259031143571034,0.5389696169088507
DvH,0.259201879673906,0.5402906208718626
DvH,0.259324441832967,0.5416116248348745
DvH,0.259706743336917,0.5429326287978864
DvH,0.260052827472087,0.5442536327608983
DvH,0.260187559312836,0.5455746367239102
DvH,0.260214940289412,0.5468956406869221
DvH,0.26028018752062,0.5482166446499339
DvH,0.260819023398436,0.5495376486129459
DvH,0.261121811364396,0.5508586525759577
DvH,0.261182240017298,0.5521796565389696
DvH,0.261204229825962,0.5535006605019815
DvH,0.261368631925408,0.5548216644649934
DvH,0.261374894893281,0.5561426684280053
DvH,0.26177582170382,0.5574636723910171
DvH,0.261789511115811,0.5587846763540291
DvH,0.261841020501697,0.560105680317041
DvH,0.261884218727948,0.5614266842800528
DvH,0.262376220650784,0.5627476882430648
DvH,0.262805934080799,0.5640686922060766
DvH,0.262877779008014,0.5653896961690885
DvH,0.263612104726133,0.5667107001321003
DvH,0.26439633507243,0.5680317040951123
DvH,0.264625063093495,0.5693527080581242
DvH,0.265268973468918,0.570673712021136
DvH,0.265293967220413,0.571994715984148
DvH,0.265763999784213,0.5733157199471598
DvH,0.265873340720152,0.5746367239101717
DvH,0.266169604178251,0.5759577278731837
DvH,0.266287059311611,0.5772787318361955
DvH,0.266578883047683,0.5785997357992074
DvH,0.266862611959666,0.5799207397622193
DvH,0.267040853076282,0.5812417437252312
DvH,0.267127645605803,0.582562747688243
DvH,0.267249090569358,0.583883751651255
DvH,0.267292341534125,0.5852047556142669
DvH,0.267482982659826,0.5865257595772787
DvH,0.26764803376591,0.5878467635402906
DvH,0.2676833588851,0.5891677675033025
DvH,0.267992611086332,0.5904887714663144
DvH,0.268369129650536,0.5918097754293263
DvH,0.268474184774811,0.5931307793923382
DvH,0.2684888503875,0.5944517833553501
DvH,0.268634710055168,0.5957727873183619
DvH,0.268736844111423,0.5970937912813739
DvH,0.268993857197912,0.5984147952443857
DvH,0.268994117661605,0.5997357992073976
DvH,0.26909696314968,0.6010568031704095
DvH,0.269330832637927,0.6023778071334214
DvH,0.269337996465761,0.6036988110964333
DvH,0.269467806403763,0.6050198150594451
DvH,0.269725844124282,0.6063408190224571
DvH,0.269803075914223,0.607661822985469
DvH,0.269912039070178,0.6089828269484808
DvH,0.269952000873608,0.6103038309114928
DvH,0.270125687104498,0.6116248348745046
DvH,0.270481908874038,0.6129458388375165
DvH,0.270499320118459,0.6142668428005285
DvH,0.270575182859571,0.6155878467635403
DvH,0.270753688745064,0.6169088507265522
DvH,0.270862702486943,0.618229854689564
DvH,0.270935050044506,0.619550858652576
DvH,0.271597252074681,0.6208718626155878
DvH,0.271826967059407,0.6221928665785997
DvH,0.272357781301279,0.6235138705416117
DvH,0.272439768168048,0.6248348745046235
DvH,0.272777761784314,0.6261558784676354
DvH,0.27281800880625,0.6274768824306473
DvH,0.273318597420561,0.6287978863936592
DvH,0.273427544432072,0.6301188903566711
DvH,0.27376787899268,0.631439894319683
DvH,0.273833945285334,0.6327608982826949
DvH,0.274188662392718,0.6340819022457067
DvH,0.27534390174272,0.6354029062087186
DvH,0.275720842215053,0.6367239101717305
DvH,0.275809052226735,0.6380449141347424
DvH,0.275840400431284,0.6393659180977543
DvH,0.27586201353626,0.6406869220607662
DvH,0.275916203976103,0.6420079260237781
DvH,0.275936442650769,0.6433289299867899
DvH,0.276024098369882,0.6446499339498019
DvH,0.27609810019478,0.6459709379128138
DvH,0.276112358967487,0.6472919418758256
DvH,0.276202844269439,0.6486129458388376
DvH,0.276293162745472,0.6499339498018494
DvH,0.276475850041893,0.6512549537648613
DvH,0.276728669878196,0.6525759577278731
DvH,0.277145264333233,0.6538969616908851
DvH,0.277613455354151,0.655217965653897
DvH,0.277685508006542,0.6565389696169088
DvH,0.277735573002862,0.6578599735799208
DvH,0.278357308446666,0.6591809775429326
DvH,0.278580289045762,0.6605019815059445
DvH,0.278666158113101,0.6618229854689565
DvH,0.278924768423225,0.6631439894319683
DvH,0.279318524948153,0.6644649933949802
DvH,0.279525814224234,0.665785997357992
DvH,0.279687964711927,0.667107001321004
DvH,0.279792689413253,0.6684280052840158
DvH,0.280365245652551,0.6697490092470277
DvH,0.280585368685105,0.6710700132100397
DvH,0.281136659463115,0.6723910171730515
DvH,0.281643976005277,0.6737120211360634
DvH,0.282092306131512,0.6750330250990753
DvH,0.282264746011346,0.6763540290620872
DvH,0.282665065790801,0.6776750330250991
DvH,0.283024440032054,0.678996036988111
DvH,0.283220653143437,0.6803170409511229
DvH,0.283330237322327,0.6816380449141347
DvH,0.283545372798064,0.6829590488771466
DvH,0.284019230518733,0.6842800528401585
DvH,0.284556079553673,0.6856010568031704
DvH,0.284685765717607,0.6869220607661823
DvH,0.284743354024707,0.6882430647291942
DvH,0.284935606365893,0.6895640686922061
DvH,0.284981538384616,0.6908850726552179
DvH,0.284993896418148,0.6922060766182299
DvH,0.285200715352768,0.6935270805812418
DvH,0.285302980717165,0.6948480845442536
DvH,0.285389462197071,0.6961690885072656
DvH,0.285528896376132,0.6974900924702774
DvH,0.285605441489066,0.6988110964332893
DvH,0.285778408754062,0.7001321003963011
DvH,0.286008823331349,0.7014531043593131
DvH,0.286537903659964,0.702774108322325
DvH,0.286552358318588,0.7040951122853368
DvH,0.286649059231378,0.7054161162483488
DvH,0.286823044672626,0.7067371202113606
DvH,0.28701942353363,0.7080581241743725
DvH,0.287258536737202,0.7093791281373845
DvH,0.287294770250426,0.7107001321003963
DvH,0.288844294586815,0.7120211360634082
DvH,0.289391969009427,0.71334214002642
DvH,0.289406598028044,0.714663143989432
DvH,0.289939246278724,0.7159841479524438
DvH,0.290435289693974,0.7173051519154557
DvH,0.290592519355217,0.7186261558784677
DvH,0.290641212073819,0.7199471598414795
DvH,0.290729041076628,0.7212681638044914
DvH,0.290984269663937,0.7225891677675033
DvH,0.291130593215288,0.7239101717305152
DvH,0.29171206334012,0.7252311756935271
DvH,0.291718199305036,0.726552179656539
DvH,0.291928163177296,0.7278731836195509
DvH,0.292594511100622,0.7291941875825627
DvH,0.29330462230573,0.7305151915455746
DvH,0.294789053321274,0.7318361955085865
DvH,0.295039700115451,0.7331571994715984
DvH,0.295373069963031,0.7344782034346103
DvH,0.296324125151631,0.7357992073976222
DvH,0.296473488163589,0.7371202113606341
DvH,0.296562549525604,0.7384412153236459
DvH,0.296888175421672,0.7397622192866579
DvH,0.297293042552779,0.7410832232496698
DvH,0.29736500910147,0.7424042272126816
DvH,0.297390269774435,0.7437252311756936
DvH,0.299086288793279,0.7450462351387054
DvH,0.299764381261274,0.7463672391017173
DvH,0.300157805210662,0.7476882430647291
DvH,0.30042474390116,0.7490092470277411
DvH,0.300539117598359,0.750330250990753
DvH,0.300582141464617,0.7516512549537648
DvH,0.301263243256925,0.7529722589167768
DvH,0.301399260195396,0.7542932628797886
DvH,0.301660711927616,0.7556142668428005
DvH,0.30166882827763,0.7569352708058125
DvH,0.302031493832813,0.7582562747688243
DvH,0.30212631337976,0.7595772787318362
DvH,0.302183664901685,0.760898282694848
DvH,0.302458192557035,0.76221928665786
DvH,0.302665447391636,0.7635402906208718
DvH,0.303122648351556,0.7648612945838837
DvH,0.303170680224261,0.7661822985468957
DvH,0.303275258549298,0.7675033025099075
DvH,0.303283329694869,0.7688243064729194
DvH,0.30439732214372,0.7701453104359313
DvH,0.305157661942177,0.7714663143989432
DvH,0.305490958601613,0.7727873183619551
DvH,0.305512663191771,0.774108322324967
DvH,0.305853969647891,0.7754293262879789
DvH,0.30590648537077,0.7767503302509907
DvH,0.307013670245846,0.7780713342140027
DvH,0.307716912528293,0.7793923381770145
DvH,0.307794819155982,0.7807133421400264
DvH,0.30790018317728,0.7820343461030383
DvH,0.308047613161175,0.7833553500660502
DvH,0.308312938483596,0.7846763540290621
DvH,0.309061559568494,0.7859973579920739
DvH,0.309425160425118,0.7873183619550859
DvH,0.31014438355427,0.7886393659180978
DvH,0.31025296354876,0.7899603698811096
DvH,0.311063195059841,0.7912813738441216
DvH,0.311133639725636,0.7926023778071334
DvH,0.3111455005103,0.7939233817701453
DvH,0.311323799746914,0.7952443857331571
DvH,0.311486935045675,0.7965653896961691
DvH,0.311589319878956,0.797886393659181
DvH,0.311882423331268,0.7992073976221928
DvH,0.313288502132475,0.8005284015852048
DvH,0.314059813694895,0.8018494055482166
DvH,0.314410760536518,0.8031704095112285
DvH,0.316166771231986,0.8044914134742405
DvH,0.316710764721427,0.8058124174372523
DvH,0.316824490488284,0.8071334214002642
DvH,0.316971853741812,0.808454425363276
DvH,0.317616752157192,0.809775429326288
DvH,0.317646503138107,0.8110964332892999
DvH,0.318048043437508,0.8124174372523117
DvH,0.318767962930334,0.8137384412153237
DvH,0.319036341705213,0.8150594451783355
DvH,0.32007160523604,0.8163804491413474
DvH,0.320577300876052,0.8177014531043593
DvH,0.3207700806024,0.8190224570673712
DvH,0.32132595640243,0.8203434610303831
DvH,0.32139538396827,0.821664464993395
DvH,0.321757384372371,0.8229854689564069
DvH,0.321875701619026,0.8243064729194187
DvH,0.3220479865122,0.8256274768824307
DvH,0.322412619536926,0.8269484808454426
DvH,0.322491504517905,0.8282694848084544
DvH,0.322629803204424,0.8295904887714664
DvH,0.322809755632076,0.8309114927344782
DvH,0.323211083901116,0.8322324966974901
DvH,0.323735333812165,0.8335535006605019
DvH,0.324034572153096,0.8348745046235139
DvH,0.324049265749488,0.8361955085865258
DvH,0.324112628385964,0.8375165125495376
DvH,0.324261264897955,0.8388375165125496
DvH,0.32452681839518,0.8401585204755614
DvH,0.326069503945203,0.8414795244385733
DvH,0.326335958302389,0.8428005284015853
DvH,0.32914883164181,0.8441215323645971
DvH,0.330932560194579,0.845442536327609
DvH,0.331456746604149,0.8467635402906208
DvH,0.332207943265971,0.8480845442536328
DvH,0.334808964909511,0.8494055482166446
DvH,0.334963464007169,0.8507265521796565
DvH,0.335622571685629,0.8520475561426685
DvH,0.335779324547633,0.8533685601056803
DvH,0.336444592945821,0.8546895640686922
DvH,0.336509997316282,0.8560105680317041
DvH,0.336645470725147,0.857331571994716
DvH,0.337846874573862,0.8586525759577279
DvH,0.338202744394529,0.8599735799207398
DvH,0.338600034400042,0.8612945838837517
DvH,0.33901789673206,0.8626155878467635
DvH,0.339189442209711,0.8639365918097754
DvH,0.339840565922595,0.8652575957727873
DvH,0.340976937799352,0.8665785997357992
DvH,0.341571827185817,0.8678996036988111
DvH,0.341850953855039,0.869220607661823
DvH,0.346012334909306,0.8705416116248349
DvH,0.350509607573266,0.8718626155878467
DvH,0.352252197930805,0.8731836195508587
DvH,0.353075696945748,0.8745046235138706
DvH,0.353788005947796,0.8758256274768824
DvH,0.353797180297023,0.8771466314398944
DvH,0.354713968365646,0.8784676354029062
DvH,0.355893516942729,0.8797886393659181
DvH,0.356023542139981,0.8811096433289299
DvH,0.35629887917011,0.8824306472919419
DvH,0.357738366206887,0.8837516512549538
DvH,0.357840060057976,0.8850726552179656
DvH,0.358545663734393,0.8863936591809776
DvH,0.358859296461359,0.8877146631439894
DvH,0.359707733260392,0.8890356671070013
DvH,0.361773784005947,0.8903566710700133
DvH,0.362436765274606,0.8916776750330251
DvH,0.362549550358541,0.892998678996037
DvH,0.364185951175559,0.8943196829590488
DvH,0.365213082211928,0.8956406869220608
DvH,0.369587684010905,0.8969616908850726
DvH,0.371365043042473,0.8982826948480845
DvH,0.373735256184298,0.8996036988110965
DvH,0.374521227977926,0.9009247027741083
DvH,0.37562163003404,0.9022457067371202
DvH,0.375725098697644,0.9035667107001321
DvH,0.376993501987861,0.904887714663144
DvH,0.378237696146549,0.9062087186261559
DvH,0.379985726105331,0.9075297225891678
DvH,0.380378579617706,0.9088507265521797
DvH,0.380868271808791,0.9101717305151915
DvH,0.381895621333299,0.9114927344782034
DvH,0.382049799694676,0.9128137384412153
DvH,0.383953883999196,0.9141347424042272
DvH,0.385416119633492,0.9154557463672391
DvH,0.386149688715348,0.916776750330251
DvH,0.38668175684235,0.9180977542932629
DvH,0.386850142314213,0.9194187582562747
DvH,0.387129803902671,0.9207397622192867
DvH,0.38718369405586,0.9220607661822986
DvH,0.387726817897932,0.9233817701453104
DvH,0.38849023052218,0.9247027741083224
DvH,0.389234084690991,0.9260237780713342
DvH,0.389449195411914,0.9273447820343461
DvH,0.391483784941813,0.9286657859973579
DvH,0.3915442178999,0.9299867899603699
DvH,0.392683538828379,0.9313077939233818
DvH,0.3950336962659,0.9326287978863936
DvH,0.397344143753313,0.9339498018494056
DvH,0.39744646077993,0.9352708058124174
DvH,0.398173162015421,0.9365918097754293
DvH,0.398952065771581,0.9379128137384413
DvH,0.402363576161006,0.9392338177014531
DvH,0.403648598541604,0.940554821664465
DvH,0.409824175464444,0.9418758256274768
DvH,0.411141302685855,0.9431968295904888
DvH,0.4129435456867,0.9445178335535006
DvH,0.414027540682794,0.9458388375165125
DvH,0.415018254159282,0.9471598414795245
DvH,0.415304631836333,0.9484808454425363
DvH,0.415356111085924,0.9498018494055482
DvH,0.416811560672371,0.9511228533685601
DvH,0.418062731383345,0.952443857331572
DvH,0.41855055835303,0.9537648612945839
DvH,0.424627683229084,0.9550858652575958
DvH,0.42499174796939,0.9564068692206077
DvH,0.42513159006473,0.9577278731836195
DvH,0.428736747675279,0.9590488771466315
DvH,0.432114576449886,0.9603698811096433
DvH,0.435365187007859,0.9616908850726552
DvH,0.436780749055317,0.9630118890356671
DvH,0.449232680823979,0.964332892998679
DvH,0.449270855975635,0.9656538969616909
DvH,0.450107431990004,0.9669749009247027
DvH,0.451929276498136,0.9682959048877147
DvH,0.454968421750581,0.9696169088507266
DvH,0.457208300798131,0.9709379128137384
DvH,0.46128699754566,0.9722589167767504
DvH,0.461738966629513,0.9735799207397622
DvH,0.472005028972698,0.9749009247027741
DvH,0.494951661773021,0.9762219286657859
DvH,0.506581168670397,0.9775429326287979
DvH,0.519204468327829,0.9788639365918098
DvH,0.521831001421359,0.9801849405548216
DvH,0.522819381487579,0.9815059445178336
DvH,0.538404732373435,0.9828269484808454
DvH,0.538630496274631,0.9841479524438573
DvH,0.538669142844044,0.9854689564068693
DvH,0.540783689345987,0.9867899603698811
DvH,0.545566860735168,0.988110964332893
DvH,0.546784416561693,0.9894319682959049
DvH,0.547186637080323,0.9907529722589168
DvH,0.5510521539824,0.9920739762219286
DvH,0.551984615077002,0.9933949801849405
DvH,0.558832337931062,0.9947159841479525
DvH,0.56541868977512,0.9960369881109643
DvH,0.566188216838359,0.9973579920739762
DvH,0.569532743930726,0.9986789960369881
DvH,0.582518530478163,1.0
Dyella79,0.109659055469263,0.014705882352941176
Dyella79,0.122979749769739,0.029411764705882353
Dyella79,0.147179848573361,0.04411764705882353
Dyella79,0.166584316248779,0.058823529411764705
Dyella79,0.190745870016787,0.07352941176470588
Dyella79,0.190863402271852,0.08823529411764706
Dyella79,0.19623787816638,0.10294117647058823
Dyella79,0.196466504140578,0.11764705882352941
Dyella79,0.2029424617969,0.1323529411764706
Dyella79,0.214789635367173,0.14705882352941177
Dyella79,0.220076136361979,0.16176470588235295
Dyella79,0.225046595761211,0.17647058823529413
Dyella79,0.228029297902494,0.19117647058823528
Dyella79,0.232397973208085,0.20588235294117646
Dyella79,0.234278693184162,0.22058823529411764
Dyella79,0.235704087413334,0.23529411764705882
Dyella79,0.238792307726295,0.25
Dyella79,0.258375869284519,0.2647058823529412
Dyella79,0.261963746850195,0.27941176470588236
Dyella79,0.263164497249344,0.29411764705882354
Dyella79,0.272050702080294,0.3088235294117647
Dyella79,0.279216396739225,0.3235294117647059
Dyella79,0.283430584073928,0.3382352941176471
Dyella79,0.28771036974122,0.35294117647058826
Dyella79,0.290213476734504,0.36764705882352944
Dyella79,0.298653423210627,0.38235294117647056
Dyella79,0.303391228761757,0.39705882352941174
Dyella79,0.304500146369859,0.4117647058823529
Dyella79,0.305697180079966,0.4264705882352941
Dyella79,0.305869731668271,0.4411764705882353
Dyella79,0.309224173228243,0.45588235294117646
Dyella79,0.3096565381818,0.47058823529411764
Dyella79,0.314289474585644,0.4852941176470588
Dyella79,0.321733465792476,0.5
Dyella79,0.322009562670711,0.5147058823529411
Dyella79,0.324664422896427,0.5294117647058824
Dyella79,0.329606210120237,0.5441176470588235
Dyella79,0.33749474499749,0.5588235294117647
Dyella79,0.338781543430904,0.5735294117647058
Dyella79,0.344128300329319,0.5882352941176471
Dyella79,0.345905292859696,0.6029411764705882
Dyella79,0.353601381849482,0.6176470588235294
Dyella79,0.354216116119384,0.6323529411764706
Dyella79,0.354531773173949,0.6470588235294118
Dyella79,0.358537266435571,0.6617647058823529
Dyella79,0.358638054812276,0.6764705882352942
Dyella79,0.36175113359153,0.6911764705882353
Dyella79,0.364914658564297,0.7058823529411765
Dyella79,0.366962746913851,0.7205882352941176
Dyella79,0.371614514182877,0.7352941176470589
Dyella79,0.373547329029802,0.75
Dyella79,0.375622740835689,0.7647058823529411
Dyella79,0.381095737087617,0.7794117647058824
Dyella79,0.386217213526913,0.7941176470588235
Dyella79,0.389751857422521,0.8088235294117647
Dyella79,0.403155461617345,0.8235294117647058
Dyella79,0.403497779608358,0.8382352941176471
Dyella79,0.407054612945561,0.8529411764705882
Dyella79,0.415227132843659,0.8676470588235294
Dyella79,0.420672607433283,0.8823529411764706
Dyella79,0.423636109801476,0.8970588235294118
Dyella79,0.427588068060278,0.9117647058823529
Dyella79,0.444867033154416,0.9264705882352942
Dyella79,0.45211930124831,0.9411764705882353
Dyella79,0.452981550360725,0.9558823529411765
Dyella79,0.454212906606726,0.9705882352941176
Dyella79,0.462104351922393,0.9852941176470589
Dyella79,0.554683479416104,1.0
HerbieS,0.101639002023791,0.010416666666666666
HerbieS,0.103463359592417,0.020833333333333332
HerbieS,0.104950646029062,0.03125
HerbieS,0.111689338829016,0.041666666666666664
HerbieS,0.121142544564273,0.052083333333333336
HerbieS,0.121445731697806,0.0625
HerbieS,0.121599060266692,0.07291666666666667
HerbieS,0.123013365294285,0.08333333333333333
HerbieS,0.123330019424761,0.09375
HerbieS,0.123874832808709,0.10416666666666667
HerbieS,0.126963306515142,0.11458333333333333
HerbieS,0.129197383573457,0.125
HerbieS,0.130185366524624,0.13541666666666666
HerbieS,0.131009493213017,0.14583333333333334
HerbieS,0.132857950885722,0.15625
HerbieS,0.135233616354848,0.16666666666666666
HerbieS,0.136461626849185,0.17708333333333334
HerbieS,0.141760137486357,0.1875
HerbieS,0.143825001743993,0.19791666666666666
HerbieS,0.144216085352593,0.20833333333333334
HerbieS,0.145828704507502,0.21875
HerbieS,0.146889272659302,0.22916666666666666
HerbieS,0.151312209490102,0.23958333333333334
HerbieS,0.152309524694388,0.25
HerbieS,0.152356533551086,0.2604166666666667
HerbieS,0.152554063457506,0.2708333333333333
HerbieS,0.153368400327425,0.28125
HerbieS,0.153675910784731,0.2916666666666667
HerbieS,0.154317504418733,0.3020833333333333
HerbieS,0.154352603850118,0.3125
HerbieS,0.1543837343818,0.3229166666666667
HerbieS,0.154601245988376,0.3333333333333333
HerbieS,0.157889301052951,0.34375
HerbieS,0.158387729881082,0.3541666666666667
HerbieS,0.158634543190341,0.3645833333333333
HerbieS,0.159594657513772,0.375
HerbieS,0.162316286297758,0.3854166666666667
HerbieS,0.162763569707898,0.3958333333333333
HerbieS,0.16430703120172,0.40625
HerbieS,0.166055113860146,0.4166666666666667
HerbieS,0.16705225095239,0.4270833333333333
HerbieS,0.169016112505774,0.4375
HerbieS,0.169267238216531,0.4479166666666667
HerbieS,0.171010631594321,0.4583333333333333
HerbieS,0.17146761258849,0.46875
HerbieS,0.171919336057904,0.4791666666666667
HerbieS,0.172709998583375,0.4895833333333333
HerbieS,0.173050195309066,0.5
HerbieS,0.173249533580621,0.5104166666666666
HerbieS,0.173256240498596,0.5208333333333334
HerbieS,0.174428328598085,0.53125
HerbieS,0.174809673749063,0.5416666666666666
HerbieS,0.175093951017933,0.5520833333333334
HerbieS,0.176303085513343,0.5625
HerbieS,0.176657967849486,0.5729166666666666
HerbieS,0.176771804162451,0.5833333333333334
HerbieS,0.176933624879134,0.59375
HerbieS,0.177294208597979,0.6041666666666666
HerbieS,0.177334104332199,0.6145833333333334
HerbieS,0.178800465330158,0.625
HerbieS,0.178939483141742,0.6354166666666666
HerbieS,0.179424124189508,0.6458333333333334
HerbieS,0.180493773329226,0.65625
HerbieS,0.181811782899381,0.6666666666666666
HerbieS,0.185077853849105,0.6770833333333334
HerbieS,0.185263443870264,0.6875
HerbieS,0.185345507175968,0.6979166666666666
HerbieS,0.185904545917255,0.7083333333333334
HerbieS,0.187831700941792,0.71875
HerbieS,0.18796581792469,0.7291666666666666
HerbieS,0.189057196279117,0.7395833333333334
HerbieS,0.193576739354693,0.75
HerbieS,0.194117713333662,0.7604166666666666
HerbieS,0.194682209915678,0.7708333333333334
HerbieS,0.19594975062098,0.78125
HerbieS,0.197030081485153,0.7916666666666666
HerbieS,0.197744418911485,0.8020833333333334
HerbieS,0.198285763654296,0.8125
HerbieS,0.198663300774216,0.8229166666666666
HerbieS,0.198999079662594,0.8333333333333334
HerbieS,0.204578548868758,0.84375
HerbieS,0.206341923055299,0.8541666666666666
HerbieS,0.208724295677931,0.8645833333333334
HerbieS,0.213606500291105,0.875
HerbieS,0.213728597004367,0.8854166666666666
HerbieS,0.214192275809684,0.8958333333333334
HerbieS,0.216201246055077,0.90625
HerbieS,0.219079018668688,0.9166666666666666
HerbieS,0.219301356111984,0.9270833333333334
HerbieS,0.226016889348486,0.9375
HerbieS,0.227674772134705,0.9479166666666666
HerbieS,0.229946740310277,0.9583333333333334
HerbieS,0.230032004582448,0.96875
HerbieS,0.230846441884904,0.9791666666666666
HerbieS,0.265237186356818,0.9895833333333334
HerbieS,0.315624564950973,1.0
Kang,0.12867584186101,0.009259259259259259
Kang,0.131554018188481,0.018518518518518517
Kang,0.14195034084598,0.027777777777777776
Kang,0.149560307866347,0.037037037037037035
Kang,0.192002609588255,0.046296296296296294
Kang,0.227826829340103,0.05555555555555555
Kang,0.242985723183587,0.06481481481481481
Kang,0.286036505561061,0.07407407407407407
Kang,0.293407687745083,0.08333333333333333
Kang,0.303642383247162,0.09259259259259259
Kang,0.316164130594028,0.10185185185185185
Kang,0.317150982042969,0.1111111111111111
Kang,0.321542627019953,0.12037037037037036
Kang,0.330557570529189,0.12962962962962962
Kang,0.341334274515812,0.1388888888888889
Kang,0.348568474687448,0.14814814814814814
Kang,0.349943911447291,0.1574074074074074
Kang,0.351854766948095,0.16666666666666666
Kang,0.35734472880373,0.17592592592592593
Kang,0.363425091017202,0.18518518518518517
Kang,0.364744189204153,0.19444444444444445
Kang,0.370594995542067,0.2037037037037037
Kang,0.383219794776379,0.21296296296296297
Kang,0.389189726913432,0.2222222222222222
Kang,0.392415705176532,0.23148148148148148
Kang,0.410052352981441,0.24074074074074073
Kang,0.412320168833546,0.25
Kang,0.41381174774918,0.25925925925925924
Kang,0.414045994874814,0.26851851851851855
Kang,0.419520494901362,0.2777777777777778
Kang,0.422543936067536,0.28703703703703703
Kang,0.432581061678651,0.2962962962962963
Kang,0.433712719423055,0.3055555555555556
Kang,0.435565881469809,0.3148148148148148
Kang,0.443554300202948,0.32407407407407407
Kang,0.451099977801112,0.3333333333333333
Kang,0.454445942928712,0.3425925925925926
Kang,0.459193990120655,0.35185185185185186
Kang,0.464235592130477,0.3611111111111111
Kang,0.464698351478954,0.37037037037037035
Kang,0.465331769832291,0.37962962962962965
Kang,0.467778438296751,0.3888888888888889
Kang,0.467991530187634,0.39814814814814814
Kang,0.468590578546496,0.4074074074074074
Kang,0.47174701592612,0.4166666666666667
Kang,0.479652942522808,0.42592592592592593
Kang,0.481245415475345,0.4351851851851852
Kang,0.48426441852391,0.4444444444444444
Kang,0.484315256652772,0.4537037037037037
Kang,0.486514894801985,0.46296296296296297
Kang,0.487654748228742,0.4722222222222222
Kang,0.488079602027624,0.48148148148148145
Kang,0.490724705598122,0.49074074074074076
Kang,0.494793994677039,0.5
Kang,0.496161995151932,0.5092592592592593
Kang,0.496802551010913,0.5185185185185185
Kang,0.496875961501373,0.5277777777777778
Kang,0.501278323111104,0.5370370370370371
Kang,0.504805881736221,0.5462962962962963
Kang,0.506338322871666,0.5555555555555556
Kang,0.508232963370549,0.5648148148148148
Kang,0.511546494344595,0.5740740740740741
Kang,0.512485429062334,0.5833333333333334
Kang,0.515605600028832,0.5925925925925926
Kang,0.5201208213717,0.6018518518518519
Kang,0.521958480092241,0.6111111111111112
Kang,0.522621089598747,0.6203703703703703
Kang,0.522788472405521,0.6296296296296297
Kang,0.528222608177768,0.6388888888888888
Kang,0.528433699907185,0.6481481481481481
Kang,0.535868804263846,0.6574074074074074
Kang,0.536432225265322,0.6666666666666666
Kang,0.537228625655237,0.6759259259259259
Kang,0.541409425810702,0.6851851851851852
Kang,0.541959192182921,0.6944444444444444
Kang,0.542033851736869,0.7037037037037037
Kang,0.544590331970575,0.7129629629629629
Kang,0.545197320804466,0.7222222222222222
Kang,0.547243672720551,0.7314814814814815
Kang,0.547247291269924,0.7407407407407407
Kang,0.547974897724627,0.75
Kang,0.54909082805834,0.7592592592592593
Kang,0.552458104034913,0.7685185185185185
Kang,0.556787306211794,0.7777777777777778
Kang,0.559179244116989,0.7870370370370371
Kang,0.560004862633205,0.7962962962962963
Kang,0.562568681633615,0.8055555555555556
Kang,0.562583977474198,0.8148148148148148
Kang,0.567525405422251,0.8240740740740741
Kang,0.567720900456923,0.8333333333333334
Kang,0.571095921872033,0.8425925925925926
Kang,0.576765804891013,0.8518518518518519
Kang,0.576780899470536,0.8611111111111112
Kang,0.579966816408354,0.8703703703703703
Kang,0.586673789371669,0.8796296296296297
Kang,0.587092910342617,0.8888888888888888
Kang,0.596738884045598,0.8981481481481481
Kang,0.605120699681379,0.9074074074074074
Kang,0.609313021513832,0.9166666666666666
Kang,0.628945390591593,0.9259259259259259
Kang,0.635891277032343,0.9351851851851852
Kang,0.643027765996628,0.9444444444444444
Kang,0.651388880791186,0.9537037037037037
Kang,0.66452337054844,0.9629629629629629
Kang,0.667116909790373,0.9722222222222222
Kang,0.689536103422789,0.9814814814814815
Kang,0.691657841092525,0.9907407407407407
Kang,0.702660152503182,1.0
Keio,0.100022362758651,0.005952380952380952
Keio,0.106180024637117,0.011904761904761904
Keio,0.109018045416147,0.017857142857142856
Keio,0.114649518878393,0.023809523809523808
Keio,0.117849604719277,0.02976190476190476
Keio,0.118710250176502,0.03571428571428571
Keio,0.11953959893291,0.041666666666666664
Keio,0.12265637717642,0.047619047619047616
Keio,0.125829808250829,0.05357142857142857
Keio,0.136963000603948,0.05952380952380952
Keio,0.138422863505864,0.06547619047619048
Keio,0.140347325575141,0.07142857142857142
Keio,0.145042902472845,0.07738095238095238
Keio,0.147964555144787,0.08333333333333333
Keio,0.152988546715953,0.08928571428571429
Keio,0.16021511504676,0.09523809523809523
Keio,0.160356102168531,0.10119047619047619
Keio,0.162932831633593,0.10714285714285714
Keio,0.163651996981659,0.1130952380952381
Keio,0.164350602283437,0.11904761904761904
Keio,0.169445438614469,0.125
Keio,0.173314224764072,0.13095238095238096
Keio,0.173452205971592,0.13690476190476192
Keio,0.177401024042782,0.14285714285714285
Keio,0.180888972345303,0.1488095238095238
Keio,0.183808120815823,0.15476190476190477
Keio,0.185156634735972,0.16071428571428573
Keio,0.187499800155601,0.16666666666666666
Keio,0.192119187234016,0.17261904761904762
Keio,0.197316401339746,0.17857142857142858
Keio,0.202215563850699,0.18452380952380953
Keio,0.205117691168171,0.19047619047619047
Keio,0.208958591537068,0.19642857142857142
Keio,0.210718100608012,0.20238095238095238
Keio,0.219245901878281,0.20833333333333334
Keio,0.221714528225439,0.21428571428571427
Keio,0.221952556787925,0.22023809523809523
Keio,0.22593858958995,0.2261904761904762
Keio,0.22659112238455,0.23214285714285715
Keio,0.235389202172497,0.23809523809523808
Keio,0.236418195551529,0.24404761904761904
Keio,0.237468374300085,0.25
Keio,0.240701131825786,0.25595238095238093
Keio,0.242591366900477,0.2619047619047619
Keio,0.244544169927605,0.26785714285714285
Keio,0.24502205575948,0.27380952380952384
Keio,0.248782273434353,0.27976190476190477
Keio,0.249619100620386,0.2857142857142857
Keio,0.254937059553056,0.2916666666666667
Keio,0.256507771178151,0.2976190476190476
Keio,0.262413780445918,0.30357142857142855
Keio,0.264805644003195,0.30952380952380953
Keio,0.265927097239561,0.31547619047619047
Keio,0.266612496587148,0.32142857142857145
Keio,0.269508686969483,0.3273809523809524
Keio,0.273301009175541,0.3333333333333333
Keio,0.274844719197901,0.3392857142857143
Keio,0.275263231315683,0.34523809523809523
Keio,0.275748729367271,0.35119047619047616
Keio,0.275823438770157,0.35714285714285715
Keio,0.278239447075525,0.3630952380952381
Keio,0.278256205738238,0.36904761904761907
Keio,0.280316661795962,0.375
Keio,0.281455507743717,0.38095238095238093
Keio,0.282256315584262,0.3869047619047619
Keio,0.283292875374444,0.39285714285714285
Keio,0.284194005421331,0.39880952380952384
Keio,0.285107063872495,0.40476190476190477
Keio,0.285833346998646,0.4107142857142857
Keio,0.290637015380332,0.4166666666666667
Keio,0.291926887796269,0.4226190476190476
Keio,0.294627959878236,0.42857142857142855
Keio,0.295122252446724,0.43452380952380953
Keio,0.296635582666638,0.44047619047619047
Keio,0.298710629115112,0.44642857142857145
Keio,0.302670718274063,0.4523809523809524
Keio,0.30478684118791,0.4583333333333333
Keio,0.305713251017273,0.4642857142857143
Keio,0.306691409252857,0.47023809523809523
Keio,0.306753401326219,0.47619047619047616
Keio,0.307472011154574,0.48214285714285715
Keio,0.307595914590975,0.4880952380952381
Keio,0.310139667707923,0.49404761904761907
Keio,0.313534335234583,0.5
Keio,0.315911502968705,0.5059523809523809
Keio,0.318615210133702,0.5119047619047619
Keio,0.318967391452834,0.5178571428571429
Keio,0.320966056849448,0.5238095238095238
Keio,0.321262693468624,0.5297619047619048
Keio,0.323661748243109,0.5357142857142857
Keio,0.324169096979059,0.5416666666666666
Keio,0.324782302031984,0.5476190476190477
Keio,0.324969064995957,0.5535714285714286
Keio,0.325445602020156,0.5595238095238095
Keio,0.326425618047445,0.5654761904761905
Keio,0.326427070833288,0.5714285714285714
Keio,0.327644826029286,0.5773809523809523
Keio,0.329862837366044,0.5833333333333334
Keio,0.330785247308059,0.5892857142857143
Keio,0.330858194171965,0.5952380952380952
Keio,0.330873112493852,0.6011904761904762
Keio,0.33283454861723,0.6071428571428571
Keio,0.33313406172329,0.6130952380952381
Keio,0.334159706714532,0.6190476190476191
Keio,0.334332956879657,0.625
Keio,0.334967550895717,0.6309523809523809
Keio,0.335361166423284,0.6369047619047619
Keio,0.335473761688802,0.6428571428571429
Keio,0.335512272147551,0.6488095238095238
Keio,0.336512110194286,0.6547619047619048
Keio,0.338596187473673,0.6607142857142857
Keio,0.339701571357126,0.6666666666666666
Keio,0.339989492715487,0.6726190476190477
Keio,0.34005482735968,0.6785714285714286
Keio,0.341505455837071,0.6845238095238095
Keio,0.342052234838621,0.6904761904761905
Keio,0.343764588720645,0.6964285714285714
Keio,0.347268005774926,0.7023809523809523
Keio,0.348418703779353,0.7083333333333334
Keio,0.349440637549904,0.7142857142857143
Keio,0.34946448926862,0.7202380952380952
Keio,0.350380896107574,0.7261904761904762
Keio,0.35114651351948,0.7321428571428571
Keio,0.352207483456569,0.7380952380952381
Keio,0.356159343798012,0.7440476190476191
Keio,0.357215490020747,0.75
Keio,0.361525975419129,0.7559523809523809
Keio,0.362741752848615,0.7619047619047619
Keio,0.36351738633909,0.7678571428571429
Keio,0.367237833456183,0.7738095238095238
Keio,0.367444531870329,0.7797619047619048
Keio,0.367853623420855,0.7857142857142857
Keio,0.369810417609889,0.7916666666666666
Keio,0.373636194609047,0.7976190476190477
Keio,0.375692227595561,0.8035714285714286
Keio,0.378851990267433,0.8095238095238095
Keio,0.380397702051267,0.8154761904761905
Keio,0.384185791691564,0.8214285714285714
Keio,0.384185817867885,0.8273809523809523
Keio,0.385415072467337,0.8333333333333334
Keio,0.386218056578167,0.8392857142857143
Keio,0.389602753107701,0.8452380952380952
Keio,0.392468187766528,0.8511904761904762
Keio,0.395184444296318,0.8571428571428571
Keio,0.395497748688201,0.8630952380952381
Keio,0.399166461941475,0.8690476190476191
Keio,0.402437738651364,0.875
Keio,0.404067661842783,0.8809523809523809
Keio,0.408437339175248,0.8869047619047619
Keio,0.40936971647879,0.8928571428571429
Keio,0.410185290673135,0.8988095238095238
Keio,0.410369712310575,0.9047619047619048
Keio,0.425357695933861,0.9107142857142857
Keio,0.42811510382239,0.9166666666666666
Keio,0.4282983053524,0.9226190476190477
Keio,0.431306951393205,0.9285714285714286
Keio,0.442754074188563,0.9345238095238095
Keio,0.447667855447947,0.9404761904761905
Keio,0.449853272901732,0.9464285714285714
Keio,0.46084160331038,0.9523809523809523
Keio,0.467458626183429,0.9583333333333334
Keio,0.474282236221258,0.9642857142857143
Keio,0.482356950088661,0.9702380952380952
Keio,0.492089915744293,0.9761904761904762
Keio,0.495191729857352,0.9821428571428571
Keio,0.495754165934752,0.9880952380952381
Keio,0.544237274553545,0.9940476190476191
Keio,0.562261331185595,1.0
Korea,0.11239788598308,0.006172839506172839
Korea,0.123558118955746,0.012345679012345678
Korea,0.129023312156277,0.018518518518518517
Korea,0.130624415239194,0.024691358024691357
Korea,0.131056166716456,0.030864197530864196
Korea,0.133762287905211,0.037037037037037035
Korea,0.138223449520604,0.043209876543209874
Korea,0.13895747653056,0.04938271604938271
Korea,0.140016163000252,0.05555555555555555
Korea,0.144762906223704,0.06172839506172839
Korea,0.144872569363471,0.06790123456790123
Korea,0.146110825575595,0.07407407407407407
Korea,0.150520984248573,0.08024691358024691
Korea,0.151227287359757,0.08641975308641975
Korea,0.151842301269435,0.09259259259259259
Korea,0.153249200121466,0.09876543209876543
Korea,0.154559179221362,0.10493827160493827
Korea,0.156005432476021,0.1111111111111111
Korea,0.156094069727593,0.11728395061728394
Korea,0.15637448237127,0.12345679012345678
Korea,0.158101889746791,0.12962962962962962
Korea,0.160021435237041,0.13580246913580246
Korea,0.161484107201382,0.1419753086419753
Korea,0.161930756358098,0.14814814814814814
Korea,0.163419351968044,0.15432098765432098
Korea,0.16352125898925,0.16049382716049382
Korea,0.164147943482632,0.16666666666666666
Korea,0.164267771539817,0.1728395061728395
Korea,0.167637139395179,0.17901234567901234
Korea,0.168776810537489,0.18518518518518517
Korea,0.168996160864932,0.19135802469135801
Korea,0.169175033886008,0.19753086419753085
Korea,0.16954100832093,0.2037037037037037
Korea,0.169670830288183,0.20987654320987653
Korea,0.170191121489387,0.21604938271604937
Korea,0.170632625729631,0.2222222222222222
Korea,0.170966116115848,0.22839506172839505
Korea,0.171924791341139,0.2345679012345679
Korea,0.175099184096541,0.24074074074074073
Korea,0.175577562464827,0.24691358024691357
Korea,0.175625079796472,0.25308641975308643
Korea,0.176713587676975,0.25925925925925924
Korea,0.177125095491073,0.2654320987654321
Korea,0.177363090963746,0.2716049382716049
Korea,0.177564319187973,0.2777777777777778
Korea,0.179305321647893,0.2839506172839506
Korea,0.182036016459377,0.29012345679012347
Korea,0.182685417542537,0.2962962962962963
Korea,0.182760354834108,0.30246913580246915
Korea,0.183055077987468,0.30864197530864196
Korea,0.184167704584427,0.3148148148148148
Korea,0.184683699225939,0.32098765432098764
Korea,0.185878890309519,0.3271604938271605
Korea,0.18606682271221,0.3333333333333333
Korea,0.186661914933502,0.3395061728395062
Korea,0.186967231858653,0.345679012345679
Korea,0.187547465812341,0.35185185185185186
Korea,0.188727705776669,0.35802469135802467
Korea,0.189638331944333,0.36419753086419754
Korea,0.192135192907347,0.37037037037037035
Korea,0.192833989731022,0.3765432098765432
Korea,0.194782610478915,0.38271604938271603
Korea,0.195211400723416,0.3888888888888889
Korea,0.195865530560627,0.3950617283950617
Korea,0.201413850033647,0.4012345679012346
Korea,0.205132598598914,0.4074074074074074
Korea,0.206032612958856,0.41358024691358025
Korea,0.206051647546609,0.41975308641975306
Korea,0.206597934537144,0.42592592592592593
Korea,0.206707699880523,0.43209876543209874
Korea,0.207373044059169,0.4382716049382716
Korea,0.208417679202194,0.4444444444444444
Korea,0.209974523445098,0.4506172839506173
Korea,0.210784064228437,0.4567901234567901
Korea,0.210893561704833,0.46296296296296297
Korea,0.212330988708992,0.4691358024691358
Korea,0.212661141779877,0.47530864197530864
Korea,0.212945724063728,0.48148148148148145
Korea,0.214499890304796,0.4876543209876543
Korea,0.218906443795458,0.49382716049382713
Korea,0.219220222912491,0.5
Korea,0.222099106281516,0.5061728395061729
Korea,0.222397854787598,0.5123456790123457
Korea,0.224665599968235,0.5185185185185185
Korea,0.224683631891794,0.5246913580246914
Korea,0.225055506080323,0.5308641975308642
Korea,0.22551342101428,0.5370370370370371
Korea,0.22838820889085,0.5432098765432098
Korea,0.228833451244906,0.5493827160493827
Korea,0.229083867462436,0.5555555555555556
Korea,0.233793811373561,0.5617283950617284
Korea,0.235039434261725,0.5679012345679012
Korea,0.235803255962594,0.5740740740740741
Korea,0.237973308518029,0.5802469135802469
Korea,0.239088500225252,0.5864197530864198
Korea,0.244455503142471,0.5925925925925926
Korea,0.248534011762246,0.5987654320987654
Korea,0.248996909957288,0.6049382716049383
Korea,0.253367652103874,0.6111111111111112
Korea,0.253643893103385,0.6172839506172839
Korea,0.256359062985795,0.6234567901234568
Korea,0.257902535923451,0.6296296296296297
Korea,0.264066462487898,0.6358024691358025
Korea,0.266347950380373,0.6419753086419753
Korea,0.267154151844387,0.6481481481481481
Korea,0.278025735764638,0.654320987654321
Korea,0.28246643194171,0.6604938271604939
Korea,0.284796413778124,0.6666666666666666
Korea,0.286001511932101,0.6728395061728395
Korea,0.287840301872864,0.6790123456790124
Korea,0.292406209498688,0.6851851851851852
Korea,0.292784488446907,0.691358024691358
Korea,0.296524075193081,0.6975308641975309
Korea,0.297003072795017,0.7037037037037037
Korea,0.298104288659286,0.7098765432098766
Korea,0.30021571508524,0.7160493827160493
Korea,0.300625234270886,0.7222222222222222
Korea,0.308708996236482,0.7283950617283951
Korea,0.317210161761798,0.7345679012345679
Korea,0.324488189193609,0.7407407407407407
Korea,0.328072666260511,0.7469135802469136
Korea,0.334025694001437,0.7530864197530864
Korea,0.33439494830391,0.7592592592592593
Korea,0.335623032250644,0.7654320987654321
Korea,0.345357039200636,0.7716049382716049
Korea,0.345633419811617,0.7777777777777778
Korea,0.347258682358836,0.7839506172839507
Korea,0.357661086903885,0.7901234567901234
Korea,0.366497297913516,0.7962962962962963
Korea,0.379859094218016,0.8024691358024691
Korea,0.38166157048061,0.808641975308642
Korea,0.400975172758673,0.8148148148148148
Korea,0.402680733277116,0.8209876543209876
Korea,0.410106541788014,0.8271604938271605
Korea,0.412509761530449,0.8333333333333334
Korea,0.439135485830915,0.8395061728395061
Korea,0.443944586617685,0.845679012345679
Korea,0.445133772404059,0.8518518518518519
Korea,0.448734453085459,0.8580246913580247
Korea,0.450723235176917,0.8641975308641975
Korea,0.451252726707201,0.8703703703703703
Korea,0.454309192526201,0.8765432098765432
Korea,0.457348876244899,0.8827160493827161
Korea,0.458160989486475,0.8888888888888888
Korea,0.460839177025253,0.8950617283950617
Korea,0.462512271530923,0.9012345679012346
Korea,0.465106409624716,0.9074074074074074
Korea,0.465596176013778,0.9135802469135802
Korea,0.469198089818498,0.9197530864197531
Korea,0.471817178285591,0.9259259259259259
Korea,0.473532337259602,0.9320987654320988
Korea,0.491258444899097,0.9382716049382716
Korea,0.49501875359462,0.9444444444444444
Korea,0.498607191218489,0.9506172839506173
Korea,0.500470455918356,0.9567901234567902
Korea,0.501641326550247,0.9629629629629629
Korea,0.507060330398092,0.9691358024691358
Korea,0.507738857506702,0.9753086419753086
Korea,0.51498415506674,0.9814814814814815
Korea,0.515117459304776,0.9876543209876543
Korea,0.524473129858767,0.9938271604938271
Korea,0.536667460314454,1.0
Koxy,0.100008794004327,0.004807692307692308
Koxy,0.10154094339134,0.009615384615384616
Koxy,0.102071469251778,0.014423076923076924
Koxy,0.102212626044735,0.019230769230769232
Koxy,0.102489912482547,0.02403846153846154
Koxy,0.103151599310856,0.028846153846153848
Koxy,0.105678328335798,0.03365384615384615
Koxy,0.106608561025146,0.038461538461538464
Koxy,0.10707136570918,0.04326923076923077
Koxy,0.108154053794032,0.04807692307692308
Koxy,0.108663090665058,0.052884615384615384
Koxy,0.108763964963373,0.057692307692307696
Koxy,0.110084319664028,0.0625
Koxy,0.111633576468167,0.0673076923076923
Koxy,0.112401960428759,0.07211538461538461
Koxy,0.113512394254209,0.07692307692307693
Koxy,0.114089363618299,0.08173076923076923
Koxy,0.114621065739754,0.08653846153846154
Koxy,0.114910731298955,0.09134615384615384
Koxy,0.114986993019374,0.09615384615384616
Koxy,0.115764871526374,0.10096153846153846
Koxy,0.116752747160382,0.10576923076923077
Koxy,0.116879007838536,0.11057692307692307
Koxy,0.117114675152546,0.11538461538461539
Koxy,0.117395313934256,0.1201923076923077
Koxy,0.117495624037607,0.125
Koxy,0.117569116757528,0.12980769230769232
Koxy,0.118150073783238,0.1346153846153846
Koxy,0.118175017355513,0.13942307692307693
Koxy,0.11861778046667,0.14423076923076922
Koxy,0.118835653413443,0.14903846153846154
Koxy,0.118960881443844,0.15384615384615385
Koxy,0.123472089661932,0.15865384615384615
Koxy,0.123590006067532,0.16346153846153846
Koxy,0.123753303922505,0.16826923076923078
Koxy,0.124353005556547,0.17307692307692307
Koxy,0.124628408608988,0.1778846153846154
Koxy,0.126727788671134,0.18269230769230768
Koxy,0.127433914572257,0.1875
Koxy,0.127715338781744,0.19230769230769232
Koxy,0.129539905289703,0.1971153846153846
Koxy,0.129958679856787,0.20192307692307693
Koxy,0.130154101947218,0.20673076923076922
Koxy,0.130726556383847,0.21153846153846154
Koxy,0.130750603740971,0.21634615384615385
Koxy,0.132230482687128,0.22115384615384615
Koxy,0.133117251164173,0.22596153846153846
Koxy,0.133173719899435,0.23076923076923078
Koxy,0.134013218070753,0.23557692307692307
Koxy,0.134237647304947,0.2403846153846154
Koxy,0.134692704577826,0.24519230769230768
Koxy,0.135313758928134,0.25
Koxy,0.135363604698388,0.2548076923076923
Koxy,0.135791491185114,0.25961538461538464
Koxy,0.136425446976087,0.2644230769230769
Koxy,0.136836952318477,0.2692307692307692
Koxy,0.137808625652637,0.27403846153846156
Koxy,0.138248827648812,0.27884615384615385
Koxy,0.138564614750988,0.28365384615384615
Koxy,0.138804005751762,0.28846153846153844
Koxy,0.139127674144685,0.2932692307692308
Koxy,0.139911479617229,0.2980769230769231
Koxy,0.140621396041712,0.30288461538461536
Koxy,0.140907862102561,0.3076923076923077
Koxy,0.141335532143583,0.3125
Koxy,0.141629031493051,0.3173076923076923
Koxy,0.142806888668352,0.32211538461538464
Koxy,0.142812791515424,0.3269230769230769
Koxy,0.143795236858385,0.3317307692307692
Koxy,0.143818672833329,0.33653846153846156
Koxy,0.144449758593964,0.34134615384615385
Koxy,0.144833170947052,0.34615384615384615
Koxy,0.144893521685605,0.35096153846153844
Koxy,0.14508361059491,0.3557692307692308
Koxy,0.145224111553962,0.3605769230769231
Koxy,0.14740566439007,0.36538461538461536
Koxy,0.147707501173365,0.3701923076923077
Koxy,0.148162589734571,0.375
Koxy,0.148222806079476,0.3798076923076923
Koxy,0.148611727894223,0.38461538461538464
Koxy,0.149116355154182,0.3894230769230769
Koxy,0.149204899228005,0.3942307692307692
Koxy,0.150706044563016,0.39903846153846156
Koxy,0.151884470036518,0.40384615384615385
Koxy,0.152890183121743,0.40865384615384615
Koxy,0.153248485220936,0.41346153846153844
Koxy,0.153461101593443,0.4182692307692308
Koxy,0.154629177337845,0.4230769230769231
Koxy,0.155328925771036,0.42788461538461536
Koxy,0.156757407239819,0.4326923076923077
Koxy,0.156838079939049,0.4375
Koxy,0.15812507430437,0.4423076923076923
Koxy,0.158240877885313,0.44711538461538464
Koxy,0.158568011119189,0.4519230769230769
Koxy,0.158977924064034,0.4567307692307692
Koxy,0.159629388705399,0.46153846153846156
Koxy,0.160101758032791,0.46634615384615385
Koxy,0.161432900141163,0.47115384615384615
Koxy,0.161517097520206,0.47596153846153844
Koxy,0.161745510654721,0.4807692307692308
Koxy,0.162060918207558,0.4855769230769231
Koxy,0.162606702977257,0.49038461538461536
Koxy,0.163285316338368,0.4951923076923077
Koxy,0.163904910133116,0.5
Koxy,0.164318743378158,0.5048076923076923
Koxy,0.164625384694947,0.5096153846153846
Koxy,0.164885981561844,0.5144230769230769
Koxy,0.165891195761945,0.5192307692307693
Koxy,0.16607533019179,0.5240384615384616
Koxy,0.166176061902651,0.5288461538461539
Koxy,0.167008714850339,0.5336538461538461
Koxy,0.167578116479307,0.5384615384615384
Koxy,0.167947032966429,0.5432692307692307
Koxy,0.167983290186452,0.5480769230769231
Koxy,0.168952982329666,0.5528846153846154
Koxy,0.169741571308706,0.5576923076923077
Koxy,0.170871005696448,0.5625
Koxy,0.171806580613628,0.5673076923076923
Koxy,0.171937466322743,0.5721153846153846
Koxy,0.172100821623022,0.5769230769230769
Koxy,0.172216460390648,0.5817307692307693
Koxy,0.172434056027048,0.5865384615384616
Koxy,0.172636763071244,0.5913461538461539
Koxy,0.173097601279375,0.5961538461538461
Koxy,0.173118200892362,0.6009615384615384
Koxy,0.174325381688414,0.6057692307692307
Koxy,0.174642637563245,0.6105769230769231
Koxy,0.176956638415615,0.6153846153846154
Koxy,0.177154331989166,0.6201923076923077
Koxy,0.178344387401532,0.625
Koxy,0.178885388481807,0.6298076923076923
Koxy,0.180901255037593,0.6346153846153846
Koxy,0.181310879388166,0.6394230769230769
Koxy,0.181408772685451,0.6442307692307693
Koxy,0.181951405827887,0.6490384615384616
Koxy,0.182287351445169,0.6538461538461539
Koxy,0.182365317718252,0.6586538461538461
Koxy,0.182387893723296,0.6634615384615384
Koxy,0.182615772069372,0.6682692307692307
Koxy,0.183237375751927,0.6730769230769231
Koxy,0.18476938118374,0.6778846153846154
Koxy,0.184795406642602,0.6826923076923077
Koxy,0.187695464843159,0.6875
Koxy,0.188127796005508,0.6923076923076923
Koxy,0.190958855710373,0.6971153846153846
Koxy,0.191294883734313,0.7019230769230769
Koxy,0.191345413719188,0.7067307692307693
Koxy,0.19177282662408,0.7115384615384616
Koxy,0.191829167817087,0.7163461538461539
Koxy,0.192319205337206,0.7211538461538461
Koxy,0.192517187350518,0.7259615384615384
Koxy,0.192725386046878,0.7307692307692307
Koxy,0.195023959073434,0.7355769230769231
Koxy,0.196289169358279,0.7403846153846154
Koxy,0.196382163391657,0.7451923076923077
Koxy,0.19714086988675,0.75
Koxy,0.197858611006622,0.7548076923076923
Koxy,0.198474229435447,0.7596153846153846
Koxy,0.199073012970411,0.7644230769230769
Koxy,0.199874620149863,0.7692307692307693
Koxy,0.199914298784925,0.7740384615384616
Koxy,0.200331921026536,0.7788461538461539
Koxy,0.200366888120741,0.7836538461538461
Koxy,0.201620385718128,0.7884615384615384
Koxy,0.203272119818153,0.7932692307692307
Koxy,0.203551568661392,0.7980769230769231
Koxy,0.203815720982373,0.8028846153846154
Koxy,0.204419134335407,0.8076923076923077
Koxy,0.204453822409556,0.8125
Koxy,0.204629814651226,0.8173076923076923
Koxy,0.205868208920387,0.8221153846153846
Koxy,0.206000889453361,0.8269230769230769
Koxy,0.206341433088634,0.8317307692307693
Koxy,0.206764368012866,0.8365384615384616
Koxy,0.207007484050476,0.8413461538461539
Koxy,0.207981783102025,0.8461538461538461
Koxy,0.210827330494814,0.8509615384615384
Koxy,0.211802989085259,0.8557692307692307
Koxy,0.21263104367302,0.8605769230769231
Koxy,0.212755365572115,0.8653846153846154
Koxy,0.213372943638116,0.8701923076923077
Koxy,0.215336578049917,0.875
Koxy,0.216446449048149,0.8798076923076923
Koxy,0.216555343805302,0.8846153846153846
Koxy,0.218096613660365,0.8894230769230769
Koxy,0.220344888876822,0.8942307692307693
Koxy,0.220425483614567,0.8990384615384616
Koxy,0.221582143472155,0.9038461538461539
Koxy,0.221847050104706,0.9086538461538461
Koxy,0.222582164343095,0.9134615384615384
Koxy,0.22585294719015,0.9182692307692307
Koxy,0.226204863628157,0.9230769230769231
Koxy,0.228605694427468,0.9278846153846154
Koxy,0.229154695450401,0.9326923076923077
Koxy,0.229610683482117,0.9375
Koxy,0.231004253743659,0.9423076923076923
Koxy,0.232226049738907,0.9471153846153846
Koxy,0.237229516353655,0.9519230769230769
Koxy,0.241781486461135,0.9567307692307693
Koxy,0.242237277004986,0.9615384615384616
Koxy,0.243132199296041,0.9663461538461539
Koxy,0.245589069016632,0.9711538461538461
Koxy,0.249681907862201,0.9759615384615384
Koxy,0.255788695000677,0.9807692307692307
Koxy,0.269937573921562,0.9855769230769231
Koxy,0.297417714782409,0.9903846153846154
Koxy,0.313759580548741,0.9951923076923077
Koxy,0.336195207388602,1.0
MR1,0.133617772582246,0.005681818181818182
MR1,0.151430235244749,0.011363636363636364
MR1,0.171147944508638,0.017045454545454544
MR1,0.172666263615749,0.022727272727272728
MR1,0.173266637751914,0.028409090909090908
MR1,0.176548274431898,0.03409090909090909
MR1,0.185151733795816,0.03977272727272727
MR1,0.186453407699042,0.045454545454545456
MR1,0.186890747843113,0.05113636363636364
MR1,0.190913705535512,0.056818181818181816
MR1,0.192797761435657,0.0625
MR1,0.19352812444539,0.06818181818181818
MR1,0.193839886644889,0.07386363636363637
MR1,0.200432896379374,0.07954545454545454
MR1,0.201368497835747,0.08522727272727272
MR1,0.201688697350712,0.09090909090909091
MR1,0.201995992800525,0.09659090909090909
MR1,0.203692607932965,0.10227272727272728
MR1,0.204056382610519,0.10795454545454546
MR1,0.204923808033225,0.11363636363636363
MR1,0.205856919449036,0.11931818181818182
MR1,0.207017290026249,0.125
MR1,0.20778855135936,0.13068181818181818
MR1,0.207885502776066,0.13636363636363635
MR1,0.209915806693762,0.14204545454545456
MR1,0.210230953889062,0.14772727272727273
MR1,0.210253063625055,0.1534090909090909
MR1,0.21150296985861,0.1590909090909091
MR1,0.214016231098647,0.16477272727272727
MR1,0.215539593404396,0.17045454545454544
MR1,0.217004621265369,0.17613636363636365
MR1,0.218658351149756,0.18181818181818182
MR1,0.226455013656632,0.1875
MR1,0.231951972477058,0.19318181818181818
MR1,0.232039030497435,0.19886363636363635
MR1,0.234434004412764,0.20454545454545456
MR1,0.235338859614434,0.21022727272727273
MR1,0.237065844850396,0.2159090909090909
MR1,0.237140735054976,0.2215909090909091
MR1,0.238715192993075,0.22727272727272727
MR1,0.238715515877455,0.23295454545454544
MR1,0.240134924371111,0.23863636363636365
MR1,0.240197957969359,0.24431818181818182
MR1,0.241510938663367,0.25
MR1,0.245125298759034,0.2556818181818182
MR1,0.245638023832227,0.26136363636363635
MR1,0.246321484693307,0.26704545454545453
MR1,0.251391398456052,0.2727272727272727
MR1,0.252843082253495,0.2784090909090909
MR1,0.252933889016258,0.2840909090909091
MR1,0.253626515050815,0.2897727272727273
MR1,0.255585285666967,0.29545454545454547
MR1,0.256395333623123,0.30113636363636365
MR1,0.264000601579206,0.3068181818181818
MR1,0.264119186249417,0.3125
MR1,0.264976514694456,0.3181818181818182
MR1,0.268630009106744,0.32386363636363635
MR1,0.269583743895873,0.32954545454545453
MR1,0.269774808265463,0.3352272727272727
MR1,0.269932549142761,0.3409090909090909
MR1,0.270941446448072,0.3465909090909091
MR1,0.27354659365087,0.3522727272727273
MR1,0.274769881806859,0.35795454545454547
MR1,0.276396711956345,0.36363636363636365
MR1,0.276614874534399,0.3693181818181818
MR1,0.27670137106431,0.375
MR1,0.27761780267434,0.3806818181818182
MR1,0.278037558206682,0.38636363636363635
MR1,0.278070218052998,0.39204545454545453
MR1,0.284979430103267,0.3977272727272727
MR1,0.285034961838651,0.4034090909090909
MR1,0.285702133638777,0.4090909090909091
MR1,0.292219074731902,0.4147727272727273
MR1,0.29226774635993,0.42045454545454547
MR1,0.292716268519123,0.42613636363636365
MR1,0.296500280094903,0.4318181818181818
MR1,0.304380138779027,0.4375
MR1,0.306512556250267,0.4431818181818182
MR1,0.307065758255359,0.44886363636363635
MR1,0.308440525155866,0.45454545454545453
MR1,0.309140042309273,0.4602272727272727
MR1,0.317631592865577,0.4659090909090909
MR1,0.318210794177714,0.4715909090909091
MR1,0.324736405566973,0.4772727272727273
MR1,0.325873487029691,0.48295454545454547
MR1,0.32617144364166,0.48863636363636365
MR1,0.330013157605097,0.4943181818181818
MR1,0.330393741394504,0.5
MR1,0.33308182500768,0.5056818181818182
MR1,0.33775670851998,0.5113636363636364
MR1,0.338709165635548,0.5170454545454546
MR1,0.34304764010729,0.5227272727272727
MR1,0.344626172955726,0.5284090909090909
MR1,0.351652113729489,0.5340909090909091
MR1,0.353876261741177,0.5397727272727273
MR1,0.360451644177523,0.5454545454545454
MR1,0.361576667853659,0.5511363636363636
MR1,0.36160084477937,0.5568181818181818
MR1,0.362316987742074,0.5625
MR1,0.363718309602636,0.5681818181818182
MR1,0.366907722476993,0.5738636363636364
MR1,0.369830798058858,0.5795454545454546
MR1,0.374078976180547,0.5852272727272727
MR1,0.374464650810457,0.5909090909090909
MR1,0.375023873058673,0.5965909090909091
MR1,0.376794926357561,0.6022727272727273
MR1,0.382305471131171,0.6079545454545454
MR1,0.38278063106935,0.6136363636363636
MR1,0.383673171059415,0.6193181818181818
MR1,0.391519831756588,0.625
MR1,0.393114238111955,0.6306818181818182
MR1,0.394717236110577,0.6363636363636364
MR1,0.395092678041927,0.6420454545454546
MR1,0.397779241727047,0.6477272727272727
MR1,0.398995300556479,0.6534090909090909
MR1,0.413028561343529,0.6590909090909091
MR1,0.421681728119381,0.6647727272727273
MR1,0.425092757887404,0.6704545454545454
MR1,0.425826207817753,0.6761363636363636
MR1,0.426763516365671,0.6818181818181818
MR1,0.428924055424684,0.6875
MR1,0.433790121150251,0.6931818181818182
MR1,0.436574195918336,0.6988636363636364
MR1,0.439363349639487,0.7045454545454546
MR1,0.439658806725023,0.7102272727272727
MR1,0.440592619730285,0.7159090909090909
MR1,0.441023166168081,0.7215909090909091
MR1,0.442515236781669,0.7272727272727273
MR1,0.442668089882642,0.7329545454545454
MR1,0.442847766466724,0.7386363636363636
MR1,0.443372379157743,0.7443181818181818
MR1,0.445953475669853,0.75
MR1,0.446510387379332,0.7556818181818182
MR1,0.447494392305518,0.7613636363636364
MR1,0.447948045225215,0.7670454545454546
MR1,0.448171577899539,0.7727272727272727
MR1,0.44985235309043,0.7784090909090909
MR1,0.451454554276072,0.7840909090909091
MR1,0.451758163371328,0.7897727272727273
MR1,0.453075610815022,0.7954545454545454
MR1,0.453430833617002,0.8011363636363636
MR1,0.454070727341998,0.8068181818181818
MR1,0.454680577861105,0.8125
MR1,0.45544507102682,0.8181818181818182
MR1,0.456692943636038,0.8238636363636364
MR1,0.456951088421448,0.8295454545454546
MR1,0.456958239307167,0.8352272727272727
MR1,0.457323796233534,0.8409090909090909
MR1,0.459409203198312,0.8465909090909091
MR1,0.460969803376601,0.8522727272727273
MR1,0.461431310595673,0.8579545454545454
MR1,0.464629228870742,0.8636363636363636
MR1,0.479495215182747,0.8693181818181818
MR1,0.479584093074314,0.875
MR1,0.480235211821941,0.8806818181818182
MR1,0.481240796005149,0.8863636363636364
MR1,0.481644075313048,0.8920454545454546
MR1,0.487685105989835,0.8977272727272727
MR1,0.48939608090345,0.9034090909090909
MR1,0.495240575323708,0.9090909090909091
MR1,0.500861093058013,0.9147727272727273
MR1,0.501624010474982,0.9204545454545454
MR1,0.501836574201391,0.9261363636363636
MR1,0.502025522857395,0.9318181818181818
MR1,0.50401427575097,0.9375
MR1,0.505019956981913,0.9431818181818182
MR1,0.50727684109171,0.9488636363636364
MR1,0.509665118348499,0.9545454545454546
MR1,0.511917299291571,0.9602272727272727
MR1,0.533257820709823,0.9659090909090909
MR1,0.542607371748486,0.9715909090909091
MR1,0.545778883693874,0.9772727272727273
MR1,0.550283181732823,0.9829545454545454
MR1,0.558288281248334,0.9886363636363636
MR1,0.561310738818366,0.9943181818181818
MR1,0.592749581613443,1.0
Magneto,0.101682672774074,0.027777777777777776
Magneto,0.150428580611232,0.05555555555555555
Magneto,0.15136303766415,0.08333333333333333
Magneto,0.158976544135143,0.1111111111111111
Magneto,0.161749705901841,0.1388888888888889
Magneto,0.166168905792327,0.16666666666666666
Magneto,0.171919754124354,0.19444444444444445
Magneto,0.174353872177835,0.2222222222222222
Magneto,0.178682566302831,0.25
Magneto,0.180311052819321,0.2777777777777778
Magneto,0.18075536190013,0.3055555555555556
Magneto,0.185324871682358,0.3333333333333333
Magneto,0.192325980983528,0.3611111111111111
Magneto,0.204044706566505,0.3888888888888889
Magneto,0.209271869005784,0.4166666666666667
Magneto,0.213153136484465,0.4444444444444444
Magneto,0.217615367634159,0.4722222222222222
Magneto,0.220151531914911,0.5
Magneto,0.224095161121619,0.5277777777777778
Magneto,0.225073581838465,0.5555555555555556
Magneto,0.225232720925746,0.5833333333333334
Magneto,0.229696863765565,0.6111111111111112
Magneto,0.231880503531887,0.6388888888888888
Magneto,0.241622549338274,0.6666666666666666
Magneto,0.247206877479728,0.6944444444444444
Magneto,0.247914450252093,0.7222222222222222
Magneto,0.247916038986394,0.75
Magneto,0.249287786039891,0.7777777777777778
Magneto,0.251171269620608,0.8055555555555556
Magneto,0.251576735450007,0.8333333333333334
Magneto,0.254890108550662,0.8611111111111112
Magneto,0.284648878259822,0.8888888888888888
Magneto,0.290998986752144,0.9166666666666666
Magneto,0.293629834388253,0.9444444444444444
Magneto,0.31897999403261,0.9722222222222222
Magneto,0.320149568135136,1.0
Marino,0.100556421900717,0.00392156862745098
Marino,0.100656696353966,0.00784313725490196
Marino,0.100752727726056,0.011764705882352941
Marino,0.10098800207574,0.01568627450980392
Marino,0.102239899936131,0.0196078431372549
Marino,0.102751569053001,0.023529411764705882
Marino,0.103664560487283,0.027450980392156862
Marino,0.104010631168579,0.03137254901960784
Marino,0.104200990505117,0.03529411764705882
Marino,0.104435648906783,0.0392156862745098
Marino,0.104438494722686,0.043137254901960784
Marino,0.105642710252076,0.047058823529411764
Marino,0.105677878947574,0.050980392156862744
Marino,0.106746440430129,0.054901960784313725
Marino,0.107115825031702,0.058823529411764705
Marino,0.107117047507971,0.06274509803921569
Marino,0.107623859688947,0.06666666666666667
Marino,0.108384739175635,0.07058823529411765
Marino,0.108656165016378,0.07450980392156863
Marino,0.108795555570302,0.0784313725490196
Marino,0.108889629724393,0.08235294117647059
Marino,0.109154032606435,0.08627450980392157
Marino,0.110802341946352,0.09019607843137255
Marino,0.110824917984978,0.09411764705882353
Marino,0.110851839152224,0.09803921568627451
Marino,0.111196864762841,0.10196078431372549
Marino,0.111557546547485,0.10588235294117647
Marino,0.111742228905186,0.10980392156862745
Marino,0.111921848662106,0.11372549019607843
Marino,0.113523952480966,0.11764705882352941
Marino,0.1148647493808,0.12156862745098039
Marino,0.115064740951156,0.12549019607843137
Marino,0.115683182066374,0.12941176470588237
Marino,0.115785683770906,0.13333333333333333
Marino,0.11583268421553,0.13725490196078433
Marino,0.116165928315771,0.1411764705882353
Marino,0.116638485518528,0.1450980392156863
Marino,0.117373340285679,0.14901960784313725
Marino,0.117399565960219,0.15294117647058825
Marino,0.118026834442603,0.1568627450980392
Marino,0.118565856989304,0.1607843137254902
Marino,0.118638237946151,0.16470588235294117
Marino,0.118653042678018,0.16862745098039217
Marino,0.118736007265026,0.17254901960784313
Marino,0.120084829805294,0.17647058823529413
Marino,0.120991750723859,0.1803921568627451
Marino,0.121076865634064,0.1843137254901961
Marino,0.121746235236231,0.18823529411764706
Marino,0.121844064736943,0.19215686274509805
Marino,0.122170981894509,0.19607843137254902
Marino,0.12238414177409,0.2
Marino,0.122394324017565,0.20392156862745098
Marino,0.12270918753819,0.20784313725490197
Marino,0.122912896252783,0.21176470588235294
Marino,0.124385960793658,0.21568627450980393
Marino,0.125160070864689,0.2196078431372549
Marino,0.125531260398048,0.2235294117647059
Marino,0.125561319917256,0.22745098039215686
Marino,0.126086116524366,0.23137254901960785
Marino,0.126358816126769,0.23529411764705882
Marino,0.126654811333238,0.23921568627450981
Marino,0.127252999428733,0.24313725490196078
Marino,0.127346239410234,0.24705882352941178
Marino,0.127953369480045,0.25098039215686274
Marino,0.12853072262362,0.2549019607843137
Marino,0.128533685139954,0.25882352941176473
Marino,0.128714427942282,0.2627450980392157
Marino,0.128743137295064,0.26666666666666666
Marino,0.129046756231963,0.27058823529411763
Marino,0.129886266166765,0.27450980392156865
Marino,0.129932909706929,0.2784313725490196
Marino,0.130170277861215,0.2823529411764706
Marino,0.130224959601503,0.28627450980392155
Marino,0.1304784470683,0.2901960784313726
Marino,0.130483440590798,0.29411764705882354
Marino,0.130493590911735,0.2980392156862745
Marino,0.130647667927133,0.30196078431372547
Marino,0.130718426590986,0.3058823529411765
Marino,0.130898078270446,0.30980392156862746
Marino,0.131664880696521,0.3137254901960784
Marino,0.131771368008615,0.3176470588235294
Marino,0.132385043768994,0.3215686274509804
Marino,0.133078542101177,0.3254901960784314
Marino,0.133610959298793,0.32941176470588235
Marino,0.135154955722548,0.3333333333333333
Marino,0.135478820876005,0.33725490196078434
Marino,0.135614174013657,0.3411764705882353
Marino,0.136940308524751,0.34509803921568627
Marino,0.13694229975857,0.34901960784313724
Marino,0.137365043146661,0.35294117647058826
Marino,0.138005174842523,0.3568627450980392
Marino,0.138429475631888,0.3607843137254902
Marino,0.139513391332645,0.36470588235294116
Marino,0.139906541479933,0.3686274509803922
Marino,0.140005288361167,0.37254901960784315
Marino,0.140114691090766,0.3764705882352941
Marino,0.140144550178292,0.3803921568627451
Marino,0.141336447793978,0.3843137254901961
Marino,0.141337273070124,0.38823529411764707
Marino,0.1418618524993,0.39215686274509803
Marino,0.141881161972485,0.396078431372549
Marino,0.141940681809136,0.4
Marino,0.141983044589079,0.403921568627451
Marino,0.14233054393485,0.40784313725490196
Marino,0.142431436429397,0.4117647058823529
Marino,0.142551251140093,0.41568627450980394
Marino,0.142770241331364,0.4196078431372549
Marino,0.142788304778866,0.4235294117647059
Marino,0.142841121405531,0.42745098039215684
Marino,0.143188059228598,0.43137254901960786
Marino,0.143271495850536,0.43529411764705883
Marino,0.143646088535939,0.4392156862745098
Marino,0.144196829794577,0.44313725490196076
Marino,0.144371724492324,0.4470588235294118
Marino,0.145095818223724,0.45098039215686275
Marino,0.145590116769196,0.4549019607843137
Marino,0.145780120247915,0.4588235294117647
Marino,0.146162936388835,0.4627450980392157
Marino,0.146526203375862,0.4666666666666667
Marino,0.146623098226481,0.47058823529411764
Marino,0.147089190329999,0.4745098039215686
Marino,0.147354322720568,0.47843137254901963
Marino,0.147906617717238,0.4823529411764706
Marino,0.148257618075953,0.48627450980392156
Marino,0.149300588671515,0.49019607843137253
Marino,0.149406960329818,0.49411764705882355
Marino,0.150479798909352,0.4980392156862745
Marino,0.15157140532554,0.5019607843137255
Marino,0.152545881664276,0.5058823529411764
Marino,0.152659621672691,0.5098039215686274
Marino,0.152664009713579,0.5137254901960784
Marino,0.152979041220026,0.5176470588235295
Marino,0.153283154171307,0.5215686274509804
Marino,0.153337603034052,0.5254901960784314
Marino,0.153578984531876,0.5294117647058824
Marino,0.153730242944028,0.5333333333333333
Marino,0.153886444116606,0.5372549019607843
Marino,0.154749379962234,0.5411764705882353
Marino,0.155324967946369,0.5450980392156862
Marino,0.155377661069438,0.5490196078431373
Marino,0.155558963824509,0.5529411764705883
Marino,0.157207240718566,0.5568627450980392
Marino,0.157257527614802,0.5607843137254902
Marino,0.158048142685421,0.5647058823529412
Marino,0.158415880397946,0.5686274509803921
Marino,0.15845208945424,0.5725490196078431
Marino,0.159373052626965,0.5764705882352941
Marino,0.159429455044466,0.5803921568627451
Marino,0.159733880417978,0.5843137254901961
Marino,0.159933769940872,0.5882352941176471
Marino,0.16079299858535,0.592156862745098
Marino,0.161243236699759,0.596078431372549
Marino,0.16400156600466,0.6
Marino,0.165351107587049,0.6039215686274509
Marino,0.16620709164554,0.6078431372549019
Marino,0.16687486721401,0.611764705882353
Marino,0.167498584444699,0.615686274509804
Marino,0.167887278519458,0.6196078431372549
Marino,0.168335798049935,0.6235294117647059
Marino,0.169314924613039,0.6274509803921569
Marino,0.169647262845805,0.6313725490196078
Marino,0.171398055574043,0.6352941176470588
Marino,0.17146993100346,0.6392156862745098
Marino,0.17297580825175,0.6431372549019608
Marino,0.173755096577352,0.6470588235294118
Marino,0.174256047047418,0.6509803921568628
Marino,0.175124943511496,0.6549019607843137
Marino,0.175672218296331,0.6588235294117647
Marino,0.176827009361374,0.6627450980392157
Marino,0.179866960880142,0.6666666666666666
Marino,0.18014786562185,0.6705882352941176
Marino,0.180442568750448,0.6745098039215687
Marino,0.180471485338077,0.6784313725490196
Marino,0.180583617183147,0.6823529411764706
Marino,0.180859812565291,0.6862745098039216
Marino,0.183043148901262,0.6901960784313725
Marino,0.183872230108718,0.6941176470588235
Marino,0.18410436715308,0.6980392156862745
Marino,0.184340832056493,0.7019607843137254
Marino,0.185687509506768,0.7058823529411765
Marino,0.185706445329244,0.7098039215686275
Marino,0.18624722256898,0.7137254901960784
Marino,0.186651882623397,0.7176470588235294
Marino,0.186662341703322,0.7215686274509804
Marino,0.187790945296207,0.7254901960784313
Marino,0.188247897610328,0.7294117647058823
Marino,0.188741211266957,0.7333333333333333
Marino,0.189322359006176,0.7372549019607844
Marino,0.189566159290521,0.7411764705882353
Marino,0.190252196121575,0.7450980392156863
Marino,0.190630844539462,0.7490196078431373
Marino,0.191348650053891,0.7529411764705882
Marino,0.191857849622168,0.7568627450980392
Marino,0.193175042158947,0.7607843137254902
Marino,0.194323235724709,0.7647058823529411
Marino,0.195074614330978,0.7686274509803922
Marino,0.196019582206803,0.7725490196078432
Marino,0.196126317049409,0.7764705882352941
Marino,0.197525963935883,0.7803921568627451
Marino,0.198226821721733,0.7843137254901961
Marino,0.19940209659076,0.788235294117647
Marino,0.202227355948049,0.792156862745098
Marino,0.203619450798978,0.796078431372549
Marino,0.204876735718748,0.8
Marino,0.205212548798442,0.803921568627451
Marino,0.207804688839128,0.807843137254902
Marino,0.212955039447519,0.8117647058823529
Marino,0.21423289922901,0.8156862745098039
Marino,0.214985359538382,0.8196078431372549
Marino,0.215270291229956,0.8235294117647058
Marino,0.215890613681726,0.8274509803921568
Marino,0.217063250493017,0.8313725490196079
Marino,0.219313838723374,0.8352941176470589
Marino,0.223507599034943,0.8392156862745098
Marino,0.225594379631862,0.8431372549019608
Marino,0.225798160564659,0.8470588235294118
Marino,0.228397635462956,0.8509803921568627
Marino,0.228879350248002,0.8549019607843137
Marino,0.229251502167431,0.8588235294117647
Marino,0.231914850927444,0.8627450980392157
Marino,0.233222002517234,0.8666666666666667
Marino,0.234814728959271,0.8705882352941177
Marino,0.240598146962517,0.8745098039215686
Marino,0.246288483550321,0.8784313725490196
Marino,0.248401664610768,0.8823529411764706
Marino,0.248782641804081,0.8862745098039215
Marino,0.250294465541173,0.8901960784313725
Marino,0.252062301765608,0.8941176470588236
Marino,0.256619084673615,0.8980392156862745
Marino,0.259759119633715,0.9019607843137255
Marino,0.260719643729387,0.9058823529411765
Marino,0.262514917114905,0.9098039215686274
Marino,0.264392975065242,0.9137254901960784
Marino,0.268923708657655,0.9176470588235294
Marino,0.269592526156884,0.9215686274509803
Marino,0.269861235965164,0.9254901960784314
Marino,0.27080865402673,0.9294117647058824
Marino,0.27743698943365,0.9333333333333333
Marino,0.27818890758317,0.9372549019607843
Marino,0.283708743270637,0.9411764705882353
Marino,0.284258442075197,0.9450980392156862
Marino,0.284985988674071,0.9490196078431372
Marino,0.291944473788178,0.9529411764705882
Marino,0.295253275888392,0.9568627450980393
Marino,0.298055001007549,0.9607843137254902
Marino,0.302435479916185,0.9647058823529412
Marino,0.31547267908406,0.9686274509803922
Marino,0.318151712277399,0.9725490196078431
Marino,0.321375066635685,0.9764705882352941
Marino,0.32669739966424,0.9803921568627451
Marino,0.327004536883653,0.984313725490196
Marino,0.330163232923061,0.9882352941176471
Marino,0.332440893560237,0.9921568627450981
Marino,0.345192142131873,0.996078431372549
Marino,0.353890037757247,1.0
Methanococcus_JJ,0.192063040455832,0.007751937984496124
Methanococcus_JJ,0.435665660734112,0.015503875968992248
Methanococcus_JJ,0.444296518221396,0.023255813953488372
Methanococcus_JJ,0.466288198711344,0.031007751937984496
Methanococcus_JJ,0.49070363943139,0.03875968992248062
Methanococcus_JJ,0.492153020810754,0.046511627906976744
Methanococcus_JJ,0.492773788693316,0.05426356589147287
Methanococcus_JJ,0.49402364869916,0.06201550387596899
Methanococcus_JJ,0.494227761859271,0.06976744186046512
Methanococcus_JJ,0.498028927864921,0.07751937984496124
Methanococcus_JJ,0.499448970418804,0.08527131782945736
Methanococcus_JJ,0.505202348816023,0.09302325581395349
Methanococcus_JJ,0.508749707940889,0.10077519379844961
Methanococcus_JJ,0.51213444490736,0.10852713178294573
Methanococcus_JJ,0.516057401759258,0.11627906976744186
Methanococcus_JJ,0.516664255400031,0.12403100775193798
Methanococcus_JJ,0.517894038274711,0.13178294573643412
Methanococcus_JJ,0.518489165065418,0.13953488372093023
Methanococcus_JJ,0.520763305965692,0.14728682170542637
Methanococcus_JJ,0.523844794054357,0.15503875968992248
Methanococcus_JJ,0.52518067410769,0.16279069767441862
Methanococcus_JJ,0.5274906118471,0.17054263565891473
Methanococcus_JJ,0.528568475158597,0.17829457364341086
Methanococcus_JJ,0.530588123448143,0.18604651162790697
Methanococcus_JJ,0.530824266272757,0.1937984496124031
Methanococcus_JJ,0.533182474192195,0.20155038759689922
Methanococcus_JJ,0.533879653222895,0.20930232558139536
Methanococcus_JJ,0.536579198412509,0.21705426356589147
Methanococcus_JJ,0.536838569253983,0.2248062015503876
Methanococcus_JJ,0.541337869104179,0.23255813953488372
Methanococcus_JJ,0.543610282659402,0.24031007751937986
Methanococcus_JJ,0.54547353244081,0.24806201550387597
Methanococcus_JJ,0.546706926247857,0.2558139534883721
Methanococcus_JJ,0.547828441912413,0.26356589147286824
Methanococcus_JJ,0.554114146389585,0.2713178294573643
Methanococcus_JJ,0.555959749475075,0.27906976744186046
Methanococcus_JJ,0.561900531790082,0.2868217054263566
Methanococcus_JJ,0.563488760463051,0.29457364341085274
Methanococcus_JJ,0.563787625877287,0.3023255813953488
Methanococcus_JJ,0.56769145173174,0.31007751937984496
Methanococcus_JJ,0.574243540592099,0.3178294573643411
Methanococcus_JJ,0.574574609273356,0.32558139534883723
Methanococcus_JJ,0.576089213118595,0.3333333333333333
Methanococcus_JJ,0.580231143506112,0.34108527131782945
Methanococcus_JJ,0.581284858707406,0.3488372093023256
Methanococcus_JJ,0.587191762491097,0.35658914728682173
Methanococcus_JJ,0.592098689732828,0.3643410852713178
Methanococcus_JJ,0.59233721959206,0.37209302325581395
Methanococcus_JJ,0.592394013655704,0.3798449612403101
Methanococcus_JJ,0.594194914092903,0.3875968992248062
Methanococcus_JJ,0.594360383332587,0.3953488372093023
Methanococcus_JJ,0.595447030931477,0.40310077519379844
Methanococcus_JJ,0.596305790505466,0.4108527131782946
Methanococcus_JJ,0.597645333571921,0.4186046511627907
Methanococcus_JJ,0.598598020788077,0.4263565891472868
Methanococcus_JJ,0.599654617791164,0.43410852713178294
Methanococcus_JJ,0.602806675303247,0.4418604651162791
Methanococcus_JJ,0.603747462066819,0.4496124031007752
Methanococcus_JJ,0.604180079540767,0.4573643410852713
Methanococcus_JJ,0.605303357270878,0.46511627906976744
Methanococcus_JJ,0.60583045791505,0.4728682170542636
Methanococcus_JJ,0.609183252018276,0.4806201550387597
Methanococcus_JJ,0.609662030401663,0.4883720930232558
Methanococcus_JJ,0.610876171689505,0.49612403100775193
Methanococcus_JJ,0.611060962889402,0.5038759689922481
Methanococcus_JJ,0.611739418888575,0.5116279069767442
Methanococcus_JJ,0.612204283030174,0.5193798449612403
Methanococcus_JJ,0.613507195965408,0.5271317829457365
Methanococcus_JJ,0.61536291139755,0.5348837209302325
Methanococcus_JJ,0.615442968198558,0.5426356589147286
Methanococcus_JJ,0.616224613534213,0.5503875968992248
Methanococcus_JJ,0.616948041265579,0.5581395348837209
Methanococcus_JJ,0.618446838601587,0.5658914728682171
Methanococcus_JJ,0.619035889304177,0.5736434108527132
Methanococcus_JJ,0.619404004762698,0.5813953488372093
Methanococcus_JJ,0.619458229509082,0.5891472868217055
Methanococcus_JJ,0.621341217896744,0.5968992248062015
Methanococcus_JJ,0.621690914128144,0.6046511627906976
Methanococcus_JJ,0.62200533432796,0.6124031007751938
Methanococcus_JJ,0.623578259938999,0.6201550387596899
Methanococcus_JJ,0.624512588688915,0.627906976744186
Methanococcus_JJ,0.625041251755745,0.6356589147286822
Methanococcus_JJ,0.625482306312051,0.6434108527131783
Methanococcus_JJ,0.626120234803481,0.6511627906976745
Methanococcus_JJ,0.626280252924112,0.6589147286821705
Methanococcus_JJ,0.627089318777428,0.6666666666666666
Methanococcus_JJ,0.627711232436606,0.6744186046511628
Methanococcus_JJ,0.628322530301831,0.6821705426356589
Methanococcus_JJ,0.628428809763128,0.689922480620155
Methanococcus_JJ,0.62903471727018,0.6976744186046512
Methanococcus_JJ,0.629536975394078,0.7054263565891473
Methanococcus_JJ,0.630650878588237,0.7131782945736435
Methanococcus_JJ,0.631527371659402,0.7209302325581395
Methanococcus_JJ,0.632456474973537,0.7286821705426356
Methanococcus_JJ,0.633097319987264,0.7364341085271318
Methanococcus_JJ,0.63327836137278,0.7441860465116279
Methanococcus_JJ,0.6345164077273,0.751937984496124
Methanococcus_JJ,0.63519459464257,0.7596899224806202
Methanococcus_JJ,0.635773090312088,0.7674418604651163
Methanococcus_JJ,0.636474192759686,0.7751937984496124
Methanococcus_JJ,0.637686684823609,0.7829457364341085
Methanococcus_JJ,0.6380877239996,0.7906976744186046
Methanococcus_JJ,0.639141777725803,0.7984496124031008
Methanococcus_JJ,0.639569230524852,0.8062015503875969
Methanococcus_JJ,0.639740767172528,0.813953488372093
Methanococcus_JJ,0.640491407098533,0.8217054263565892
Methanococcus_JJ,0.641827209030734,0.8294573643410853
Methanococcus_JJ,0.642351731677518,0.8372093023255814
Methanococcus_JJ,0.642683755172623,0.8449612403100775
Methanococcus_JJ,0.642895524203761,0.8527131782945736
Methanococcus_JJ,0.646140077137241,0.8604651162790697
Methanococcus_JJ,0.646185404754595,0.8682170542635659
Methanococcus_JJ,0.6506321204022,0.875968992248062
Methanococcus_JJ,0.651028949717137,0.8837209302325582
Methanococcus_JJ,0.651653233050682,0.8914728682170543
Methanococcus_JJ,0.653814341351723,0.8992248062015504
Methanococcus_JJ,0.654906179665889,0.9069767441860465
Methanococcus_JJ,0.655569193721118,0.9147286821705426
Methanococcus_JJ,0.656038293764148,0.9224806201550387
Methanococcus_JJ,0.657358506190264,0.9302325581395349
Methanococcus_JJ,0.658983147991307,0.937984496124031
Methanococcus_JJ,0.661378428728387,0.9457364341085271
Methanococcus_JJ,0.663189163748209,0.9534883720930233
Methanococcus_JJ,0.663320146847766,0.9612403100775194
Methanococcus_JJ,0.663805088120529,0.9689922480620154
Methanococcus_JJ,0.664895650456192,0.9767441860465116
Methanococcus_JJ,0.665270380170634,0.9844961240310077
Methanococcus_JJ,0.668172632339966,0.9922480620155039
Methanococcus_JJ,0.689744975948565,1.0
Methanococcus_S2,0.271999185722614,0.0026954177897574125
Methanococcus_S2,0.312702886317884,0.005390835579514825
Methanococcus_S2,0.317000972230317,0.008086253369272238
Methanococcus_S2,0.343693582354596,0.01078167115902965
Methanococcus_S2,0.388676888531822,0.013477088948787063
Methanococcus_S2,0.392200696648719,0.016172506738544475
Methanococcus_S2,0.392816755283185,0.018867924528301886
Methanococcus_S2,0.409979099239732,0.0215633423180593
Methanococcus_S2,0.411593498313248,0.02425876010781671
Methanococcus_S2,0.411635458923066,0.026954177897574125
Methanococcus_S2,0.412257933076334,0.029649595687331536
Methanococcus_S2,0.419920374190978,0.03234501347708895
Methanococcus_S2,0.420191631157019,0.03504043126684636
Methanococcus_S2,0.422899941120732,0.03773584905660377
Methanococcus_S2,0.4262250369842,0.04043126684636118
Methanococcus_S2,0.428402832893105,0.0431266846361186
Methanococcus_S2,0.42855438978465,0.04582210242587601
Methanococcus_S2,0.429588054537754,0.04851752021563342
Methanococcus_S2,0.430168451199282,0.05121293800539083
Methanococcus_S2,0.43241118150902,0.05390835579514825
Methanococcus_S2,0.434349200649409,0.05660377358490566
Methanococcus_S2,0.436062442867873,0.05929919137466307
Methanococcus_S2,0.436628255262974,0.06199460916442048
Methanococcus_S2,0.437481947830728,0.0646900269541779
Methanococcus_S2,0.438162875931626,0.0673854447439353
Methanococcus_S2,0.438196096371092,0.07008086253369272
Methanococcus_S2,0.439482005297673,0.07277628032345014
Methanococcus_S2,0.443996764318807,0.07547169811320754
Methanococcus_S2,0.446216897457055,0.07816711590296496
Methanococcus_S2,0.450548359651517,0.08086253369272237
Methanococcus_S2,0.451017692513859,0.08355795148247978
Methanococcus_S2,0.454362866094064,0.0862533692722372
Methanococcus_S2,0.455163247518735,0.0889487870619946
Methanococcus_S2,0.455423231872791,0.09164420485175202
Methanococcus_S2,0.455560931763198,0.09433962264150944
Methanococcus_S2,0.458727042239665,0.09703504043126684
Methanococcus_S2,0.462504081532932,0.09973045822102426
Methanococcus_S2,0.463513915360931,0.10242587601078167
Methanococcus_S2,0.465548167283354,0.10512129380053908
Methanococcus_S2,0.466029681839293,0.1078167115902965
Methanococcus_S2,0.466806479089581,0.1105121293800539
Methanococcus_S2,0.468152517271333,0.11320754716981132
Methanococcus_S2,0.468153296484143,0.11590296495956873
Methanococcus_S2,0.469393790290781,0.11859838274932614
Methanococcus_S2,0.472070892781454,0.12129380053908356
Methanococcus_S2,0.472176190405845,0.12398921832884097
Methanococcus_S2,0.472538316572412,0.12668463611859837
Methanococcus_S2,0.474534192263943,0.1293800539083558
Methanococcus_S2,0.48032728886052,0.1320754716981132
Methanococcus_S2,0.480955957755627,0.1347708894878706
Methanococcus_S2,0.482401332583774,0.13746630727762804
Methanococcus_S2,0.483101896847484,0.14016172506738545
Methanococcus_S2,0.48581437559973,0.14285714285714285
Methanococcus_S2,0.486120411430857,0.14555256064690028
Methanococcus_S2,0.488078806986227,0.14824797843665768
Methanococcus_S2,0.488357518421484,0.1509433962264151
Methanococcus_S2,0.490395926145561,0.15363881401617252
Methanococcus_S2,0.494390002180173,0.15633423180592992
Methanococcus_S2,0.494807582325051,0.15902964959568733
Methanococcus_S2,0.495160059239654,0.16172506738544473
Methanococcus_S2,0.495519289331944,0.16442048517520216
Methanococcus_S2,0.49719216832685,0.16711590296495957
Methanococcus_S2,0.49987766034211,0.16981132075471697
Methanococcus_S2,0.499986022870221,0.1725067385444744
Methanococcus_S2,0.500379057811584,0.1752021563342318
Methanococcus_S2,0.501426657487107,0.1778975741239892
Methanococcus_S2,0.501756342427017,0.18059299191374664
Methanococcus_S2,0.503159834566627,0.18328840970350405
Methanococcus_S2,0.503311196654969,0.18598382749326145
Methanococcus_S2,0.503401286642685,0.18867924528301888
Methanococcus_S2,0.504395938807769,0.19137466307277629
Methanococcus_S2,0.506406593568929,0.1940700808625337
Methanococcus_S2,0.506425229741969,0.1967654986522911
Methanococcus_S2,0.506479683730507,0.19946091644204852
Methanococcus_S2,0.506487358976686,0.20215633423180593
Methanococcus_S2,0.506818030919489,0.20485175202156333
Methanococcus_S2,0.50976387092145,0.20754716981132076
Methanococcus_S2,0.51210178207593,0.21024258760107817
Methanococcus_S2,0.512423986572865,0.21293800539083557
Methanococcus_S2,0.513360223750958,0.215633423180593
Methanococcus_S2,0.515736225424967,0.2183288409703504
Methanococcus_S2,0.515743407169699,0.2210242587601078
Methanococcus_S2,0.51757557024985,0.22371967654986524
Methanococcus_S2,0.518285446106639,0.22641509433962265
Methanococcus_S2,0.518317692530093,0.22911051212938005
Methanococcus_S2,0.518494210205318,0.23180592991913745
Methanococcus_S2,0.518808310889028,0.23450134770889489
Methanococcus_S2,0.520021623155478,0.2371967654986523
Methanococcus_S2,0.520175011197126,0.2398921832884097
Methanococcus_S2,0.520928029469829,0.24258760107816713
Methanococcus_S2,0.521283259603027,0.24528301886792453
Methanococcus_S2,0.521409011563681,0.24797843665768193
Methanococcus_S2,0.521896136451851,0.25067385444743934
Methanococcus_S2,0.521906798680468,0.25336927223719674
Methanococcus_S2,0.523928544237291,0.2560646900269542
Methanococcus_S2,0.524032140580381,0.2587601078167116
Methanococcus_S2,0.524073192108587,0.261455525606469
Methanococcus_S2,0.525837641595549,0.2641509433962264
Methanococcus_S2,0.526671152551524,0.2668463611859838
Methanococcus_S2,0.527289873496424,0.2695417789757412
Methanococcus_S2,0.527468378164314,0.2722371967654987
Methanococcus_S2,0.530007585961377,0.2749326145552561
Methanococcus_S2,0.530660994863202,0.2776280323450135
Methanococcus_S2,0.53161079034419,0.2803234501347709
Methanococcus_S2,0.533738119236768,0.2830188679245283
Methanococcus_S2,0.534165231751688,0.2857142857142857
Methanococcus_S2,0.535728501477988,0.2884097035040431
Methanococcus_S2,0.536222054871841,0.29110512129380056
Methanococcus_S2,0.537574937139442,0.29380053908355797
Methanococcus_S2,0.53801664690767,0.29649595687331537
Methanococcus_S2,0.538152463700452,0.2991913746630728
Methanococcus_S2,0.53837125367062,0.3018867924528302
Methanococcus_S2,0.538726938344624,0.3045822102425876
Methanococcus_S2,0.539418061146453,0.30727762803234504
Methanococcus_S2,0.539858316384102,0.30997304582210244
Methanococcus_S2,0.539861134537098,0.31266846361185985
Methanococcus_S2,0.540438128636022,0.31536388140161725
Methanococcus_S2,0.540648723884804,0.31805929919137466
Methanococcus_S2,0.541035330320485,0.32075471698113206
Methanococcus_S2,0.541399781138602,0.32345013477088946
Methanococcus_S2,0.542562704310005,0.3261455525606469
Methanococcus_S2,0.542771832041328,0.3288409703504043
Methanococcus_S2,0.542797598011579,0.33153638814016173
Methanococcus_S2,0.543183983670297,0.33423180592991913
Methanococcus_S2,0.543868859782765,0.33692722371967654
Methanococcus_S2,0.544149973790853,0.33962264150943394
Methanococcus_S2,0.544697448711158,0.3423180592991914
Methanococcus_S2,0.544996562535156,0.3450134770889488
Methanococcus_S2,0.545247871653261,0.3477088948787062
Methanococcus_S2,0.545637698835223,0.3504043126684636
Methanococcus_S2,0.545950306027714,0.353099730458221
Methanococcus_S2,0.546189043845818,0.3557951482479784
Methanococcus_S2,0.548152569218854,0.3584905660377358
Methanococcus_S2,0.54826917841587,0.3611859838274933
Methanococcus_S2,0.548530513405464,0.3638814016172507
Methanococcus_S2,0.549335596080754,0.3665768194070081
Methanococcus_S2,0.551033500793742,0.3692722371967655
Methanococcus_S2,0.551045864303661,0.3719676549865229
Methanococcus_S2,0.55247662889162,0.3746630727762803
Methanococcus_S2,0.552507381823855,0.37735849056603776
Methanococcus_S2,0.552734067817164,0.38005390835579517
Methanococcus_S2,0.553026844043641,0.38274932614555257
Methanococcus_S2,0.553178284053264,0.38544474393531
Methanococcus_S2,0.553359645834791,0.3881401617250674
Methanococcus_S2,0.55336810029378,0.3908355795148248
Methanococcus_S2,0.553657318115091,0.3935309973045822
Methanococcus_S2,0.55462280174732,0.39622641509433965
Methanococcus_S2,0.554907123514808,0.39892183288409705
Methanococcus_S2,0.555286093664951,0.40161725067385445
Methanococcus_S2,0.556967881659652,0.40431266846361186
Methanococcus_S2,0.557080581805738,0.40700808625336926
Methanococcus_S2,0.557764042348268,0.40970350404312667
Methanococcus_S2,0.557976053166989,0.4123989218328841
Methanococcus_S2,0.559138560758226,0.41509433962264153
Methanococcus_S2,0.559411064464763,0.41778975741239893
Methanococcus_S2,0.559644984150325,0.42048517520215634
Methanococcus_S2,0.55992442285087,0.42318059299191374
Methanococcus_S2,0.560453677178302,0.42587601078167114
Methanococcus_S2,0.560560818939677,0.42857142857142855
Methanococcus_S2,0.561143735055956,0.431266846361186
Methanococcus_S2,0.561727248568724,0.4339622641509434
Methanococcus_S2,0.56180952045458,0.4366576819407008
Methanococcus_S2,0.561895844247048,0.4393530997304582
Methanococcus_S2,0.562022388407391,0.4420485175202156
Methanococcus_S2,0.56249455240961,0.444743935309973
Methanococcus_S2,0.563380478413938,0.4474393530997305
Methanococcus_S2,0.56365335874,0.4501347708894879
Methanococcus_S2,0.563653891202087,0.4528301886792453
Methanococcus_S2,0.563671968939279,0.4555256064690027
Methanococcus_S2,0.564941735173813,0.4582210242587601
Methanococcus_S2,0.565461768816325,0.4609164420485175
Methanococcus_S2,0.565541806958793,0.4636118598382749
Methanococcus_S2,0.567065856306989,0.46630727762803237
Methanococcus_S2,0.567385125769006,0.46900269541778977
Methanococcus_S2,0.567746511683403,0.4716981132075472
Methanococcus_S2,0.567880458365442,0.4743935309973046
Methanococcus_S2,0.567956042008012,0.477088948787062
Methanococcus_S2,0.569256119620855,0.4797843665768194
Methanococcus_S2,0.569589622703534,0.48247978436657685
Methanococcus_S2,0.569749543145906,0.48517520215633425
Methanococcus_S2,0.570789766273494,0.48787061994609165
Methanococcus_S2,0.570838090454594,0.49056603773584906
Methanococcus_S2,0.570901609285489,0.49326145552560646
Methanococcus_S2,0.571259800427366,0.49595687331536387
Methanococcus_S2,0.571501564188548,0.49865229110512127
Methanococcus_S2,0.571530200259316,0.5013477088948787
Methanococcus_S2,0.572107493056483,0.5040431266846361
Methanococcus_S2,0.572757772120188,0.5067385444743935
Methanococcus_S2,0.573564478155499,0.5094339622641509
Methanococcus_S2,0.57432982097748,0.5121293800539084
Methanococcus_S2,0.574938243326408,0.5148247978436657
Methanococcus_S2,0.575204889949989,0.5175202156334232
Methanococcus_S2,0.575596782045898,0.5202156334231806
Methanococcus_S2,0.575647651655511,0.522911051212938
Methanococcus_S2,0.576207814757739,0.5256064690026954
Methanococcus_S2,0.576688576074628,0.5283018867924528
Methanococcus_S2,0.577511476749507,0.5309973045822103
Methanococcus_S2,0.577705903332482,0.5336927223719676
Methanococcus_S2,0.578027081865884,0.5363881401617251
Methanococcus_S2,0.57889028082992,0.5390835579514824
Methanococcus_S2,0.579255895854493,0.5417789757412399
Methanococcus_S2,0.579983568349869,0.5444743935309974
Methanococcus_S2,0.580447264906219,0.5471698113207547
Methanococcus_S2,0.581186439164665,0.5498652291105122
Methanococcus_S2,0.582463023511286,0.5525606469002695
Methanococcus_S2,0.582672138255729,0.555256064690027
Methanococcus_S2,0.582792669490556,0.5579514824797843
Methanococcus_S2,0.582819889991385,0.5606469002695418
Methanococcus_S2,0.583446130339901,0.5633423180592992
Methanococcus_S2,0.583714569152945,0.5660377358490566
Methanococcus_S2,0.583959203014645,0.568733153638814
Methanococcus_S2,0.585177138610433,0.5714285714285714
Methanococcus_S2,0.585527992165015,0.5741239892183289
Methanococcus_S2,0.585874711300435,0.5768194070080862
Methanococcus_S2,0.586005558709383,0.5795148247978437
Methanococcus_S2,0.586018052088104,0.5822102425876011
Methanococcus_S2,0.587186663513019,0.5849056603773585
Methanococcus_S2,0.587320220588653,0.5876010781671159
Methanococcus_S2,0.587596412569157,0.5902964959568733
Methanococcus_S2,0.589387368278539,0.5929919137466307
Methanococcus_S2,0.589685832758529,0.5956873315363881
Methanococcus_S2,0.591489074056548,0.5983827493261455
Methanococcus_S2,0.592839657646359,0.601078167115903
Methanococcus_S2,0.593295873759733,0.6037735849056604
Methanococcus_S2,0.59350296255087,0.6064690026954178
Methanococcus_S2,0.593744050994284,0.6091644204851752
Methanococcus_S2,0.593881621015889,0.6118598382749326
Methanococcus_S2,0.5952322046057,0.6145552560646901
Methanococcus_S2,0.595519526342507,0.6172506738544474
Methanococcus_S2,0.596528853682178,0.6199460916442049
Methanococcus_S2,0.59665285241401,0.6226415094339622
Methanococcus_S2,0.597082861003207,0.6253369272237197
Methanococcus_S2,0.597324429961187,0.628032345013477
Methanococcus_S2,0.597480051746224,0.6307277628032345
Methanococcus_S2,0.59800418924287,0.633423180592992
Methanococcus_S2,0.598406133184028,0.6361185983827493
Methanococcus_S2,0.598853998733455,0.6388140161725068
Methanococcus_S2,0.599058697938641,0.6415094339622641
Methanococcus_S2,0.599522563324434,0.6442048517520216
Methanococcus_S2,0.600512267488174,0.6469002695417789
Methanococcus_S2,0.600601708131881,0.6495956873315364
Methanococcus_S2,0.601166014048882,0.6522911051212938
Methanococcus_S2,0.601371414545598,0.6549865229110512
Methanococcus_S2,0.60189292869245,0.6576819407008087
Methanococcus_S2,0.60301043674391,0.660377358490566
Methanococcus_S2,0.603520275685492,0.6630727762803235
Methanococcus_S2,0.605392074723911,0.6657681940700808
Methanococcus_S2,0.605688798961959,0.6684636118598383
Methanococcus_S2,0.606652555339126,0.6711590296495957
Methanococcus_S2,0.606730944147812,0.6738544474393531
Methanococcus_S2,0.606861046713321,0.6765498652291105
Methanococcus_S2,0.607182459010565,0.6792452830188679
Methanococcus_S2,0.607551481210501,0.6819407008086253
Methanococcus_S2,0.609984612170363,0.6846361185983828
Methanococcus_S2,0.610041845351257,0.6873315363881402
Methanococcus_S2,0.610915745504551,0.6900269541778976
Methanococcus_S2,0.611050886979565,0.692722371967655
Methanococcus_S2,0.611514349772072,0.6954177897574124
Methanococcus_S2,0.612283874369467,0.6981132075471698
Methanococcus_S2,0.613588627259169,0.7008086253369272
Methanococcus_S2,0.61402044102471,0.7035040431266847
Methanococcus_S2,0.615021612603637,0.706199460916442
Methanococcus_S2,0.616209327729278,0.7088948787061995
Methanococcus_S2,0.616441026658331,0.7115902964959568
Methanococcus_S2,0.617119487251997,0.7142857142857143
Methanococcus_S2,0.618610640832732,0.7169811320754716
Methanococcus_S2,0.618636601606185,0.7196765498652291
Methanococcus_S2,0.619971068477709,0.7223719676549866
Methanococcus_S2,0.62005844420747,0.7250673854447439
Methanococcus_S2,0.620203027144365,0.7277628032345014
Methanococcus_S2,0.62061954236507,0.7304582210242587
Methanococcus_S2,0.62088215006892,0.7331536388140162
Methanococcus_S2,0.621452352029517,0.7358490566037735
Methanococcus_S2,0.621950359923267,0.738544474393531
Methanococcus_S2,0.624325959003991,0.7412398921832885
Methanococcus_S2,0.62522679394675,0.7439353099730458
Methanococcus_S2,0.625481141994814,0.7466307277628033
Methanococcus_S2,0.626593598149889,0.7493261455525606
Methanococcus_S2,0.62660461102427,0.7520215633423181
Methanococcus_S2,0.62661390963047,0.7547169811320755
Methanococcus_S2,0.626635636680989,0.7574123989218329
Methanococcus_S2,0.626871465437935,0.7601078167115903
Methanococcus_S2,0.627150423623914,0.7628032345013477
Methanococcus_S2,0.628909639398169,0.7654986522911051
Methanococcus_S2,0.629255246253163,0.7681940700808625
Methanococcus_S2,0.629337024637573,0.77088948787062
Methanococcus_S2,0.630826204212522,0.7735849056603774
Methanococcus_S2,0.632749015716236,0.7762803234501348
Methanococcus_S2,0.633621824971595,0.7789757412398922
Methanococcus_S2,0.634109845954498,0.7816711590296496
Methanococcus_S2,0.634210130643144,0.784366576819407
Methanococcus_S2,0.635589493159404,0.7870619946091644
Methanococcus_S2,0.636087773777638,0.7897574123989218
Methanococcus_S2,0.636211993286432,0.7924528301886793
Methanococcus_S2,0.636374342275396,0.7951482479784366
Methanococcus_S2,0.637856612830096,0.7978436657681941
Methanococcus_S2,0.639269624352868,0.8005390835579514
Methanococcus_S2,0.639985785859658,0.8032345013477089
Methanococcus_S2,0.641666625812106,0.8059299191374663
Methanococcus_S2,0.642045998555534,0.8086253369272237
Methanococcus_S2,0.642156503918872,0.8113207547169812
Methanococcus_S2,0.642267398888615,0.8140161725067385
Methanococcus_S2,0.64267768040684,0.816711590296496
Methanococcus_S2,0.642852405892602,0.8194070080862533
Methanococcus_S2,0.643520957496701,0.8221024258760108
Methanococcus_S2,0.644037913248615,0.8247978436657682
Methanococcus_S2,0.644612296984625,0.8274932614555256
Methanococcus_S2,0.644824346763986,0.8301886792452831
Methanococcus_S2,0.645747558101273,0.8328840970350404
Methanococcus_S2,0.646034827890559,0.8355795148247979
Methanococcus_S2,0.646220722093264,0.8382749326145552
Methanococcus_S2,0.64645725214174,0.8409703504043127
Methanococcus_S2,0.647010311420516,0.8436657681940701
Methanococcus_S2,0.647708278308193,0.8463611859838275
Methanococcus_S2,0.648867370349946,0.8490566037735849
Methanococcus_S2,0.648973758872271,0.8517520215633423
Methanococcus_S2,0.649200327983659,0.8544474393530997
Methanococcus_S2,0.649616947099405,0.8571428571428571
Methanococcus_S2,0.649823724205418,0.8598382749326146
Methanococcus_S2,0.650821921788787,0.862533692722372
Methanococcus_S2,0.65083620735697,0.8652291105121294
Methanococcus_S2,0.650863986293647,0.8679245283018868
Methanococcus_S2,0.65137547456901,0.8706199460916442
Methanococcus_S2,0.651893001743651,0.8733153638814016
Methanococcus_S2,0.65205420788716,0.876010781671159
Methanococcus_S2,0.652535319849813,0.8787061994609164
Methanococcus_S2,0.652814472838995,0.8814016172506739
Methanococcus_S2,0.652819615643541,0.8840970350404312
Methanococcus_S2,0.653162079673536,0.8867924528301887
Methanococcus_S2,0.653182858681803,0.889487870619946
Methanococcus_S2,0.653381272236989,0.8921832884097035
Methanococcus_S2,0.653387713729551,0.894878706199461
Methanococcus_S2,0.653432258728523,0.8975741239892183
Methanococcus_S2,0.654616960897965,0.9002695417789758
Methanococcus_S2,0.654949658794074,0.9029649595687331
Methanococcus_S2,0.655410043695982,0.9056603773584906
Methanococcus_S2,0.655659482703343,0.9083557951482479
Methanococcus_S2,0.65733325779298,0.9110512129380054
Methanococcus_S2,0.657926225754509,0.9137466307277629
Methanococcus_S2,0.658933695970317,0.9164420485175202
Methanococcus_S2,0.659478287803225,0.9191374663072777
Methanococcus_S2,0.659816245385802,0.921832884097035
Methanococcus_S2,0.661916821305237,0.9245283018867925
Methanococcus_S2,0.661980859611339,0.9272237196765498
Methanococcus_S2,0.66340632555219,0.9299191374663073
Methanococcus_S2,0.663688049943645,0.9326145552560647
Methanococcus_S2,0.663690296673914,0.9353099730458221
Methanococcus_S2,0.664990348312996,0.9380053908355795
Methanococcus_S2,0.665422084157256,0.9407008086253369
Methanococcus_S2,0.665921702424147,0.9433962264150944
Methanococcus_S2,0.668686492329705,0.9460916442048517
Methanococcus_S2,0.668741556701612,0.9487870619946092
Methanococcus_S2,0.669203668858582,0.9514824797843666
Methanococcus_S2,0.670818405590982,0.954177897574124
Methanococcus_S2,0.671996432504018,0.9568733153638814
Methanococcus_S2,0.672694996788182,0.9595687331536388
Methanococcus_S2,0.673073966938325,0.9622641509433962
Methanococcus_S2,0.674690768584672,0.9649595687331537
Methanococcus_S2,0.681890954686665,0.967654986522911
Methanococcus_S2,0.682138614491443,0.9703504043126685
Methanococcus_S2,0.685348256990229,0.9730458221024259
Methanococcus_S2,0.685850927173959,0.9757412398921833
Methanococcus_S2,0.688141527123992,0.9784366576819407
Methanococcus_S2,0.690653696236548,0.9811320754716981
Methanococcus_S2,0.692474716573516,0.9838274932614556
Methanococcus_S2,0.751576618615751,0.9865229110512129
Methanococcus_S2,0.758091357182548,0.9892183288409704
Methanococcus_S2,0.760936847561462,0.9919137466307277
Methanococcus_S2,0.761390128639918,0.9946091644204852
Methanococcus_S2,0.762863529155465,0.9973045822102425
Methanococcus_S2,0.788485617760728,1.0
Miya,0.108189933853392,0.0056179775280898875
Miya,0.111391450029237,0.011235955056179775
Miya,0.118684357779087,0.016853932584269662
Miya,0.121208891315477,0.02247191011235955
Miya,0.129528452919923,0.028089887640449437
Miya,0.135944802753191,0.033707865168539325
Miya,0.153612104906924,0.03932584269662921
Miya,0.16196008494578,0.0449438202247191
Miya,0.168050077666451,0.05056179775280899
Miya,0.194559215957993,0.056179775280898875
Miya,0.19497523843802,0.06179775280898876
Miya,0.201244776196943,0.06741573033707865
Miya,0.207154402497685,0.07303370786516854
Miya,0.210145057728601,0.07865168539325842
Miya,0.221542465449081,0.08426966292134831
Miya,0.223600451741569,0.0898876404494382
Miya,0.223646691493824,0.09550561797752809
Miya,0.226486120637348,0.10112359550561797
Miya,0.231167265699156,0.10674157303370786
Miya,0.240540162857992,0.11235955056179775
Miya,0.247059584193492,0.11797752808988764
Miya,0.249019465366332,0.12359550561797752
Miya,0.253967390824181,0.12921348314606743
Miya,0.255135839787991,0.1348314606741573
Miya,0.256076515450197,0.1404494382022472
Miya,0.258269637037377,0.14606741573033707
Miya,0.259573805660013,0.15168539325842698
Miya,0.262607687360042,0.15730337078651685
Miya,0.263136714107469,0.16292134831460675
Miya,0.264461289421492,0.16853932584269662
Miya,0.264988023613907,0.17415730337078653
Miya,0.269221115750119,0.1797752808988764
Miya,0.269455509821434,0.1853932584269663
Miya,0.270039407839928,0.19101123595505617
Miya,0.271064952314364,0.19662921348314608
Miya,0.271634529243507,0.20224719101123595
Miya,0.274364052127388,0.20786516853932585
Miya,0.280433990010954,0.21348314606741572
Miya,0.291182533328387,0.21910112359550563
Miya,0.294837776150796,0.2247191011235955
Miya,0.295063366515689,0.2303370786516854
Miya,0.295425563149412,0.23595505617977527
Miya,0.296089919517544,0.24157303370786518
Miya,0.297375892829646,0.24719101123595505
Miya,0.298035528797492,0.25280898876404495
Miya,0.298956924367233,0.25842696629213485
Miya,0.299375662491822,0.2640449438202247
Miya,0.303619978800262,0.2696629213483146
Miya,0.304126859761458,0.2752808988764045
Miya,0.304858664475522,0.2808988764044944
Miya,0.307087300986792,0.28651685393258425
Miya,0.307133425127367,0.29213483146067415
Miya,0.307366572068435,0.29775280898876405
Miya,0.309683567880734,0.30337078651685395
Miya,0.313012987471728,0.3089887640449438
Miya,0.313056558316056,0.3146067415730337
Miya,0.314426792864113,0.3202247191011236
Miya,0.314697331574199,0.3258426966292135
Miya,0.315033768941744,0.33146067415730335
Miya,0.315076609218649,0.33707865168539325
Miya,0.315594114155268,0.34269662921348315
Miya,0.316041381306703,0.34831460674157305
Miya,0.317797830199994,0.3539325842696629
Miya,0.319404008507839,0.3595505617977528
Miya,0.321368720772998,0.3651685393258427
Miya,0.322272080920698,0.3707865168539326
Miya,0.322387680301334,0.37640449438202245
Miya,0.323787036693573,0.38202247191011235
Miya,0.324132201712354,0.38764044943820225
Miya,0.328849743484741,0.39325842696629215
Miya,0.32979021498164,0.398876404494382
Miya,0.331428580073092,0.4044943820224719
Miya,0.332168770323672,0.4101123595505618
Miya,0.333080208530017,0.4157303370786517
Miya,0.333888373528645,0.42134831460674155
Miya,0.334969972448999,0.42696629213483145
Miya,0.334988091505021,0.43258426966292135
Miya,0.335370552160399,0.43820224719101125
Miya,0.336124915910952,0.4438202247191011
Miya,0.336257129142734,0.449438202247191
Miya,0.336521468892144,0.4550561797752809
Miya,0.336580890835713,0.4606741573033708
Miya,0.338595500609889,0.46629213483146065
Miya,0.338680253810438,0.47191011235955055
Miya,0.339058572123928,0.47752808988764045
Miya,0.341368333596862,0.48314606741573035
Miya,0.343310590138097,0.4887640449438202
Miya,0.343813697730853,0.4943820224719101
Miya,0.345034195475047,0.5
Miya,0.346371330645173,0.5056179775280899
Miya,0.346622075159793,0.5112359550561798
Miya,0.347148671602121,0.5168539325842697
Miya,0.348512023565498,0.5224719101123596
Miya,0.349022631158499,0.5280898876404494
Miya,0.350267276984824,0.5337078651685393
Miya,0.351171854744895,0.5393258426966292
Miya,0.35279830937351,0.5449438202247191
Miya,0.35359062573272,0.550561797752809
Miya,0.353819920591011,0.5561797752808989
Miya,0.354636259581379,0.5617977528089888
Miya,0.354850959298275,0.5674157303370787
Miya,0.355101699904943,0.5730337078651685
Miya,0.356251408863608,0.5786516853932584
Miya,0.35642349069936,0.5842696629213483
Miya,0.35803207225425,0.5898876404494382
Miya,0.358897811869394,0.5955056179775281
Miya,0.359126725455124,0.601123595505618
Miya,0.359697765978936,0.6067415730337079
Miya,0.361088744214127,0.6123595505617978
Miya,0.361098381800537,0.6179775280898876
Miya,0.361200370980662,0.6235955056179775
Miya,0.362471255738644,0.6292134831460674
Miya,0.363106706727016,0.6348314606741573
Miya,0.363564521599361,0.6404494382022472
Miya,0.36443876974217,0.6460674157303371
Miya,0.368682468635043,0.651685393258427
Miya,0.375406468527598,0.6573033707865169
Miya,0.375461543963973,0.6629213483146067
Miya,0.375658715994054,0.6685393258426966
Miya,0.377530466629402,0.6741573033707865
Miya,0.378031982716693,0.6797752808988764
Miya,0.383770909602194,0.6853932584269663
Miya,0.384312289580593,0.6910112359550562
Miya,0.384518981125582,0.6966292134831461
Miya,0.38727139266223,0.702247191011236
Miya,0.38853596305464,0.7078651685393258
Miya,0.389551262366391,0.7134831460674157
Miya,0.390147470808879,0.7191011235955056
Miya,0.39039247754649,0.7247191011235955
Miya,0.39070151986558,0.7303370786516854
Miya,0.390841719935773,0.7359550561797753
Miya,0.392236117324897,0.7415730337078652
Miya,0.392919789694557,0.7471910112359551
Miya,0.393686795463654,0.7528089887640449
Miya,0.395353473117529,0.7584269662921348
Miya,0.402092197510403,0.7640449438202247
Miya,0.40263252468457,0.7696629213483146
Miya,0.404586713827049,0.7752808988764045
Miya,0.405641936065659,0.7808988764044944
Miya,0.40746377197323,0.7865168539325843
Miya,0.409916456540389,0.7921348314606742
Miya,0.412303269508143,0.797752808988764
Miya,0.413052903273127,0.8033707865168539
Miya,0.41317324739827,0.8089887640449438
Miya,0.414019106724143,0.8146067415730337
Miya,0.415340255504764,0.8202247191011236
Miya,0.417351979906592,0.8258426966292135
Miya,0.419745926360968,0.8314606741573034
Miya,0.424070243491973,0.8370786516853933
Miya,0.425413252719359,0.8426966292134831
Miya,0.427561750657978,0.848314606741573
Miya,0.42830678184017,0.8539325842696629
Miya,0.430899597602479,0.8595505617977528
Miya,0.43375622199922,0.8651685393258427
Miya,0.437423397422873,0.8707865168539326
Miya,0.438822825149978,0.8764044943820225
Miya,0.439086931422989,0.8820224719101124
Miya,0.44942324530742,0.8876404494382022
Miya,0.451125355758739,0.8932584269662921
Miya,0.451356370985778,0.898876404494382
Miya,0.454522382076825,0.9044943820224719
Miya,0.456671482672072,0.9101123595505618
Miya,0.457960845620231,0.9157303370786517
Miya,0.459430336485088,0.9213483146067416
Miya,0.460671853699884,0.9269662921348315
Miya,0.464421939633386,0.9325842696629213
Miya,0.465163158089969,0.9382022471910112
Miya,0.467081310825888,0.9438202247191011
Miya,0.468387388271151,0.949438202247191
Miya,0.469458141832015,0.9550561797752809
Miya,0.470983970022433,0.9606741573033708
Miya,0.474062253986955,0.9662921348314607
Miya,0.477513392998143,0.9719101123595506
Miya,0.477710550269287,0.9775280898876404
Miya,0.479540749574967,0.9831460674157303
Miya,0.480283384889583,0.9887640449438202
Miya,0.512745767062833,0.9943820224719101
Miya,0.554936736796876,1.0
PS,0.140203160904503,0.012658227848101266
PS,0.141399131120986,0.02531645569620253
PS,0.169345251540342,0.0379746835443038
PS,0.251525265767919,0.05063291139240506
PS,0.252428951727397,0.06329113924050633
PS,0.253539442182254,0.0759493670886076
PS,0.257188856894508,0.08860759493670886
PS,0.259748957677196,0.10126582278481013
PS,0.279229148820316,0.11392405063291139
PS,0.282068568243734,0.12658227848101267
PS,0.335775832542243,0.13924050632911392
PS,0.336713897795488,0.1518987341772152
PS,0.337425560450913,0.16455696202531644
PS,0.339314893725878,0.17721518987341772
PS,0.358113097340715,0.189873417721519
PS,0.360198123947248,0.20253164556962025
PS,0.376278310627241,0.21518987341772153
PS,0.378962648061701,0.22784810126582278
PS,0.379802940516241,0.24050632911392406
PS,0.389805219510022,0.25316455696202533
PS,0.39631540123159,0.26582278481012656
PS,0.397788960044053,0.27848101265822783
PS,0.405922188107727,0.2911392405063291
PS,0.423963557404323,0.3037974683544304
PS,0.536924799969893,0.31645569620253167
PS,0.541194332699968,0.3291139240506329
PS,0.548910647193024,0.34177215189873417
PS,0.556908807358467,0.35443037974683544
PS,0.565645105695626,0.3670886075949367
PS,0.576845788631763,0.379746835443038
PS,0.577133714731094,0.3924050632911392
PS,0.589813465408708,0.4050632911392405
PS,0.606397993179192,0.4177215189873418
PS,0.608601362622123,0.43037974683544306
PS,0.609493813010076,0.4430379746835443
PS,0.61674997447698,0.45569620253164556
PS,0.620402643228461,0.46835443037974683
PS,0.622073396040522,0.4810126582278481
PS,0.623182413041536,0.4936708860759494
PS,0.624889621201065,0.5063291139240507
PS,0.625186535757615,0.5189873417721519
PS,0.627415540964777,0.5316455696202531
PS,0.629639530986035,0.5443037974683544
PS,0.632299216254738,0.5569620253164557
PS,0.633876760476043,0.569620253164557
PS,0.637753996811586,0.5822784810126582
PS,0.639528466778359,0.5949367088607594
PS,0.641509935627562,0.6075949367088608
PS,0.643274044764539,0.620253164556962
PS,0.643828191705131,0.6329113924050633
PS,0.644432233913869,0.6455696202531646
PS,0.644874845452575,0.6582278481012658
PS,0.646764536399714,0.6708860759493671
PS,0.647427582853787,0.6835443037974683
PS,0.653350478530378,0.6962025316455697
PS,0.65526819620247,0.7088607594936709
PS,0.658981237684122,0.7215189873417721
PS,0.661357374449875,0.7341772151898734
PS,0.668786548167284,0.7468354430379747
PS,0.668804291817261,0.759493670886076
PS,0.669737781199335,0.7721518987341772
PS,0.67222224986838,0.7848101265822784
PS,0.672379050238867,0.7974683544303798
PS,0.672538206580406,0.810126582278481
PS,0.677705414822355,0.8227848101265823
PS,0.678237483281742,0.8354430379746836
PS,0.682166508215302,0.8481012658227848
PS,0.682559177832972,0.8607594936708861
PS,0.6825728121407,0.8734177215189873
PS,0.682802457114523,0.8860759493670886
PS,0.686118583565321,0.8987341772151899
PS,0.693099426876995,0.9113924050632911
PS,0.693141154001275,0.9240506329113924
PS,0.696004105921037,0.9367088607594937
PS,0.699549410816737,0.9493670886075949
PS,0.700958328159398,0.9620253164556962
PS,0.701766161864231,0.9746835443037974
PS,0.709697083548876,0.9873417721518988
PS,0.742616044598299,1.0
PV4,0.207004634469522,0.00625
PV4,0.207495000967849,0.0125
PV4,0.208365505793529,0.01875
PV4,0.208798098490736,0.025
PV4,0.210211995164076,0.03125
PV4,0.215361538670838,0.0375
PV4,0.21849372040071,0.04375
PV4,0.220995877849096,0.05
PV4,0.221102257627611,0.05625
PV4,0.222313083701494,0.0625
PV4,0.222373054025709,0.06875
PV4,0.223632397818416,0.075
PV4,0.228452915371694,0.08125
PV4,0.232381930037651,0.0875
PV4,0.233411800285284,0.09375
PV4,0.235310481841231,0.1
PV4,0.23577805188677,0.10625
PV4,0.239518200524381,0.1125
PV4,0.240998190985527,0.11875
PV4,0.243378740379263,0.125
PV4,0.243517913714008,0.13125
PV4,0.247243688817194,0.1375
PV4,0.251623194639116,0.14375
PV4,0.252469368747423,0.15
PV4,0.253381793954209,0.15625
PV4,0.2546857440621,0.1625
PV4,0.255804222944803,0.16875
PV4,0.256026800067671,0.175
PV4,0.257285904981207,0.18125
PV4,0.258067972077239,0.1875
PV4,0.258497018486937,0.19375
PV4,0.258793587947066,0.2
PV4,0.258961620992872,0.20625
PV4,0.259401620886445,0.2125
PV4,0.260728950079245,0.21875
PV4,0.262785540476842,0.225
PV4,0.263750509390408,0.23125
PV4,0.263931636122081,0.2375
PV4,0.265337727467106,0.24375
PV4,0.266570124524215,0.25
PV4,0.266671028639146,0.25625
PV4,0.267150426116741,0.2625
PV4,0.269363076470058,0.26875
PV4,0.271539568673945,0.275
PV4,0.271750093080337,0.28125
PV4,0.272540367520846,0.2875
PV4,0.276014783474386,0.29375
PV4,0.276515647061426,0.3
PV4,0.277502315137285,0.30625
PV4,0.277521204070649,0.3125
PV4,0.280405633143704,0.31875
PV4,0.282869897062693,0.325
PV4,0.283109073374689,0.33125
PV4,0.283270254666752,0.3375
PV4,0.283644933731131,0.34375
PV4,0.283833560880308,0.35
PV4,0.284482910205495,0.35625
PV4,0.286803277585344,0.3625
PV4,0.287939229605356,0.36875
PV4,0.288326009938888,0.375
PV4,0.288544401821021,0.38125
PV4,0.288850250668731,0.3875
PV4,0.289088376300801,0.39375
PV4,0.291437380049398,0.4
PV4,0.293068713088192,0.40625
PV4,0.293720542484107,0.4125
PV4,0.293737734015891,0.41875
PV4,0.29399777438414,0.425
PV4,0.294733112441959,0.43125
PV4,0.296010391593457,0.4375
PV4,0.296039709641787,0.44375
PV4,0.297002786943067,0.45
PV4,0.297364016915986,0.45625
PV4,0.298120075314135,0.4625
PV4,0.30025003074841,0.46875
PV4,0.300972160536046,0.475
PV4,0.307144202052003,0.48125
PV4,0.310302930443416,0.4875
PV4,0.313963604175507,0.49375
PV4,0.314656843178369,0.5
PV4,0.31689801337401,0.50625
PV4,0.318449304412019,0.5125
PV4,0.319899504892818,0.51875
PV4,0.32034925610599,0.525
PV4,0.32058596982622,0.53125
PV4,0.320823260352251,0.5375
PV4,0.320930437473018,0.54375
PV4,0.321691988149962,0.55
PV4,0.32322443492307,0.55625
PV4,0.324399967085169,0.5625
PV4,0.324466093888797,0.56875
PV4,0.326103814517744,0.575
PV4,0.326887914999878,0.58125
PV4,0.327416579849625,0.5875
PV4,0.327614224201928,0.59375
PV4,0.328615091022577,0.6
PV4,0.329963600835083,0.60625
PV4,0.330155517913636,0.6125
PV4,0.330833796865738,0.61875
PV4,0.331287416756193,0.625
PV4,0.331457690993558,0.63125
PV4,0.332797436076857,0.6375
PV4,0.333105399879166,0.64375
PV4,0.334173494678151,0.65
PV4,0.33465201432335,0.65625
PV4,0.334913722961573,0.6625
PV4,0.336998481680114,0.66875
PV4,0.337669491325453,0.675
PV4,0.339660784199141,0.68125
PV4,0.340190322997071,0.6875
PV4,0.342253221358431,0.69375
PV4,0.343129678742281,0.7
PV4,0.343203094273742,0.70625
PV4,0.343942343735201,0.7125
PV4,0.344135965983762,0.71875
PV4,0.345469319592693,0.725
PV4,0.348128157392707,0.73125
PV4,0.348222417559351,0.7375
PV4,0.349087284448207,0.74375
PV4,0.352099096323986,0.75
PV4,0.352434795357362,0.75625
PV4,0.354001605772968,0.7625
PV4,0.354146945297661,0.76875
PV4,0.35919842987635,0.775
PV4,0.362820016761549,0.78125
PV4,0.362897248533403,0.7875
PV4,0.365421533271392,0.79375
PV4,0.367089383749423,0.8
PV4,0.368066345174146,0.80625
PV4,0.370138070412141,0.8125
PV4,0.371388123164624,0.81875
PV4,0.372781151897496,0.825
PV4,0.373560092201145,0.83125
PV4,0.37813009736346,0.8375
PV4,0.379075608306291,0.84375
PV4,0.379521168452405,0.85
PV4,0.383561283295411,0.85625
PV4,0.391449446360624,0.8625
PV4,0.39227883095331,0.86875
PV4,0.392448701232405,0.875
PV4,0.393358302615511,0.88125
PV4,0.394739247558194,0.8875
PV4,0.396623652685069,0.89375
PV4,0.400027201151623,0.9
PV4,0.402097564972561,0.90625
PV4,0.409130635773803,0.9125
PV4,0.415808736013212,0.91875
PV4,0.41606743826969,0.925
PV4,0.423537652125004,0.93125
PV4,0.426263759865619,0.9375
PV4,0.441127729527099,0.94375
PV4,0.442079837807647,0.95
PV4,0.443948768225388,0.95625
PV4,0.459807016316244,0.9625
PV4,0.46394696128897,0.96875
PV4,0.46997678813051,0.975
PV4,0.481333018401251,0.98125
PV4,0.487401541726161,0.9875
PV4,0.497322024676917,0.99375
PV4,0.518511414938225,1.0
Pedo557,0.100339466870717,0.005649717514124294
Pedo557,0.11739492000903,0.011299435028248588
Pedo557,0.128069781857295,0.01694915254237288
Pedo557,0.128959692110787,0.022598870056497175
Pedo557,0.12909932354832,0.02824858757062147
Pedo557,0.129332445951996,0.03389830508474576
Pedo557,0.129600960174791,0.03954802259887006
Pedo557,0.131143994968327,0.04519774011299435
Pedo557,0.13436071168934,0.05084745762711865
Pedo557,0.134495336504298,0.05649717514124294
Pedo557,0.13666054722059,0.062146892655367235
Pedo557,0.136818063918065,0.06779661016949153
Pedo557,0.136994721376013,0.07344632768361582
Pedo557,0.139870732097558,0.07909604519774012
Pedo557,0.140033223666277,0.0847457627118644
Pedo557,0.145914293431513,0.0903954802259887
Pedo557,0.147965227636113,0.096045197740113
Pedo557,0.149428618351085,0.1016949152542373
Pedo557,0.150616302174648,0.10734463276836158
Pedo557,0.152234475169117,0.11299435028248588
Pedo557,0.152511811300678,0.11864406779661017
Pedo557,0.155419946596346,0.12429378531073447
Pedo557,0.157124329579956,0.12994350282485875
Pedo557,0.1579026317565,0.13559322033898305
Pedo557,0.159883438186287,0.14124293785310735
Pedo557,0.163216446140143,0.14689265536723164
Pedo557,0.163498496186699,0.15254237288135594
Pedo557,0.163702065047175,0.15819209039548024
Pedo557,0.164562118631481,0.1638418079096045
Pedo557,0.165564293321458,0.1694915254237288
Pedo557,0.168711459414241,0.1751412429378531
Pedo557,0.172092492082512,0.1807909604519774
Pedo557,0.17212579608627,0.1864406779661017
Pedo557,0.172348337193647,0.192090395480226
Pedo557,0.174342454045824,0.1977401129943503
Pedo557,0.174943279017826,0.2033898305084746
Pedo557,0.175218167485613,0.20903954802259886
Pedo557,0.175229466825025,0.21468926553672316
Pedo557,0.175238491975381,0.22033898305084745
Pedo557,0.176021069667038,0.22598870056497175
Pedo557,0.17761259783786,0.23163841807909605
Pedo557,0.178357337369598,0.23728813559322035
Pedo557,0.179162127266851,0.24293785310734464
Pedo557,0.17935792515453,0.24858757062146894
Pedo557,0.181240413423691,0.2542372881355932
Pedo557,0.18162481388449,0.2598870056497175
Pedo557,0.184389548595087,0.2655367231638418
Pedo557,0.185744870183502,0.2711864406779661
Pedo557,0.187180868595585,0.2768361581920904
Pedo557,0.187500391331016,0.2824858757062147
Pedo557,0.191210998180687,0.288135593220339
Pedo557,0.191787510232755,0.2937853107344633
Pedo557,0.19230747696854,0.2994350282485876
Pedo557,0.192395974872572,0.3050847457627119
Pedo557,0.193774026444794,0.3107344632768362
Pedo557,0.195756969639909,0.3163841807909605
Pedo557,0.196317190282683,0.3220338983050847
Pedo557,0.197218877964632,0.327683615819209
Pedo557,0.197953739525118,0.3333333333333333
Pedo557,0.197972481409501,0.3389830508474576
Pedo557,0.201013529098103,0.3446327683615819
Pedo557,0.202479960664467,0.3502824858757062
Pedo557,0.203108027782024,0.3559322033898305
Pedo557,0.206344273390453,0.3615819209039548
Pedo557,0.206372588797131,0.3672316384180791
Pedo557,0.206669331606559,0.3728813559322034
Pedo557,0.206970711102486,0.3785310734463277
Pedo557,0.209261981050816,0.384180790960452
Pedo557,0.21095507511342,0.3898305084745763
Pedo557,0.214257799408842,0.3954802259887006
Pedo557,0.214286758202253,0.4011299435028249
Pedo557,0.214720969803263,0.4067796610169492
Pedo557,0.217683046962598,0.4124293785310734
Pedo557,0.221730400486958,0.4180790960451977
Pedo557,0.225236062419789,0.423728813559322
Pedo557,0.230303630847176,0.4293785310734463
Pedo557,0.231177377688926,0.4350282485875706
Pedo557,0.231679056650504,0.4406779661016949
Pedo557,0.233138409985342,0.4463276836158192
Pedo557,0.237180876781475,0.4519774011299435
Pedo557,0.238010099989124,0.4576271186440678
Pedo557,0.238551735519711,0.4632768361581921
Pedo557,0.238809237984156,0.4689265536723164
Pedo557,0.240541809369122,0.4745762711864407
Pedo557,0.241176725347916,0.480225988700565
Pedo557,0.242145068664378,0.4858757062146893
Pedo557,0.243580555913112,0.4915254237288136
Pedo557,0.245492658747562,0.4971751412429379
Pedo557,0.245799597703034,0.5028248587570622
Pedo557,0.251086021768246,0.5084745762711864
Pedo557,0.252353956253086,0.5141242937853108
Pedo557,0.25368589811302,0.519774011299435
Pedo557,0.253950398107692,0.5254237288135594
Pedo557,0.255230626972342,0.5310734463276836
Pedo557,0.255976171863351,0.536723163841808
Pedo557,0.256060762203888,0.5423728813559322
Pedo557,0.257055801443795,0.5480225988700564
Pedo557,0.262736982195476,0.5536723163841808
Pedo557,0.265412167569956,0.559322033898305
Pedo557,0.269003793749859,0.5649717514124294
Pedo557,0.272743640763712,0.5706214689265536
Pedo557,0.275999773454256,0.576271186440678
Pedo557,0.276395943571052,0.5819209039548022
Pedo557,0.278664270206324,0.5875706214689266
Pedo557,0.279278312827296,0.5932203389830508
Pedo557,0.282496690374421,0.5988700564971752
Pedo557,0.284761340800944,0.6045197740112994
Pedo557,0.286183321662046,0.6101694915254238
Pedo557,0.286863524464476,0.615819209039548
Pedo557,0.287180160144021,0.6214689265536724
Pedo557,0.291759476123022,0.6271186440677966
Pedo557,0.29268442297762,0.632768361581921
Pedo557,0.298974889604055,0.6384180790960452
Pedo557,0.301081959499699,0.6440677966101694
Pedo557,0.303681297394825,0.6497175141242938
Pedo557,0.304227447567734,0.655367231638418
Pedo557,0.30432465128973,0.6610169491525424
Pedo557,0.305063778773781,0.6666666666666666
Pedo557,0.305202491572556,0.672316384180791
Pedo557,0.308099759479206,0.6779661016949152
Pedo557,0.312435197291283,0.6836158192090396
Pedo557,0.316034829436904,0.6892655367231638
Pedo557,0.318637488818881,0.6949152542372882
Pedo557,0.326332528804778,0.7005649717514124
Pedo557,0.327021249893875,0.7062146892655368
Pedo557,0.32759701975859,0.711864406779661
Pedo557,0.330033089004253,0.7175141242937854
Pedo557,0.338052243927143,0.7231638418079096
Pedo557,0.345297253947971,0.7288135593220338
Pedo557,0.3469376242646,0.7344632768361582
Pedo557,0.348613590303423,0.7401129943502824
Pedo557,0.34881061822442,0.7457627118644068
Pedo557,0.350144561575783,0.751412429378531
Pedo557,0.350637046211947,0.7570621468926554
Pedo557,0.354157886438413,0.7627118644067796
Pedo557,0.354525121170726,0.768361581920904
Pedo557,0.357301513911547,0.7740112994350282
Pedo557,0.357988484047057,0.7796610169491526
Pedo557,0.358947590372254,0.7853107344632768
Pedo557,0.35929389866249,0.7909604519774012
Pedo557,0.360534275969042,0.7966101694915254
Pedo557,0.360646470122634,0.8022598870056498
Pedo557,0.363191814549302,0.807909604519774
Pedo557,0.363458988932093,0.8135593220338984
Pedo557,0.36772400526955,0.8192090395480226
Pedo557,0.370762973411368,0.8248587570621468
Pedo557,0.372835138672374,0.8305084745762712
Pedo557,0.380102799960166,0.8361581920903954
Pedo557,0.381652972353602,0.8418079096045198
Pedo557,0.381834085085499,0.847457627118644
Pedo557,0.385407887689035,0.8531073446327684
Pedo557,0.389808514786414,0.8587570621468926
Pedo557,0.39164173408589,0.864406779661017
Pedo557,0.392141395349631,0.8700564971751412
Pedo557,0.394947752912607,0.8757062146892656
Pedo557,0.399101527140276,0.8813559322033898
Pedo557,0.402170387026667,0.8870056497175142
Pedo557,0.402238324439155,0.8926553672316384
Pedo557,0.403168199695602,0.8983050847457628
Pedo557,0.404993375655399,0.903954802259887
Pedo557,0.416700059833233,0.9096045197740112
Pedo557,0.419685270326372,0.9152542372881356
Pedo557,0.421872155460098,0.9209039548022598
Pedo557,0.422196541937115,0.9265536723163842
Pedo557,0.422883807260778,0.9322033898305084
Pedo557,0.426403209251189,0.9378531073446328
Pedo557,0.445774607752123,0.943502824858757
Pedo557,0.448463161429022,0.9491525423728814
Pedo557,0.450002485616536,0.9548022598870056
Pedo557,0.452597630020818,0.96045197740113
Pedo557,0.452920259756247,0.9661016949152542
Pedo557,0.453069532683767,0.9717514124293786
Pedo557,0.458653152841726,0.9774011299435028
Pedo557,0.471704648090684,0.9830508474576272
Pedo557,0.475935025214782,0.9887005649717514
Pedo557,0.486303827222541,0.9943502824858758
Pedo557,0.5503219628748,1.0
Phaeo,0.10316311058009,0.0036496350364963502
Phaeo,0.111703086447317,0.0072992700729927005
Phaeo,0.114657200263293,0.010948905109489052
Phaeo,0.117408511818371,0.014598540145985401
Phaeo,0.120184916058642,0.01824817518248175
Phaeo,0.122506211656102,0.021897810218978103
Phaeo,0.125204988341471,0.025547445255474453
Phaeo,0.129858126736486,0.029197080291970802
Phaeo,0.13072478947894,0.032846715328467155
Phaeo,0.134378741853413,0.0364963503649635
Phaeo,0.134898272356459,0.040145985401459854
Phaeo,0.140349523586905,0.043795620437956206
Phaeo,0.142338542236318,0.04744525547445255
Phaeo,0.143581471171968,0.051094890510948905
Phaeo,0.144327181332509,0.05474452554744526
Phaeo,0.1444077666451,0.058394160583941604
Phaeo,0.144436692980032,0.06204379562043796
Phaeo,0.145317095873506,0.06569343065693431
Phaeo,0.14572757132831,0.06934306569343066
Phaeo,0.148476220333759,0.072992700729927
Phaeo,0.154579406126699,0.07664233576642336
Phaeo,0.154675980524248,0.08029197080291971
Phaeo,0.156685170643154,0.08394160583941605
Phaeo,0.159459179967479,0.08759124087591241
Phaeo,0.160557061179746,0.09124087591240876
Phaeo,0.161102336420956,0.0948905109489051
Phaeo,0.163403462981955,0.09854014598540146
Phaeo,0.163515740988535,0.10218978102189781
Phaeo,0.165800618941007,0.10583941605839416
Phaeo,0.166310126157165,0.10948905109489052
Phaeo,0.166630664529728,0.11313868613138686
Phaeo,0.166774571971425,0.11678832116788321
Phaeo,0.167780203908642,0.12043795620437957
Phaeo,0.16787833382559,0.12408759124087591
Phaeo,0.169633640145883,0.12773722627737227
Phaeo,0.170353552041524,0.13138686131386862
Phaeo,0.171185190456157,0.13503649635036497
Phaeo,0.171802666776618,0.1386861313868613
Phaeo,0.172519209731913,0.14233576642335766
Phaeo,0.173176627540839,0.145985401459854
Phaeo,0.173488874135334,0.14963503649635038
Phaeo,0.173970364971079,0.15328467153284672
Phaeo,0.175282064408787,0.15693430656934307
Phaeo,0.17613102521072,0.16058394160583941
Phaeo,0.176131935165238,0.16423357664233576
Phaeo,0.176673834167001,0.1678832116788321
Phaeo,0.176764928562163,0.17153284671532848
Phaeo,0.177008007259134,0.17518248175182483
Phaeo,0.177121220361577,0.17883211678832117
Phaeo,0.181801053999832,0.18248175182481752
Phaeo,0.184374710316952,0.18613138686131386
Phaeo,0.185089631249934,0.1897810218978102
Phaeo,0.186322961868542,0.19343065693430658
Phaeo,0.188363611110224,0.19708029197080293
Phaeo,0.190054899453838,0.20072992700729927
Phaeo,0.192056673686725,0.20437956204379562
Phaeo,0.192460197964904,0.20802919708029197
Phaeo,0.192729007612848,0.2116788321167883
Phaeo,0.193139444139117,0.21532846715328466
Phaeo,0.193838283531869,0.21897810218978103
Phaeo,0.194042334749948,0.22262773722627738
Phaeo,0.194694734832846,0.22627737226277372
Phaeo,0.194766987005801,0.22992700729927007
Phaeo,0.195051896847231,0.23357664233576642
Phaeo,0.196452331448646,0.23722627737226276
Phaeo,0.196758876634709,0.24087591240875914
Phaeo,0.197508623197777,0.24452554744525548
Phaeo,0.198097940399861,0.24817518248175183
Phaeo,0.199972425620666,0.2518248175182482
Phaeo,0.200493870110043,0.25547445255474455
Phaeo,0.201078968432088,0.2591240875912409
Phaeo,0.202524823713343,0.26277372262773724
Phaeo,0.202810615934913,0.2664233576642336
Phaeo,0.20297219693174,0.27007299270072993
Phaeo,0.205613631073263,0.2737226277372263
Phaeo,0.206259556854096,0.2773722627737226
Phaeo,0.206938713006071,0.28102189781021897
Phaeo,0.207449648412876,0.2846715328467153
Phaeo,0.207794196770739,0.28832116788321166
Phaeo,0.207806023746439,0.291970802919708
Phaeo,0.207966589357299,0.2956204379562044
Phaeo,0.208689887224519,0.29927007299270075
Phaeo,0.210142233839074,0.3029197080291971
Phaeo,0.210232666449132,0.30656934306569344
Phaeo,0.21116680694186,0.3102189781021898
Phaeo,0.211787897939047,0.31386861313868614
Phaeo,0.212074332481453,0.3175182481751825
Phaeo,0.212297383257904,0.32116788321167883
Phaeo,0.212398413350749,0.3248175182481752
Phaeo,0.21258016581707,0.3284671532846715
Phaeo,0.213916258848355,0.33211678832116787
Phaeo,0.213959729857374,0.3357664233576642
Phaeo,0.214219513762154,0.33941605839416056
Phaeo,0.215195646790562,0.34306569343065696
Phaeo,0.216367552235161,0.3467153284671533
Phaeo,0.218385814324867,0.35036496350364965
Phaeo,0.219265903357023,0.354014598540146
Phaeo,0.219494367632947,0.35766423357664234
Phaeo,0.219659250256194,0.3613138686131387
Phaeo,0.219813065010184,0.36496350364963503
Phaeo,0.220178185477051,0.3686131386861314
Phaeo,0.221447903733235,0.3722627737226277
Phaeo,0.221471550385536,0.3759124087591241
Phaeo,0.221611069445864,0.3795620437956204
Phaeo,0.223810547112506,0.38321167883211676
Phaeo,0.22397620587343,0.38686131386861317
Phaeo,0.22414133504407,0.3905109489051095
Phaeo,0.22529842899191,0.39416058394160586
Phaeo,0.225656279554767,0.3978102189781022
Phaeo,0.225797296552701,0.40145985401459855
Phaeo,0.226335227276875,0.4051094890510949
Phaeo,0.226419344543054,0.40875912408759124
Phaeo,0.229419488108249,0.4124087591240876
Phaeo,0.229463019132094,0.41605839416058393
Phaeo,0.229489261831108,0.4197080291970803
Phaeo,0.23046065855436,0.4233576642335766
Phaeo,0.231542973218481,0.42700729927007297
Phaeo,0.232914074357363,0.4306569343065693
Phaeo,0.233231430322147,0.4343065693430657
Phaeo,0.233983695074857,0.43795620437956206
Phaeo,0.234296294459206,0.4416058394160584
Phaeo,0.234380341167415,0.44525547445255476
Phaeo,0.236737318822743,0.4489051094890511
Phaeo,0.23950614821881,0.45255474452554745
Phaeo,0.240229982975416,0.4562043795620438
Phaeo,0.2406542829264,0.45985401459854014
Phaeo,0.241222313518649,0.4635036496350365
Phaeo,0.241822961357605,0.46715328467153283
Phaeo,0.242141744702025,0.4708029197080292
Phaeo,0.243708471464078,0.4744525547445255
Phaeo,0.244031124953738,0.4781021897810219
Phaeo,0.24541755095944,0.48175182481751827
Phaeo,0.245816122392484,0.4854014598540146
Phaeo,0.247065713784787,0.48905109489051096
Phaeo,0.248061825262034,0.4927007299270073
Phaeo,0.250083388978161,0.49635036496350365
Phaeo,0.250105823979793,0.5
Phaeo,0.250294792012377,0.5036496350364964
Phaeo,0.250383937547729,0.5072992700729927
Phaeo,0.250652207873254,0.5109489051094891
Phaeo,0.25318488460763,0.5145985401459854
Phaeo,0.253350412795758,0.5182481751824818
Phaeo,0.254253382885682,0.5218978102189781
Phaeo,0.254329501959833,0.5255474452554745
Phaeo,0.255325014910846,0.5291970802919708
Phaeo,0.257149824887282,0.5328467153284672
Phaeo,0.257669960404651,0.5364963503649635
Phaeo,0.258138537509745,0.5401459854014599
Phaeo,0.258598646036338,0.5437956204379562
Phaeo,0.259219136885269,0.5474452554744526
Phaeo,0.259521164739188,0.551094890510949
Phaeo,0.260353099983905,0.5547445255474452
Phaeo,0.263066277794386,0.5583941605839416
Phaeo,0.263292051946303,0.5620437956204379
Phaeo,0.263351609361619,0.5656934306569343
Phaeo,0.266288464049165,0.5693430656934306
Phaeo,0.266441457248853,0.572992700729927
Phaeo,0.266673543500603,0.5766423357664233
Phaeo,0.266702267082746,0.5802919708029197
Phaeo,0.26691910145868,0.583941605839416
Phaeo,0.26699974192003,0.5875912408759124
Phaeo,0.267322097768595,0.5912408759124088
Phaeo,0.270173528650989,0.5948905109489051
Phaeo,0.271216864496889,0.5985401459854015
Phaeo,0.274345711477623,0.6021897810218978
Phaeo,0.275945826757993,0.6058394160583942
Phaeo,0.276161493277861,0.6094890510948905
Phaeo,0.276178339601612,0.6131386861313869
Phaeo,0.277049285293985,0.6167883211678832
Phaeo,0.277516064387344,0.6204379562043796
Phaeo,0.277744375382159,0.6240875912408759
Phaeo,0.278113802318269,0.6277372262773723
Phaeo,0.278142954925314,0.6313868613138686
Phaeo,0.278290849297858,0.635036496350365
Phaeo,0.280113633368425,0.6386861313868614
Phaeo,0.280206978319547,0.6423357664233577
Phaeo,0.280715342009974,0.6459854014598541
Phaeo,0.280813742804648,0.6496350364963503
Phaeo,0.282070948780704,0.6532846715328468
Phaeo,0.282635011906374,0.656934306569343
Phaeo,0.283187459730255,0.6605839416058394
Phaeo,0.285497373597139,0.6642335766423357
Phaeo,0.286803005049372,0.6678832116788321
Phaeo,0.287453436808192,0.6715328467153284
Phaeo,0.289154955246539,0.6751824817518248
Phaeo,0.289644637294968,0.6788321167883211
Phaeo,0.289819258540187,0.6824817518248175
Phaeo,0.290430620647536,0.6861313868613139
Phaeo,0.290557103514528,0.6897810218978102
Phaeo,0.290842978459236,0.6934306569343066
Phaeo,0.291384010490073,0.6970802919708029
Phaeo,0.291954676868582,0.7007299270072993
Phaeo,0.293380532614708,0.7043795620437956
Phaeo,0.293413757308772,0.708029197080292
Phaeo,0.293636039246647,0.7116788321167883
Phaeo,0.294071701463938,0.7153284671532847
Phaeo,0.295336317648935,0.718978102189781
Phaeo,0.295612704574118,0.7226277372262774
Phaeo,0.296044381482585,0.7262773722627737
Phaeo,0.297291133524828,0.7299270072992701
Phaeo,0.297379471293068,0.7335766423357665
Phaeo,0.29775174568935,0.7372262773722628
Phaeo,0.298669079597874,0.7408759124087592
Phaeo,0.300109613023918,0.7445255474452555
Phaeo,0.300226500006902,0.7481751824817519
Phaeo,0.301724357323535,0.7518248175182481
Phaeo,0.302039042628579,0.7554744525547445
Phaeo,0.302658531878732,0.7591240875912408
Phaeo,0.303979840987638,0.7627737226277372
Phaeo,0.304152493908779,0.7664233576642335
Phaeo,0.305009007657616,0.7700729927007299
Phaeo,0.306766073061108,0.7737226277372263
Phaeo,0.308361558278783,0.7773722627737226
Phaeo,0.309228744934445,0.781021897810219
Phaeo,0.309972157500378,0.7846715328467153
Phaeo,0.310108919933783,0.7883211678832117
Phaeo,0.310633623876999,0.791970802919708
Phaeo,0.310654372786436,0.7956204379562044
Phaeo,0.31086707100547,0.7992700729927007
Phaeo,0.311489193608849,0.8029197080291971
Phaeo,0.315692893951062,0.8065693430656934
Phaeo,0.315931455315889,0.8102189781021898
Phaeo,0.316810712250598,0.8138686131386861
Phaeo,0.316901219473682,0.8175182481751825
Phaeo,0.31690306857912,0.8211678832116789
Phaeo,0.317410047062491,0.8248175182481752
Phaeo,0.318507169979326,0.8284671532846716
Phaeo,0.318633306544554,0.8321167883211679
Phaeo,0.318779198530552,0.8357664233576643
Phaeo,0.322512441843809,0.8394160583941606
Phaeo,0.324081106922527,0.843065693430657
Phaeo,0.324617594046841,0.8467153284671532
Phaeo,0.32598460606747,0.8503649635036497
Phaeo,0.326586034099159,0.8540145985401459
Phaeo,0.326679445553196,0.8576642335766423
Phaeo,0.327288445185045,0.8613138686131386
Phaeo,0.328865418262054,0.864963503649635
Phaeo,0.329038106867686,0.8686131386861314
Phaeo,0.329393265684514,0.8722627737226277
Phaeo,0.338478725222818,0.8759124087591241
Phaeo,0.339386257250501,0.8795620437956204
Phaeo,0.343376871710346,0.8832116788321168
Phaeo,0.343718307407388,0.8868613138686131
Phaeo,0.348068490962732,0.8905109489051095
Phaeo,0.348828426258965,0.8941605839416058
Phaeo,0.350659271780431,0.8978102189781022
Phaeo,0.350973850843013,0.9014598540145985
Phaeo,0.351145159918667,0.9051094890510949
Phaeo,0.352466629607782,0.9087591240875912
Phaeo,0.357637111208753,0.9124087591240876
Phaeo,0.359359084159487,0.916058394160584
Phaeo,0.361520441868724,0.9197080291970803
Phaeo,0.362323604870628,0.9233576642335767
Phaeo,0.366531222396728,0.927007299270073
Phaeo,0.36703599979582,0.9306569343065694
Phaeo,0.367588876644603,0.9343065693430657
Phaeo,0.368968561525569,0.9379562043795621
Phaeo,0.3700364766866,0.9416058394160584
Phaeo,0.37313312895744,0.9452554744525548
Phaeo,0.373491146588596,0.948905109489051
Phaeo,0.375006837229558,0.9525547445255474
Phaeo,0.375818679672863,0.9562043795620438
Phaeo,0.377009765531322,0.9598540145985401
Phaeo,0.379273657759099,0.9635036496350365
Phaeo,0.382404143793381,0.9671532846715328
Phaeo,0.382697624400718,0.9708029197080292
Phaeo,0.38307296279715,0.9744525547445255
Phaeo,0.391637068679328,0.9781021897810219
Phaeo,0.401217282329837,0.9817518248175182
Phaeo,0.405661103611331,0.9854014598540146
Phaeo,0.423347145069605,0.9890510948905109
Phaeo,0.445761007696285,0.9927007299270073
Phaeo,0.447243273323428,0.9963503649635036
Phaeo,0.529445992763867,1.0
Ponti,0.13491611534352,0.009615384615384616
Ponti,0.137786523686046,0.019230769230769232
Ponti,0.151928317646336,0.028846153846153848
Ponti,0.157569633638531,0.038461538461538464
Ponti,0.171747095306752,0.04807692307692308
Ponti,0.177466707246294,0.057692307692307696
Ponti,0.180090286427849,0.0673076923076923
Ponti,0.183572958403992,0.07692307692307693
Ponti,0.186239874626599,0.08653846153846154
Ponti,0.188834638322844,0.09615384615384616
Ponti,0.190070656983321,0.10576923076923077
Ponti,0.191755150347281,0.11538461538461539
Ponti,0.199357522666866,0.125
Ponti,0.201845001281155,0.1346153846153846
Ponti,0.207266446366952,0.14423076923076922
Ponti,0.211237511078541,0.15384615384615385
Ponti,0.214786460624007,0.16346153846153846
Ponti,0.216615724236153,0.17307692307692307
Ponti,0.21830734183779,0.18269230769230768
Ponti,0.221360733572363,0.19230769230769232
Ponti,0.223660971723462,0.20192307692307693
Ponti,0.225468432780682,0.21153846153846154
Ponti,0.225515837421121,0.22115384615384615
Ponti,0.231158417963728,0.23076923076923078
Ponti,0.233307700187442,0.2403846153846154
Ponti,0.234209416605005,0.25
Ponti,0.239265461308814,0.25961538461538464
Ponti,0.241085446579717,0.2692307692307692
Ponti,0.241934911958911,0.27884615384615385
Ponti,0.241965403568327,0.28846153846153844
Ponti,0.243358283652778,0.2980769230769231
Ponti,0.245906929078308,0.3076923076923077
Ponti,0.250459395078174,0.3173076923076923
Ponti,0.250840174964175,0.3269230769230769
Ponti,0.253067293976663,0.33653846153846156
Ponti,0.256109307598415,0.34615384615384615
Ponti,0.256271465503545,0.3557692307692308
Ponti,0.258344404180408,0.36538461538461536
Ponti,0.259088035461354,0.375
Ponti,0.26515727233006,0.38461538461538464
Ponti,0.26633881340595,0.3942307692307692
Ponti,0.268463816332775,0.40384615384615385
Ponti,0.270034414577889,0.41346153846153844
Ponti,0.27399761322484,0.4230769230769231
Ponti,0.277417108461258,0.4326923076923077
Ponti,0.277685449893898,0.4423076923076923
Ponti,0.281780240973465,0.4519230769230769
Ponti,0.283452380379469,0.46153846153846156
Ponti,0.290873703951949,0.47115384615384615
Ponti,0.29116767445854,0.4807692307692308
Ponti,0.293949289771387,0.49038461538461536
Ponti,0.297497955228021,0.5
Ponti,0.29836279016812,0.5096153846153846
Ponti,0.311396877739877,0.5192307692307693
Ponti,0.31411756736188,0.5288461538461539
Ponti,0.318864494652815,0.5384615384615384
Ponti,0.326837186352507,0.5480769230769231
Ponti,0.33126323637338,0.5576923076923077
Ponti,0.344079894782247,0.5673076923076923
Ponti,0.348579807544248,0.5769230769230769
Ponti,0.349353827807521,0.5865384615384616
Ponti,0.359397203584085,0.5961538461538461
Ponti,0.36226809665318,0.6057692307692307
Ponti,0.362670209124664,0.6153846153846154
Ponti,0.363085063335361,0.625
Ponti,0.366177523321179,0.6346153846153846
Ponti,0.367452118049,0.6442307692307693
Ponti,0.371249948587024,0.6538461538461539
Ponti,0.378883134601737,0.6634615384615384
Ponti,0.380236635002561,0.6730769230769231
Ponti,0.380388542272421,0.6826923076923077
Ponti,0.381126547884278,0.6923076923076923
Ponti,0.382643271168239,0.7019230769230769
Ponti,0.385066290381729,0.7115384615384616
Ponti,0.389057224266207,0.7211538461538461
Ponti,0.396680491674473,0.7307692307692307
Ponti,0.400680380394037,0.7403846153846154
Ponti,0.404460433718306,0.75
Ponti,0.410510678183279,0.7596153846153846
Ponti,0.416976166060649,0.7692307692307693
Ponti,0.419090889943322,0.7788461538461539
Ponti,0.420114576704772,0.7884615384615384
Ponti,0.430591383970959,0.7980769230769231
Ponti,0.436356216460508,0.8076923076923077
Ponti,0.437936746451178,0.8173076923076923
Ponti,0.445763878490843,0.8269230769230769
Ponti,0.465965739287463,0.8365384615384616
Ponti,0.471576397478275,0.8461538461538461
Ponti,0.486249514257813,0.8557692307692307
Ponti,0.498681334216607,0.8653846153846154
Ponti,0.509542647548935,0.875
Ponti,0.525360086571412,0.8846153846153846
Ponti,0.547601923927977,0.8942307692307693
Ponti,0.549252443818777,0.9038461538461539
Ponti,0.552794070619495,0.9134615384615384
Ponti,0.566408377314877,0.9230769230769231
Ponti,0.598217460762091,0.9326923076923077
Ponti,0.604317102593119,0.9423076923076923
Ponti,0.609242410681917,0.9519230769230769
Ponti,0.616180074793999,0.9615384615384616
Ponti,0.622794015776146,0.9711538461538461
Ponti,0.638521931305536,0.9807692307692307
Ponti,0.678766240001984,0.9903846153846154
Ponti,0.71946614373337,1.0
Putida,0.101211815868386,0.0033333333333333335
Putida,0.101250317033012,0.006666666666666667
Putida,0.102635615723747,0.01
Putida,0.103698726084465,0.013333333333333334
Putida,0.104167727047681,0.016666666666666666
Putida,0.105520303777831,0.02
Putida,0.106594726909545,0.023333333333333334
Putida,0.10827775753516,0.02666666666666667
Putida,0.108463322274523,0.03
Putida,0.109659042005311,0.03333333333333333
Putida,0.109754992840985,0.03666666666666667
Putida,0.109831117690921,0.04
Putida,0.110622475910653,0.043333333333333335
Putida,0.111099897492626,0.04666666666666667
Putida,0.111469318120678,0.05
Putida,0.112035422646471,0.05333333333333334
Putida,0.113385790683044,0.056666666666666664
Putida,0.11367780115084,0.06
Putida,0.114275496972172,0.06333333333333334
Putida,0.114704722477387,0.06666666666666667
Putida,0.115815328522747,0.07
Putida,0.116080038183265,0.07333333333333333
Putida,0.117929017876594,0.07666666666666666
Putida,0.118333246136249,0.08
Putida,0.118868385292227,0.08333333333333333
Putida,0.118935216124441,0.08666666666666667
Putida,0.119063743892216,0.09
Putida,0.119512481836219,0.09333333333333334
Putida,0.119684269681086,0.09666666666666666
Putida,0.120526142432573,0.1
Putida,0.121199501616231,0.10333333333333333
Putida,0.121913118351268,0.10666666666666667
Putida,0.122597444960552,0.11
Putida,0.123345544475038,0.11333333333333333
Putida,0.124510180273872,0.11666666666666667
Putida,0.125235779161359,0.12
Putida,0.12527546689183,0.12333333333333334
Putida,0.12538362942762,0.12666666666666668
Putida,0.126713197878926,0.13
Putida,0.126747772318514,0.13333333333333333
Putida,0.127059853621026,0.13666666666666666
Putida,0.128076255600678,0.14
Putida,0.128882681125665,0.14333333333333334
Putida,0.130072449433668,0.14666666666666667
Putida,0.130149842864489,0.15
Putida,0.131100037081407,0.15333333333333332
Putida,0.131597253054369,0.15666666666666668
Putida,0.131786580896726,0.16
Putida,0.132573459707982,0.16333333333333333
Putida,0.133222408808477,0.16666666666666666
Putida,0.133243033550737,0.17
Putida,0.134191543399082,0.17333333333333334
Putida,0.134457478592789,0.17666666666666667
Putida,0.134811191300602,0.18
Putida,0.134963349804646,0.18333333333333332
Putida,0.135006196134226,0.18666666666666668
Putida,0.135913664187878,0.19
Putida,0.136902722720592,0.19333333333333333
Putida,0.136964427408819,0.19666666666666666
Putida,0.137880026580381,0.2
Putida,0.138247176289516,0.20333333333333334
Putida,0.138299457000865,0.20666666666666667
Putida,0.139107960444204,0.21
Putida,0.139151381491112,0.21333333333333335
Putida,0.139463028848378,0.21666666666666667
Putida,0.13947668231228,0.22
Putida,0.139900531344022,0.22333333333333333
Putida,0.139919526394402,0.22666666666666666
Putida,0.13992080782839,0.23
Putida,0.139977207245256,0.23333333333333334
Putida,0.1405309393331,0.23666666666666666
Putida,0.140853623425669,0.24
Putida,0.141444355109257,0.24333333333333335
Putida,0.142834458004346,0.24666666666666667
Putida,0.14310513150475,0.25
Putida,0.143453545061727,0.25333333333333335
Putida,0.144666555044606,0.25666666666666665
Putida,0.144745063635143,0.26
Putida,0.14526733214241,0.2633333333333333
Putida,0.145396636808867,0.26666666666666666
Putida,0.145531152694613,0.27
Putida,0.146015908910131,0.2733333333333333
Putida,0.146107232656616,0.27666666666666667
Putida,0.147380900105837,0.28
Putida,0.147430994565537,0.2833333333333333
Putida,0.148118465844461,0.2866666666666667
Putida,0.148503205535377,0.29
Putida,0.148722883634752,0.29333333333333333
Putida,0.149108885173975,0.2966666666666667
Putida,0.149549102734658,0.3
Putida,0.149947807220198,0.30333333333333334
Putida,0.150032137042381,0.30666666666666664
Putida,0.150586874120486,0.31
Putida,0.150832149072886,0.31333333333333335
Putida,0.151260792312124,0.31666666666666665
Putida,0.152069219860948,0.32
Putida,0.152316559470562,0.3233333333333333
Putida,0.153512331605884,0.32666666666666666
Putida,0.153722482699539,0.33
Putida,0.154026126795148,0.3333333333333333
Putida,0.154179397665392,0.33666666666666667
Putida,0.154400572845264,0.34
Putida,0.155212053312126,0.3433333333333333
Putida,0.155754189044633,0.3466666666666667
Putida,0.156346080159737,0.35
Putida,0.157040466816221,0.35333333333333333
Putida,0.157203979710834,0.3566666666666667
Putida,0.157357172991695,0.36
Putida,0.157715890657092,0.36333333333333334
Putida,0.158038079599162,0.36666666666666664
Putida,0.158408012719202,0.37
Putida,0.161121268530941,0.37333333333333335
Putida,0.161479404652659,0.37666666666666665
Putida,0.161524211276258,0.38
Putida,0.16204492680223,0.38333333333333336
Putida,0.162177750974773,0.38666666666666666
Putida,0.162868653012166,0.39
Putida,0.163180645159026,0.3933333333333333
Putida,0.163566521839532,0.39666666666666667
Putida,0.164529693814355,0.4
Putida,0.164753464505005,0.4033333333333333
Putida,0.165041626182452,0.4066666666666667
Putida,0.165213050264096,0.41
Putida,0.165274134739089,0.41333333333333333
Putida,0.166011957947813,0.4166666666666667
Putida,0.166053982494857,0.42
Putida,0.166524736376529,0.42333333333333334
Putida,0.166671296640066,0.4266666666666667
Putida,0.166905528940655,0.43
Putida,0.167209836563938,0.43333333333333335
Putida,0.167214530394818,0.43666666666666665
Putida,0.167218396118621,0.44
Putida,0.167366843748154,0.44333333333333336
Putida,0.167519423548359,0.44666666666666666
Putida,0.167670439758358,0.45
Putida,0.168285275090806,0.4533333333333333
Putida,0.169763454589672,0.45666666666666667
Putida,0.170468297755658,0.46
Putida,0.170507417093343,0.4633333333333333
Putida,0.171488973698152,0.4666666666666667
Putida,0.171762924238591,0.47
Putida,0.172599439175447,0.47333333333333333
Putida,0.173418904275645,0.4766666666666667
Putida,0.173818739333088,0.48
Putida,0.173881000674229,0.48333333333333334
Putida,0.174765050169824,0.4866666666666667
Putida,0.174834854557263,0.49
Putida,0.175033042472096,0.49333333333333335
Putida,0.175614883888616,0.49666666666666665
Putida,0.175695255567065,0.5
Putida,0.176275180647101,0.5033333333333333
Putida,0.176390911008451,0.5066666666666667
Putida,0.176927478491025,0.51
Putida,0.179096341116495,0.5133333333333333
Putida,0.179594257685591,0.5166666666666667
Putida,0.18010964917059,0.52
Putida,0.180133901140181,0.5233333333333333
Putida,0.18025472214647,0.5266666666666666
Putida,0.180280188020253,0.53
Putida,0.18070307184515,0.5333333333333333
Putida,0.180835445751046,0.5366666666666666
Putida,0.180998762380813,0.54
Putida,0.18137287153529,0.5433333333333333
Putida,0.181877497220241,0.5466666666666666
Putida,0.181994892364482,0.55
Putida,0.182428025417089,0.5533333333333333
Putida,0.183446333328331,0.5566666666666666
Putida,0.183774457343819,0.56
Putida,0.184133916204834,0.5633333333333334
Putida,0.184144882758114,0.5666666666666667
Putida,0.184292810755046,0.57
Putida,0.184914010209738,0.5733333333333334
Putida,0.185584316067323,0.5766666666666667
Putida,0.186074961248302,0.58
Putida,0.186549589422511,0.5833333333333334
Putida,0.187419637604348,0.5866666666666667
Putida,0.187769728185266,0.59
Putida,0.187793276498461,0.5933333333333334
Putida,0.188197107332005,0.5966666666666667
Putida,0.188293195295412,0.6
Putida,0.188606486217748,0.6033333333333334
Putida,0.188962819938527,0.6066666666666667
Putida,0.189117935175998,0.61
Putida,0.189433691130268,0.6133333333333333
Putida,0.18948424687356,0.6166666666666667
Putida,0.189497857289767,0.62
Putida,0.190617911182054,0.6233333333333333
Putida,0.190869839961564,0.6266666666666667
Putida,0.190955496305606,0.63
Putida,0.191828603526005,0.6333333333333333
Putida,0.191848104539813,0.6366666666666667
Putida,0.193822888979195,0.64
Putida,0.195109247245643,0.6433333333333333
Putida,0.195959260183867,0.6466666666666666
Putida,0.19660047417447,0.65
Putida,0.196818944684169,0.6533333333333333
Putida,0.196938989199811,0.6566666666666666
Putida,0.197688040308246,0.66
Putida,0.197870613538842,0.6633333333333333
Putida,0.198288504443187,0.6666666666666666
Putida,0.198293211739223,0.67
Putida,0.198340473211762,0.6733333333333333
Putida,0.198760713581766,0.6766666666666666
Putida,0.199284369408109,0.68
Putida,0.199698737950124,0.6833333333333333
Putida,0.200102924386189,0.6866666666666666
Putida,0.200156250075231,0.69
Putida,0.200169999223346,0.6933333333333334
Putida,0.200945643606331,0.6966666666666667
Putida,0.200959380309377,0.7
Putida,0.20231415288,0.7033333333333334
Putida,0.202686466068326,0.7066666666666667
Putida,0.20303470355819,0.71
Putida,0.203732813534254,0.7133333333333334
Putida,0.204196938682969,0.7166666666666667
Putida,0.204758333464517,0.72
Putida,0.206360725556778,0.7233333333333334
Putida,0.207046435348511,0.7266666666666667
Putida,0.207134170426975,0.73
Putida,0.20743091165282,0.7333333333333333
Putida,0.207778016845497,0.7366666666666667
Putida,0.208011225998268,0.74
Putida,0.208366997038751,0.7433333333333333
Putida,0.208980929185677,0.7466666666666667
Putida,0.208996388000535,0.75
Putida,0.20971997058296,0.7533333333333333
Putida,0.209747006575509,0.7566666666666667
Putida,0.210081617123748,0.76
Putida,0.210862487211264,0.7633333333333333
Putida,0.211578709045902,0.7666666666666667
Putida,0.213055979646756,0.77
Putida,0.217002201006196,0.7733333333333333
Putida,0.217360426377339,0.7766666666666666
Putida,0.217426902627118,0.78
Putida,0.21745677466709,0.7833333333333333
Putida,0.218648318335476,0.7866666666666666
Putida,0.220036194175413,0.79
Putida,0.220981860835722,0.7933333333333333
Putida,0.221307940799765,0.7966666666666666
Putida,0.22136271970554,0.8
Putida,0.221403552790318,0.8033333333333333
Putida,0.221586198243114,0.8066666666666666
Putida,0.221679111490029,0.81
Putida,0.223949193527347,0.8133333333333334
Putida,0.224452280920264,0.8166666666666667
Putida,0.225393833975495,0.82
Putida,0.226180393499346,0.8233333333333334
Putida,0.226335247278731,0.8266666666666667
Putida,0.226754906198828,0.83
Putida,0.229500840923458,0.8333333333333334
Putida,0.229648411073675,0.8366666666666667
Putida,0.229978143563222,0.84
Putida,0.230109327434975,0.8433333333333334
Putida,0.230971962436524,0.8466666666666667
Putida,0.232784997304643,0.85
Putida,0.233892468620944,0.8533333333333334
Putida,0.233967837790018,0.8566666666666667
Putida,0.234236047574958,0.86
Putida,0.23452184387338,0.8633333333333333
Putida,0.234886355840113,0.8666666666666667
Putida,0.235456855107114,0.87
Putida,0.236676368964233,0.8733333333333333
Putida,0.238897256259076,0.8766666666666667
Putida,0.240891697989679,0.88
Putida,0.242125574271551,0.8833333333333333
Putida,0.242326613943156,0.8866666666666667
Putida,0.242743589216911,0.89
Putida,0.24326795114786,0.8933333333333333
Putida,0.244244484229491,0.8966666666666666
Putida,0.244834508584367,0.9
Putida,0.245406342533927,0.9033333333333333
Putida,0.25024476919299,0.9066666666666666
Putida,0.250998523925146,0.91
Putida,0.253006842926861,0.9133333333333333
Putida,0.253212819822237,0.9166666666666666
Putida,0.254454024413111,0.92
Putida,0.255563886814643,0.9233333333333333
Putida,0.257775762451999,0.9266666666666666
Putida,0.259172760118879,0.93
Putida,0.259559020556323,0.9333333333333333
Putida,0.260361778050476,0.9366666666666666
Putida,0.260710731437787,0.94
Putida,0.262627357013287,0.9433333333333334
Putida,0.267208649590058,0.9466666666666667
Putida,0.26960504539712,0.95
Putida,0.271595174197536,0.9533333333333334
Putida,0.272951312665396,0.9566666666666667
Putida,0.273279166153665,0.96
Putida,0.278114450331002,0.9633333333333334
Putida,0.288933411222323,0.9666666666666667
Putida,0.29288189860426,0.97
Putida,0.29790488378832,0.9733333333333334
Putida,0.308761042580405,0.9766666666666667
Putida,0.329583440269112,0.98
Putida,0.334730005592283,0.9833333333333333
Putida,0.34780713287818,0.9866666666666667
Putida,0.352811142801559,0.99
Putida,0.368973879687005,0.9933333333333333
Putida,0.418206236666793,0.9966666666666667
Putida,0.428504403893434,1.0
RalstoniaBSBF1503,0.120042739531783,0.125
RalstoniaBSBF1503,0.120886555936475,0.25
RalstoniaBSBF1503,0.129050291884534,0.375
RalstoniaBSBF1503,0.13712906367894,0.5
RalstoniaBSBF1503,0.144801091799872,0.625
RalstoniaBSBF1503,0.154446554853517,0.75
RalstoniaBSBF1503,0.163084693999227,0.875
RalstoniaBSBF1503,0.204116889582805,1.0
RalstoniaGMI1000,0.110328513646737,0.14285714285714285
RalstoniaGMI1000,0.123611822801412,0.2857142857142857
RalstoniaGMI1000,0.126527845645514,0.42857142857142855
RalstoniaGMI1000,0.127137695156572,0.5714285714285714
RalstoniaGMI1000,0.146856343954443,0.7142857142857143
RalstoniaGMI1000,0.156091810882593,0.8571428571428571
RalstoniaGMI1000,0.160922391987253,1.0
RalstoniaPSI07,0.109716563616223,0.125
RalstoniaPSI07,0.121756253964926,0.25
RalstoniaPSI07,0.154181407474319,0.375
RalstoniaPSI07,0.158329281189056,0.5
RalstoniaPSI07,0.163796839881183,0.625
RalstoniaPSI07,0.164680505507444,0.75
RalstoniaPSI07,0.164788220105056,0.875
RalstoniaPSI07,0.182040052206449,1.0
RalstoniaUW163,0.138874546163214,0.16666666666666666
RalstoniaUW163,0.14055116023549,0.3333333333333333
RalstoniaUW163,0.169378713713,0.5
RalstoniaUW163,0.177387655639431,0.6666666666666666
RalstoniaUW163,0.186521472604953,0.8333333333333334
RalstoniaUW163,0.201394841182833,1.0
SB2B,0.108085015017846,0.005263157894736842
SB2B,0.112075723974214,0.010526315789473684
SB2B,0.115306082041068,0.015789473684210527
SB2B,0.122995962154948,0.021052631578947368
SB2B,0.124562791933871,0.02631578947368421
SB2B,0.125558714755551,0.031578947368421054
SB2B,0.125605332828884,0.03684210526315789
SB2B,0.128327634232054,0.042105263157894736
SB2B,0.128865669870899,0.04736842105263158
SB2B,0.15036354915089,0.05263157894736842
SB2B,0.16010259985116,0.05789473684210526
SB2B,0.160809090759847,0.06315789473684211
SB2B,0.168059287904237,0.06842105263157895
SB2B,0.17277302807282,0.07368421052631578
SB2B,0.173503286243338,0.07894736842105263
SB2B,0.174216991111034,0.08421052631578947
SB2B,0.174876645558224,0.08947368421052632
SB2B,0.184398296041433,0.09473684210526316
SB2B,0.195423771968356,0.1
SB2B,0.199750029138246,0.10526315789473684
SB2B,0.200394764294052,0.11052631578947368
SB2B,0.2030825213695,0.11578947368421053
SB2B,0.210392613417628,0.12105263157894737
SB2B,0.210733680482031,0.12631578947368421
SB2B,0.214250645065013,0.13157894736842105
SB2B,0.2161775982255,0.1368421052631579
SB2B,0.21631258355939,0.14210526315789473
SB2B,0.219622008540872,0.14736842105263157
SB2B,0.221585357778718,0.15263157894736842
SB2B,0.221620995997152,0.15789473684210525
SB2B,0.22345495089808,0.1631578947368421
SB2B,0.230075107290237,0.16842105263157894
SB2B,0.230445190082009,0.1736842105263158
SB2B,0.231045764681286,0.17894736842105263
SB2B,0.234240392884674,0.18421052631578946
SB2B,0.235457581263916,0.18947368421052632
SB2B,0.238421505121317,0.19473684210526315
SB2B,0.241047038469248,0.2
SB2B,0.244912591508979,0.20526315789473684
SB2B,0.246198605957896,0.21052631578947367
SB2B,0.248358274455375,0.21578947368421053
SB2B,0.25543632777984,0.22105263157894736
SB2B,0.25816537906717,0.22631578947368422
SB2B,0.261082141480689,0.23157894736842105
SB2B,0.2681471864102,0.23684210526315788
SB2B,0.274300517953937,0.24210526315789474
SB2B,0.275469939772093,0.24736842105263157
SB2B,0.280104314692217,0.25263157894736843
SB2B,0.281389857266709,0.2578947368421053
SB2B,0.28251387969548,0.2631578947368421
SB2B,0.286442433170632,0.26842105263157895
SB2B,0.287835819850049,0.2736842105263158
SB2B,0.289145528114778,0.2789473684210526
SB2B,0.28997358323477,0.28421052631578947
SB2B,0.291422317664378,0.2894736842105263
SB2B,0.291538039992309,0.29473684210526313
SB2B,0.291830227105972,0.3
SB2B,0.292708679194484,0.30526315789473685
SB2B,0.294107138848949,0.3105263157894737
SB2B,0.295078940827962,0.3157894736842105
SB2B,0.296214121201981,0.32105263157894737
SB2B,0.29966366428916,0.3263157894736842
SB2B,0.301342636390047,0.33157894736842103
SB2B,0.302641974466833,0.3368421052631579
SB2B,0.303655640026869,0.34210526315789475
SB2B,0.30590286072908,0.3473684210526316
SB2B,0.308775954609403,0.3526315789473684
SB2B,0.32228451695478,0.35789473684210527
SB2B,0.326369392807368,0.3631578947368421
SB2B,0.333171025213653,0.3684210526315789
SB2B,0.335196095106282,0.3736842105263158
SB2B,0.338036474309718,0.37894736842105264
SB2B,0.342595038638722,0.38421052631578945
SB2B,0.347646960678084,0.3894736842105263
SB2B,0.351649792127421,0.39473684210526316
SB2B,0.355007956017289,0.4
SB2B,0.356488525721448,0.4052631578947368
SB2B,0.358554986020746,0.4105263157894737
SB2B,0.358844752665597,0.41578947368421054
SB2B,0.358923032472886,0.42105263157894735
SB2B,0.363302408663762,0.4263157894736842
SB2B,0.367599932190995,0.43157894736842106
SB2B,0.371038834704886,0.4368421052631579
SB2B,0.371336275483804,0.4421052631578947
SB2B,0.380530929340001,0.4473684210526316
SB2B,0.381650427363992,0.45263157894736844
SB2B,0.382143953415226,0.45789473684210524
SB2B,0.384031102083089,0.4631578947368421
SB2B,0.387239133860012,0.46842105263157896
SB2B,0.387363190036254,0.47368421052631576
SB2B,0.388738590240526,0.4789473684210526
SB2B,0.39220443899395,0.4842105263157895
SB2B,0.395161853454156,0.48947368421052634
SB2B,0.395461892792234,0.49473684210526314
SB2B,0.40077002249532,0.5
SB2B,0.405294203037901,0.5052631578947369
SB2B,0.407221312189934,0.5105263157894737
SB2B,0.407323249415008,0.5157894736842106
SB2B,0.409329819360321,0.5210526315789473
SB2B,0.409907144069726,0.5263157894736842
SB2B,0.410408153815349,0.531578947368421
SB2B,0.410746922604318,0.5368421052631579
SB2B,0.411239543254623,0.5421052631578948
SB2B,0.412664748309507,0.5473684210526316
SB2B,0.412776077525541,0.5526315789473685
SB2B,0.417112518993449,0.5578947368421052
SB2B,0.418461290140997,0.5631578947368421
SB2B,0.422971857821386,0.5684210526315789
SB2B,0.425713644518467,0.5736842105263158
SB2B,0.425832412581321,0.5789473684210527
SB2B,0.427639262001347,0.5842105263157895
SB2B,0.432442332678278,0.5894736842105263
SB2B,0.432947863578857,0.5947368421052631
SB2B,0.436362481458959,0.6
SB2B,0.437561458475244,0.6052631578947368
SB2B,0.438146372823295,0.6105263157894737
SB2B,0.439730118585384,0.6157894736842106
SB2B,0.440656071399389,0.6210526315789474
SB2B,0.442708513908442,0.6263157894736842
SB2B,0.443193093194584,0.631578947368421
SB2B,0.443580283059164,0.6368421052631579
SB2B,0.445555899732124,0.6421052631578947
SB2B,0.445603132672131,0.6473684210526316
SB2B,0.448891026920565,0.6526315789473685
SB2B,0.450829589751816,0.6578947368421053
SB2B,0.451328522859991,0.6631578947368421
SB2B,0.452136512267531,0.6684210526315789
SB2B,0.452400156178215,0.6736842105263158
SB2B,0.457972391916939,0.6789473684210526
SB2B,0.459445093147563,0.6842105263157895
SB2B,0.461814466279198,0.6894736842105263
SB2B,0.462948507914935,0.6947368421052632
SB2B,0.463066475221189,0.7
SB2B,0.465374034753078,0.7052631578947368
SB2B,0.465484979189967,0.7105263157894737
SB2B,0.466260404712447,0.7157894736842105
SB2B,0.466421730518701,0.7210526315789474
SB2B,0.467022427311355,0.7263157894736842
SB2B,0.46717471535745,0.7315789473684211
SB2B,0.469364874352365,0.7368421052631579
SB2B,0.469771023689356,0.7421052631578947
SB2B,0.472347449598875,0.7473684210526316
SB2B,0.473941076125433,0.7526315789473684
SB2B,0.474450874044742,0.7578947368421053
SB2B,0.476258337031514,0.7631578947368421
SB2B,0.478305146945849,0.7684210526315789
SB2B,0.479128933747181,0.7736842105263158
SB2B,0.479963340322929,0.7789473684210526
SB2B,0.482214166379732,0.7842105263157895
SB2B,0.48577952278991,0.7894736842105263
SB2B,0.487355348731247,0.7947368421052632
SB2B,0.48875550089398,0.8
SB2B,0.490408330111794,0.8052631578947368
SB2B,0.490842853010957,0.8105263157894737
SB2B,0.491553649936261,0.8157894736842105
SB2B,0.492641972399945,0.8210526315789474
SB2B,0.492983248753006,0.8263157894736842
SB2B,0.495524807302311,0.8315789473684211
SB2B,0.496590702081561,0.8368421052631579
SB2B,0.500992650899016,0.8421052631578947
SB2B,0.503083266489115,0.8473684210526315
SB2B,0.506451910410972,0.8526315789473684
SB2B,0.507180247935588,0.8578947368421053
SB2B,0.508033482690861,0.8631578947368421
SB2B,0.511906642268324,0.868421052631579
SB2B,0.512000271643677,0.8736842105263158
SB2B,0.513701649980162,0.8789473684210526
SB2B,0.515416747123097,0.8842105263157894
SB2B,0.516334819114238,0.8894736842105263
SB2B,0.520124765001824,0.8947368421052632
SB2B,0.520592893679578,0.9
SB2B,0.522594856674584,0.9052631578947369
SB2B,0.527629997273489,0.9105263157894737
SB2B,0.534013399447559,0.9157894736842105
SB2B,0.536022693395234,0.9210526315789473
SB2B,0.540393912528217,0.9263157894736842
SB2B,0.541112872361097,0.9315789473684211
SB2B,0.544692199764057,0.9368421052631579
SB2B,0.546559740294668,0.9421052631578948
SB2B,0.548471581124233,0.9473684210526315
SB2B,0.551364660771341,0.9526315789473684
SB2B,0.556946586184891,0.9578947368421052
SB2B,0.561029159212291,0.9631578947368421
SB2B,0.565119960793709,0.968421052631579
SB2B,0.566245780375076,0.9736842105263158
SB2B,0.566883941787174,0.9789473684210527
SB2B,0.5674094831532,0.9842105263157894
SB2B,0.574997048412474,0.9894736842105263
SB2B,0.585908879948843,0.9947368421052631
SB2B,0.602430969513154,1.0
Smeli,0.105605191303824,0.011111111111111112
Smeli,0.112753981220696,0.022222222222222223
Smeli,0.113746917140933,0.03333333333333333
Smeli,0.115466770934431,0.044444444444444446
Smeli,0.12054482289088,0.05555555555555555
Smeli,0.125798570342814,0.06666666666666667
Smeli,0.13961662181718,0.07777777777777778
Smeli,0.140778867590474,0.08888888888888889
Smeli,0.142765761040285,0.1
Smeli,0.146407731162937,0.1111111111111111
Smeli,0.146728469129376,0.12222222222222222
Smeli,0.147439502666555,0.13333333333333333
Smeli,0.147972557531675,0.14444444444444443
Smeli,0.151397289011012,0.15555555555555556
Smeli,0.152741904963414,0.16666666666666666
Smeli,0.153674641113368,0.17777777777777778
Smeli,0.1545269541648,0.18888888888888888
Smeli,0.154814732115242,0.2
Smeli,0.156650092416147,0.2111111111111111
Smeli,0.15687186708424,0.2222222222222222
Smeli,0.157310310059484,0.23333333333333334
Smeli,0.15822566083645,0.24444444444444444
Smeli,0.161663983996613,0.25555555555555554
Smeli,0.162212013951661,0.26666666666666666
Smeli,0.164518890008345,0.2777777777777778
Smeli,0.164897102268561,0.28888888888888886
Smeli,0.165086766522068,0.3
Smeli,0.170073568763077,0.3111111111111111
Smeli,0.170443668286492,0.32222222222222224
Smeli,0.170751487589225,0.3333333333333333
Smeli,0.174071864648282,0.34444444444444444
Smeli,0.175579446119695,0.35555555555555557
Smeli,0.175797244311231,0.36666666666666664
Smeli,0.176977923422646,0.37777777777777777
Smeli,0.178960913672495,0.3888888888888889
Smeli,0.181370048235294,0.4
Smeli,0.182172778271596,0.4111111111111111
Smeli,0.184724756803952,0.4222222222222222
Smeli,0.185818535776481,0.43333333333333335
Smeli,0.186259329302057,0.4444444444444444
Smeli,0.19157830859663,0.45555555555555555
Smeli,0.19170203470254,0.4666666666666667
Smeli,0.192103332550479,0.4777777777777778
Smeli,0.193239923577209,0.4888888888888889
Smeli,0.195454033092935,0.5
Smeli,0.196105791360467,0.5111111111111111
Smeli,0.196134964401323,0.5222222222222223
Smeli,0.19860443918695,0.5333333333333333
Smeli,0.201659133020886,0.5444444444444444
Smeli,0.201965285281082,0.5555555555555556
Smeli,0.204193991290995,0.5666666666666667
Smeli,0.206295523124109,0.5777777777777777
Smeli,0.206720650927848,0.5888888888888889
Smeli,0.207011260408051,0.6
Smeli,0.207092032181038,0.6111111111111112
Smeli,0.208224014109939,0.6222222222222222
Smeli,0.208574957299494,0.6333333333333333
Smeli,0.208636712371245,0.6444444444444445
Smeli,0.208724984003735,0.6555555555555556
Smeli,0.210517556268878,0.6666666666666666
Smeli,0.211513314768584,0.6777777777777778
Smeli,0.213295929762192,0.6888888888888889
Smeli,0.214270938569189,0.7
Smeli,0.215092030295387,0.7111111111111111
Smeli,0.215468538467676,0.7222222222222222
Smeli,0.217655322937564,0.7333333333333333
Smeli,0.217803336570902,0.7444444444444445
Smeli,0.218773683979856,0.7555555555555555
Smeli,0.220382513950516,0.7666666666666667
Smeli,0.223845158943675,0.7777777777777778
Smeli,0.22978501245643,0.7888888888888889
Smeli,0.230356193948136,0.8
Smeli,0.23571185957711,0.8111111111111111
Smeli,0.238941631347672,0.8222222222222222
Smeli,0.240471883986953,0.8333333333333334
Smeli,0.242224311873047,0.8444444444444444
Smeli,0.24917073828966,0.8555555555555555
Smeli,0.252078126220039,0.8666666666666667
Smeli,0.253556800888891,0.8777777777777778
Smeli,0.25460310293776,0.8888888888888888
Smeli,0.255034233519457,0.9
Smeli,0.257366869556036,0.9111111111111111
Smeli,0.25766453251915,0.9222222222222223
Smeli,0.257890163368058,0.9333333333333333
Smeli,0.258668651064166,0.9444444444444444
Smeli,0.261138794091631,0.9555555555555556
Smeli,0.26385997113159,0.9666666666666667
Smeli,0.273650280724579,0.9777777777777777
Smeli,0.274585672947558,0.9888888888888889
Smeli,0.291626301245037,1.0
SynE,0.354054841505675,0.007751937984496124
SynE,0.427663677335901,0.015503875968992248
SynE,0.455884082967806,0.023255813953488372
SynE,0.474560120654895,0.031007751937984496
SynE,0.476851734671551,0.03875968992248062
SynE,0.477788533847721,0.046511627906976744
SynE,0.484217898939757,0.05426356589147287
SynE,0.485259351301681,0.06201550387596899
SynE,0.489851513882231,0.06976744186046512
SynE,0.490591225166988,0.07751937984496124
SynE,0.492674523616648,0.08527131782945736
SynE,0.497011941271166,0.09302325581395349
SynE,0.499174880500971,0.10077519379844961
SynE,0.50322293131808,0.10852713178294573
SynE,0.503906153765678,0.11627906976744186
SynE,0.50754611427022,0.12403100775193798
SynE,0.509561678900506,0.13178294573643412
SynE,0.510198182103033,0.13953488372093023
SynE,0.510747741127962,0.14728682170542637
SynE,0.51227268013183,0.15503875968992248
SynE,0.512648238308474,0.16279069767441862
SynE,0.514596294105565,0.17054263565891473
SynE,0.517958262554629,0.17829457364341086
SynE,0.51811387078291,0.18604651162790697
SynE,0.518247499592321,0.1937984496124031
SynE,0.51885567616978,0.20155038759689922
SynE,0.520579057308782,0.20930232558139536
SynE,0.526174000588685,0.21705426356589147
SynE,0.528608394294852,0.2248062015503876
SynE,0.528868365822852,0.23255813953488372
SynE,0.529966795934205,0.24031007751937986
SynE,0.530427199859678,0.24806201550387597
SynE,0.530851169004381,0.2558139534883721
SynE,0.533535967999351,0.26356589147286824
SynE,0.533547178368306,0.2713178294573643
SynE,0.533954628335598,0.27906976744186046
SynE,0.534114632447654,0.2868217054263566
SynE,0.537812712939141,0.29457364341085274
SynE,0.538443954926442,0.3023255813953488
SynE,0.539337461570089,0.31007751937984496
SynE,0.539857534425806,0.3178294573643411
SynE,0.540630500398247,0.32558139534883723
SynE,0.541631186995487,0.3333333333333333
SynE,0.542980420448111,0.34108527131782945
SynE,0.544314116874521,0.3488372093023256
SynE,0.544544152260953,0.35658914728682173
SynE,0.545603928016365,0.3643410852713178
SynE,0.547011601628571,0.37209302325581395
SynE,0.549184994062312,0.3798449612403101
SynE,0.549357480580556,0.3875968992248062
SynE,0.550009858288562,0.3953488372093023
SynE,0.551505778402201,0.40310077519379844
SynE,0.551619335848592,0.4108527131782946
SynE,0.552202980279399,0.4186046511627907
SynE,0.552444221708129,0.4263565891472868
SynE,0.552863483449735,0.43410852713178294
SynE,0.553267312004903,0.4418604651162791
SynE,0.554525936601232,0.4496124031007752
SynE,0.555879237111678,0.4573643410852713
SynE,0.557903619469456,0.46511627906976744
SynE,0.561061858608216,0.4728682170542636
SynE,0.562063821569347,0.4806201550387597
SynE,0.562692203636201,0.4883720930232558
SynE,0.563916734173336,0.49612403100775193
SynE,0.56406130942561,0.5038759689922481
SynE,0.564699997590052,0.5116279069767442
SynE,0.565421130208544,0.5193798449612403
SynE,0.566416373870953,0.5271317829457365
SynE,0.566959490503225,0.5348837209302325
SynE,0.567346635468006,0.5426356589147286
SynE,0.567974044036977,0.5503875968992248
SynE,0.568607124853613,0.5581395348837209
SynE,0.572440621063959,0.5658914728682171
SynE,0.573077141573115,0.5736434108527132
SynE,0.575598371290448,0.5813953488372093
SynE,0.57564292720689,0.5891472868217055
SynE,0.576104875749004,0.5968992248062015
SynE,0.576795652540174,0.6046511627906976
SynE,0.576930869232798,0.6124031007751938
SynE,0.578185803190486,0.6201550387596899
SynE,0.578893094832409,0.627906976744186
SynE,0.579874441271707,0.6356589147286822
SynE,0.582668003776826,0.6434108527131783
SynE,0.583099423425327,0.6511627906976745
SynE,0.583165746754434,0.6589147286821705
SynE,0.583634968407398,0.6666666666666666
SynE,0.585505732799233,0.6744186046511628
SynE,0.586185809767005,0.6821705426356589
SynE,0.587874460828197,0.689922480620155
SynE,0.588119777968064,0.6976744186046512
SynE,0.589542690067133,0.7054263565891473
SynE,0.592969320408916,0.7131782945736435
SynE,0.593530388342151,0.7209302325581395
SynE,0.594244784355292,0.7286821705426356
SynE,0.59464503043825,0.7364341085271318
SynE,0.595754034899942,0.7441860465116279
SynE,0.59791984270351,0.751937984496124
SynE,0.598093986331484,0.7596899224806202
SynE,0.599236686799901,0.7674418604651163
SynE,0.602534508228458,0.7751937984496124
SynE,0.602808433226114,0.7829457364341085
SynE,0.603483941243821,0.7906976744186046
SynE,0.60871762162266,0.7984496124031008
SynE,0.613128402077644,0.8062015503875969
SynE,0.614538334204938,0.813953488372093
SynE,0.61714052865954,0.8217054263565892
SynE,0.618327127392495,0.8294573643410853
SynE,0.618964651686135,0.8372093023255814
SynE,0.619486775377392,0.8449612403100775
SynE,0.620250689982849,0.8527131782945736
SynE,0.625607498373934,0.8604651162790697
SynE,0.625648411244965,0.8682170542635659
SynE,0.626357554696195,0.875968992248062
SynE,0.627478968010903,0.8837209302325582
SynE,0.627712161857133,0.8914728682170543
SynE,0.628888601598847,0.8992248062015504
SynE,0.629887830112591,0.9069767441860465
SynE,0.63017689841065,0.9147286821705426
SynE,0.630304686232763,0.9224806201550387
SynE,0.631290947754705,0.9302325581395349
SynE,0.633018971396945,0.937984496124031
SynE,0.633327656759011,0.9457364341085271
SynE,0.634787215645054,0.9534883720930233
SynE,0.63634136391207,0.9612403100775194
SynE,0.638239273751542,0.9689922480620154
SynE,0.647118837828708,0.9767441860465116
SynE,0.662653190167706,0.9844961240310077
SynE,0.694466642359506,0.9922480620155039
SynE,0.697095584209276,1.0
SyringaeB728a,0.104335498932701,0.021739130434782608
SyringaeB728a,0.108671549106898,0.043478260869565216
SyringaeB728a,0.118365921318603,0.06521739130434782
SyringaeB728a,0.131178665190832,0.08695652173913043
SyringaeB728a,0.13415027184562,0.10869565217391304
SyringaeB728a,0.134811562161258,0.13043478260869565
SyringaeB728a,0.134815534543436,0.15217391304347827
SyringaeB728a,0.136205578584722,0.17391304347826086
SyringaeB728a,0.136573233805697,0.1956521739130435
SyringaeB728a,0.144228889361631,0.21739130434782608
SyringaeB728a,0.144303197427765,0.2391304347826087
SyringaeB728a,0.145438119067837,0.2608695652173913
SyringaeB728a,0.149571525506222,0.2826086956521739
SyringaeB728a,0.149735519999803,0.30434782608695654
SyringaeB728a,0.150460183792583,0.32608695652173914
SyringaeB728a,0.153112624292601,0.34782608695652173
SyringaeB728a,0.153410400377504,0.3695652173913043
SyringaeB728a,0.153526178308754,0.391304347826087
SyringaeB728a,0.155382671208536,0.41304347826086957
SyringaeB728a,0.15720357949571,0.43478260869565216
SyringaeB728a,0.158722324326244,0.45652173913043476
SyringaeB728a,0.159933195586286,0.4782608695652174
SyringaeB728a,0.161024096273778,0.5
SyringaeB728a,0.16235274204574,0.5217391304347826
SyringaeB728a,0.165792113770545,0.5434782608695652
SyringaeB728a,0.167916616901809,0.5652173913043478
SyringaeB728a,0.170321541361465,0.5869565217391305
SyringaeB728a,0.172333286664324,0.6086956521739131
SyringaeB728a,0.172467210741331,0.6304347826086957
SyringaeB728a,0.17481035162662,0.6521739130434783
SyringaeB728a,0.174951405331123,0.6739130434782609
SyringaeB728a,0.176725607404233,0.6956521739130435
SyringaeB728a,0.177930602317123,0.717391304347826
SyringaeB728a,0.178728736478943,0.7391304347826086
SyringaeB728a,0.179948509532196,0.7608695652173914
SyringaeB728a,0.180579765646372,0.782608695652174
SyringaeB728a,0.181212367062896,0.8043478260869565
SyringaeB728a,0.185154101163264,0.8260869565217391
SyringaeB728a,0.190635233987989,0.8478260869565217
SyringaeB728a,0.192091274430414,0.8695652173913043
SyringaeB728a,0.200658432883951,0.8913043478260869
SyringaeB728a,0.210743060921135,0.9130434782608695
SyringaeB728a,0.244503064176933,0.9347826086956522
SyringaeB728a,0.250078831838231,0.9565217391304348
SyringaeB728a,0.252425032009929,0.9782608695652174
SyringaeB728a,0.280117117296695,1.0
SyringaeB728a_mexBdelta,0.130071269568158,0.043478260869565216
SyringaeB728a_mexBdelta,0.146133480026031,0.08695652173913043
SyringaeB728a_mexBdelta,0.155306574381958,0.13043478260869565
SyringaeB728a_mexBdelta,0.158183355953609,0.17391304347826086
SyringaeB728a_mexBdelta,0.158972709086397,0.21739130434782608
SyringaeB728a_mexBdelta,0.159307088579798,0.2608695652173913
SyringaeB728a_mexBdelta,0.170821449402156,0.30434782608695654
SyringaeB728a_mexBdelta,0.179899474359876,0.34782608695652173
SyringaeB728a_mexBdelta,0.182729700195675,0.391304347826087
SyringaeB728a_mexBdelta,0.186750422399634,0.43478260869565216
SyringaeB728a_mexBdelta,0.188773715501823,0.4782608695652174
SyringaeB728a_mexBdelta,0.188939888293256,0.5217391304347826
SyringaeB728a_mexBdelta,0.194624614721842,0.5652173913043478
SyringaeB728a_mexBdelta,0.205902660932081,0.6086956521739131
SyringaeB728a_mexBdelta,0.207600203544092,0.6521739130434783
SyringaeB728a_mexBdelta,0.208741568745883,0.6956521739130435
SyringaeB728a_mexBdelta,0.208774983525445,0.7391304347826086
SyringaeB728a_mexBdelta,0.22520017450749,0.782608695652174
SyringaeB728a_mexBdelta,0.230990320215241,0.8260869565217391
SyringaeB728a_mexBdelta,0.23840457425141,0.8695652173913043
SyringaeB728a_mexBdelta,0.24404908318941,0.9130434782608695
SyringaeB728a_mexBdelta,0.277822984143099,0.9565217391304348
SyringaeB728a_mexBdelta,0.305256272018095,1.0
WCS417,0.101819915350354,0.004975124378109453
WCS417,0.102148351758687,0.009950248756218905
WCS417,0.102597971821419,0.014925373134328358
WCS417,0.10281348598946,0.01990049751243781
WCS417,0.103889531631889,0.024875621890547265
WCS417,0.104507782204675,0.029850746268656716
WCS417,0.105019545879212,0.03482587064676617
WCS417,0.106355574377337,0.03980099502487562
WCS417,0.106394111986478,0.04477611940298507
WCS417,0.106604504644959,0.04975124378109453
WCS417,0.106767492986711,0.05472636815920398
WCS417,0.107034286944972,0.05970149253731343
WCS417,0.107753919301658,0.06467661691542288
WCS417,0.109256232022147,0.06965174129353234
WCS417,0.110045613596287,0.07462686567164178
WCS417,0.110768890564162,0.07960199004975124
WCS417,0.111376406704599,0.0845771144278607
WCS417,0.113523540875124,0.08955223880597014
WCS417,0.114347939519086,0.0945273631840796
WCS417,0.114616231645181,0.09950248756218906
WCS417,0.11488110337568,0.1044776119402985
WCS417,0.114980314788077,0.10945273631840796
WCS417,0.11525569186108,0.11442786069651742
WCS417,0.11532225154524,0.11940298507462686
WCS417,0.115938390680662,0.12437810945273632
WCS417,0.116147621051587,0.12935323383084577
WCS417,0.118831549953368,0.13432835820895522
WCS417,0.119073676651359,0.13930348258706468
WCS417,0.119758435063988,0.14427860696517414
WCS417,0.119765518681554,0.14925373134328357
WCS417,0.121198516436134,0.15422885572139303
WCS417,0.121577340203449,0.15920398009950248
WCS417,0.122279529827627,0.16417910447761194
WCS417,0.124437523831714,0.1691542288557214
WCS417,0.124945062859068,0.17412935323383086
WCS417,0.125586258308695,0.1791044776119403
WCS417,0.126587049487539,0.18407960199004975
WCS417,0.127769831944412,0.1890547263681592
WCS417,0.129116330779048,0.19402985074626866
WCS417,0.12918883394891,0.19900497512437812
WCS417,0.129707201791857,0.20398009950248755
WCS417,0.130152581698422,0.208955223880597
WCS417,0.131108890896196,0.21393034825870647
WCS417,0.13119242095353,0.21890547263681592
WCS417,0.13140641524116,0.22388059701492538
WCS417,0.13170665986188,0.22885572139303484
WCS417,0.132072199519911,0.23383084577114427
WCS417,0.133097873755456,0.23880597014925373
WCS417,0.134057049013434,0.24378109452736318
WCS417,0.135295939665282,0.24875621890547264
WCS417,0.135864038822209,0.2537313432835821
WCS417,0.136305041207321,0.25870646766169153
WCS417,0.136356970159291,0.263681592039801
WCS417,0.137274154178996,0.26865671641791045
WCS417,0.137429978699581,0.2736318407960199
WCS417,0.137768470246774,0.27860696517412936
WCS417,0.138059879193167,0.2835820895522388
WCS417,0.138412026163734,0.2885572139303483
WCS417,0.138461366887866,0.2935323383084577
WCS417,0.139108277619576,0.29850746268656714
WCS417,0.139217751104988,0.3034825870646766
WCS417,0.140333452775846,0.30845771144278605
WCS417,0.140717282400013,0.31343283582089554
WCS417,0.142073356924353,0.31840796019900497
WCS417,0.1421426891717,0.32338308457711445
WCS417,0.142232689133956,0.3283582089552239
WCS417,0.142634966029667,0.3333333333333333
WCS417,0.143128056444611,0.3383084577114428
WCS417,0.144791001470658,0.34328358208955223
WCS417,0.145083724677356,0.3482587064676617
WCS417,0.145357340167459,0.35323383084577115
WCS417,0.145502330760539,0.3582089552238806
WCS417,0.145619380606087,0.36318407960199006
WCS417,0.145823012676979,0.3681592039800995
WCS417,0.145879522539645,0.373134328358209
WCS417,0.14632236030221,0.3781094527363184
WCS417,0.147210584618048,0.38308457711442784
WCS417,0.147352131125044,0.3880597014925373
WCS417,0.149985114787541,0.39303482587064675
WCS417,0.150311078177631,0.39800995024875624
WCS417,0.150398252403041,0.40298507462686567
WCS417,0.150583416376039,0.4079601990049751
WCS417,0.150613949577091,0.4129353233830846
WCS417,0.151231556305493,0.417910447761194
WCS417,0.151375870501425,0.4228855721393035
WCS417,0.152389445070933,0.42786069651741293
WCS417,0.15286172641766,0.43283582089552236
WCS417,0.152922563729917,0.43781094527363185
WCS417,0.153530382073981,0.4427860696517413
WCS417,0.153983178819706,0.44776119402985076
WCS417,0.154028236848744,0.4527363184079602
WCS417,0.15447536262377,0.4577114427860697
WCS417,0.154997286012029,0.4626865671641791
WCS417,0.155907578282453,0.46766169154228854
WCS417,0.155914764259312,0.472636815920398
WCS417,0.156216109131653,0.47761194029850745
WCS417,0.156500521295496,0.48258706467661694
WCS417,0.156955791945692,0.48756218905472637
WCS417,0.157057734285976,0.4925373134328358
WCS417,0.157249424865067,0.4975124378109453
WCS417,0.157482617502169,0.5024875621890548
WCS417,0.157509656750731,0.5074626865671642
WCS417,0.158153830811473,0.5124378109452736
WCS417,0.15837005396163,0.5174129353233831
WCS417,0.160176004225377,0.5223880597014925
WCS417,0.160289348310029,0.527363184079602
WCS417,0.161001203576016,0.5323383084577115
WCS417,0.161610984028085,0.5373134328358209
WCS417,0.162921313696962,0.5422885572139303
WCS417,0.163762253779916,0.5472636815920398
WCS417,0.165058541171758,0.5522388059701493
WCS417,0.165091010780214,0.5572139303482587
WCS417,0.165609449078259,0.5621890547263682
WCS417,0.165695466333479,0.5671641791044776
WCS417,0.165841182984659,0.572139303482587
WCS417,0.166520877049411,0.5771144278606966
WCS417,0.16745580246034,0.582089552238806
WCS417,0.167767456375761,0.5870646766169154
WCS417,0.168038583100978,0.5920398009950248
WCS417,0.169237002601533,0.5970149253731343
WCS417,0.169624146273978,0.6019900497512438
WCS417,0.170325295023787,0.6069651741293532
WCS417,0.170729394003536,0.6119402985074627
WCS417,0.171481853118419,0.6169154228855721
WCS417,0.171844045051521,0.6218905472636815
WCS417,0.171931736833875,0.6268656716417911
WCS417,0.17204917927827,0.6318407960199005
WCS417,0.172100385068482,0.6368159203980099
WCS417,0.172484632992098,0.6417910447761194
WCS417,0.172652742400296,0.6467661691542289
WCS417,0.173279200327302,0.6517412935323383
WCS417,0.173681189642142,0.6567164179104478
WCS417,0.174267469109523,0.6616915422885572
WCS417,0.174654213093301,0.6666666666666666
WCS417,0.175371594874882,0.6716417910447762
WCS417,0.176127251055994,0.6766169154228856
WCS417,0.176354891476901,0.681592039800995
WCS417,0.177282801509793,0.6865671641791045
WCS417,0.178107018920201,0.6915422885572139
WCS417,0.178353666708523,0.6965174129353234
WCS417,0.179096946277459,0.7014925373134329
WCS417,0.17967401340847,0.7064676616915423
WCS417,0.179804280010002,0.7114427860696517
WCS417,0.180006071386075,0.7164179104477612
WCS417,0.182734184496436,0.7213930348258707
WCS417,0.183520192645046,0.7263681592039801
WCS417,0.183668335344404,0.7313432835820896
WCS417,0.184420566698782,0.736318407960199
WCS417,0.186853803069269,0.7412935323383084
WCS417,0.187700084446239,0.746268656716418
WCS417,0.18777025860985,0.7512437810945274
WCS417,0.187807441620035,0.7562189054726368
WCS417,0.188088713879332,0.7611940298507462
WCS417,0.188172479673219,0.7661691542288557
WCS417,0.189095546049865,0.7711442786069652
WCS417,0.189392873631344,0.7761194029850746
WCS417,0.189516345968636,0.7810945273631841
WCS417,0.189906641509701,0.7860696517412935
WCS417,0.191695727304478,0.7910447761194029
WCS417,0.191709097377844,0.7960199004975125
WCS417,0.191762556844956,0.8009950248756219
WCS417,0.19224085877919,0.8059701492537313
WCS417,0.192864721831651,0.8109452736318408
WCS417,0.193458531575331,0.8159203980099502
WCS417,0.193532556398058,0.8208955223880597
WCS417,0.193943863067244,0.8258706467661692
WCS417,0.195654359080694,0.8308457711442786
WCS417,0.196368721041576,0.835820895522388
WCS417,0.196705227881958,0.8407960199004975
WCS417,0.197665436924484,0.845771144278607
WCS417,0.200285175914827,0.8507462686567164
WCS417,0.20185691437968,0.8557213930348259
WCS417,0.203302472638672,0.8606965174129353
WCS417,0.203626617489635,0.8656716417910447
WCS417,0.203914181965211,0.8706467661691543
WCS417,0.203981747517748,0.8756218905472637
WCS417,0.204969464180146,0.8805970149253731
WCS417,0.20603227667138,0.8855721393034826
WCS417,0.210158758634209,0.8905472636815921
WCS417,0.210296055679648,0.8955223880597015
WCS417,0.216217671940931,0.900497512437811
WCS417,0.216670671189674,0.9054726368159204
WCS417,0.217170248347865,0.9104477611940298
WCS417,0.220480954218604,0.9154228855721394
WCS417,0.223939131028147,0.9203980099502488
WCS417,0.224588721269141,0.9253731343283582
WCS417,0.225630836799955,0.9303482587064676
WCS417,0.225632022572544,0.9353233830845771
WCS417,0.226431821752651,0.9402985074626866
WCS417,0.230598194151121,0.945273631840796
WCS417,0.232319606273588,0.9502487562189055
WCS417,0.24260353056025,0.9552238805970149
WCS417,0.247378129853728,0.9601990049751243
WCS417,0.247876991383096,0.9651741293532339
WCS417,0.25022519997153,0.9701492537313433
WCS417,0.260882737006954,0.9751243781094527
WCS417,0.261064149607252,0.9800995024875622
WCS417,0.289951013509919,0.9850746268656716
WCS417,0.309564917340825,0.9900497512437811
WCS417,0.327781187888209,0.9950248756218906
WCS417,0.330836087694143,1.0
acidovorax_3H11,0.115371413107467,0.007142857142857143
acidovorax_3H11,0.116113792086486,0.014285714285714285
acidovorax_3H11,0.127294738642762,0.02142857142857143
acidovorax_3H11,0.131281728025319,0.02857142857142857
acidovorax_3H11,0.131862236880244,0.03571428571428571
acidovorax_3H11,0.132661688793208,0.04285714285714286
acidovorax_3H11,0.134482337972976,0.05
acidovorax_3H11,0.140572463383364,0.05714285714285714
acidovorax_3H11,0.142022983128007,0.06428571428571428
acidovorax_3H11,0.145171946285176,0.07142857142857142
acidovorax_3H11,0.146603165467568,0.07857142857142857
acidovorax_3H11,0.146861083452929,0.08571428571428572
acidovorax_3H11,0.147362903382107,0.09285714285714286
acidovorax_3H11,0.149932640336727,0.1
acidovorax_3H11,0.152269200053424,0.10714285714285714
acidovorax_3H11,0.157748438035385,0.11428571428571428
acidovorax_3H11,0.158860358309517,0.12142857142857143
acidovorax_3H11,0.15948857975873,0.12857142857142856
acidovorax_3H11,0.159988216390372,0.1357142857142857
acidovorax_3H11,0.161702604753068,0.14285714285714285
acidovorax_3H11,0.162090496343683,0.15
acidovorax_3H11,0.162400974517481,0.15714285714285714
acidovorax_3H11,0.164050598794233,0.16428571428571428
acidovorax_3H11,0.164222416086428,0.17142857142857143
acidovorax_3H11,0.168622980181277,0.17857142857142858
acidovorax_3H11,0.171019452137408,0.18571428571428572
acidovorax_3H11,0.173713051832305,0.19285714285714287
acidovorax_3H11,0.177750454205572,0.2
acidovorax_3H11,0.179188903713447,0.20714285714285716
acidovorax_3H11,0.181101723314309,0.21428571428571427
acidovorax_3H11,0.181800564225311,0.22142857142857142
acidovorax_3H11,0.182515924978855,0.22857142857142856
acidovorax_3H11,0.18439210656562,0.2357142857142857
acidovorax_3H11,0.18474790341718,0.24285714285714285
acidovorax_3H11,0.186151394985967,0.25
acidovorax_3H11,0.189861574622717,0.2571428571428571
acidovorax_3H11,0.191905832449204,0.2642857142857143
acidovorax_3H11,0.193107157323957,0.2714285714285714
acidovorax_3H11,0.195985345382233,0.2785714285714286
acidovorax_3H11,0.200319310898962,0.2857142857142857
acidovorax_3H11,0.203928972366094,0.29285714285714287
acidovorax_3H11,0.205890744521952,0.3
acidovorax_3H11,0.209546855312544,0.30714285714285716
acidovorax_3H11,0.209604838470239,0.3142857142857143
acidovorax_3H11,0.210069010947174,0.32142857142857145
acidovorax_3H11,0.214460128455135,0.32857142857142857
acidovorax_3H11,0.21548009558753,0.3357142857142857
acidovorax_3H11,0.216355589912093,0.34285714285714286
acidovorax_3H11,0.217318788627133,0.35
acidovorax_3H11,0.221458517065359,0.35714285714285715
acidovorax_3H11,0.221885450154358,0.36428571428571427
acidovorax_3H11,0.223736919890331,0.37142857142857144
acidovorax_3H11,0.227088053992457,0.37857142857142856
acidovorax_3H11,0.228287412312383,0.38571428571428573
acidovorax_3H11,0.23034066540055,0.39285714285714285
acidovorax_3H11,0.231284908423962,0.4
acidovorax_3H11,0.232049419104722,0.40714285714285714
acidovorax_3H11,0.236207992111391,0.4142857142857143
acidovorax_3H11,0.23674795657822,0.42142857142857143
acidovorax_3H11,0.236837880316443,0.42857142857142855
acidovorax_3H11,0.238934804160734,0.4357142857142857
acidovorax_3H11,0.239009505831815,0.44285714285714284
acidovorax_3H11,0.239206676965086,0.45
acidovorax_3H11,0.241705788621642,0.45714285714285713
acidovorax_3H11,0.243013506414299,0.4642857142857143
acidovorax_3H11,0.243169243674648,0.4714285714285714
acidovorax_3H11,0.244639668301511,0.4785714285714286
acidovorax_3H11,0.246786931910058,0.4857142857142857
acidovorax_3H11,0.246854094407134,0.4928571428571429
acidovorax_3H11,0.248757259747497,0.5
acidovorax_3H11,0.249146262883273,0.5071428571428571
acidovorax_3H11,0.249297487673902,0.5142857142857142
acidovorax_3H11,0.250293070819481,0.5214285714285715
acidovorax_3H11,0.251395229127306,0.5285714285714286
acidovorax_3H11,0.256883122836118,0.5357142857142857
acidovorax_3H11,0.258370742721748,0.5428571428571428
acidovorax_3H11,0.258604129535012,0.55
acidovorax_3H11,0.258876965324789,0.5571428571428572
acidovorax_3H11,0.264091043315172,0.5642857142857143
acidovorax_3H11,0.264192290984174,0.5714285714285714
acidovorax_3H11,0.265644878361987,0.5785714285714286
acidovorax_3H11,0.266157537315551,0.5857142857142857
acidovorax_3H11,0.266183841938932,0.5928571428571429
acidovorax_3H11,0.268136257484331,0.6
acidovorax_3H11,0.268313903623847,0.6071428571428571
acidovorax_3H11,0.268350004170045,0.6142857142857143
acidovorax_3H11,0.269208004022671,0.6214285714285714
acidovorax_3H11,0.270182977688428,0.6285714285714286
acidovorax_3H11,0.270488750763188,0.6357142857142857
acidovorax_3H11,0.271160993114762,0.6428571428571429
acidovorax_3H11,0.272826273465311,0.65
acidovorax_3H11,0.274396982280209,0.6571428571428571
acidovorax_3H11,0.275026447386633,0.6642857142857143
acidovorax_3H11,0.275538389539476,0.6714285714285714
acidovorax_3H11,0.276635621500371,0.6785714285714286
acidovorax_3H11,0.278354798792241,0.6857142857142857
acidovorax_3H11,0.27937215495871,0.6928571428571428
acidovorax_3H11,0.280175708766727,0.7
acidovorax_3H11,0.280848967123612,0.7071428571428572
acidovorax_3H11,0.282229999643876,0.7142857142857143
acidovorax_3H11,0.282531365800208,0.7214285714285714
acidovorax_3H11,0.283887281644401,0.7285714285714285
acidovorax_3H11,0.285883682543939,0.7357142857142858
acidovorax_3H11,0.285987551796724,0.7428571428571429
acidovorax_3H11,0.287155100794233,0.75
acidovorax_3H11,0.287192697549193,0.7571428571428571
acidovorax_3H11,0.288742203214199,0.7642857142857142
acidovorax_3H11,0.288863682366599,0.7714285714285715
acidovorax_3H11,0.291375063161962,0.7785714285714286
acidovorax_3H11,0.293043238305063,0.7857142857142857
acidovorax_3H11,0.293148606950032,0.7928571428571428
acidovorax_3H11,0.293913401486,0.8
acidovorax_3H11,0.296170049329477,0.8071428571428572
acidovorax_3H11,0.296586681392558,0.8142857142857143
acidovorax_3H11,0.29694871563071,0.8214285714285714
acidovorax_3H11,0.297097970413137,0.8285714285714286
acidovorax_3H11,0.297299032219756,0.8357142857142857
acidovorax_3H11,0.297458574233268,0.8428571428571429
acidovorax_3H11,0.298184002031147,0.85
acidovorax_3H11,0.299631222462988,0.8571428571428571
acidovorax_3H11,0.300197549376968,0.8642857142857143
acidovorax_3H11,0.302253895190758,0.8714285714285714
acidovorax_3H11,0.303908241544803,0.8785714285714286
acidovorax_3H11,0.308343554512814,0.8857142857142857
acidovorax_3H11,0.31071262971096,0.8928571428571429
acidovorax_3H11,0.315484602383798,0.9
acidovorax_3H11,0.31827043645137,0.9071428571428571
acidovorax_3H11,0.318480841073614,0.9142857142857143
acidovorax_3H11,0.318903399078414,0.9214285714285714
acidovorax_3H11,0.319875228583492,0.9285714285714286
acidovorax_3H11,0.321907577755501,0.9357142857142857
acidovorax_3H11,0.322204805462069,0.9428571428571428
acidovorax_3H11,0.322624124864644,0.95
acidovorax_3H11,0.322917509649208,0.9571428571428572
acidovorax_3H11,0.323941850245508,0.9642857142857143
acidovorax_3H11,0.329064797945361,0.9714285714285714
acidovorax_3H11,0.337599102149953,0.9785714285714285
acidovorax_3H11,0.34042959911017,0.9857142857142858
acidovorax_3H11,0.349040741593177,0.9928571428571429
acidovorax_3H11,0.354973978125588,1.0
azobra,0.110515840039215,0.01098901098901099
azobra,0.11197174009839,0.02197802197802198
azobra,0.113497118191823,0.03296703296703297
azobra,0.121092831228748,0.04395604395604396
azobra,0.134744772238013,0.054945054945054944
azobra,0.138078892766407,0.06593406593406594
azobra,0.13840746984489,0.07692307692307693
azobra,0.143549530658646,0.08791208791208792
azobra,0.144411096128504,0.0989010989010989
azobra,0.146247262504154,0.10989010989010989
azobra,0.148046628600666,0.12087912087912088
azobra,0.150761876995202,0.13186813186813187
azobra,0.152387609733414,0.14285714285714285
azobra,0.152972428628499,0.15384615384615385
azobra,0.153726714110149,0.16483516483516483
azobra,0.154290552695975,0.17582417582417584
azobra,0.155208037209428,0.18681318681318682
azobra,0.157832843454169,0.1978021978021978
azobra,0.163613160692845,0.2087912087912088
azobra,0.16626748772536,0.21978021978021978
azobra,0.16652028732346,0.23076923076923078
azobra,0.166936729637287,0.24175824175824176
azobra,0.167169653592108,0.25274725274725274
azobra,0.168108524339093,0.26373626373626374
azobra,0.168385300046069,0.27472527472527475
azobra,0.171205544026585,0.2857142857142857
azobra,0.172952025916414,0.2967032967032967
azobra,0.173293939851632,0.3076923076923077
azobra,0.175638158951735,0.31868131868131866
azobra,0.176138698683281,0.32967032967032966
azobra,0.177403351281315,0.34065934065934067
azobra,0.185916511070541,0.3516483516483517
azobra,0.186182585035096,0.3626373626373626
azobra,0.18918936199734,0.37362637362637363
azobra,0.190085802877619,0.38461538461538464
azobra,0.191806833444707,0.3956043956043956
azobra,0.194110260181014,0.4065934065934066
azobra,0.198318466066206,0.4175824175824176
azobra,0.199994174771671,0.42857142857142855
azobra,0.202931787701914,0.43956043956043955
azobra,0.203919543809891,0.45054945054945056
azobra,0.20408855977472,0.46153846153846156
azobra,0.206033229855267,0.4725274725274725
azobra,0.212365557778881,0.4835164835164835
azobra,0.215370437312442,0.4945054945054945
azobra,0.216046615919881,0.5054945054945055
azobra,0.216108212232703,0.5164835164835165
azobra,0.220613925077455,0.5274725274725275
azobra,0.227550670383701,0.5384615384615384
azobra,0.23871412794782,0.5494505494505495
azobra,0.241524872586918,0.5604395604395604
azobra,0.241528419887564,0.5714285714285714
azobra,0.243977924787956,0.5824175824175825
azobra,0.244003688002332,0.5934065934065934
azobra,0.244813069876342,0.6043956043956044
azobra,0.245068105158824,0.6153846153846154
azobra,0.245907297296747,0.6263736263736264
azobra,0.249228676403009,0.6373626373626373
azobra,0.249472600763557,0.6483516483516484
azobra,0.25210181363983,0.6593406593406593
azobra,0.253892803686169,0.6703296703296703
azobra,0.253907975674329,0.6813186813186813
azobra,0.255146975011179,0.6923076923076923
azobra,0.255665718437219,0.7032967032967034
azobra,0.258010709205769,0.7142857142857143
azobra,0.258831920087498,0.7252747252747253
azobra,0.260196004900411,0.7362637362637363
azobra,0.261312161970619,0.7472527472527473
azobra,0.261681020354432,0.7582417582417582
azobra,0.264138992917314,0.7692307692307693
azobra,0.264798925074316,0.7802197802197802
azobra,0.273447655386354,0.7912087912087912
azobra,0.275230492571343,0.8021978021978022
azobra,0.276312355152449,0.8131868131868132
azobra,0.278850803996931,0.8241758241758241
azobra,0.28796525229468,0.8351648351648352
azobra,0.292009382047386,0.8461538461538461
azobra,0.295659280008959,0.8571428571428571
azobra,0.296289186300604,0.8681318681318682
azobra,0.296525514653726,0.8791208791208791
azobra,0.29808091357114,0.8901098901098901
azobra,0.300713381783372,0.9010989010989011
azobra,0.304289700211703,0.9120879120879121
azobra,0.304977988131532,0.9230769230769231
azobra,0.307288675512993,0.9340659340659341
azobra,0.312657795914329,0.945054945054945
azobra,0.320924380056191,0.9560439560439561
azobra,0.343710661992492,0.967032967032967
azobra,0.344377626753891,0.978021978021978
azobra,0.347264023778964,0.989010989010989
azobra,0.376831014029282,1.0
psRCH2,0.100286338036811,0.002857142857142857
psRCH2,0.101784061005359,0.005714285714285714
psRCH2,0.102837698878153,0.008571428571428572
psRCH2,0.104019756643309,0.011428571428571429
psRCH2,0.104447842133492,0.014285714285714285
psRCH2,0.105851125902058,0.017142857142857144
psRCH2,0.106567037872965,0.02
psRCH2,0.107457593929637,0.022857142857142857
psRCH2,0.109782775064474,0.025714285714285714
psRCH2,0.110029690334454,0.02857142857142857
psRCH2,0.111037166226757,0.03142857142857143
psRCH2,0.112757116826594,0.03428571428571429
psRCH2,0.114281316055045,0.037142857142857144
psRCH2,0.114713462493041,0.04
psRCH2,0.116023839054575,0.04285714285714286
psRCH2,0.116486480706571,0.045714285714285714
psRCH2,0.116898933647363,0.04857142857142857
psRCH2,0.119473807858688,0.05142857142857143
psRCH2,0.120891717882798,0.054285714285714284
psRCH2,0.121233613605093,0.05714285714285714
psRCH2,0.122348640068521,0.06
psRCH2,0.123558031076438,0.06285714285714286
psRCH2,0.123956982260066,0.06571428571428571
psRCH2,0.124082985180807,0.06857142857142857
psRCH2,0.124206460702009,0.07142857142857142
psRCH2,0.125579592982912,0.07428571428571429
psRCH2,0.127312704724223,0.07714285714285714
psRCH2,0.127351992177971,0.08
psRCH2,0.127649117933673,0.08285714285714285
psRCH2,0.129771315446136,0.08571428571428572
psRCH2,0.129986016870431,0.08857142857142856
psRCH2,0.1302750269518,0.09142857142857143
psRCH2,0.133567405784572,0.09428571428571429
psRCH2,0.134373238742749,0.09714285714285714
psRCH2,0.13468926478103,0.1
psRCH2,0.136427429766094,0.10285714285714286
psRCH2,0.136809583463559,0.10571428571428572
psRCH2,0.137379568828749,0.10857142857142857
psRCH2,0.138121610222577,0.11142857142857143
psRCH2,0.138390275126492,0.11428571428571428
psRCH2,0.138484676998728,0.11714285714285715
psRCH2,0.142954730697025,0.12
psRCH2,0.142988770491669,0.12285714285714286
psRCH2,0.144281337051903,0.12571428571428572
psRCH2,0.144601056981817,0.12857142857142856
psRCH2,0.145050686803327,0.13142857142857142
psRCH2,0.146015791036784,0.13428571428571429
psRCH2,0.147274513773044,0.13714285714285715
psRCH2,0.147275328762188,0.14
psRCH2,0.147667932673498,0.14285714285714285
psRCH2,0.148167824306382,0.1457142857142857
psRCH2,0.151169749718234,0.14857142857142858
psRCH2,0.152323794564567,0.15142857142857144
psRCH2,0.154451463702615,0.15428571428571428
psRCH2,0.154843232405586,0.15714285714285714
psRCH2,0.155956754871874,0.16
psRCH2,0.156904839208008,0.16285714285714287
psRCH2,0.157659436722742,0.1657142857142857
psRCH2,0.15766327837004,0.16857142857142857
psRCH2,0.160368132462487,0.17142857142857143
psRCH2,0.161043102116196,0.1742857142857143
psRCH2,0.161294213647071,0.17714285714285713
psRCH2,0.161861212792499,0.18
psRCH2,0.162584451889083,0.18285714285714286
psRCH2,0.163872962167473,0.18571428571428572
psRCH2,0.169888477912122,0.18857142857142858
psRCH2,0.171482997950007,0.19142857142857142
psRCH2,0.171908615142918,0.19428571428571428
psRCH2,0.174445411941628,0.19714285714285715
psRCH2,0.176610738555138,0.2
psRCH2,0.17665690053563,0.20285714285714285
psRCH2,0.176991694654052,0.2057142857142857
psRCH2,0.177172458935007,0.20857142857142857
psRCH2,0.179109330404764,0.21142857142857144
psRCH2,0.179796895062449,0.21428571428571427
psRCH2,0.18028187114975,0.21714285714285714
psRCH2,0.181663755232009,0.22
psRCH2,0.184383755057813,0.22285714285714286
psRCH2,0.185240975881065,0.2257142857142857
psRCH2,0.188295877142564,0.22857142857142856
psRCH2,0.188544171983862,0.23142857142857143
psRCH2,0.189329505787628,0.2342857142857143
psRCH2,0.189736224253284,0.23714285714285716
psRCH2,0.190975668763527,0.24
psRCH2,0.191379195706811,0.24285714285714285
psRCH2,0.192957327308428,0.24571428571428572
psRCH2,0.193375906665701,0.24857142857142858
psRCH2,0.194099590584605,0.25142857142857145
psRCH2,0.194127396645495,0.2542857142857143
psRCH2,0.194601950514761,0.2571428571428571
psRCH2,0.194653568567611,0.26
psRCH2,0.195731911187647,0.26285714285714284
psRCH2,0.195926087017044,0.26571428571428574
psRCH2,0.198660246501554,0.26857142857142857
psRCH2,0.199206939352598,0.2714285714285714
psRCH2,0.200020600250391,0.2742857142857143
psRCH2,0.202428550998296,0.27714285714285714
psRCH2,0.202960718689777,0.28
psRCH2,0.203252973174492,0.28285714285714286
psRCH2,0.204070844331086,0.2857142857142857
psRCH2,0.206406875397725,0.2885714285714286
psRCH2,0.206920623401371,0.2914285714285714
psRCH2,0.207758329589542,0.29428571428571426
psRCH2,0.209408331102093,0.29714285714285715
psRCH2,0.209474278343833,0.3
psRCH2,0.20983361701125,0.3028571428571429
psRCH2,0.211779644666289,0.3057142857142857
psRCH2,0.214820003659675,0.30857142857142855
psRCH2,0.214922399891065,0.31142857142857144
psRCH2,0.218017062979764,0.3142857142857143
psRCH2,0.21852796007673,0.3171428571428571
psRCH2,0.221237030649269,0.32
psRCH2,0.223187624732028,0.32285714285714284
psRCH2,0.223706730822695,0.32571428571428573
psRCH2,0.226403783416013,0.32857142857142857
psRCH2,0.227253177854972,0.3314285714285714
psRCH2,0.228098096074933,0.3342857142857143
psRCH2,0.228517488866027,0.33714285714285713
psRCH2,0.228697575026244,0.34
psRCH2,0.228870383831113,0.34285714285714286
psRCH2,0.229286928826174,0.3457142857142857
psRCH2,0.229830794100381,0.3485714285714286
psRCH2,0.231041507132671,0.3514285714285714
psRCH2,0.231220585443718,0.35428571428571426
psRCH2,0.231246011860736,0.35714285714285715
psRCH2,0.231459109747231,0.36
psRCH2,0.231536314415346,0.3628571428571429
psRCH2,0.234022289486477,0.3657142857142857
psRCH2,0.234464099144985,0.36857142857142855
psRCH2,0.235844987820656,0.37142857142857144
psRCH2,0.236929694821561,0.3742857142857143
psRCH2,0.238967469412828,0.37714285714285717
psRCH2,0.239725270892515,0.38
psRCH2,0.242127854221461,0.38285714285714284
psRCH2,0.24413322988363,0.38571428571428573
psRCH2,0.244303942113374,0.38857142857142857
psRCH2,0.244436334300148,0.3914285714285714
psRCH2,0.244803710875758,0.3942857142857143
psRCH2,0.248153731526556,0.39714285714285713
psRCH2,0.248174793707817,0.4
psRCH2,0.248765859918142,0.40285714285714286
psRCH2,0.251249995042409,0.4057142857142857
psRCH2,0.252185596357807,0.4085714285714286
psRCH2,0.252938937171725,0.4114285714285714
psRCH2,0.25460989665891,0.4142857142857143
psRCH2,0.255208975892263,0.41714285714285715
psRCH2,0.255307679787344,0.42
psRCH2,0.257857796370452,0.4228571428571429
psRCH2,0.258572964897064,0.4257142857142857
psRCH2,0.259874497893199,0.42857142857142855
psRCH2,0.260730048299772,0.43142857142857144
psRCH2,0.261156524030865,0.4342857142857143
psRCH2,0.262449614734879,0.43714285714285717
psRCH2,0.264561926615671,0.44
psRCH2,0.264572134199161,0.44285714285714284
psRCH2,0.264795924929857,0.44571428571428573
psRCH2,0.265949570058232,0.44857142857142857
psRCH2,0.265990966529687,0.4514285714285714
psRCH2,0.266201846525879,0.4542857142857143
psRCH2,0.266233217386611,0.45714285714285713
psRCH2,0.266541687666765,0.46
psRCH2,0.266687673374748,0.46285714285714286
psRCH2,0.266832742997606,0.4657142857142857
psRCH2,0.26736987372412,0.4685714285714286
psRCH2,0.269096885489437,0.4714285714285714
psRCH2,0.269116395458551,0.4742857142857143
psRCH2,0.271666255413398,0.47714285714285715
psRCH2,0.272716445135561,0.48
psRCH2,0.272782689443954,0.4828571428571429
psRCH2,0.27293618891635,0.4857142857142857
psRCH2,0.273566341943782,0.48857142857142855
psRCH2,0.274647443706452,0.49142857142857144
psRCH2,0.275665148956763,0.4942857142857143
psRCH2,0.277336968537453,0.49714285714285716
psRCH2,0.277629356779928,0.5
psRCH2,0.279563178261689,0.5028571428571429
psRCH2,0.280254113303866,0.5057142857142857
psRCH2,0.280481247978566,0.5085714285714286
psRCH2,0.280746834898675,0.5114285714285715
psRCH2,0.281561242351409,0.5142857142857142
psRCH2,0.28178605492918,0.5171428571428571
psRCH2,0.281862828772881,0.52
psRCH2,0.28230950659173,0.5228571428571429
psRCH2,0.282429885465252,0.5257142857142857
psRCH2,0.283296991920176,0.5285714285714286
psRCH2,0.28334383979802,0.5314285714285715
psRCH2,0.283720156369043,0.5342857142857143
psRCH2,0.284165742351292,0.5371428571428571
psRCH2,0.284302663638038,0.54
psRCH2,0.284908094809678,0.5428571428571428
psRCH2,0.286193128941625,0.5457142857142857
psRCH2,0.286224566681238,0.5485714285714286
psRCH2,0.286455502564844,0.5514285714285714
psRCH2,0.286467004176897,0.5542857142857143
psRCH2,0.28714621986183,0.5571428571428572
psRCH2,0.287805406099836,0.56
psRCH2,0.289031882328632,0.5628571428571428
psRCH2,0.289677187310712,0.5657142857142857
psRCH2,0.289986614114383,0.5685714285714286
psRCH2,0.29171823119049,0.5714285714285714
psRCH2,0.292093535246375,0.5742857142857143
psRCH2,0.293274005026959,0.5771428571428572
psRCH2,0.293487790366128,0.58
psRCH2,0.293990078751437,0.5828571428571429
psRCH2,0.29616335461974,0.5857142857142857
psRCH2,0.296569066791549,0.5885714285714285
psRCH2,0.296621317860775,0.5914285714285714
psRCH2,0.302785786869296,0.5942857142857143
psRCH2,0.303406194244108,0.5971428571428572
psRCH2,0.303612815766494,0.6
psRCH2,0.30415176311003,0.6028571428571429
psRCH2,0.304383171811765,0.6057142857142858
psRCH2,0.304617870021208,0.6085714285714285
psRCH2,0.304835128396174,0.6114285714285714
psRCH2,0.305469476129178,0.6142857142857143
psRCH2,0.308034522255775,0.6171428571428571
psRCH2,0.30840083810124,0.62
psRCH2,0.308401684196839,0.6228571428571429
psRCH2,0.309882866307486,0.6257142857142857
psRCH2,0.310107517131686,0.6285714285714286
psRCH2,0.310234461022717,0.6314285714285715
psRCH2,0.310435500491599,0.6342857142857142
psRCH2,0.312745596550667,0.6371428571428571
psRCH2,0.313578473461566,0.64
psRCH2,0.31408846691599,0.6428571428571429
psRCH2,0.314089501205647,0.6457142857142857
psRCH2,0.31519127009759,0.6485714285714286
psRCH2,0.317432476244194,0.6514285714285715
psRCH2,0.318728620046851,0.6542857142857142
psRCH2,0.319409031775011,0.6571428571428571
psRCH2,0.319720435393952,0.66
psRCH2,0.320690583539226,0.6628571428571428
psRCH2,0.323449500651952,0.6657142857142857
psRCH2,0.325176772156176,0.6685714285714286
psRCH2,0.325679480478638,0.6714285714285714
psRCH2,0.326489428820925,0.6742857142857143
psRCH2,0.327271157386457,0.6771428571428572
psRCH2,0.327921868670565,0.68
psRCH2,0.329362500405356,0.6828571428571428
psRCH2,0.33100017909542,0.6857142857142857
psRCH2,0.331964286366966,0.6885714285714286
psRCH2,0.333328080489821,0.6914285714285714
psRCH2,0.333496052240804,0.6942857142857143
psRCH2,0.333721449619945,0.6971428571428572
psRCH2,0.334601371934682,0.7
psRCH2,0.334737039631258,0.7028571428571428
psRCH2,0.337861323842546,0.7057142857142857
psRCH2,0.337989507325843,0.7085714285714285
psRCH2,0.338048592483421,0.7114285714285714
psRCH2,0.340452505613354,0.7142857142857143
psRCH2,0.340809335545106,0.7171428571428572
psRCH2,0.342249744868737,0.72
psRCH2,0.342333946934097,0.7228571428571429
psRCH2,0.34475828611827,0.7257142857142858
psRCH2,0.345972319764723,0.7285714285714285
psRCH2,0.346691483915591,0.7314285714285714
psRCH2,0.347617302250622,0.7342857142857143
psRCH2,0.347820721363377,0.7371428571428571
psRCH2,0.349755326727826,0.74
psRCH2,0.350565519255791,0.7428571428571429
psRCH2,0.35392618298046,0.7457142857142857
psRCH2,0.354261249280372,0.7485714285714286
psRCH2,0.354701236100566,0.7514285714285714
psRCH2,0.35584893834055,0.7542857142857143
psRCH2,0.356987982098546,0.7571428571428571
psRCH2,0.358782961469911,0.76
psRCH2,0.359143015585812,0.7628571428571429
psRCH2,0.359550349959293,0.7657142857142857
psRCH2,0.359831564762825,0.7685714285714286
psRCH2,0.361250124911862,0.7714285714285715
psRCH2,0.362859476507899,0.7742857142857142
psRCH2,0.363894022793411,0.7771428571428571
psRCH2,0.364503126082165,0.78
psRCH2,0.366043491335725,0.7828571428571428
psRCH2,0.366721745831171,0.7857142857142857
psRCH2,0.370009802421902,0.7885714285714286
psRCH2,0.370962523175282,0.7914285714285715
psRCH2,0.371220845182625,0.7942857142857143
psRCH2,0.374721194002644,0.7971428571428572
psRCH2,0.380125166157078,0.8
psRCH2,0.381662808040428,0.8028571428571428
psRCH2,0.381761502603572,0.8057142857142857
psRCH2,0.384057370569731,0.8085714285714286
psRCH2,0.384402216739364,0.8114285714285714
psRCH2,0.385697956158095,0.8142857142857143
psRCH2,0.385974882936686,0.8171428571428572
psRCH2,0.38906962690217,0.82
psRCH2,0.389318368121109,0.8228571428571428
psRCH2,0.390920454804381,0.8257142857142857
psRCH2,0.391624888493077,0.8285714285714286
psRCH2,0.392216276655219,0.8314285714285714
psRCH2,0.395294658624922,0.8342857142857143
psRCH2,0.396036197649487,0.8371428571428572
psRCH2,0.396072379123618,0.84
psRCH2,0.396139915905252,0.8428571428571429
psRCH2,0.39624091856742,0.8457142857142858
psRCH2,0.401601169042824,0.8485714285714285
psRCH2,0.402436000994473,0.8514285714285714
psRCH2,0.403631765819402,0.8542857142857143
psRCH2,0.404534136108009,0.8571428571428571
psRCH2,0.405543893658848,0.86
psRCH2,0.408541123551188,0.8628571428571429
psRCH2,0.408890389948198,0.8657142857142858
psRCH2,0.41062117492661,0.8685714285714285
psRCH2,0.41218940689865,0.8714285714285714
psRCH2,0.413968848595314,0.8742857142857143
psRCH2,0.419767524346829,0.8771428571428571
psRCH2,0.424764485634922,0.88
psRCH2,0.425967989746068,0.8828571428571429
psRCH2,0.428402878684744,0.8857142857142857
psRCH2,0.430705027044342,0.8885714285714286
psRCH2,0.430872127814561,0.8914285714285715
psRCH2,0.435956159183244,0.8942857142857142
psRCH2,0.437734527707181,0.8971428571428571
psRCH2,0.447202440114823,0.9
psRCH2,0.449338773956151,0.9028571428571428
psRCH2,0.450006234511415,0.9057142857142857
psRCH2,0.453549581785366,0.9085714285714286
psRCH2,0.455098551084616,0.9114285714285715
psRCH2,0.458519387137496,0.9142857142857143
psRCH2,0.464520897200396,0.9171428571428571
psRCH2,0.466424963801806,0.92
psRCH2,0.470612967488232,0.9228571428571428
psRCH2,0.471767735559664,0.9257142857142857
psRCH2,0.478130710416238,0.9285714285714286
psRCH2,0.479556481041743,0.9314285714285714
psRCH2,0.48125521392804,0.9342857142857143
psRCH2,0.484207860492523,0.9371428571428572
psRCH2,0.485620101365052,0.94
psRCH2,0.486296621675585,0.9428571428571428
psRCH2,0.489208979158441,0.9457142857142857
psRCH2,0.492865583482845,0.9485714285714286
psRCH2,0.493107770571535,0.9514285714285714
psRCH2,0.493663527843816,0.9542857142857143
psRCH2,0.497172934863781,0.9571428571428572
psRCH2,0.50252310840281,0.96
psRCH2,0.503028638080819,0.9628571428571429
psRCH2,0.505155157835324,0.9657142857142857
psRCH2,0.513945834483948,0.9685714285714285
psRCH2,0.515748761554785,0.9714285714285714
psRCH2,0.516997816404565,0.9742857142857143
psRCH2,0.529925500815884,0.9771428571428571
psRCH2,0.539118802320573,0.98
psRCH2,0.547452392930218,0.9828571428571429
psRCH2,0.549383408609661,0.9857142857142858
psRCH2,0.550397536617548,0.9885714285714285
psRCH2,0.562810788683191,0.9914285714285714
psRCH2,0.587814705374815,0.9942857142857143
psRCH2,0.59236118607983,0.9971428571428571
psRCH2,0.618118132520812,1.0
pseudo13_GW456_L13,0.106765240228835,0.009433962264150943
pseudo13_GW456_L13,0.118963256584133,0.018867924528301886
pseudo13_GW456_L13,0.125519739407501,0.02830188679245283
pseudo13_GW456_L13,0.130289735333906,0.03773584905660377
pseudo13_GW456_L13,0.130997066379432,0.04716981132075472
pseudo13_GW456_L13,0.133328500830268,0.05660377358490566
pseudo13_GW456_L13,0.137442511388144,0.0660377358490566
pseudo13_GW456_L13,0.139011123767653,0.07547169811320754
pseudo13_GW456_L13,0.142317225021252,0.08490566037735849
pseudo13_GW456_L13,0.145307402909743,0.09433962264150944
pseudo13_GW456_L13,0.1477022461394,0.10377358490566038
pseudo13_GW456_L13,0.148900811934866,0.11320754716981132
pseudo13_GW456_L13,0.149272270592886,0.12264150943396226
pseudo13_GW456_L13,0.149286268594928,0.1320754716981132
pseudo13_GW456_L13,0.149857394690349,0.14150943396226415
pseudo13_GW456_L13,0.152792222572694,0.1509433962264151
pseudo13_GW456_L13,0.154130122540287,0.16037735849056603
pseudo13_GW456_L13,0.159857907651448,0.16981132075471697
pseudo13_GW456_L13,0.159928744729019,0.1792452830188679
pseudo13_GW456_L13,0.163084381327668,0.18867924528301888
pseudo13_GW456_L13,0.165174508681163,0.19811320754716982
pseudo13_GW456_L13,0.166310899850367,0.20754716981132076
pseudo13_GW456_L13,0.167018050034767,0.2169811320754717
pseudo13_GW456_L13,0.167274043468582,0.22641509433962265
pseudo13_GW456_L13,0.168030010814728,0.2358490566037736
pseudo13_GW456_L13,0.171050279499184,0.24528301886792453
pseudo13_GW456_L13,0.171985041197568,0.25471698113207547
pseudo13_GW456_L13,0.17270898491283,0.2641509433962264
pseudo13_GW456_L13,0.178734148791008,0.27358490566037735
pseudo13_GW456_L13,0.17948194434172,0.2830188679245283
pseudo13_GW456_L13,0.179517934820624,0.29245283018867924
pseudo13_GW456_L13,0.181872119122726,0.3018867924528302
pseudo13_GW456_L13,0.182356030914849,0.3113207547169811
pseudo13_GW456_L13,0.183342380815262,0.32075471698113206
pseudo13_GW456_L13,0.185554480557936,0.330188679245283
pseudo13_GW456_L13,0.186667164757617,0.33962264150943394
pseudo13_GW456_L13,0.187134226665737,0.3490566037735849
pseudo13_GW456_L13,0.188519297162218,0.3584905660377358
pseudo13_GW456_L13,0.18904787486643,0.36792452830188677
pseudo13_GW456_L13,0.189537763336897,0.37735849056603776
pseudo13_GW456_L13,0.192576204876462,0.3867924528301887
pseudo13_GW456_L13,0.193603054687176,0.39622641509433965
pseudo13_GW456_L13,0.19389285410434,0.4056603773584906
pseudo13_GW456_L13,0.195729386425474,0.41509433962264153
pseudo13_GW456_L13,0.197834744174032,0.42452830188679247
pseudo13_GW456_L13,0.198270372536508,0.4339622641509434
pseudo13_GW456_L13,0.198570882885889,0.44339622641509435
pseudo13_GW456_L13,0.199677180002941,0.4528301886792453
pseudo13_GW456_L13,0.201297984241679,0.46226415094339623
pseudo13_GW456_L13,0.201494575859771,0.4716981132075472
pseudo13_GW456_L13,0.202758542277501,0.4811320754716981
pseudo13_GW456_L13,0.202885969709674,0.49056603773584906
pseudo13_GW456_L13,0.206167154319009,0.5
pseudo13_GW456_L13,0.207821558601347,0.5094339622641509
pseudo13_GW456_L13,0.21120146712657,0.5188679245283019
pseudo13_GW456_L13,0.212212906861265,0.5283018867924528
pseudo13_GW456_L13,0.213917732157029,0.5377358490566038
pseudo13_GW456_L13,0.214022223861086,0.5471698113207547
pseudo13_GW456_L13,0.215089742051437,0.5566037735849056
pseudo13_GW456_L13,0.215475692317802,0.5660377358490566
pseudo13_GW456_L13,0.218053017058031,0.5754716981132075
pseudo13_GW456_L13,0.218131735314056,0.5849056603773585
pseudo13_GW456_L13,0.218166216354918,0.5943396226415094
pseudo13_GW456_L13,0.219600705014961,0.6037735849056604
pseudo13_GW456_L13,0.220132644139738,0.6132075471698113
pseudo13_GW456_L13,0.223375976256197,0.6226415094339622
pseudo13_GW456_L13,0.225110483429574,0.6320754716981132
pseudo13_GW456_L13,0.227324107362422,0.6415094339622641
pseudo13_GW456_L13,0.227370975472623,0.6509433962264151
pseudo13_GW456_L13,0.229178093224758,0.660377358490566
pseudo13_GW456_L13,0.230243510121573,0.6698113207547169
pseudo13_GW456_L13,0.231989087294036,0.6792452830188679
pseudo13_GW456_L13,0.235740463033514,0.6886792452830188
pseudo13_GW456_L13,0.236040557962887,0.6981132075471698
pseudo13_GW456_L13,0.236614566329658,0.7075471698113207
pseudo13_GW456_L13,0.244370935264215,0.7169811320754716
pseudo13_GW456_L13,0.24625177443057,0.7264150943396226
pseudo13_GW456_L13,0.251902526274106,0.7358490566037735
pseudo13_GW456_L13,0.257598635609631,0.7452830188679245
pseudo13_GW456_L13,0.261940192772114,0.7547169811320755
pseudo13_GW456_L13,0.263762246761822,0.7641509433962265
pseudo13_GW456_L13,0.264581409286651,0.7735849056603774
pseudo13_GW456_L13,0.266276414383866,0.7830188679245284
pseudo13_GW456_L13,0.266592685909984,0.7924528301886793
pseudo13_GW456_L13,0.26698176864384,0.8018867924528302
pseudo13_GW456_L13,0.268634018229928,0.8113207547169812
pseudo13_GW456_L13,0.269563657693394,0.8207547169811321
pseudo13_GW456_L13,0.269678949432539,0.8301886792452831
pseudo13_GW456_L13,0.272584545377266,0.839622641509434
pseudo13_GW456_L13,0.27557212392956,0.8490566037735849
pseudo13_GW456_L13,0.275804228057512,0.8584905660377359
pseudo13_GW456_L13,0.276121984533134,0.8679245283018868
pseudo13_GW456_L13,0.279839609167191,0.8773584905660378
pseudo13_GW456_L13,0.282421385510464,0.8867924528301887
pseudo13_GW456_L13,0.297882823434187,0.8962264150943396
pseudo13_GW456_L13,0.299180109900071,0.9056603773584906
pseudo13_GW456_L13,0.299361017052508,0.9150943396226415
pseudo13_GW456_L13,0.30258289898044,0.9245283018867925
pseudo13_GW456_L13,0.306327532110934,0.9339622641509434
pseudo13_GW456_L13,0.306738594339777,0.9433962264150944
pseudo13_GW456_L13,0.311810004036065,0.9528301886792453
pseudo13_GW456_L13,0.316928659202065,0.9622641509433962
pseudo13_GW456_L13,0.32214844612677,0.9716981132075472
pseudo13_GW456_L13,0.329562537003508,0.9811320754716981
pseudo13_GW456_L13,0.332371995670993,0.9905660377358491
pseudo13_GW456_L13,0.357349994342853,1.0
pseudo1_N1B4,0.101101198075379,0.006802721088435374
pseudo1_N1B4,0.106400606165593,0.013605442176870748
pseudo1_N1B4,0.115900902229835,0.02040816326530612
pseudo1_N1B4,0.11740105474352,0.027210884353741496
pseudo1_N1B4,0.118432018969472,0.034013605442176874
pseudo1_N1B4,0.12133288906204,0.04081632653061224
pseudo1_N1B4,0.121655751340712,0.047619047619047616
pseudo1_N1B4,0.128026908738251,0.05442176870748299
pseudo1_N1B4,0.128532170866585,0.061224489795918366
pseudo1_N1B4,0.12997489964394,0.06802721088435375
pseudo1_N1B4,0.131151947466117,0.07482993197278912
pseudo1_N1B4,0.1327186159541,0.08163265306122448
pseudo1_N1B4,0.133403794078833,0.08843537414965986
pseudo1_N1B4,0.145065537847288,0.09523809523809523
pseudo1_N1B4,0.151384562432139,0.10204081632653061
pseudo1_N1B4,0.151956821847214,0.10884353741496598
pseudo1_N1B4,0.152021152592759,0.11564625850340136
pseudo1_N1B4,0.153764241413779,0.12244897959183673
pseudo1_N1B4,0.153784196557392,0.1292517006802721
pseudo1_N1B4,0.154193600218565,0.1360544217687075
pseudo1_N1B4,0.154233018653659,0.14285714285714285
pseudo1_N1B4,0.154517990752073,0.14965986394557823
pseudo1_N1B4,0.156563821586366,0.1564625850340136
pseudo1_N1B4,0.157442304625157,0.16326530612244897
pseudo1_N1B4,0.158888810124235,0.17006802721088435
pseudo1_N1B4,0.162822706708478,0.17687074829931973
pseudo1_N1B4,0.164044326873438,0.1836734693877551
pseudo1_N1B4,0.164123806664626,0.19047619047619047
pseudo1_N1B4,0.166174376845527,0.19727891156462585
pseudo1_N1B4,0.170946294604302,0.20408163265306123
pseudo1_N1B4,0.171632020792838,0.2108843537414966
pseudo1_N1B4,0.173306187077346,0.21768707482993196
pseudo1_N1B4,0.175730234634458,0.22448979591836735
pseudo1_N1B4,0.17634010668466,0.23129251700680273
pseudo1_N1B4,0.176423809377718,0.23809523809523808
pseudo1_N1B4,0.176886037957792,0.24489795918367346
pseudo1_N1B4,0.181065442533372,0.25170068027210885
pseudo1_N1B4,0.182484084609212,0.2585034013605442
pseudo1_N1B4,0.183826190980193,0.2653061224489796
pseudo1_N1B4,0.18437352051867,0.272108843537415
pseudo1_N1B4,0.18463289522688,0.2789115646258503
pseudo1_N1B4,0.185044192518759,0.2857142857142857
pseudo1_N1B4,0.18553371889212,0.2925170068027211
pseudo1_N1B4,0.186209832884719,0.29931972789115646
pseudo1_N1B4,0.187626402155148,0.30612244897959184
pseudo1_N1B4,0.188000638388934,0.3129251700680272
pseudo1_N1B4,0.188062653916232,0.3197278911564626
pseudo1_N1B4,0.189316441210579,0.32653061224489793
pseudo1_N1B4,0.191061427175535,0.3333333333333333
pseudo1_N1B4,0.191210166773268,0.3401360544217687
pseudo1_N1B4,0.197155745600973,0.3469387755102041
pseudo1_N1B4,0.202236388402875,0.35374149659863946
pseudo1_N1B4,0.204401022606253,0.36054421768707484
pseudo1_N1B4,0.212966170752949,0.3673469387755102
pseudo1_N1B4,0.213397683167424,0.3741496598639456
pseudo1_N1B4,0.213805214277269,0.38095238095238093
pseudo1_N1B4,0.213903532005086,0.3877551020408163
pseudo1_N1B4,0.214091700577602,0.3945578231292517
pseudo1_N1B4,0.215048792126663,0.4013605442176871
pseudo1_N1B4,0.215202137568283,0.40816326530612246
pseudo1_N1B4,0.215366609407759,0.41496598639455784
pseudo1_N1B4,0.215384611195765,0.4217687074829932
pseudo1_N1B4,0.21617035200197,0.42857142857142855
pseudo1_N1B4,0.217784189109345,0.43537414965986393
pseudo1_N1B4,0.217799875679104,0.4421768707482993
pseudo1_N1B4,0.218084542126551,0.4489795918367347
pseudo1_N1B4,0.220632993140586,0.4557823129251701
pseudo1_N1B4,0.221178755778703,0.46258503401360546
pseudo1_N1B4,0.221849947736759,0.46938775510204084
pseudo1_N1B4,0.222368939566014,0.47619047619047616
pseudo1_N1B4,0.222701048664755,0.48299319727891155
pseudo1_N1B4,0.225506776988983,0.4897959183673469
pseudo1_N1B4,0.227337134431013,0.4965986394557823
pseudo1_N1B4,0.230492660964561,0.5034013605442177
pseudo1_N1B4,0.233070317455506,0.5102040816326531
pseudo1_N1B4,0.235396542650163,0.5170068027210885
pseudo1_N1B4,0.23907303544795,0.5238095238095238
pseudo1_N1B4,0.240751449226935,0.5306122448979592
pseudo1_N1B4,0.241084654453281,0.5374149659863946
pseudo1_N1B4,0.241088178222479,0.54421768707483
pseudo1_N1B4,0.241543208195289,0.5510204081632653
pseudo1_N1B4,0.241983335048521,0.5578231292517006
pseudo1_N1B4,0.24326646834896,0.564625850340136
pseudo1_N1B4,0.243495583611406,0.5714285714285714
pseudo1_N1B4,0.252358506064849,0.5782312925170068
pseudo1_N1B4,0.252710665164398,0.5850340136054422
pseudo1_N1B4,0.2528292085545,0.5918367346938775
pseudo1_N1B4,0.25286063439246,0.5986394557823129
pseudo1_N1B4,0.25378551665338,0.6054421768707483
pseudo1_N1B4,0.254224122278234,0.6122448979591837
pseudo1_N1B4,0.257182061270951,0.6190476190476191
pseudo1_N1B4,0.25725458838094,0.6258503401360545
pseudo1_N1B4,0.257380762505536,0.6326530612244898
pseudo1_N1B4,0.257653596395996,0.6394557823129252
pseudo1_N1B4,0.258667444167779,0.6462585034013606
pseudo1_N1B4,0.25889029534201,0.6530612244897959
pseudo1_N1B4,0.259055603330109,0.6598639455782312
pseudo1_N1B4,0.259568225674265,0.6666666666666666
pseudo1_N1B4,0.260247188895995,0.673469387755102
pseudo1_N1B4,0.260344926940943,0.6802721088435374
pseudo1_N1B4,0.262090397731571,0.6870748299319728
pseudo1_N1B4,0.263651283443782,0.6938775510204082
pseudo1_N1B4,0.265195119453185,0.7006802721088435
pseudo1_N1B4,0.27013076776001,0.7074829931972789
pseudo1_N1B4,0.273554754213278,0.7142857142857143
pseudo1_N1B4,0.274625242271209,0.7210884353741497
pseudo1_N1B4,0.276419308052409,0.7278911564625851
pseudo1_N1B4,0.277939591371182,0.7346938775510204
pseudo1_N1B4,0.278239589552207,0.7414965986394558
pseudo1_N1B4,0.280919551286463,0.7482993197278912
pseudo1_N1B4,0.281088864356202,0.7551020408163265
pseudo1_N1B4,0.282198672478801,0.7619047619047619
pseudo1_N1B4,0.283129383187477,0.7687074829931972
pseudo1_N1B4,0.283186659368167,0.7755102040816326
pseudo1_N1B4,0.284507131271829,0.782312925170068
pseudo1_N1B4,0.289975346526734,0.7891156462585034
pseudo1_N1B4,0.290801370022493,0.7959183673469388
pseudo1_N1B4,0.293800803768943,0.8027210884353742
pseudo1_N1B4,0.294228409472204,0.8095238095238095
pseudo1_N1B4,0.296039493337147,0.8163265306122449
pseudo1_N1B4,0.300649149077808,0.8231292517006803
pseudo1_N1B4,0.302578407443753,0.8299319727891157
pseudo1_N1B4,0.304519909414539,0.8367346938775511
pseudo1_N1B4,0.311088274924121,0.8435374149659864
pseudo1_N1B4,0.311517735612563,0.8503401360544217
pseudo1_N1B4,0.311731800199792,0.8571428571428571
pseudo1_N1B4,0.31595151908399,0.8639455782312925
pseudo1_N1B4,0.317559099129609,0.8707482993197279
pseudo1_N1B4,0.318380260315727,0.8775510204081632
pseudo1_N1B4,0.322856227133871,0.8843537414965986
pseudo1_N1B4,0.324598420081367,0.891156462585034
pseudo1_N1B4,0.327794095801746,0.8979591836734694
pseudo1_N1B4,0.327871253348228,0.9047619047619048
pseudo1_N1B4,0.328136467043883,0.9115646258503401
pseudo1_N1B4,0.333913344103782,0.9183673469387755
pseudo1_N1B4,0.334942133640668,0.9251700680272109
pseudo1_N1B4,0.34125306374473,0.9319727891156463
pseudo1_N1B4,0.345213562502817,0.9387755102040817
pseudo1_N1B4,0.347437724866999,0.9455782312925171
pseudo1_N1B4,0.351657292682329,0.9523809523809523
pseudo1_N1B4,0.360142634307492,0.9591836734693877
pseudo1_N1B4,0.364629038930509,0.9659863945578231
pseudo1_N1B4,0.368968727575989,0.9727891156462585
pseudo1_N1B4,0.373311181133093,0.9795918367346939
pseudo1_N1B4,0.378339192243717,0.9863945578231292
pseudo1_N1B4,0.387731540818057,0.9931972789115646
pseudo1_N1B4,0.405880480441513,1.0
pseudo3_N2E3,0.101060083083857,0.004739336492890996
pseudo3_N2E3,0.102428083237139,0.009478672985781991
pseudo3_N2E3,0.102725754839999,0.014218009478672985
pseudo3_N2E3,0.103721440733892,0.018957345971563982
pseudo3_N2E3,0.104750056721186,0.023696682464454975
pseudo3_N2E3,0.106356774802663,0.02843601895734597
pseudo3_N2E3,0.107146154737088,0.03317535545023697
pseudo3_N2E3,0.108619386139993,0.037914691943127965
pseudo3_N2E3,0.110000350952518,0.04265402843601896
pseudo3_N2E3,0.110583715410737,0.04739336492890995
pseudo3_N2E3,0.111575863244121,0.052132701421800945
pseudo3_N2E3,0.116641982108514,0.05687203791469194
pseudo3_N2E3,0.116898147949244,0.061611374407582936
pseudo3_N2E3,0.117419045039539,0.06635071090047394
pseudo3_N2E3,0.117880472574847,0.07109004739336493
pseudo3_N2E3,0.124912243915758,0.07582938388625593
pseudo3_N2E3,0.126212413661865,0.08056872037914692
pseudo3_N2E3,0.126238630257396,0.08530805687203792
pseudo3_N2E3,0.128793169580372,0.09004739336492891
pseudo3_N2E3,0.133382709610191,0.0947867298578199
pseudo3_N2E3,0.133710132662873,0.0995260663507109
pseudo3_N2E3,0.134561174884122,0.10426540284360189
pseudo3_N2E3,0.134785467721211,0.10900473933649289
pseudo3_N2E3,0.135732454705034,0.11374407582938388
pseudo3_N2E3,0.136735471293578,0.11848341232227488
pseudo3_N2E3,0.137181746567754,0.12322274881516587
pseudo3_N2E3,0.137264818048273,0.12796208530805686
pseudo3_N2E3,0.13822328777782,0.13270142180094788
pseudo3_N2E3,0.140426116954,0.13744075829383887
pseudo3_N2E3,0.140508243562355,0.14218009478672985
pseudo3_N2E3,0.140812777752178,0.14691943127962084
pseudo3_N2E3,0.141091388715329,0.15165876777251186
pseudo3_N2E3,0.142369704565439,0.15639810426540285
pseudo3_N2E3,0.143079410647547,0.16113744075829384
pseudo3_N2E3,0.143722517189203,0.16587677725118483
pseudo3_N2E3,0.144177644187396,0.17061611374407584
pseudo3_N2E3,0.145236285114826,0.17535545023696683
pseudo3_N2E3,0.145624573068154,0.18009478672985782
pseudo3_N2E3,0.146285921061064,0.1848341232227488
pseudo3_N2E3,0.148068149387296,0.1895734597156398
pseudo3_N2E3,0.148553108952603,0.1943127962085308
pseudo3_N2E3,0.149591749498108,0.1990521327014218
pseudo3_N2E3,0.151431433554403,0.2037914691943128
pseudo3_N2E3,0.151856749787758,0.20853080568720378
pseudo3_N2E3,0.152506970925036,0.2132701421800948
pseudo3_N2E3,0.152729349971172,0.21800947867298578
pseudo3_N2E3,0.153875233667495,0.22274881516587677
pseudo3_N2E3,0.154541290952,0.22748815165876776
pseudo3_N2E3,0.154964240676555,0.23222748815165878
pseudo3_N2E3,0.155269608162187,0.23696682464454977
pseudo3_N2E3,0.158346563039851,0.24170616113744076
pseudo3_N2E3,0.160063850722331,0.24644549763033174
pseudo3_N2E3,0.16202028981355,0.25118483412322273
pseudo3_N2E3,0.16207395868066,0.2559241706161137
pseudo3_N2E3,0.162920237745867,0.26066350710900477
pseudo3_N2E3,0.164415756845937,0.26540284360189575
pseudo3_N2E3,0.164622083645817,0.27014218009478674
pseudo3_N2E3,0.16504918285647,0.27488151658767773
pseudo3_N2E3,0.165403455411928,0.2796208530805687
pseudo3_N2E3,0.165525341035368,0.2843601895734597
pseudo3_N2E3,0.166217546302359,0.2890995260663507
pseudo3_N2E3,0.166305243071586,0.2938388625592417
pseudo3_N2E3,0.166345706813177,0.2985781990521327
pseudo3_N2E3,0.167738419204953,0.3033175355450237
pseudo3_N2E3,0.168458811929092,0.3080568720379147
pseudo3_N2E3,0.169156293667474,0.3127962085308057
pseudo3_N2E3,0.169231003975183,0.3175355450236967
pseudo3_N2E3,0.171062266261167,0.3222748815165877
pseudo3_N2E3,0.172498204550517,0.32701421800947866
pseudo3_N2E3,0.173368975266485,0.33175355450236965
pseudo3_N2E3,0.173585458720719,0.33649289099526064
pseudo3_N2E3,0.174403797528112,0.3412322274881517
pseudo3_N2E3,0.175064433099595,0.3459715639810427
pseudo3_N2E3,0.17581033993711,0.35071090047393366
pseudo3_N2E3,0.175905946123165,0.35545023696682465
pseudo3_N2E3,0.175906098739096,0.36018957345971564
pseudo3_N2E3,0.175984722875952,0.36492890995260663
pseudo3_N2E3,0.176456771967085,0.3696682464454976
pseudo3_N2E3,0.176534474957784,0.3744075829383886
pseudo3_N2E3,0.177124844679625,0.3791469194312796
pseudo3_N2E3,0.17758426287871,0.38388625592417064
pseudo3_N2E3,0.177829364385041,0.3886255924170616
pseudo3_N2E3,0.17866763977064,0.3933649289099526
pseudo3_N2E3,0.17877531031019,0.3981042654028436
pseudo3_N2E3,0.179193138103016,0.4028436018957346
pseudo3_N2E3,0.179721814117104,0.4075829383886256
pseudo3_N2E3,0.180048352895126,0.41232227488151657
pseudo3_N2E3,0.180730699685948,0.41706161137440756
pseudo3_N2E3,0.180871857880043,0.4218009478672986
pseudo3_N2E3,0.181194074356867,0.4265402843601896
pseudo3_N2E3,0.181388443570279,0.4312796208530806
pseudo3_N2E3,0.182464782495173,0.43601895734597157
pseudo3_N2E3,0.183112218071083,0.44075829383886256
pseudo3_N2E3,0.183612188823971,0.44549763033175355
pseudo3_N2E3,0.185328520412528,0.45023696682464454
pseudo3_N2E3,0.185411783624826,0.4549763033175355
pseudo3_N2E3,0.18557362576632,0.4597156398104265
pseudo3_N2E3,0.185871293842341,0.46445497630331756
pseudo3_N2E3,0.185915490903058,0.46919431279620855
pseudo3_N2E3,0.18629767934908,0.47393364928909953
pseudo3_N2E3,0.186371733023539,0.4786729857819905
pseudo3_N2E3,0.187814838811093,0.4834123222748815
pseudo3_N2E3,0.187818620223476,0.4881516587677725
pseudo3_N2E3,0.188020317245943,0.4928909952606635
pseudo3_N2E3,0.188575691429362,0.4976303317535545
pseudo3_N2E3,0.189177581089044,0.5023696682464455
pseudo3_N2E3,0.189440874670887,0.5071090047393365
pseudo3_N2E3,0.189837990942847,0.5118483412322274
pseudo3_N2E3,0.189846890439498,0.5165876777251185
pseudo3_N2E3,0.189969442956083,0.5213270142180095
pseudo3_N2E3,0.190409190051734,0.5260663507109005
pseudo3_N2E3,0.190871053311938,0.5308056872037915
pseudo3_N2E3,0.191236773344732,0.5355450236966824
pseudo3_N2E3,0.191274047541607,0.5402843601895735
pseudo3_N2E3,0.191414615791765,0.5450236966824644
pseudo3_N2E3,0.191833576982316,0.5497630331753555
pseudo3_N2E3,0.193752143596561,0.5545023696682464
pseudo3_N2E3,0.194593230513886,0.5592417061611374
pseudo3_N2E3,0.194887619271114,0.5639810426540285
pseudo3_N2E3,0.19501233726669,0.5687203791469194
pseudo3_N2E3,0.196358642231719,0.5734597156398105
pseudo3_N2E3,0.196378889812978,0.5781990521327014
pseudo3_N2E3,0.199249414971194,0.5829383886255924
pseudo3_N2E3,0.19978443705068,0.5876777251184834
pseudo3_N2E3,0.200877700633488,0.5924170616113744
pseudo3_N2E3,0.205161766731269,0.5971563981042654
pseudo3_N2E3,0.207542842658451,0.6018957345971564
pseudo3_N2E3,0.209034431577667,0.6066350710900474
pseudo3_N2E3,0.209568004447049,0.6113744075829384
pseudo3_N2E3,0.209712846584528,0.6161137440758294
pseudo3_N2E3,0.210373635092564,0.6208530805687204
pseudo3_N2E3,0.211042986444461,0.6255924170616114
pseudo3_N2E3,0.211302076675757,0.6303317535545023
pseudo3_N2E3,0.213805062273007,0.6350710900473934
pseudo3_N2E3,0.214179781836424,0.6398104265402843
pseudo3_N2E3,0.214703463526222,0.6445497630331753
pseudo3_N2E3,0.21576648126054,0.6492890995260664
pseudo3_N2E3,0.216013661998624,0.6540284360189573
pseudo3_N2E3,0.216340563399794,0.6587677725118484
pseudo3_N2E3,0.217403565744269,0.6635071090047393
pseudo3_N2E3,0.218240877661646,0.6682464454976303
pseudo3_N2E3,0.218825533584091,0.6729857819905213
pseudo3_N2E3,0.220165931094215,0.6777251184834123
pseudo3_N2E3,0.220247407481754,0.6824644549763034
pseudo3_N2E3,0.22052938272845,0.6872037914691943
pseudo3_N2E3,0.220848888028141,0.6919431279620853
pseudo3_N2E3,0.221165254441345,0.6966824644549763
pseudo3_N2E3,0.221191066412285,0.7014218009478673
pseudo3_N2E3,0.221406101938901,0.7061611374407583
pseudo3_N2E3,0.221626142690945,0.7109004739336493
pseudo3_N2E3,0.222568804808597,0.7156398104265402
pseudo3_N2E3,0.222818997787595,0.7203791469194313
pseudo3_N2E3,0.223135468723475,0.7251184834123223
pseudo3_N2E3,0.2232068939412,0.7298578199052133
pseudo3_N2E3,0.224447593491077,0.7345971563981043
pseudo3_N2E3,0.224701460794808,0.7393364928909952
pseudo3_N2E3,0.226069347127385,0.7440758293838863
pseudo3_N2E3,0.226722899844795,0.7488151658767772
pseudo3_N2E3,0.227172550624275,0.7535545023696683
pseudo3_N2E3,0.230266308002983,0.7582938388625592
pseudo3_N2E3,0.231291132318,0.7630331753554502
pseudo3_N2E3,0.231852059669341,0.7677725118483413
pseudo3_N2E3,0.233433672750737,0.7725118483412322
pseudo3_N2E3,0.233921659946799,0.7772511848341233
pseudo3_N2E3,0.234067107097435,0.7819905213270142
pseudo3_N2E3,0.234214841242688,0.7867298578199052
pseudo3_N2E3,0.234694130613151,0.7914691943127962
pseudo3_N2E3,0.235226241126939,0.7962085308056872
pseudo3_N2E3,0.238043764952434,0.8009478672985783
pseudo3_N2E3,0.238046796751271,0.8056872037914692
pseudo3_N2E3,0.239431144122778,0.8104265402843602
pseudo3_N2E3,0.240244090714345,0.8151658767772512
pseudo3_N2E3,0.240402398001547,0.8199052132701422
pseudo3_N2E3,0.240437717047267,0.8246445497630331
pseudo3_N2E3,0.241631802690019,0.8293838862559242
pseudo3_N2E3,0.244296406955434,0.8341232227488151
pseudo3_N2E3,0.247005310239268,0.8388625592417062
pseudo3_N2E3,0.247840732732941,0.8436018957345972
pseudo3_N2E3,0.24901068774497,0.8483412322274881
pseudo3_N2E3,0.249523483366037,0.8530805687203792
pseudo3_N2E3,0.250738973393157,0.8578199052132701
pseudo3_N2E3,0.254560833486131,0.8625592417061612
pseudo3_N2E3,0.255033680284065,0.8672985781990521
pseudo3_N2E3,0.25516792747732,0.8720379146919431
pseudo3_N2E3,0.256288651667872,0.8767772511848341
pseudo3_N2E3,0.256305946002611,0.8815165876777251
pseudo3_N2E3,0.258089948969978,0.8862559241706162
pseudo3_N2E3,0.258844458408446,0.8909952606635071
pseudo3_N2E3,0.26022215384145,0.8957345971563981
pseudo3_N2E3,0.260381380030457,0.9004739336492891
pseudo3_N2E3,0.261964157609884,0.9052132701421801
pseudo3_N2E3,0.262694106463925,0.909952606635071
pseudo3_N2E3,0.26475121403729,0.9146919431279621
pseudo3_N2E3,0.264797614089739,0.919431279620853
pseudo3_N2E3,0.267318584640879,0.9241706161137441
pseudo3_N2E3,0.268955492462049,0.9289099526066351
pseudo3_N2E3,0.269723351947048,0.933649289099526
pseudo3_N2E3,0.273787726770441,0.9383886255924171
pseudo3_N2E3,0.274860050229109,0.943127962085308
pseudo3_N2E3,0.281102382641202,0.9478672985781991
pseudo3_N2E3,0.283350519832306,0.95260663507109
pseudo3_N2E3,0.284467851203981,0.957345971563981
pseudo3_N2E3,0.286769033332358,0.9620853080568721
pseudo3_N2E3,0.298125759015777,0.966824644549763
pseudo3_N2E3,0.304262554946384,0.9715639810426541
pseudo3_N2E3,0.305086007349342,0.976303317535545
pseudo3_N2E3,0.307419710457825,0.981042654028436
pseudo3_N2E3,0.311055571166983,0.985781990521327
pseudo3_N2E3,0.338088918748317,0.990521327014218
pseudo3_N2E3,0.357753681246956,0.995260663507109
pseudo3_N2E3,0.392985510489582,1.0
pseudo5_N2C3_1,0.101221811404976,0.005434782608695652
pseudo5_N2C3_1,0.101521748936042,0.010869565217391304
pseudo5_N2C3_1,0.105723661123175,0.016304347826086956
pseudo5_N2C3_1,0.114508922840476,0.021739130434782608
pseudo5_N2C3_1,0.118136326770848,0.02717391304347826
pseudo5_N2C3_1,0.119071417921148,0.03260869565217391
pseudo5_N2C3_1,0.123607797986475,0.03804347826086957
pseudo5_N2C3_1,0.126071617643465,0.043478260869565216
pseudo5_N2C3_1,0.126869632818037,0.04891304347826087
pseudo5_N2C3_1,0.128028508799959,0.05434782608695652
pseudo5_N2C3_1,0.12820610334063,0.059782608695652176
pseudo5_N2C3_1,0.132362860497489,0.06521739130434782
pseudo5_N2C3_1,0.133011201444409,0.07065217391304347
pseudo5_N2C3_1,0.134229098959967,0.07608695652173914
pseudo5_N2C3_1,0.13534447115113,0.08152173913043478
pseudo5_N2C3_1,0.138621333125202,0.08695652173913043
pseudo5_N2C3_1,0.139119404677445,0.09239130434782608
pseudo5_N2C3_1,0.139271239018762,0.09782608695652174
pseudo5_N2C3_1,0.141040714490373,0.10326086956521739
pseudo5_N2C3_1,0.141882072291073,0.10869565217391304
pseudo5_N2C3_1,0.14248563078989,0.11413043478260869
pseudo5_N2C3_1,0.146851688773361,0.11956521739130435
pseudo5_N2C3_1,0.147521246346042,0.125
pseudo5_N2C3_1,0.148202828576841,0.13043478260869565
pseudo5_N2C3_1,0.148203630846762,0.1358695652173913
pseudo5_N2C3_1,0.149671393184534,0.14130434782608695
pseudo5_N2C3_1,0.150476797059496,0.14673913043478262
pseudo5_N2C3_1,0.151044026766181,0.15217391304347827
pseudo5_N2C3_1,0.152282653606569,0.15760869565217392
pseudo5_N2C3_1,0.155554576328844,0.16304347826086957
pseudo5_N2C3_1,0.156899945677113,0.16847826086956522
pseudo5_N2C3_1,0.157905478461446,0.17391304347826086
pseudo5_N2C3_1,0.158084645309032,0.1793478260869565
pseudo5_N2C3_1,0.158970800785988,0.18478260869565216
pseudo5_N2C3_1,0.159917971161957,0.19021739130434784
pseudo5_N2C3_1,0.161192095591063,0.1956521739130435
pseudo5_N2C3_1,0.162216473723754,0.20108695652173914
pseudo5_N2C3_1,0.163172335061096,0.20652173913043478
pseudo5_N2C3_1,0.163323688700347,0.21195652173913043
pseudo5_N2C3_1,0.166007128288803,0.21739130434782608
pseudo5_N2C3_1,0.166364515807997,0.22282608695652173
pseudo5_N2C3_1,0.166434081823167,0.22826086956521738
pseudo5_N2C3_1,0.166859393001106,0.23369565217391305
pseudo5_N2C3_1,0.167829860422495,0.2391304347826087
pseudo5_N2C3_1,0.171862696444584,0.24456521739130435
pseudo5_N2C3_1,0.172152862322939,0.25
pseudo5_N2C3_1,0.174601845950754,0.2554347826086957
pseudo5_N2C3_1,0.174737602660728,0.2608695652173913
pseudo5_N2C3_1,0.176253903978427,0.266304347826087
pseudo5_N2C3_1,0.176409837485037,0.2717391304347826
pseudo5_N2C3_1,0.17693501337504,0.27717391304347827
pseudo5_N2C3_1,0.177087421056361,0.2826086956521739
pseudo5_N2C3_1,0.17721320332537,0.28804347826086957
pseudo5_N2C3_1,0.177522359980955,0.29347826086956524
pseudo5_N2C3_1,0.178910759016786,0.29891304347826086
pseudo5_N2C3_1,0.180553658071149,0.30434782608695654
pseudo5_N2C3_1,0.18293617435936,0.30978260869565216
pseudo5_N2C3_1,0.183559077182387,0.31521739130434784
pseudo5_N2C3_1,0.185182965662918,0.32065217391304346
pseudo5_N2C3_1,0.186139409223354,0.32608695652173914
pseudo5_N2C3_1,0.186478408746418,0.33152173913043476
pseudo5_N2C3_1,0.186504643556576,0.33695652173913043
pseudo5_N2C3_1,0.186798077396809,0.3423913043478261
pseudo5_N2C3_1,0.187128729607179,0.34782608695652173
pseudo5_N2C3_1,0.187215278313654,0.3532608695652174
pseudo5_N2C3_1,0.187331686384774,0.358695652173913
pseudo5_N2C3_1,0.187383971998227,0.3641304347826087
pseudo5_N2C3_1,0.189150197527941,0.3695652173913043
pseudo5_N2C3_1,0.189312721018257,0.375
pseudo5_N2C3_1,0.189437062957687,0.3804347826086957
pseudo5_N2C3_1,0.1899001790435,0.3858695652173913
pseudo5_N2C3_1,0.190459530972243,0.391304347826087
pseudo5_N2C3_1,0.192394430136127,0.3967391304347826
pseudo5_N2C3_1,0.192730543670179,0.40217391304347827
pseudo5_N2C3_1,0.193532484916691,0.4076086956521739
pseudo5_N2C3_1,0.194792076356889,0.41304347826086957
pseudo5_N2C3_1,0.195281052132662,0.41847826086956524
pseudo5_N2C3_1,0.195677754685015,0.42391304347826086
pseudo5_N2C3_1,0.198273812586965,0.42934782608695654
pseudo5_N2C3_1,0.198533464290045,0.43478260869565216
pseudo5_N2C3_1,0.198696271785435,0.44021739130434784
pseudo5_N2C3_1,0.200159245630137,0.44565217391304346
pseudo5_N2C3_1,0.200259795355334,0.45108695652173914
pseudo5_N2C3_1,0.200520304657294,0.45652173913043476
pseudo5_N2C3_1,0.200592998535326,0.46195652173913043
pseudo5_N2C3_1,0.202026578996897,0.4673913043478261
pseudo5_N2C3_1,0.202494743215809,0.47282608695652173
pseudo5_N2C3_1,0.203621722306061,0.4782608695652174
pseudo5_N2C3_1,0.204272960409307,0.483695652173913
pseudo5_N2C3_1,0.205215475284752,0.4891304347826087
pseudo5_N2C3_1,0.205235094730946,0.4945652173913043
pseudo5_N2C3_1,0.205528601666319,0.5
pseudo5_N2C3_1,0.205660660219059,0.5054347826086957
pseudo5_N2C3_1,0.205787930532531,0.5108695652173914
pseudo5_N2C3_1,0.206234167732291,0.5163043478260869
pseudo5_N2C3_1,0.206447425848559,0.5217391304347826
pseudo5_N2C3_1,0.207141358112369,0.5271739130434783
pseudo5_N2C3_1,0.208148234781305,0.532608695652174
pseudo5_N2C3_1,0.209611660902184,0.5380434782608695
pseudo5_N2C3_1,0.209885272507971,0.5434782608695652
pseudo5_N2C3_1,0.211660523510844,0.5489130434782609
pseudo5_N2C3_1,0.211806111770936,0.5543478260869565
pseudo5_N2C3_1,0.212691583503771,0.5597826086956522
pseudo5_N2C3_1,0.212932347473463,0.5652173913043478
pseudo5_N2C3_1,0.213763765096545,0.5706521739130435
pseudo5_N2C3_1,0.21396512444077,0.5760869565217391
pseudo5_N2C3_1,0.214402920167082,0.5815217391304348
pseudo5_N2C3_1,0.214928662290616,0.5869565217391305
pseudo5_N2C3_1,0.216386688761839,0.592391304347826
pseudo5_N2C3_1,0.216740923037914,0.5978260869565217
pseudo5_N2C3_1,0.217057446059264,0.6032608695652174
pseudo5_N2C3_1,0.218860294030682,0.6086956521739131
pseudo5_N2C3_1,0.219522573560893,0.6141304347826086
pseudo5_N2C3_1,0.222127043495192,0.6195652173913043
pseudo5_N2C3_1,0.223172681653884,0.625
pseudo5_N2C3_1,0.223221226217468,0.6304347826086957
pseudo5_N2C3_1,0.224031723148584,0.6358695652173914
pseudo5_N2C3_1,0.22601231058194,0.6413043478260869
pseudo5_N2C3_1,0.226159017603756,0.6467391304347826
pseudo5_N2C3_1,0.226993108783101,0.6521739130434783
pseudo5_N2C3_1,0.227193217895871,0.657608695652174
pseudo5_N2C3_1,0.229051737968421,0.6630434782608695
pseudo5_N2C3_1,0.231083230836858,0.6684782608695652
pseudo5_N2C3_1,0.233939966058069,0.6739130434782609
pseudo5_N2C3_1,0.234057658877794,0.6793478260869565
pseudo5_N2C3_1,0.234792555383858,0.6847826086956522
pseudo5_N2C3_1,0.235703284533157,0.6902173913043478
pseudo5_N2C3_1,0.237757762777459,0.6956521739130435
pseudo5_N2C3_1,0.239302163592791,0.7010869565217391
pseudo5_N2C3_1,0.239771046580578,0.7065217391304348
pseudo5_N2C3_1,0.240523276279294,0.7119565217391305
pseudo5_N2C3_1,0.242985166275352,0.717391304347826
pseudo5_N2C3_1,0.243493101103035,0.7228260869565217
pseudo5_N2C3_1,0.243494252097686,0.7282608695652174
pseudo5_N2C3_1,0.244147850057219,0.7336956521739131
pseudo5_N2C3_1,0.246524120264205,0.7391304347826086
pseudo5_N2C3_1,0.250934949528466,0.7445652173913043
pseudo5_N2C3_1,0.253330747812722,0.75
pseudo5_N2C3_1,0.253417574686812,0.7554347826086957
pseudo5_N2C3_1,0.253767935935683,0.7608695652173914
pseudo5_N2C3_1,0.254931441784071,0.7663043478260869
pseudo5_N2C3_1,0.255542600908424,0.7717391304347826
pseudo5_N2C3_1,0.255990474119544,0.7771739130434783
pseudo5_N2C3_1,0.257361441233523,0.782608695652174
pseudo5_N2C3_1,0.259319121462204,0.7880434782608695
pseudo5_N2C3_1,0.261729874301435,0.7934782608695652
pseudo5_N2C3_1,0.263777726268264,0.7989130434782609
pseudo5_N2C3_1,0.264017350664421,0.8043478260869565
pseudo5_N2C3_1,0.264263703874289,0.8097826086956522
pseudo5_N2C3_1,0.267536375567945,0.8152173913043478
pseudo5_N2C3_1,0.269060999325687,0.8206521739130435
pseudo5_N2C3_1,0.27169966433392,0.8260869565217391
pseudo5_N2C3_1,0.272372632251722,0.8315217391304348
pseudo5_N2C3_1,0.273449387620593,0.8369565217391305
pseudo5_N2C3_1,0.273697090552523,0.842391304347826
pseudo5_N2C3_1,0.276917577899953,0.8478260869565217
pseudo5_N2C3_1,0.278343955698416,0.8532608695652174
pseudo5_N2C3_1,0.278615909719624,0.8586956521739131
pseudo5_N2C3_1,0.281558590612405,0.8641304347826086
pseudo5_N2C3_1,0.287365682985099,0.8695652173913043
pseudo5_N2C3_1,0.288687211642846,0.875
pseudo5_N2C3_1,0.288804162343859,0.8804347826086957
pseudo5_N2C3_1,0.288940303564725,0.8858695652173914
pseudo5_N2C3_1,0.289781101476957,0.8913043478260869
pseudo5_N2C3_1,0.290561599959619,0.8967391304347826
pseudo5_N2C3_1,0.291451810947827,0.9021739130434783
pseudo5_N2C3_1,0.292293023573457,0.907608695652174
pseudo5_N2C3_1,0.29286067789184,0.9130434782608695
pseudo5_N2C3_1,0.293068610722604,0.9184782608695652
pseudo5_N2C3_1,0.296649810910487,0.9239130434782609
pseudo5_N2C3_1,0.297403006835583,0.9293478260869565
pseudo5_N2C3_1,0.301591409365768,0.9347826086956522
pseudo5_N2C3_1,0.302272707845294,0.9402173913043478
pseudo5_N2C3_1,0.306890376305049,0.9456521739130435
pseudo5_N2C3_1,0.315427591187938,0.9510869565217391
pseudo5_N2C3_1,0.320484685547906,0.9565217391304348
pseudo5_N2C3_1,0.325342898184328,0.9619565217391305
pseudo5_N2C3_1,0.348216861574688,0.967391304347826
pseudo5_N2C3_1,0.3492295744337,0.9728260869565217
pseudo5_N2C3_1,0.352366825198181,0.9782608695652174
pseudo5_N2C3_1,0.358285269133412,0.9836956521739131
pseudo5_N2C3_1,0.371199767179797,0.9891304347826086
pseudo5_N2C3_1,0.371213359576384,0.9945652173913043
pseudo5_N2C3_1,0.39083858079451,1.0
pseudo6_N2E2,0.100249919225466,0.005319148936170213
pseudo6_N2E2,0.106060117322555,0.010638297872340425
pseudo6_N2E2,0.106284768290965,0.015957446808510637
pseudo6_N2E2,0.108929456228473,0.02127659574468085
pseudo6_N2E2,0.110657379888856,0.026595744680851064
pseudo6_N2E2,0.111964000688878,0.031914893617021274
pseudo6_N2E2,0.115138323232346,0.03723404255319149
pseudo6_N2E2,0.115379890323869,0.0425531914893617
pseudo6_N2E2,0.115660602420459,0.047872340425531915
pseudo6_N2E2,0.120858718381042,0.05319148936170213
pseudo6_N2E2,0.121345929808347,0.05851063829787234
pseudo6_N2E2,0.122382350766271,0.06382978723404255
pseudo6_N2E2,0.122526352113146,0.06914893617021277
pseudo6_N2E2,0.123450679880215,0.07446808510638298
pseudo6_N2E2,0.124834503170509,0.0797872340425532
pseudo6_N2E2,0.127609902700315,0.0851063829787234
pseudo6_N2E2,0.129871865082494,0.09042553191489362
pseudo6_N2E2,0.131431459800143,0.09574468085106383
pseudo6_N2E2,0.133483261290184,0.10106382978723404
pseudo6_N2E2,0.134670209261905,0.10638297872340426
pseudo6_N2E2,0.135664255022323,0.11170212765957446
pseudo6_N2E2,0.136141628591876,0.11702127659574468
pseudo6_N2E2,0.136399692540304,0.12234042553191489
pseudo6_N2E2,0.139452919429864,0.1276595744680851
pseudo6_N2E2,0.140366924098894,0.13297872340425532
pseudo6_N2E2,0.140826072551766,0.13829787234042554
pseudo6_N2E2,0.1414682388686,0.14361702127659576
pseudo6_N2E2,0.143435419835682,0.14893617021276595
pseudo6_N2E2,0.144168967403892,0.15425531914893617
pseudo6_N2E2,0.148221322134111,0.1595744680851064
pseudo6_N2E2,0.149720335115052,0.16489361702127658
pseudo6_N2E2,0.14983805386493,0.1702127659574468
pseudo6_N2E2,0.150688747638733,0.17553191489361702
pseudo6_N2E2,0.152826670908065,0.18085106382978725
pseudo6_N2E2,0.153546240506493,0.18617021276595744
pseudo6_N2E2,0.154969294023198,0.19148936170212766
pseudo6_N2E2,0.15604470658492,0.19680851063829788
pseudo6_N2E2,0.156562433330857,0.20212765957446807
pseudo6_N2E2,0.15828844697243,0.2074468085106383
pseudo6_N2E2,0.158695950638924,0.2127659574468085
pseudo6_N2E2,0.160364675019451,0.21808510638297873
pseudo6_N2E2,0.160624655338201,0.22340425531914893
pseudo6_N2E2,0.160745793898329,0.22872340425531915
pseudo6_N2E2,0.161462378977027,0.23404255319148937
pseudo6_N2E2,0.161642174260944,0.2393617021276596
pseudo6_N2E2,0.162965862970597,0.24468085106382978
pseudo6_N2E2,0.164170996028411,0.25
pseudo6_N2E2,0.164311684369229,0.2553191489361702
pseudo6_N2E2,0.164666939563449,0.26063829787234044
pseudo6_N2E2,0.16526151273284,0.26595744680851063
pseudo6_N2E2,0.16535245154266,0.2712765957446808
pseudo6_N2E2,0.165583627716636,0.2765957446808511
pseudo6_N2E2,0.166568417267541,0.28191489361702127
pseudo6_N2E2,0.167308589002434,0.2872340425531915
pseudo6_N2E2,0.168441558412379,0.2925531914893617
pseudo6_N2E2,0.168761326010739,0.2978723404255319
pseudo6_N2E2,0.168843691660119,0.30319148936170215
pseudo6_N2E2,0.169094323026822,0.30851063829787234
pseudo6_N2E2,0.169275705840865,0.31382978723404253
pseudo6_N2E2,0.169911782473332,0.3191489361702128
pseudo6_N2E2,0.169914463881381,0.324468085106383
pseudo6_N2E2,0.170401916598502,0.32978723404255317
pseudo6_N2E2,0.171528552035441,0.3351063829787234
pseudo6_N2E2,0.172569546196615,0.3404255319148936
pseudo6_N2E2,0.172776879199791,0.34574468085106386
pseudo6_N2E2,0.173926877996041,0.35106382978723405
pseudo6_N2E2,0.17557559539089,0.35638297872340424
pseudo6_N2E2,0.175599530371772,0.3617021276595745
pseudo6_N2E2,0.175656283535752,0.3670212765957447
pseudo6_N2E2,0.176438823778472,0.3723404255319149
pseudo6_N2E2,0.176924645136533,0.3776595744680851
pseudo6_N2E2,0.177486159525045,0.3829787234042553
pseudo6_N2E2,0.177675151734074,0.3882978723404255
pseudo6_N2E2,0.178437331360823,0.39361702127659576
pseudo6_N2E2,0.179052595708619,0.39893617021276595
pseudo6_N2E2,0.179158535547813,0.40425531914893614
pseudo6_N2E2,0.179178003206923,0.4095744680851064
pseudo6_N2E2,0.18054267819823,0.4148936170212766
pseudo6_N2E2,0.182188822142615,0.42021276595744683
pseudo6_N2E2,0.183130018051648,0.425531914893617
pseudo6_N2E2,0.183730008015929,0.4308510638297872
pseudo6_N2E2,0.18456192662778,0.43617021276595747
pseudo6_N2E2,0.184707702585127,0.44148936170212766
pseudo6_N2E2,0.185912274632584,0.44680851063829785
pseudo6_N2E2,0.186524223436859,0.4521276595744681
pseudo6_N2E2,0.186761446388982,0.4574468085106383
pseudo6_N2E2,0.188788499525398,0.4627659574468085
pseudo6_N2E2,0.188961972600918,0.46808510638297873
pseudo6_N2E2,0.190038453204558,0.4734042553191489
pseudo6_N2E2,0.190912621524756,0.4787234042553192
pseudo6_N2E2,0.192513766302558,0.48404255319148937
pseudo6_N2E2,0.193208392162585,0.48936170212765956
pseudo6_N2E2,0.193324319693133,0.4946808510638298
pseudo6_N2E2,0.193459417538075,0.5
pseudo6_N2E2,0.194340513597996,0.5053191489361702
pseudo6_N2E2,0.195314656639464,0.5106382978723404
pseudo6_N2E2,0.19557625447656,0.5159574468085106
pseudo6_N2E2,0.198083887953238,0.5212765957446809
pseudo6_N2E2,0.200360778701031,0.526595744680851
pseudo6_N2E2,0.201230242331177,0.5319148936170213
pseudo6_N2E2,0.201732598269945,0.5372340425531915
pseudo6_N2E2,0.201896667040291,0.5425531914893617
pseudo6_N2E2,0.202348132281025,0.5478723404255319
pseudo6_N2E2,0.203539408244644,0.5531914893617021
pseudo6_N2E2,0.203583713991355,0.5585106382978723
pseudo6_N2E2,0.205230208567212,0.5638297872340425
pseudo6_N2E2,0.205309694184531,0.5691489361702128
pseudo6_N2E2,0.205850093407371,0.574468085106383
pseudo6_N2E2,0.207318479651915,0.5797872340425532
pseudo6_N2E2,0.208515279675974,0.5851063829787234
pseudo6_N2E2,0.209480838244013,0.5904255319148937
pseudo6_N2E2,0.21017928921659,0.5957446808510638
pseudo6_N2E2,0.211641099736956,0.601063829787234
pseudo6_N2E2,0.212129573206883,0.6063829787234043
pseudo6_N2E2,0.212492707228694,0.6117021276595744
pseudo6_N2E2,0.212828664312575,0.6170212765957447
pseudo6_N2E2,0.216769350761922,0.6223404255319149
pseudo6_N2E2,0.216909820880784,0.6276595744680851
pseudo6_N2E2,0.217216207966937,0.6329787234042553
pseudo6_N2E2,0.218009938659234,0.6382978723404256
pseudo6_N2E2,0.220106709327641,0.6436170212765957
pseudo6_N2E2,0.220296620329535,0.648936170212766
pseudo6_N2E2,0.2203713258249,0.6542553191489362
pseudo6_N2E2,0.220494492972637,0.6595744680851063
pseudo6_N2E2,0.220938275231912,0.6648936170212766
pseudo6_N2E2,0.222944918156458,0.6702127659574468
pseudo6_N2E2,0.223230525957854,0.675531914893617
pseudo6_N2E2,0.224397687229087,0.6808510638297872
pseudo6_N2E2,0.225188096380219,0.6861702127659575
pseudo6_N2E2,0.227502443232827,0.6914893617021277
pseudo6_N2E2,0.230573202720938,0.6968085106382979
pseudo6_N2E2,0.230739190275881,0.7021276595744681
pseudo6_N2E2,0.231162273975035,0.7074468085106383
pseudo6_N2E2,0.233498904944002,0.7127659574468085
pseudo6_N2E2,0.234871840997341,0.7180851063829787
pseudo6_N2E2,0.235203195581791,0.723404255319149
pseudo6_N2E2,0.237474107832302,0.7287234042553191
pseudo6_N2E2,0.242725802357968,0.7340425531914894
pseudo6_N2E2,0.244350031373974,0.7393617021276596
pseudo6_N2E2,0.24460988066728,0.7446808510638298
pseudo6_N2E2,0.24623378419578,0.75
pseudo6_N2E2,0.246536342247848,0.7553191489361702
pseudo6_N2E2,0.247689122335981,0.7606382978723404
pseudo6_N2E2,0.256052203131934,0.7659574468085106
pseudo6_N2E2,0.257111661269628,0.7712765957446809
pseudo6_N2E2,0.258163852339378,0.776595744680851
pseudo6_N2E2,0.258603698529697,0.7819148936170213
pseudo6_N2E2,0.258774665743583,0.7872340425531915
pseudo6_N2E2,0.259100350940074,0.7925531914893617
pseudo6_N2E2,0.261313824911162,0.7978723404255319
pseudo6_N2E2,0.261677873573623,0.8031914893617021
pseudo6_N2E2,0.262526975434405,0.8085106382978723
pseudo6_N2E2,0.263896162037776,0.8138297872340425
pseudo6_N2E2,0.265506807775086,0.8191489361702128
pseudo6_N2E2,0.265832909807808,0.824468085106383
pseudo6_N2E2,0.268045658986734,0.8297872340425532
pseudo6_N2E2,0.272416373945173,0.8351063829787234
pseudo6_N2E2,0.273197980170241,0.8404255319148937
pseudo6_N2E2,0.274042702367119,0.8457446808510638
pseudo6_N2E2,0.274621030918803,0.851063829787234
pseudo6_N2E2,0.275716932123118,0.8563829787234043
pseudo6_N2E2,0.279141297812596,0.8617021276595744
pseudo6_N2E2,0.281650455382786,0.8670212765957447
pseudo6_N2E2,0.282366720971623,0.8723404255319149
pseudo6_N2E2,0.285574860997885,0.8776595744680851
pseudo6_N2E2,0.291107905907828,0.8829787234042553
pseudo6_N2E2,0.29169223671669,0.8882978723404256
pseudo6_N2E2,0.293206230888644,0.8936170212765957
pseudo6_N2E2,0.293932160065402,0.898936170212766
pseudo6_N2E2,0.295217863160634,0.9042553191489362
pseudo6_N2E2,0.295754529542365,0.9095744680851063
pseudo6_N2E2,0.295811294240275,0.9148936170212766
pseudo6_N2E2,0.296861304953016,0.9202127659574468
pseudo6_N2E2,0.297720004641198,0.925531914893617
pseudo6_N2E2,0.299029900385308,0.9308510638297872
pseudo6_N2E2,0.300287526204034,0.9361702127659575
pseudo6_N2E2,0.303349334337522,0.9414893617021277
pseudo6_N2E2,0.306781383931173,0.9468085106382979
pseudo6_N2E2,0.311912714054095,0.9521276595744681
pseudo6_N2E2,0.312913822731895,0.9574468085106383
pseudo6_N2E2,0.313594600724872,0.9627659574468085
pseudo6_N2E2,0.317997140564357,0.9680851063829787
pseudo6_N2E2,0.318721391784977,0.973404255319149
pseudo6_N2E2,0.322867525670622,0.9787234042553191
pseudo6_N2E2,0.330281721809118,0.9840425531914894
pseudo6_N2E2,0.337238669133015,0.9893617021276596
pseudo6_N2E2,0.347983712472382,0.9946808510638298
pseudo6_N2E2,0.395699509189894,1.0
