protocol,max_cosine
largest_by_rows,0.480411559343338
largest_by_rows,0.5653736591339111
largest_by_rows,0.38532325625419617
largest_by_rows,0.625769853591919
largest_by_rows,0.38650181889533997
largest_by_rows,0.5690335631370544
largest_by_rows,0.8534005284309387
largest_by_rows,0.40094178915023804
largest_by_rows,0.36663806438446045
largest_by_rows,0.5861222147941589
largest_by_rows,0.6219488978385925
largest_by_rows,0.4495422840118408
largest_by_rows,0.5657540559768677
largest_by_rows,0.4618055820465088
largest_by_rows,0.40119197964668274
largest_by_rows,0.4203699231147766
largest_by_rows,0.5675625205039978
largest_by_rows,0.5727773308753967
largest_by_rows,0.6218650937080383
largest_by_rows,0.6963865160942078
largest_by_rows,0.8065505027770996
largest_by_rows,0.40799155831336975
largest_by_rows,0.568880021572113
largest_by_rows,0.5239282250404358
largest_by_rows,0.44742754101753235
largest_by_rows,0.5156476497650146
largest_by_rows,0.5811808705329895
largest_by_rows,0.30608493089675903
largest_by_rows,0.6568360924720764
largest_by_rows,0.6582689881324768
largest_by_rows,0.37493211030960083
largest_by_rows,0.43193769454956055
largest_by_rows,0.5320894122123718
largest_by_rows,0.6657980680465698
largest_by_rows,0.8380492329597473
largest_by_rows,0.38740161061286926
largest_by_rows,0.4068564474582672
largest_by_rows,0.7516757249832153
largest_by_rows,0.34789618849754333
largest_by_rows,0.6055073738098145
largest_by_rows,0.35039204359054565
largest_by_rows,0.4651472866535187
largest_by_rows,0.5108771324157715
largest_by_rows,0.4089523255825043
largest_by_rows,0.4872739613056183
largest_by_rows,0.4147307872772217
largest_by_rows,0.31216496229171753
largest_by_rows,0.48338428139686584
largest_by_rows,0.41021814942359924
largest_by_rows,0.4700871706008911
largest_by_rows,0.42656856775283813
largest_by_rows,0.48966464400291443
largest_by_rows,0.41864848136901855
largest_by_rows,0.42246755957603455
largest_by_rows,0.40463128685951233
largest_by_rows,0.49180132150650024
largest_by_rows,0.36136746406555176
largest_by_rows,0.44012266397476196
largest_by_rows,0.4057163894176483
largest_by_rows,0.4428977966308594
largest_by_rows,0.5119062662124634
largest_by_rows,0.822719156742096
largest_by_rows,0.48698994517326355
largest_by_rows,0.5397058129310608
largest_by_rows,0.4723740518093109
largest_by_rows,0.4689038097858429
largest_by_rows,0.41738876700401306
largest_by_rows,0.7374420166015625
largest_by_rows,0.5443010330200195
largest_by_rows,0.4791658818721771
largest_by_rows,0.7387599945068359
largest_by_rows,0.36076340079307556
largest_by_rows,0.38940945267677307
largest_by_rows,0.36339378356933594
largest_by_rows,0.3910905122756958
largest_by_rows,0.5823958516120911
largest_by_rows,0.5934520959854126
largest_by_rows,0.5799914598464966
largest_by_rows,0.39014410972595215
largest_by_rows,0.5792003273963928
largest_by_rows,0.7576276659965515
largest_by_rows,0.5535187125205994
largest_by_rows,0.44974449276924133
largest_by_rows,0.3851673901081085
largest_by_rows,0.6886342763900757
largest_by_rows,0.6442103981971741
largest_by_rows,0.6513953804969788
largest_by_rows,0.4915012717247009
largest_by_rows,0.65625
largest_by_rows,0.6495111584663391
largest_by_rows,0.7074917554855347
largest_by_rows,0.37810710072517395
largest_by_rows,0.6976093053817749
largest_by_rows,0.6969989538192749
largest_by_rows,0.45790421962738037
largest_by_rows,0.508532702922821
largest_by_rows,0.42447155714035034
largest_by_rows,0.44741585850715637
largest_by_rows,0.8045427203178406
largest_by_rows,0.6144276857376099
largest_by_rows,0.5704426169395447
largest_by_rows,0.707464337348938
largest_by_rows,0.6926490664482117
largest_by_rows,0.6630063056945801
largest_by_rows,0.559468150138855
largest_by_rows,0.3810223937034607
largest_by_rows,0.5756841897964478
largest_by_rows,0.44378748536109924
largest_by_rows,0.4519822299480438
largest_by_rows,0.387493371963501
largest_by_rows,0.38719290494918823
largest_by_rows,0.4385361969470978
largest_by_rows,0.4410420060157776
largest_by_rows,0.5505439043045044
largest_by_rows,0.3927210569381714
largest_by_rows,0.414667546749115
largest_by_rows,0.3693123459815979
largest_by_rows,0.42108118534088135
largest_by_rows,0.46782273054122925
largest_by_rows,0.3796815872192383
largest_by_rows,0.4585762023925781
largest_by_rows,0.6051427721977234
largest_by_rows,0.4138956367969513
largest_by_rows,0.42104578018188477
largest_by_rows,0.4321826100349426
largest_by_rows,0.6001369953155518
largest_by_rows,0.5440782308578491
largest_by_rows,0.5588908791542053
largest_by_rows,0.48148080706596375
largest_by_rows,0.61781245470047
largest_by_rows,0.5285640954971313
largest_by_rows,0.546364426612854
largest_by_rows,0.543851912021637
largest_by_rows,0.3748340606689453
largest_by_rows,0.6604291796684265
largest_by_rows,0.44148579239845276
largest_by_rows,0.5379424691200256
largest_by_rows,0.4859963655471802
largest_by_rows,0.5349520444869995
largest_by_rows,0.6793781518936157
largest_by_rows,0.6536171436309814
largest_by_rows,0.5088791847229004
largest_by_rows,0.5611627101898193
largest_by_rows,0.3769192397594452
largest_by_rows,0.5461079478263855
largest_by_rows,0.5888369083404541
largest_by_rows,0.47071173787117004
largest_by_rows,0.48304668068885803
largest_by_rows,0.5123175382614136
largest_by_rows,0.5419603586196899
largest_by_rows,0.3004472851753235
largest_by_rows,0.5453836917877197
largest_by_rows,0.5191933512687683
largest_by_rows,0.4347526431083679
largest_by_rows,0.4496558606624603
largest_by_rows,0.4151275157928467
largest_by_rows,0.45414620637893677
largest_by_rows,0.4766371250152588
largest_by_rows,0.42868471145629883
largest_by_rows,0.4064520001411438
largest_by_rows,0.4701744019985199
largest_by_rows,0.6118267774581909
largest_by_rows,0.34430089592933655
largest_by_rows,0.5514999628067017
largest_by_rows,0.3783767819404602
largest_by_rows,0.3683887720108032
largest_by_rows,0.3736587166786194
largest_by_rows,0.4736812114715576
largest_by_rows,0.4083811044692993
largest_by_rows,0.43765583634376526
largest_by_rows,0.44467148184776306
largest_by_rows,0.4738408327102661
largest_by_rows,0.642474353313446
largest_by_rows,0.5982083082199097
largest_by_rows,0.3966897130012512
largest_by_rows,0.3705598711967468
largest_by_rows,0.4808356761932373
largest_by_rows,0.49935460090637207
largest_by_rows,0.6811438202857971
largest_by_rows,0.5837003588676453
largest_by_rows,0.4038737416267395
largest_by_rows,0.5816506147384644
largest_by_rows,0.5330531001091003
largest_by_rows,0.4461742043495178
largest_by_rows,0.42713481187820435
largest_by_rows,0.5572997331619263
largest_by_rows,0.45836392045021057
largest_by_rows,0.5662832856178284
largest_by_rows,0.49985259771347046
largest_by_rows,0.7113155126571655
largest_by_rows,0.5694096088409424
largest_by_rows,0.5463340878486633
largest_by_rows,0.4221442937850952
largest_by_rows,0.48326924443244934
largest_by_rows,0.4460051953792572
largest_by_rows,0.5766221880912781
largest_by_rows,0.5981766581535339
largest_by_rows,0.464708149433136
largest_by_rows,0.41619035601615906
largest_by_rows,0.6515242457389832
largest_by_rows,0.5438817143440247
largest_by_rows,0.5876136422157288
largest_by_rows,0.527732789516449
largest_by_rows,0.42923662066459656
largest_by_rows,0.47141286730766296
largest_by_rows,0.6710215210914612
largest_by_rows,0.5708137154579163
largest_by_rows,0.5685750842094421
largest_by_rows,0.5936238169670105
largest_by_rows,0.5650179982185364
largest_by_rows,0.5355238914489746
largest_by_rows,0.39180320501327515
largest_by_rows,0.41114044189453125
largest_by_rows,0.5067411065101624
largest_by_rows,0.359694242477417
largest_by_rows,0.4034491181373596
largest_by_rows,0.40869390964508057
largest_by_rows,0.4689676761627197
largest_by_rows,0.4153156280517578
largest_by_rows,0.8821859359741211
largest_by_rows,0.3506513237953186
largest_by_rows,0.4445764422416687
largest_by_rows,0.4427112936973572
largest_by_rows,0.4373631179332733
largest_by_rows,0.5723052620887756
largest_by_rows,0.4488907754421234
largest_by_rows,0.546772301197052
largest_by_rows,0.47226637601852417
largest_by_rows,0.4011800289154053
largest_by_rows,0.49896514415740967
largest_by_rows,0.5105975270271301
largest_by_rows,0.44285959005355835
largest_by_rows,0.5149094462394714
largest_by_rows,0.35831281542778015
largest_by_rows,0.4155295193195343
largest_by_rows,0.49724364280700684
largest_by_rows,0.5710656046867371
largest_by_rows,0.43063977360725403
largest_by_rows,0.4183499217033386
largest_by_rows,0.41748425364494324
largest_by_rows,0.38640862703323364
largest_by_rows,0.46369853615760803
largest_by_rows,0.42512038350105286
largest_by_rows,0.42513397336006165
largest_by_rows,0.5549992322921753
largest_by_rows,0.4606202244758606
largest_by_rows,0.47648417949676514
largest_by_rows,0.518706738948822
largest_by_rows,0.36608344316482544
largest_by_rows,0.5228054523468018
largest_by_rows,0.6621319055557251
largest_by_rows,0.5401082038879395
largest_by_rows,0.43032264709472656
largest_by_rows,0.4342268705368042
largest_by_rows,0.42866235971450806
largest_by_rows,0.6826857924461365
largest_by_rows,0.41938939690589905
largest_by_rows,0.4645172655582428
largest_by_rows,0.5593181252479553
largest_by_rows,0.4095512628555298
largest_by_rows,0.3809086084365845
largest_by_rows,0.4772838354110718
largest_by_rows,0.5331386923789978
largest_by_rows,0.49871766567230225
largest_by_rows,0.6403684616088867
largest_by_rows,0.4564688503742218
largest_by_rows,0.531099796295166
largest_by_rows,0.648823082447052
largest_by_rows,0.5547055602073669
largest_by_rows,0.504364013671875
largest_by_rows,0.5928206443786621
largest_by_rows,0.6498937010765076
largest_by_rows,0.6031453609466553
largest_by_rows,0.5181981325149536
largest_by_rows,0.4558342397212982
largest_by_rows,0.5277735590934753
largest_by_rows,0.5263874530792236
largest_by_rows,0.527909517288208
largest_by_rows,0.6593496799468994
largest_by_rows,0.644237220287323
largest_by_rows,0.3450867831707001
largest_by_rows,0.4137129485607147
largest_by_rows,0.813647449016571
largest_by_rows,0.35933130979537964
largest_by_rows,0.3875446021556854
largest_by_rows,0.39536798000335693
largest_by_rows,0.3791663348674774
largest_by_rows,0.39556217193603516
largest_by_rows,0.6485675573348999
largest_by_rows,0.6023198962211609
largest_by_rows,0.42703092098236084
largest_by_rows,0.49474480748176575
largest_by_rows,0.41999581456184387
largest_by_rows,0.5362969636917114
largest_by_rows,0.40901944041252136
largest_by_rows,0.4285990297794342
largest_by_rows,0.5159561038017273
largest_by_rows,0.5698233246803284
largest_by_rows,0.49428653717041016
largest_by_rows,0.5146352052688599
largest_by_rows,0.41642820835113525
largest_by_rows,0.4204710125923157
largest_by_rows,0.48318198323249817
largest_by_rows,0.4323725998401642
largest_by_rows,0.6409814357757568
largest_by_rows,0.5597832798957825
largest_by_rows,0.48556408286094666
largest_by_rows,0.5009423494338989
largest_by_rows,0.4385206401348114
largest_by_rows,0.44011446833610535
largest_by_rows,0.4984962046146393
largest_by_rows,0.47241270542144775
largest_by_rows,0.3722742795944214
largest_by_rows,0.4723055362701416
largest_by_rows,0.5542457699775696
largest_by_rows,0.487929105758667
largest_by_rows,0.6489043235778809
largest_by_rows,0.5733162760734558
largest_by_rows,0.42957979440689087
largest_by_rows,0.4686839282512665
largest_by_rows,0.555127739906311
largest_by_rows,0.5534498691558838
largest_by_rows,0.5788096785545349
largest_by_rows,0.43737101554870605
largest_by_rows,0.4359697699546814
largest_by_rows,0.4276624619960785
largest_by_rows,0.46522414684295654
largest_by_rows,0.5343651175498962
largest_by_rows,0.4433257281780243
largest_by_rows,0.5475201606750488
largest_by_rows,0.5169987082481384
largest_by_rows,0.39616528153419495
largest_by_rows,0.3790057599544525
largest_by_rows,0.3786267042160034
largest_by_rows,0.4911855459213257
largest_by_rows,0.46291521191596985
largest_by_rows,0.4483894109725952
largest_by_rows,0.46966832876205444
largest_by_rows,0.4672304391860962
largest_by_rows,0.4490962624549866
largest_by_rows,0.5288271903991699
largest_by_rows,0.394270658493042
largest_by_rows,0.3797934055328369
largest_by_rows,0.5151116251945496
largest_by_rows,0.5521218180656433
largest_by_rows,0.46321383118629456
largest_by_rows,0.5279545187950134
largest_by_rows,0.5434504151344299
largest_by_rows,0.5649129152297974
largest_by_rows,0.4648993909358978
largest_by_rows,0.47278639674186707
largest_by_rows,0.5486618280410767
largest_by_rows,0.6509224772453308
largest_by_rows,0.5517923831939697
largest_by_rows,0.5126389265060425
largest_by_rows,0.6216812133789062
largest_by_rows,0.8097746968269348
largest_by_rows,0.542337954044342
largest_by_rows,0.5294989347457886
largest_by_rows,0.4867163300514221
largest_by_rows,0.6249033808708191
largest_by_rows,0.6686968803405762
largest_by_rows,0.6315902471542358
largest_by_rows,0.6694164276123047
largest_by_rows,0.5599827170372009
largest_by_rows,0.6161795854568481
largest_by_rows,0.5279273986816406
largest_by_rows,0.5517079830169678
largest_by_rows,0.6468854546546936
largest_by_rows,0.48369237780570984
largest_by_rows,0.5641492009162903
largest_by_rows,0.41747531294822693
largest_by_rows,0.47237512469291687
largest_by_rows,0.4492080509662628
largest_by_rows,0.43178194761276245
largest_by_rows,0.39965498447418213
largest_by_rows,0.6479708552360535
largest_by_rows,0.39341574907302856
largest_by_rows,0.45730429887771606
largest_by_rows,0.5261458158493042
largest_by_rows,0.47079095244407654
largest_by_rows,0.4405730068683624
largest_by_rows,0.415508508682251
largest_by_rows,0.5833839774131775
largest_by_rows,0.48958107829093933
largest_by_rows,0.42673903703689575
largest_by_rows,0.577233076095581
largest_by_rows,0.47019338607788086
largest_by_rows,0.5394328832626343
largest_by_rows,0.5047099590301514
largest_by_rows,0.45851537585258484
largest_by_rows,0.4437585473060608
largest_by_rows,0.5067518353462219
largest_by_rows,0.3727438747882843
largest_by_rows,0.8406135439872742
largest_by_rows,0.4466187357902527
largest_by_rows,0.36709651350975037
largest_by_rows,0.5334243774414062
largest_by_rows,0.48459044098854065
largest_by_rows,0.4876093864440918
largest_by_rows,0.847862958908081
largest_by_rows,0.7769938111305237
largest_by_rows,0.4482261538505554
largest_by_rows,0.4321930408477783
largest_by_rows,0.6815222501754761
largest_by_rows,0.505088210105896
largest_by_rows,0.46428391337394714
largest_by_rows,0.5551853775978088
largest_by_rows,0.4902604818344116
largest_by_rows,0.5018635988235474
largest_by_rows,0.4998883903026581
largest_by_rows,0.4542807340621948
largest_by_rows,0.42752689123153687
largest_by_rows,0.5630884170532227
largest_by_rows,0.4857635498046875
largest_by_rows,0.38225409388542175
largest_by_rows,0.4073510468006134
largest_by_rows,0.5138061046600342
largest_by_rows,0.5641916394233704
largest_by_rows,0.4155430495738983
largest_by_rows,0.5539596676826477
largest_by_rows,0.6689760684967041
largest_by_rows,0.6184343099594116
largest_by_rows,0.7044118642807007
largest_by_rows,0.7511780261993408
largest_by_rows,0.38191065192222595
largest_by_rows,0.4780268967151642
largest_by_rows,0.45432573556900024
largest_by_rows,0.44980812072753906
largest_by_rows,0.4743965268135071
largest_by_rows,0.5710592865943909
largest_by_rows,0.4098573923110962
largest_by_rows,0.5631006360054016
largest_by_rows,0.4667879343032837
largest_by_rows,0.3879137933254242
largest_by_rows,0.4950414299964905
largest_by_rows,0.6195846199989319
largest_by_rows,0.5742706656455994
largest_by_rows,0.6869264841079712
largest_by_rows,0.6552707552909851
largest_by_rows,0.48451945185661316
largest_by_rows,0.42636141180992126
largest_by_rows,0.3337646722793579
largest_by_rows,0.5522059202194214
largest_by_rows,0.5016058087348938
largest_by_rows,0.4839000701904297
largest_by_rows,0.5565404295921326
largest_by_rows,0.4338918626308441
largest_by_rows,0.4934983253479004
largest_by_rows,0.5564927458763123
largest_by_rows,0.6327618956565857
largest_by_rows,0.6696509718894958
largest_by_rows,0.5988552570343018
largest_by_rows,0.41596558690071106
largest_by_rows,0.6214570999145508
largest_by_rows,0.5651669502258301
largest_by_rows,0.5042596459388733
largest_by_rows,0.5699821710586548
largest_by_rows,0.5430929064750671
largest_by_rows,0.539658784866333
largest_by_rows,0.6016668677330017
largest_by_rows,0.3571544587612152
largest_by_rows,0.6256167888641357
largest_by_rows,0.5291509628295898
largest_by_rows,0.49952828884124756
largest_by_rows,0.6065081357955933
largest_by_rows,0.5723931193351746
largest_by_rows,0.49057072401046753
largest_by_rows,0.6135378479957581
largest_by_rows,0.44621747732162476
largest_by_rows,0.4342308044433594
largest_by_rows,0.5382879376411438
largest_by_rows,0.46551865339279175
largest_by_rows,0.4256201386451721
largest_by_rows,0.44015055894851685
largest_by_rows,0.42257970571517944
largest_by_rows,0.42744743824005127
largest_by_rows,0.5173661112785339
largest_by_rows,0.417201966047287
largest_by_rows,0.5067622661590576
largest_by_rows,0.5618748664855957
largest_by_rows,0.5761716961860657
largest_by_rows,0.607907235622406
largest_by_rows,0.6295235753059387
largest_by_rows,0.6431057453155518
largest_by_rows,0.5525876879692078
largest_by_rows,0.4001665711402893
largest_by_rows,0.49345147609710693
largest_by_rows,0.45642387866973877
largest_by_rows,0.46870970726013184
largest_by_rows,0.3935142457485199
largest_by_rows,0.4441133737564087
largest_by_rows,0.43050241470336914
largest_by_rows,0.37983664870262146
largest_by_rows,0.3536754250526428
largest_by_rows,0.5229012966156006
largest_by_rows,0.44283729791641235
largest_by_rows,0.48094525933265686
largest_by_rows,0.4648174047470093
largest_by_rows,0.5294275879859924
largest_by_rows,0.4972262382507324
largest_by_rows,0.5823215246200562
largest_by_rows,0.49151411652565
largest_by_rows,0.5629419088363647
largest_by_rows,0.4422408640384674
largest_by_rows,0.602974534034729
largest_by_rows,0.39495134353637695
largest_by_rows,0.3322906196117401
largest_by_rows,0.3495410084724426
largest_by_rows,0.4063391089439392
largest_by_rows,0.4589768946170807
largest_by_rows,0.5697826743125916
largest_by_rows,0.5096697211265564
largest_by_rows,0.7473348379135132
largest_by_rows,0.6114768385887146
largest_by_rows,0.3351195454597473
largest_by_rows,0.44385001063346863
largest_by_rows,0.5335797667503357
largest_by_rows,0.37146008014678955
largest_by_rows,0.47681885957717896
largest_by_rows,0.41320115327835083
largest_by_rows,0.4692901372909546
largest_by_rows,0.3855536878108978
largest_by_rows,0.42290472984313965
largest_by_rows,0.4649563431739807
largest_by_rows,0.46351829171180725
largest_by_rows,0.5758740901947021
largest_by_rows,0.5398576259613037
largest_by_rows,0.5354946851730347
largest_by_rows,0.5850513577461243
largest_by_rows,0.5242181420326233
largest_by_rows,0.603978157043457
largest_by_rows,0.5826299786567688
largest_by_rows,0.8589527606964111
largest_by_rows,0.5725392699241638
largest_by_rows,0.4319133758544922
largest_by_rows,0.42131686210632324
largest_by_rows,0.8574661612510681
largest_by_rows,0.48271843791007996
largest_by_rows,0.4745539128780365
largest_by_rows,0.44662296772003174
largest_by_rows,0.4513896107673645
largest_by_rows,0.6742095947265625
largest_by_rows,0.512404203414917
largest_by_rows,0.4956476092338562
largest_by_rows,0.511499285697937
largest_by_rows,0.4700561463832855
largest_by_rows,0.40546509623527527
largest_by_rows,0.4462921917438507
largest_by_rows,0.4502728581428528
largest_by_rows,0.4694119989871979
largest_by_rows,0.4343995451927185
largest_by_rows,0.5944926142692566
largest_by_rows,0.5134134292602539
largest_by_rows,0.6331491470336914
largest_by_rows,0.39501067996025085
largest_by_rows,0.5013092160224915
largest_by_rows,0.4043855667114258
largest_by_rows,0.4943692088127136
largest_by_rows,0.5340040326118469
largest_by_rows,0.5297821164131165
largest_by_rows,0.3968016505241394
largest_by_rows,0.42788800597190857
largest_by_rows,0.4391854703426361
largest_by_rows,0.37664368748664856
largest_by_rows,0.44101864099502563
largest_by_rows,0.4263454079627991
largest_by_rows,0.415132611989975
largest_by_rows,0.42736780643463135
largest_by_rows,0.6334795951843262
largest_by_rows,0.52306067943573
largest_by_rows,0.48279160261154175
largest_by_rows,0.5179338455200195
largest_by_rows,0.6287984848022461
largest_by_rows,0.4744764566421509
largest_by_rows,0.5403797030448914
largest_by_rows,0.4640254080295563
largest_by_rows,0.6607356667518616
largest_by_rows,0.40358778834342957
largest_by_rows,0.5287191867828369
largest_by_rows,0.37592801451683044
largest_by_rows,0.49636489152908325
largest_by_rows,0.4786156713962555
largest_by_rows,0.498745322227478
largest_by_rows,0.428720086812973
largest_by_rows,0.4715116322040558
largest_by_rows,0.5180906653404236
largest_by_rows,0.4283617436885834
largest_by_rows,0.6016881465911865
largest_by_rows,0.6701266765594482
largest_by_rows,0.47464004158973694
largest_by_rows,0.4589405655860901
largest_by_rows,0.4461267590522766
largest_by_rows,0.6882325410842896
largest_by_rows,0.4472706913948059
largest_by_rows,0.43865150213241577
largest_by_rows,0.6094871163368225
largest_by_rows,0.4078080654144287
largest_by_rows,0.4504368007183075
largest_by_rows,0.4838142693042755
largest_by_rows,0.48199358582496643
largest_by_rows,0.4515664279460907
largest_by_rows,0.42169544100761414
largest_by_rows,0.43872201442718506
largest_by_rows,0.5397371649742126
largest_by_rows,0.6247159838676453
largest_by_rows,0.567450225353241
largest_by_rows,0.534166157245636
largest_by_rows,0.542945384979248
largest_by_rows,0.3707802891731262
largest_by_rows,0.5406509041786194
largest_by_rows,0.48216164112091064
largest_by_rows,0.4468679428100586
largest_by_rows,0.5807247757911682
largest_by_rows,0.40517860651016235
largest_by_rows,0.4101163148880005
largest_by_rows,0.47506871819496155
largest_by_rows,0.47036272287368774
largest_by_rows,0.49414950609207153
largest_by_rows,0.3953889012336731
largest_by_rows,0.494814395904541
largest_by_rows,0.6146899461746216
largest_by_rows,0.5953686237335205
largest_by_rows,0.6083166599273682
largest_by_rows,0.6179802417755127
largest_by_rows,0.6647082567214966
largest_by_rows,0.6078930497169495
largest_by_rows,0.4589511454105377
largest_by_rows,0.4863089323043823
largest_by_rows,0.5520108938217163
largest_by_rows,0.40015730261802673
largest_by_rows,0.5643187165260315
largest_by_rows,0.4622202515602112
largest_by_rows,0.4704723060131073
largest_by_rows,0.5780331492424011
largest_by_rows,0.4994351863861084
largest_by_rows,0.5329136848449707
largest_by_rows,0.5021017789840698
largest_by_rows,0.5012989640235901
largest_by_rows,0.44494858384132385
largest_by_rows,0.4352535605430603
largest_by_rows,0.40798649191856384
largest_by_rows,0.6445905566215515
largest_by_rows,0.5959264636039734
largest_by_rows,0.5274637341499329
largest_by_rows,0.5650140047073364
largest_by_rows,0.5115147233009338
largest_by_rows,0.39419570565223694
largest_by_rows,0.4565269351005554
largest_by_rows,0.6255950331687927
largest_by_rows,0.6000854969024658
largest_by_rows,0.4767691493034363
largest_by_rows,0.5261436700820923
largest_by_rows,0.4530981481075287
largest_by_rows,0.5850446224212646
largest_by_rows,0.5347561240196228
largest_by_rows,0.5663673877716064
largest_by_rows,0.42531880736351013
largest_by_rows,0.45055288076400757
largest_by_rows,0.383826345205307
largest_by_rows,0.4692649245262146
largest_by_rows,0.47042548656463623
largest_by_rows,0.520374596118927
largest_by_rows,0.4760196805000305
largest_by_rows,0.39612069725990295
largest_by_rows,0.501351535320282
largest_by_rows,0.3503369390964508
largest_by_rows,0.5191817879676819
largest_by_rows,0.5280707478523254
largest_by_rows,0.4227784276008606
largest_by_rows,0.5164626836776733
largest_by_rows,0.42800113558769226
largest_by_rows,0.3939346969127655
largest_by_rows,0.4517545700073242
largest_by_rows,0.40295833349227905
largest_by_rows,0.39059269428253174
largest_by_rows,0.34533631801605225
largest_by_rows,0.622130811214447
largest_by_rows,0.5285815000534058
largest_by_rows,0.5842251777648926
largest_by_rows,0.5900161862373352
largest_by_rows,0.5312761664390564
largest_by_rows,0.5927360653877258
largest_by_rows,0.4920019209384918
largest_by_rows,0.5083146095275879
largest_by_rows,0.5229300260543823
largest_by_rows,0.5344341397285461
largest_by_rows,0.3583256006240845
largest_by_rows,0.5664805173873901
largest_by_rows,0.5053346157073975
largest_by_rows,0.48083728551864624
largest_by_rows,0.37229683995246887
largest_by_rows,0.43650758266448975
largest_by_rows,0.5787584781646729
largest_by_rows,0.4532470107078552
largest_by_rows,0.4310707449913025
largest_by_rows,0.4889831840991974
largest_by_rows,0.6187834739685059
largest_by_rows,0.47121572494506836
largest_by_rows,0.4855627417564392
largest_by_rows,0.5369519591331482
largest_by_rows,0.53082275390625
largest_by_rows,0.5499259233474731
largest_by_rows,0.4732813239097595
largest_by_rows,0.526300847530365
largest_by_rows,0.3702249825000763
largest_by_rows,0.3762263357639313
largest_by_rows,0.41496074199676514
largest_by_rows,0.46770867705345154
largest_by_rows,0.6818426847457886
largest_by_rows,0.6300438642501831
largest_by_rows,0.4743397831916809
largest_by_rows,0.4781103730201721
largest_by_rows,0.5962210297584534
largest_by_rows,0.663256824016571
largest_by_rows,0.5566412210464478
largest_by_rows,0.41131308674812317
largest_by_rows,0.7333225011825562
largest_by_rows,0.5471285581588745
largest_by_rows,0.5044270157814026
largest_by_rows,0.5171381831169128
largest_by_rows,0.447159081697464
largest_by_rows,0.44224104285240173
largest_by_rows,0.8568596243858337
largest_by_rows,0.46506035327911377
largest_by_rows,0.4327646493911743
largest_by_rows,0.44341811537742615
largest_by_rows,0.4431627690792084
largest_by_rows,0.492640882730484
largest_by_rows,0.4268260896205902
largest_by_rows,0.4236936569213867
largest_by_rows,0.4476930797100067
largest_by_rows,0.5448406934738159
largest_by_rows,0.5427626371383667
largest_by_rows,0.49970898032188416
largest_by_rows,0.4570513069629669
largest_by_rows,0.4555930197238922
largest_by_rows,0.6045092344284058
largest_by_rows,0.5917252898216248
largest_by_rows,0.3962503671646118
largest_by_rows,0.44308003783226013
largest_by_rows,0.5243473649024963
largest_by_rows,0.6149149537086487
largest_by_rows,0.4172201156616211
largest_by_rows,0.5909183621406555
largest_by_rows,0.5534442067146301
largest_by_rows,0.42933863401412964
largest_by_rows,0.6379251480102539
largest_by_rows,0.514406144618988
largest_by_rows,0.40579789876937866
largest_by_rows,0.4755440354347229
largest_by_rows,0.5554567575454712
largest_by_rows,0.5606130361557007
largest_by_rows,0.7052015066146851
largest_by_rows,0.6503404378890991
largest_by_rows,0.6073433756828308
largest_by_rows,0.5589205026626587
largest_by_rows,0.5479336977005005
largest_by_rows,0.6544963121414185
largest_by_rows,0.49292585253715515
largest_by_rows,0.4443817436695099
largest_by_rows,0.6125982999801636
largest_by_rows,0.5225362777709961
largest_by_rows,0.427512526512146
largest_by_rows,0.4008769094944
largest_by_rows,0.5566507577896118
largest_by_rows,0.5365104079246521
largest_by_rows,0.5221006870269775
largest_by_rows,0.43045276403427124
largest_by_rows,0.422471284866333
largest_by_rows,0.46296149492263794
largest_by_rows,0.4178817868232727
largest_by_rows,0.3884706497192383
largest_by_rows,0.5918720960617065
largest_by_rows,0.3768550157546997
largest_by_rows,0.3937612771987915
largest_by_rows,0.457323282957077
largest_by_rows,0.5015785694122314
largest_by_rows,0.6138560771942139
largest_by_rows,0.4793487787246704
largest_by_rows,0.6613139510154724
largest_by_rows,0.5940399765968323
largest_by_rows,0.7716851830482483
largest_by_rows,0.5617929100990295
largest_by_rows,0.4355536699295044
largest_by_rows,0.46264100074768066
largest_by_rows,0.5592561364173889
largest_by_rows,0.4312325417995453
largest_by_rows,0.6568479537963867
largest_by_rows,0.4224993884563446
largest_by_rows,0.45019659399986267
largest_by_rows,0.6037279367446899
largest_by_rows,0.6859311461448669
largest_by_rows,0.5267629027366638
largest_by_rows,0.34053412079811096
largest_by_rows,0.5055786967277527
largest_by_rows,0.4772845208644867
largest_by_rows,0.39459124207496643
largest_by_rows,0.44900038838386536
largest_by_rows,0.4107535481452942
largest_by_rows,0.37643229961395264
largest_by_rows,0.4073806405067444
largest_by_rows,0.5421261787414551
largest_by_rows,0.6304075121879578
largest_by_rows,0.6063180565834045
largest_by_rows,0.6323506832122803
largest_by_rows,0.6368639469146729
largest_by_rows,0.38103100657463074
largest_by_rows,0.40915894508361816
largest_by_rows,0.6000067591667175
largest_by_rows,0.5760498046875
largest_by_rows,0.6275056600570679
largest_by_rows,0.5218322277069092
largest_by_rows,0.582549512386322
largest_by_rows,0.4774072766304016
largest_by_rows,0.5920425653457642
largest_by_rows,0.43973881006240845
largest_by_rows,0.515963077545166
largest_by_rows,0.6935746669769287
largest_by_rows,0.44900545477867126
largest_by_rows,0.5341953635215759
largest_by_rows,0.39676544070243835
largest_by_rows,0.6070296168327332
largest_by_rows,0.3881644010543823
largest_by_rows,0.59261554479599
largest_by_rows,0.3767566680908203
largest_by_rows,0.5575677156448364
largest_by_rows,0.5902547240257263
largest_by_rows,0.49987176060676575
largest_by_rows,0.4648783802986145
largest_by_rows,0.5550405979156494
largest_by_rows,0.45252078771591187
largest_by_rows,0.5087518692016602
largest_by_rows,0.5707899332046509
largest_by_rows,0.6640070080757141
largest_by_rows,0.44035208225250244
largest_by_rows,0.6269924640655518
largest_by_rows,0.5488169193267822
largest_by_rows,0.6540529727935791
largest_by_rows,0.5069068670272827
largest_by_rows,0.599631130695343
largest_by_rows,0.6802009344100952
largest_by_rows,0.5105146169662476
largest_by_rows,0.7006566524505615
largest_by_rows,0.5943939685821533
largest_by_rows,0.5339782238006592
largest_by_rows,0.7014906406402588
largest_by_rows,0.45189303159713745
largest_by_rows,0.44808128476142883
largest_by_rows,0.43019747734069824
largest_by_rows,0.45265841484069824
largest_by_rows,0.8305707573890686
largest_by_rows,0.5760332345962524
largest_by_rows,0.623817503452301
largest_by_rows,0.6291871666908264
largest_by_rows,0.5229417085647583
largest_by_rows,0.4796638488769531
largest_by_rows,0.4834134876728058
largest_by_rows,0.4484945833683014
largest_by_rows,0.5841333866119385
largest_by_rows,0.40661489963531494
largest_by_rows,0.4139001965522766
largest_by_rows,0.44299226999282837
largest_by_rows,0.3997574746608734
largest_by_rows,0.4449329376220703
largest_by_rows,0.664618968963623
largest_by_rows,0.6688011288642883
largest_by_rows,0.4303147792816162
largest_by_rows,0.43849655985832214
largest_by_rows,0.5115901827812195
largest_by_rows,0.4300602078437805
largest_by_rows,0.6862720847129822
largest_by_rows,0.4954678416252136
largest_by_rows,0.4481881260871887
largest_by_rows,0.597070038318634
largest_by_rows,0.47369641065597534
largest_by_rows,0.4143664538860321
largest_by_rows,0.5254974961280823
largest_by_rows,0.40655800700187683
largest_by_rows,0.7128632664680481
largest_by_rows,0.4896627962589264
largest_by_rows,0.592004656791687
largest_by_rows,0.5901283025741577
largest_by_rows,0.5312047004699707
largest_by_rows,0.49359428882598877
largest_by_rows,0.6334630846977234
largest_by_rows,0.47471025586128235
largest_by_rows,0.4580291509628296
largest_by_rows,0.5391690135002136
largest_by_rows,0.44489216804504395
largest_by_rows,0.4421082139015198
largest_by_rows,0.5093151926994324
largest_by_rows,0.4347538650035858
largest_by_rows,0.5255844593048096
largest_by_rows,0.5163833498954773
largest_by_rows,0.5124297738075256
largest_by_rows,0.6445708274841309
largest_by_rows,0.5838429927825928
largest_by_rows,0.5077762603759766
largest_by_rows,0.5771596431732178
largest_by_rows,0.5024356245994568
largest_by_rows,0.4148331880569458
largest_by_rows,0.4599706530570984
largest_by_rows,0.527066707611084
largest_by_rows,0.47272372245788574
largest_by_rows,0.46326887607574463
largest_by_rows,0.4252614974975586
largest_by_rows,0.46942833065986633
largest_by_rows,0.5136928558349609
largest_by_rows,0.5222925543785095
largest_by_rows,0.6194473505020142
largest_by_rows,0.3888101577758789
largest_by_rows,0.5454463362693787
largest_by_rows,0.6927149295806885
largest_by_rows,0.7673219442367554
largest_by_rows,0.5375402569770813
largest_by_rows,0.5725751519203186
largest_by_rows,0.542337954044342
largest_by_rows,0.5294989347457886
largest_by_rows,0.6273293495178223
largest_by_rows,0.6436607837677002
largest_by_rows,0.5355170369148254
largest_by_rows,0.6185706257820129
largest_by_rows,0.4278079867362976
largest_by_rows,0.41672781109809875
largest_by_rows,0.4514506161212921
largest_by_rows,0.5540764927864075
largest_by_rows,0.636969804763794
largest_by_rows,0.670205295085907
largest_by_rows,0.7922326922416687
largest_by_rows,0.5294111967086792
largest_by_rows,0.5766029357910156
largest_by_rows,0.5265534520149231
largest_by_rows,0.669961154460907
largest_by_rows,0.685383677482605
largest_by_rows,0.7612545490264893
largest_by_rows,0.7161820530891418
largest_by_rows,0.5759570002555847
largest_by_rows,0.6783975958824158
largest_by_rows,0.7339195609092712
largest_by_rows,0.6540892720222473
largest_by_rows,0.4074765145778656
largest_by_rows,0.3830143213272095
largest_by_rows,0.7214795351028442
largest_by_rows,0.6821589469909668
largest_by_rows,0.5614300966262817
largest_by_rows,0.3804132044315338
largest_by_rows,0.6864762902259827
largest_by_rows,0.8327997326850891
largest_by_rows,0.4415544271469116
largest_by_rows,0.6874324679374695
largest_by_rows,0.680380642414093
largest_by_rows,0.5476570725440979
largest_by_rows,0.5372909903526306
largest_by_rows,0.4759161174297333
largest_by_rows,0.3757154941558838
largest_by_rows,0.43166646361351013
largest_by_rows,0.557878851890564
largest_by_rows,0.5108518004417419
largest_by_rows,0.5768675804138184
largest_by_rows,0.35353875160217285
largest_by_rows,0.39687374234199524
largest_by_rows,0.39441385865211487
largest_by_rows,0.5491935014724731
largest_by_rows,0.5572907328605652
largest_by_rows,0.4893175959587097
largest_by_rows,0.4674224257469177
largest_by_rows,0.4872308373451233
largest_by_rows,0.4253233075141907
largest_by_rows,0.36877480149269104
largest_by_rows,0.45372891426086426
largest_by_rows,0.4385494589805603
largest_by_rows,0.44092661142349243
largest_by_rows,0.4315192699432373
largest_by_rows,0.44848504662513733
largest_by_rows,0.5660690069198608
largest_by_rows,0.45495128631591797
largest_by_rows,0.5349211096763611
largest_by_rows,0.5450144410133362
largest_by_rows,0.6844127178192139
largest_by_rows,0.5565188527107239
largest_by_rows,0.8343467116355896
largest_by_rows,0.5574564337730408
largest_by_rows,0.645950973033905
largest_by_rows,0.5475185513496399
largest_by_rows,0.6537269949913025
largest_by_rows,0.5102795362472534
largest_by_rows,0.5519673228263855
largest_by_rows,0.5512486100196838
largest_by_rows,0.5982365012168884
largest_by_rows,0.39508140087127686
largest_by_rows,0.6209424734115601
largest_by_rows,0.620461106300354
largest_by_rows,0.3930133879184723
largest_by_rows,0.463270366191864
largest_by_rows,0.6489127278327942
largest_by_rows,0.6215654015541077
largest_by_rows,0.4947143793106079
largest_by_rows,0.4279146194458008
largest_by_rows,0.43005865812301636
largest_by_rows,0.6290134191513062
largest_by_rows,0.5565422177314758
largest_by_rows,0.6027781367301941
largest_by_rows,0.3687427341938019
largest_by_rows,0.844668447971344
largest_by_rows,0.3779805898666382
largest_by_rows,0.5882526636123657
largest_by_rows,0.34411898255348206
largest_by_rows,0.3897172808647156
largest_by_rows,0.6317229866981506
largest_by_rows,0.6558754444122314
largest_by_rows,0.4824637472629547
largest_by_rows,0.5680190324783325
largest_by_rows,0.48980242013931274
largest_by_rows,0.4453379809856415
largest_by_rows,0.4702322781085968
largest_by_rows,0.4354509711265564
largest_by_rows,0.5773647427558899
largest_by_rows,0.4731953740119934
largest_by_rows,0.5705981850624084
largest_by_rows,0.5252370238304138
largest_by_rows,0.5269079208374023
largest_by_rows,0.6580301523208618
largest_by_rows,0.656303882598877
largest_by_rows,0.6600809097290039
largest_by_rows,0.5508659482002258
largest_by_rows,0.7091352343559265
largest_by_rows,0.659837007522583
largest_by_rows,0.681369423866272
largest_by_rows,0.5730400681495667
largest_by_rows,0.35020050406455994
largest_by_rows,0.626491904258728
largest_by_rows,0.34988969564437866
largest_by_rows,0.531272292137146
largest_by_rows,0.5292177200317383
largest_by_rows,0.543950080871582
largest_by_rows,0.5087606906890869
largest_by_rows,0.47838202118873596
largest_by_rows,0.5769777894020081
largest_by_rows,0.6059014797210693
largest_by_rows,0.5452756285667419
largest_by_rows,0.668769359588623
largest_by_rows,0.5727587342262268
largest_by_rows,0.528407096862793
largest_by_rows,0.5485950112342834
largest_by_rows,0.6000727415084839
largest_by_rows,0.5317662358283997
largest_by_rows,0.5157071352005005
largest_by_rows,0.4376627206802368
largest_by_rows,0.5620508790016174
largest_by_rows,0.5955700874328613
largest_by_rows,0.5172421336174011
largest_by_rows,0.48733946681022644
largest_by_rows,0.5559642910957336
largest_by_rows,0.3811899423599243
largest_by_rows,0.3271259069442749
largest_by_rows,0.5404672622680664
largest_by_rows,0.5024945139884949
largest_by_rows,0.5302262902259827
largest_by_rows,0.4007949233055115
largest_by_rows,0.3494112193584442
largest_by_rows,0.4192489683628082
largest_by_rows,0.5098979473114014
largest_by_rows,0.38878849148750305
largest_by_rows,0.648720920085907
largest_by_rows,0.5228503346443176
largest_by_rows,0.5333684682846069
largest_by_rows,0.6432687044143677
largest_by_rows,0.5022146105766296
largest_by_rows,0.5285784602165222
largest_by_rows,0.4224585294723511
largest_by_rows,0.43460771441459656
largest_by_rows,0.5598642826080322
largest_by_rows,0.5324605703353882
largest_by_rows,0.48708394169807434
largest_by_rows,0.5294845700263977
largest_by_rows,0.5030432343482971
largest_by_rows,0.6157245635986328
largest_by_rows,0.4295768439769745
largest_by_rows,0.48845455050468445
largest_by_rows,0.6451873779296875
largest_by_rows,0.5836253762245178
largest_by_rows,0.4665502905845642
largest_by_rows,0.4774433970451355
largest_by_rows,0.5448431372642517
largest_by_rows,0.49044811725616455
largest_by_rows,0.5080353021621704
largest_by_rows,0.45971834659576416
largest_by_rows,0.5409822463989258
largest_by_rows,0.410196453332901
largest_by_rows,0.6003854870796204
largest_by_rows,0.4656510353088379
largest_by_rows,0.5388815402984619
largest_by_rows,0.8702459931373596
largest_by_rows,0.44472983479499817
largest_by_rows,0.41230693459510803
largest_by_rows,0.48155486583709717
largest_by_rows,0.36517536640167236
largest_by_rows,0.4467630684375763
largest_by_rows,0.47663983702659607
largest_by_rows,0.5668404698371887
largest_by_rows,0.5480145215988159
largest_by_rows,0.4604857563972473
largest_by_rows,0.40933382511138916
largest_by_rows,0.4309939444065094
largest_by_rows,0.655788242816925
largest_by_rows,0.4100380539894104
largest_by_rows,0.4150870442390442
largest_by_rows,0.4119578003883362
largest_by_rows,0.6091867685317993
largest_by_rows,0.8578381538391113
largest_by_rows,0.7437566518783569
largest_by_rows,0.4110589623451233
largest_by_rows,0.5066092610359192
largest_by_rows,0.3972613513469696
largest_by_rows,0.41002321243286133
largest_by_rows,0.3536858856678009
largest_by_rows,0.6192463636398315
largest_by_rows,0.6321495771408081
largest_by_rows,0.876711905002594
largest_by_rows,0.42152249813079834
largest_by_rows,0.3992164731025696
largest_by_rows,0.4683205485343933
largest_by_rows,0.38419196009635925
largest_by_rows,0.5295328497886658
largest_by_rows,0.59586501121521
largest_by_rows,0.48101601004600525
largest_by_rows,0.7960273027420044
largest_by_rows,0.4715166687965393
largest_by_rows,0.41800519824028015
largest_by_rows,0.7949663400650024
largest_by_rows,0.7507809996604919
largest_by_rows,0.48973894119262695
largest_by_rows,0.8093167543411255
largest_by_rows,0.4212678074836731
largest_by_rows,0.7912154793739319
largest_by_rows,0.8462377786636353
largest_by_rows,0.48724251985549927
largest_by_rows,0.4888615012168884
largest_by_rows,0.5015085339546204
largest_by_rows,0.415921151638031
largest_by_rows,0.38936641812324524
largest_by_rows,0.5465494990348816
largest_by_rows,0.4739695191383362
largest_by_rows,0.5092009902000427
largest_by_rows,0.5401501059532166
largest_by_rows,0.5789150595664978
largest_by_rows,0.4357427656650543
largest_by_rows,0.5846898555755615
largest_by_rows,0.5050792694091797
largest_by_rows,0.48439520597457886
largest_by_rows,0.4707339406013489
largest_by_rows,0.5024318099021912
largest_by_rows,0.5189962387084961
largest_by_rows,0.494608998298645
largest_by_rows,0.7009605169296265
largest_by_rows,0.6537352800369263
largest_by_rows,0.4663470387458801
largest_by_rows,0.6398263573646545
largest_by_rows,0.5698835253715515
largest_by_rows,0.5262755751609802
largest_by_rows,0.5538074970245361
largest_by_rows,0.5105269551277161
largest_by_rows,0.49621105194091797
largest_by_rows,0.4077499210834503
largest_by_rows,0.4271979033946991
largest_by_rows,0.5013314485549927
largest_by_rows,0.40344610810279846
largest_by_rows,0.7479270100593567
largest_by_rows,0.4201873540878296
largest_by_rows,0.42671632766723633
largest_by_rows,0.45806992053985596
largest_by_rows,0.4663100242614746
largest_by_rows,0.4544193744659424
largest_by_rows,0.45189958810806274
largest_by_rows,0.48074859380722046
largest_by_rows,0.4686289429664612
largest_by_rows,0.4989328980445862
largest_by_rows,0.41631007194519043
largest_by_rows,0.4410971999168396
largest_by_rows,0.35512691736221313
largest_by_rows,0.5107431411743164
largest_by_rows,0.46355322003364563
largest_by_rows,0.5435488224029541
largest_by_rows,0.642492413520813
largest_by_rows,0.7294198274612427
largest_by_rows,0.36025330424308777
largest_by_rows,0.41738229990005493
largest_by_rows,0.43755123019218445
largest_by_rows,0.4905545711517334
largest_by_rows,0.4747714698314667
largest_by_rows,0.48976030945777893
largest_by_rows,0.4299459159374237
largest_by_rows,0.5413334369659424
largest_by_rows,0.49616003036499023
largest_by_rows,0.4810505211353302
largest_by_rows,0.5302311778068542
largest_by_rows,0.4761580228805542
largest_by_rows,0.4872359037399292
largest_by_rows,0.4849724769592285
largest_by_rows,0.5186852216720581
largest_by_rows,0.42707452178001404
largest_by_rows,0.38046738505363464
largest_by_rows,0.5329374074935913
largest_by_rows,0.6635712385177612
largest_by_rows,0.5714234709739685
largest_by_rows,0.41199734807014465
largest_by_rows,0.5349595546722412
largest_by_rows,0.4185777008533478
largest_by_rows,0.5479821562767029
largest_by_rows,0.3613637387752533
largest_by_rows,0.520226776599884
largest_by_rows,0.4757131338119507
largest_by_rows,0.4412812888622284
largest_by_rows,0.4382946193218231
largest_by_rows,0.5082385540008545
largest_by_rows,0.5277765393257141
largest_by_rows,0.441692978143692
largest_by_rows,0.48541730642318726
largest_by_rows,0.4159889817237854
largest_by_rows,0.6317067742347717
largest_by_rows,0.423044890165329
largest_by_rows,0.4727911353111267
largest_by_rows,0.599427342414856
largest_by_rows,0.47033268213272095
largest_by_rows,0.4390699863433838
largest_by_rows,0.5750343799591064
largest_by_rows,0.46249011158943176
largest_by_rows,0.5199068784713745
largest_by_rows,0.7094323039054871
largest_by_rows,0.854388415813446
largest_by_rows,0.7128384709358215
largest_by_rows,0.5424261689186096
largest_by_rows,0.43997684121131897
largest_by_rows,0.4492836892604828
largest_by_rows,0.43161842226982117
largest_by_rows,0.39620843529701233
largest_by_rows,0.5384963154792786
largest_by_rows,0.46798431873321533
largest_by_rows,0.3691510856151581
largest_by_rows,0.8528422713279724
largest_by_rows,0.6818781495094299
largest_by_rows,0.5727223753929138
largest_by_rows,0.6583673357963562
largest_by_rows,0.5165868401527405
largest_by_rows,0.5171747803688049
largest_by_rows,0.45346927642822266
largest_by_rows,0.5225484371185303
largest_by_rows,0.5184899568557739
largest_by_rows,0.5117918252944946
largest_by_rows,0.4219011664390564
largest_by_rows,0.4531860053539276
largest_by_rows,0.5888621211051941
largest_by_rows,0.4053601324558258
largest_by_rows,0.40757226943969727
largest_by_rows,0.37092533707618713
largest_by_rows,0.33827051520347595
largest_by_rows,0.4368436336517334
largest_by_rows,0.6236661672592163
largest_by_rows,0.5374014377593994
largest_by_rows,0.5876837968826294
largest_by_rows,0.41202759742736816
largest_by_rows,0.4542977809906006
largest_by_rows,0.43871834874153137
largest_by_rows,0.5609735250473022
largest_by_rows,0.4965011179447174
largest_by_rows,0.5483527779579163
largest_by_rows,0.576429009437561
largest_by_rows,0.530285120010376
largest_by_rows,0.5232765078544617
largest_by_rows,0.715086042881012
largest_by_rows,0.43022704124450684
largest_by_rows,0.6960974335670471
largest_by_rows,0.43480750918388367
largest_by_rows,0.45389652252197266
largest_by_rows,0.473217248916626
largest_by_rows,0.4891589283943176
largest_by_rows,0.5183924436569214
largest_by_rows,0.5804212093353271
largest_by_rows,0.616899311542511
largest_by_rows,0.4849856197834015
largest_by_rows,0.4208076596260071
largest_by_rows,0.48833030462265015
largest_by_rows,0.4586632251739502
largest_by_rows,0.5371125340461731
largest_by_rows,0.473293662071228
largest_by_rows,0.44948357343673706
largest_by_rows,0.363420307636261
largest_by_rows,0.40873852372169495
largest_by_rows,0.3847975730895996
largest_by_rows,0.41111642122268677
largest_by_rows,0.5050458908081055
largest_by_rows,0.49521225690841675
largest_by_rows,0.42969098687171936
largest_by_rows,0.5209783315658569
largest_by_rows,0.39254555106163025
largest_by_rows,0.3915579617023468
largest_by_rows,0.3922584056854248
largest_by_rows,0.4788154661655426
largest_by_rows,0.49101710319519043
largest_by_rows,0.4634428918361664
largest_by_rows,0.5490067601203918
largest_by_rows,0.40074464678764343
largest_by_rows,0.5418192148208618
largest_by_rows,0.6224841475486755
largest_by_rows,0.3964185416698456
largest_by_rows,0.7088296413421631
largest_by_rows,0.42491596937179565
largest_by_rows,0.5610522627830505
largest_by_rows,0.46506354212760925
largest_by_rows,0.7291820049285889
largest_by_rows,0.594852864742279
largest_by_rows,0.5206257104873657
largest_by_rows,0.38076090812683105
largest_by_rows,0.48443081974983215
largest_by_rows,0.3652806878089905
largest_by_rows,0.6156560778617859
largest_by_rows,0.48900261521339417
largest_by_rows,0.5299007296562195
largest_by_rows,0.45575907826423645
largest_by_rows,0.5385185480117798
largest_by_rows,0.5309850573539734
largest_by_rows,0.4216179847717285
largest_by_rows,0.40094107389450073
largest_by_rows,0.6210049986839294
largest_by_rows,0.5621327757835388
largest_by_rows,0.5519651174545288
largest_by_rows,0.628669261932373
largest_by_rows,0.5209924578666687
largest_by_rows,0.4294452369213104
largest_by_rows,0.3862881660461426
largest_by_rows,0.5170653462409973
largest_by_rows,0.41413041949272156
largest_by_rows,0.4755519926548004
largest_by_rows,0.40916556119918823
largest_by_rows,0.5743278861045837
largest_by_rows,0.5473540425300598
largest_by_rows,0.5546860098838806
largest_by_rows,0.3921533226966858
largest_by_rows,0.3993692100048065
largest_by_rows,0.4754669666290283
largest_by_rows,0.5429770946502686
largest_by_rows,0.548889696598053
largest_by_rows,0.48023828864097595
largest_by_rows,0.4267593324184418
largest_by_rows,0.526539146900177
largest_by_rows,0.529518187046051
largest_by_rows,0.5092913508415222
largest_by_rows,0.39142918586730957
largest_by_rows,0.3696816563606262
largest_by_rows,0.5422313809394836
largest_by_rows,0.49246370792388916
largest_by_rows,0.43350479006767273
largest_by_rows,0.43730103969573975
largest_by_rows,0.4702605605125427
largest_by_rows,0.5179353952407837
largest_by_rows,0.5839336514472961
largest_by_rows,0.4496534764766693
largest_by_rows,0.5319660902023315
largest_by_rows,0.5003513693809509
largest_by_rows,0.5729710459709167
largest_by_rows,0.6179920434951782
largest_by_rows,0.5443549156188965
largest_by_rows,0.6643859148025513
largest_by_rows,0.603829026222229
largest_by_rows,0.4899539053440094
largest_by_rows,0.46651050448417664
largest_by_rows,0.5085520148277283
largest_by_rows,0.45269107818603516
largest_by_rows,0.4507167637348175
largest_by_rows,0.6934807300567627
largest_by_rows,0.43546900153160095
largest_by_rows,0.4479059875011444
largest_by_rows,0.42821937799453735
largest_by_rows,0.5356289744377136
largest_by_rows,0.5188743472099304
largest_by_rows,0.4858895242214203
largest_by_rows,0.6302628517150879
largest_by_rows,0.4770786762237549
largest_by_rows,0.5633789300918579
largest_by_rows,0.4071282148361206
largest_by_rows,0.323492169380188
largest_by_rows,0.5716605186462402
largest_by_rows,0.38668596744537354
largest_by_rows,0.5367639660835266
largest_by_rows,0.44479095935821533
largest_by_rows,0.3944419324398041
largest_by_rows,0.6809514760971069
largest_by_rows,0.5096447467803955
largest_by_rows,0.39336931705474854
largest_by_rows,0.6097033023834229
largest_by_rows,0.3559560477733612
largest_by_rows,0.40252283215522766
largest_by_rows,0.35333794355392456
largest_by_rows,0.4639155864715576
largest_by_rows,0.46774837374687195
largest_by_rows,0.6072527170181274
largest_by_rows,0.43688449263572693
largest_by_rows,0.4602816104888916
largest_by_rows,0.5314685106277466
largest_by_rows,0.45361846685409546
largest_by_rows,0.3459821343421936
largest_by_rows,0.4486108124256134
largest_by_rows,0.4717508852481842
largest_by_rows,0.46906325221061707
largest_by_rows,0.45570939779281616
largest_by_rows,0.41183003783226013
largest_by_rows,0.5488036274909973
largest_by_rows,0.4629991948604584
largest_by_rows,0.3517211973667145
largest_by_rows,0.45203906297683716
largest_by_rows,0.350883811712265
largest_by_rows,0.3509253263473511
largest_by_rows,0.5403514504432678
largest_by_rows,0.4411967694759369
largest_by_rows,0.4069817066192627
largest_by_rows,0.5929284691810608
largest_by_rows,0.42878660559654236
largest_by_rows,0.4502755403518677
largest_by_rows,0.6761296987533569
largest_by_rows,0.5110923647880554
largest_by_rows,0.36427241563796997
largest_by_rows,0.4487153887748718
largest_by_rows,0.3343907594680786
largest_by_rows,0.45908322930336
largest_by_rows,0.3941897749900818
largest_by_rows,0.45036327838897705
largest_by_rows,0.39196139574050903
largest_by_rows,0.4435332715511322
largest_by_rows,0.42906123399734497
largest_by_rows,0.391318142414093
largest_by_rows,0.5851376056671143
largest_by_rows,0.5957140326499939
largest_by_rows,0.4615103006362915
largest_by_rows,0.4360266327857971
largest_by_rows,0.5482354760169983
largest_by_rows,0.5079290270805359
largest_by_rows,0.532617449760437
largest_by_rows,0.6077102422714233
largest_by_rows,0.6552504301071167
largest_by_rows,0.5795392990112305
largest_by_rows,0.4253200888633728
largest_by_rows,0.5351926684379578
largest_by_rows,0.5336061120033264
largest_by_rows,0.500147819519043
largest_by_rows,0.46302083134651184
largest_by_rows,0.542367696762085
largest_by_rows,0.40241408348083496
largest_by_rows,0.489128053188324
largest_by_rows,0.636991024017334
largest_by_rows,0.49555909633636475
largest_by_rows,0.3909139037132263
largest_by_rows,0.47021567821502686
largest_by_rows,0.5347326993942261
largest_by_rows,0.3971685469150543
largest_by_rows,0.370667040348053
largest_by_rows,0.5036228895187378
largest_by_rows,0.46554359793663025
largest_by_rows,0.49102818965911865
largest_by_rows,0.49271249771118164
largest_by_rows,0.4522482752799988
largest_by_rows,0.5741591453552246
largest_by_rows,0.5660526156425476
largest_by_rows,0.4211260974407196
largest_by_rows,0.5504526495933533
largest_by_rows,0.6060377955436707
largest_by_rows,0.526090681552887
largest_by_rows,0.5226297378540039
largest_by_rows,0.5302377939224243
largest_by_rows,0.5228099226951599
largest_by_rows,0.49835652112960815
largest_by_rows,0.5185791254043579
largest_by_rows,0.35565462708473206
largest_by_rows,0.41194549202919006
largest_by_rows,0.5160512924194336
largest_by_rows,0.47463178634643555
largest_by_rows,0.44082316756248474
largest_by_rows,0.4208844304084778
largest_by_rows,0.5762524604797363
largest_by_rows,0.42724907398223877
largest_by_rows,0.4039461016654968
largest_by_rows,0.4517988860607147
largest_by_rows,0.4765663146972656
largest_by_rows,0.37856820225715637
largest_by_rows,0.4982945919036865
largest_by_rows,0.48310911655426025
largest_by_rows,0.5043501257896423
largest_by_rows,0.43317797780036926
largest_by_rows,0.6666122674942017
largest_by_rows,0.4553900957107544
largest_by_rows,0.4254436790943146
largest_by_rows,0.5387645959854126
largest_by_rows,0.41884350776672363
largest_by_rows,0.44173967838287354
largest_by_rows,0.4205571115016937
largest_by_rows,0.44202834367752075
largest_by_rows,0.5993939638137817
largest_by_rows,0.5370094776153564
largest_by_rows,0.6734930276870728
largest_by_rows,0.728796660900116
largest_by_rows,0.4832773208618164
largest_by_rows,0.5881841778755188
largest_by_rows,0.5123109817504883
largest_by_rows,0.8405433297157288
largest_by_rows,0.4770033359527588
largest_by_rows,0.47613978385925293
largest_by_rows,0.5586133003234863
largest_by_rows,0.7766101956367493
largest_by_rows,0.4433509111404419
largest_by_rows,0.41339173913002014
largest_by_rows,0.4763946831226349
largest_by_rows,0.5413488149642944
largest_by_rows,0.49976450204849243
largest_by_rows,0.37846681475639343
largest_by_rows,0.4474242925643921
largest_by_rows,0.48200130462646484
largest_by_rows,0.38388440012931824
largest_by_rows,0.4865289628505707
largest_by_rows,0.39666393399238586
largest_by_rows,0.3690844774246216
largest_by_rows,0.4506157338619232
largest_by_rows,0.41719576716423035
largest_by_rows,0.4422663450241089
largest_by_rows,0.6068236827850342
largest_by_rows,0.4665839672088623
largest_by_rows,0.6250426173210144
largest_by_rows,0.5308628678321838
largest_by_rows,0.42000094056129456
largest_by_rows,0.48329371213912964
largest_by_rows,0.48478931188583374
largest_by_rows,0.4030664563179016
largest_by_rows,0.3908041715621948
largest_by_rows,0.36098024249076843
largest_by_rows,0.5614546537399292
largest_by_rows,0.5410326719284058
largest_by_rows,0.47925513982772827
largest_by_rows,0.6389812231063843
largest_by_rows,0.4945580065250397
largest_by_rows,0.43434658646583557
largest_by_rows,0.45952510833740234
largest_by_rows,0.43389493227005005
largest_by_rows,0.5675430297851562
largest_by_rows,0.5577307343482971
largest_by_rows,0.3650231659412384
largest_by_rows,0.5565847754478455
largest_by_rows,0.46066978573799133
largest_by_rows,0.49962717294692993
largest_by_rows,0.5584260821342468
largest_by_rows,0.41348934173583984
largest_by_rows,0.49434763193130493
largest_by_rows,0.43767115473747253
largest_by_rows,0.6195625066757202
largest_by_rows,0.49895617365837097
largest_by_rows,0.48322874307632446
largest_by_rows,0.4484224319458008
largest_by_rows,0.5831718444824219
largest_by_rows,0.41266384720802307
largest_by_rows,0.45089471340179443
largest_by_rows,0.45549502968788147
largest_by_rows,0.5610131621360779
largest_by_rows,0.505917489528656
largest_by_rows,0.6203742623329163
largest_by_rows,0.4274555444717407
largest_by_rows,0.4614916741847992
largest_by_rows,0.8063027858734131
largest_by_rows,0.5344946384429932
largest_by_rows,0.4605904817581177
largest_by_rows,0.41090741753578186
largest_by_rows,0.4314281940460205
largest_by_rows,0.5479403138160706
largest_by_rows,0.45618391036987305
largest_by_rows,0.49118611216545105
largest_by_rows,0.47440803050994873
largest_by_rows,0.45567673444747925
largest_by_rows,0.44326552748680115
largest_by_rows,0.47533151507377625
largest_by_rows,0.45295822620391846
largest_by_rows,0.37553977966308594
largest_by_rows,0.3925694227218628
largest_by_rows,0.38870787620544434
largest_by_rows,0.5754542350769043
largest_by_rows,0.4740469455718994
largest_by_rows,0.41799232363700867
largest_by_rows,0.4898700714111328
largest_by_rows,0.7139164209365845
largest_by_rows,0.4793473780155182
largest_by_rows,0.3693661093711853
largest_by_rows,0.41448506712913513
largest_by_rows,0.426230788230896
largest_by_rows,0.5705291032791138
largest_by_rows,0.47194382548332214
largest_by_rows,0.4351103901863098
largest_by_rows,0.5999643802642822
largest_by_rows,0.345319002866745
largest_by_rows,0.5654374361038208
largest_by_rows,0.5169423818588257
largest_by_rows,0.4796229600906372
largest_by_rows,0.4958074390888214
largest_by_rows,0.37642204761505127
largest_by_rows,0.4156196117401123
largest_by_rows,0.7024980783462524
largest_by_rows,0.4594482481479645
largest_by_rows,0.6431057453155518
largest_by_rows,0.49632376432418823
largest_by_rows,0.4215719401836395
largest_by_rows,0.47699424624443054
largest_by_rows,0.5658630132675171
largest_by_rows,0.458360493183136
largest_by_rows,0.40783289074897766
largest_by_rows,0.6405068039894104
largest_by_rows,0.7286678552627563
largest_by_rows,0.4661787152290344
largest_by_rows,0.5738314390182495
largest_by_rows,0.4051867723464966
largest_by_rows,0.5353260040283203
largest_by_rows,0.4299145042896271
largest_by_rows,0.5606623888015747
largest_by_rows,0.5457116961479187
largest_by_rows,0.6987597346305847
largest_by_rows,0.6579514741897583
largest_by_rows,0.5288577675819397
largest_by_rows,0.5735937356948853
largest_by_rows,0.44107764959335327
largest_by_rows,0.5329623818397522
largest_by_rows,0.5905673503875732
largest_by_rows,0.6299694776535034
largest_by_rows,0.612406849861145
largest_by_rows,0.44135478138923645
largest_by_rows,0.5968020558357239
largest_by_rows,0.6370602250099182
largest_by_rows,0.6868799924850464
largest_by_rows,0.5636400580406189
largest_by_rows,0.4511898458003998
largest_by_rows,0.453297883272171
largest_by_rows,0.6057446599006653
largest_by_rows,0.5360342264175415
largest_by_rows,0.45179545879364014
largest_by_rows,0.4256792366504669
largest_by_rows,0.3714483380317688
largest_by_rows,0.3508908748626709
largest_by_rows,0.36227238178253174
largest_by_rows,0.35913386940956116
largest_by_rows,0.7751188278198242
largest_by_rows,0.3907398581504822
largest_by_rows,0.43480968475341797
largest_by_rows,0.445125937461853
largest_by_rows,0.628275990486145
largest_by_rows,0.45684105157852173
largest_by_rows,0.4425655007362366
largest_by_rows,0.555877685546875
largest_by_rows,0.378044456243515
largest_by_rows,0.4916345775127411
largest_by_rows,0.49366092681884766
largest_by_rows,0.5520282983779907
largest_by_rows,0.5851300358772278
largest_by_rows,0.4427960216999054
largest_by_rows,0.4287028908729553
largest_by_rows,0.6297696232795715
largest_by_rows,0.6558034420013428
largest_by_rows,0.5729089379310608
largest_by_rows,0.5164299011230469
largest_by_rows,0.4757150113582611
largest_by_rows,0.4883294701576233
largest_by_rows,0.47977346181869507
largest_by_rows,0.44766491651535034
largest_by_rows,0.4107436537742615
largest_by_rows,0.5873236060142517
largest_by_rows,0.4809458553791046
largest_by_rows,0.619070291519165
largest_by_rows,0.48414891958236694
largest_by_rows,0.5898787379264832
largest_by_rows,0.6053685545921326
largest_by_rows,0.45259177684783936
largest_by_rows,0.4689587950706482
largest_by_rows,0.5670036673545837
largest_by_rows,0.4808465540409088
largest_by_rows,0.42952030897140503
largest_by_rows,0.5542058348655701
largest_by_rows,0.45970457792282104
largest_by_rows,0.3754720389842987
largest_by_rows,0.3548347055912018
largest_by_rows,0.5575854778289795
largest_by_rows,0.6290539503097534
largest_by_rows,0.35457491874694824
largest_by_rows,0.44153720140457153
largest_by_rows,0.6627265214920044
largest_by_rows,0.41139745712280273
largest_by_rows,0.5268344283103943
largest_by_rows,0.48315566778182983
largest_by_rows,0.5159444808959961
largest_by_rows,0.534887969493866
largest_by_rows,0.7265950441360474
largest_by_rows,0.5020577907562256
largest_by_rows,0.5428160429000854
largest_by_rows,0.5262147188186646
largest_by_rows,0.5021490454673767
largest_by_rows,0.4863148629665375
largest_by_rows,0.4711554944515228
largest_by_rows,0.39485442638397217
largest_by_rows,0.36556655168533325
largest_by_rows,0.6885799765586853
largest_by_rows,0.42559611797332764
largest_by_rows,0.44363629817962646
largest_by_rows,0.3827351927757263
largest_by_rows,0.35245877504348755
largest_by_rows,0.35972508788108826
largest_by_rows,0.3621733784675598
largest_by_rows,0.37401965260505676
largest_by_rows,0.4970119893550873
largest_by_rows,0.5843361616134644
largest_by_rows,0.5817605257034302
largest_by_rows,0.5171557068824768
largest_by_rows,0.40245726704597473
largest_by_rows,0.4050397276878357
largest_by_rows,0.4101473093032837
largest_by_rows,0.5293936133384705
largest_by_rows,0.5070457458496094
largest_by_rows,0.45665156841278076
largest_by_rows,0.4846346378326416
largest_by_rows,0.41864103078842163
largest_by_rows,0.38272950053215027
largest_by_rows,0.4673633575439453
largest_by_rows,0.523504912853241
largest_by_rows,0.572623074054718
largest_by_rows,0.44666334986686707
largest_by_rows,0.43236202001571655
largest_by_rows,0.542877197265625
largest_by_rows,0.5984339714050293
largest_by_rows,0.595493733882904
largest_by_rows,0.5476067066192627
largest_by_rows,0.5795877575874329
largest_by_rows,0.5160882472991943
largest_by_rows,0.6248831748962402
largest_by_rows,0.5205545425415039
largest_by_rows,0.4275144338607788
largest_by_rows,0.4538061320781708
largest_by_rows,0.5572336912155151
largest_by_rows,0.4630562663078308
largest_by_rows,0.5672508478164673
largest_by_rows,0.541312575340271
largest_by_rows,0.4813382029533386
largest_by_rows,0.5067257881164551
largest_by_rows,0.4895981550216675
largest_by_rows,0.48905137181282043
largest_by_rows,0.45655423402786255
largest_by_rows,0.3721737265586853
largest_by_rows,0.5710408687591553
largest_by_rows,0.4572347104549408
largest_by_rows,0.5307903289794922
largest_by_rows,0.5143457651138306
largest_by_rows,0.4271395206451416
largest_by_rows,0.5419298410415649
largest_by_rows,0.3694246709346771
largest_by_rows,0.49364733695983887
largest_by_rows,0.5835869312286377
largest_by_rows,0.6431057453155518
largest_by_rows,0.40995684266090393
largest_by_rows,0.493594765663147
largest_by_rows,0.5332859754562378
largest_by_rows,0.4943636953830719
largest_by_rows,0.5262863039970398
largest_by_rows,0.646641731262207
largest_by_rows,0.702076256275177
largest_by_rows,0.47671353816986084
largest_by_rows,0.4946826696395874
largest_by_rows,0.41171470284461975
largest_by_rows,0.6248630881309509
largest_by_rows,0.5553070902824402
largest_by_rows,0.553894579410553
largest_by_rows,0.5708287358283997
largest_by_rows,0.5973684191703796
largest_by_rows,0.5321220755577087
largest_by_rows,0.6095709204673767
largest_by_rows,0.7072622179985046
largest_by_rows,0.5655138492584229
largest_by_rows,0.5950847268104553
largest_by_rows,0.5499700307846069
largest_by_rows,0.5853773951530457
largest_by_rows,0.4245573878288269
largest_by_rows,0.4837532639503479
largest_by_rows,0.5355061292648315
largest_by_rows,0.38109686970710754
largest_by_rows,0.44554588198661804
largest_by_rows,0.711840033531189
largest_by_rows,0.514769434928894
largest_by_rows,0.5762672424316406
largest_by_rows,0.4681118428707123
largest_by_rows,0.41895416378974915
largest_by_rows,0.4586647152900696
largest_by_rows,0.5571246147155762
largest_by_rows,0.4714752435684204
largest_by_rows,0.5869165062904358
largest_by_rows,0.4357064962387085
largest_by_rows,0.5135316848754883
largest_by_rows,0.4534189701080322
largest_by_rows,0.4458148777484894
largest_by_rows,0.45013636350631714
largest_by_rows,0.5060242414474487
largest_by_rows,0.49560827016830444
largest_by_rows,0.4997497797012329
largest_by_rows,0.4472770094871521
largest_by_rows,0.4536561369895935
largest_by_rows,0.5098888874053955
largest_by_rows,0.43317800760269165
largest_by_rows,0.4359314441680908
largest_by_rows,0.4484784007072449
largest_by_rows,0.4044220447540283
largest_by_rows,0.3973066508769989
largest_by_rows,0.44292542338371277
largest_by_rows,0.589657187461853
largest_by_rows,0.5334027409553528
largest_by_rows,0.6439099311828613
largest_by_rows,0.4369012713432312
largest_by_rows,0.6091114282608032
largest_by_rows,0.4128827750682831
largest_by_rows,0.47606027126312256
largest_by_rows,0.4545106589794159
largest_by_rows,0.5357212424278259
largest_by_rows,0.38705453276634216
largest_by_rows,0.4568192958831787
largest_by_rows,0.523863673210144
largest_by_rows,0.3920081555843353
largest_by_rows,0.5181269645690918
largest_by_rows,0.4937078356742859
largest_by_rows,0.3907929062843323
largest_by_rows,0.5646003484725952
largest_by_rows,0.45054173469543457
largest_by_rows,0.4380335211753845
largest_by_rows,0.6580795049667358
largest_by_rows,0.6540660858154297
largest_by_rows,0.3661457300186157
largest_by_rows,0.541289746761322
largest_by_rows,0.42893490195274353
largest_by_rows,0.38712671399116516
largest_by_rows,0.4649130702018738
largest_by_rows,0.47869873046875
largest_by_rows,0.35505589842796326
largest_by_rows,0.440178781747818
largest_by_rows,0.4779110252857208
largest_by_rows,0.6392340660095215
largest_by_rows,0.6491826176643372
largest_by_rows,0.6565510034561157
largest_by_rows,0.5700497627258301
largest_by_rows,0.5012359023094177
largest_by_rows,0.4026239216327667
largest_by_rows,0.5387956500053406
largest_by_rows,0.3462173342704773
largest_by_rows,0.47893401980400085
largest_by_rows,0.8323410153388977
largest_by_rows,0.44983065128326416
largest_by_rows,0.560262143611908
largest_by_rows,0.4630853235721588
largest_by_rows,0.481364905834198
largest_by_rows,0.47001951932907104
largest_by_rows,0.41169077157974243
largest_by_rows,0.5377787947654724
largest_by_rows,0.5158790946006775
largest_by_rows,0.6605069637298584
largest_by_rows,0.4199099540710449
largest_by_rows,0.6036406755447388
largest_by_rows,0.6400315761566162
largest_by_rows,0.594563364982605
largest_by_rows,0.7545177340507507
largest_by_rows,0.49031302332878113
largest_by_rows,0.43491750955581665
largest_by_rows,0.5339881777763367
largest_by_rows,0.4660278856754303
largest_by_rows,0.43506568670272827
largest_by_rows,0.5035200715065002
largest_by_rows,0.5696581602096558
largest_by_rows,0.5202136039733887
largest_by_rows,0.5140523910522461
largest_by_rows,0.5050535798072815
largest_by_rows,0.6561456322669983
largest_by_rows,0.7000733017921448
largest_by_rows,0.5372693538665771
largest_by_rows,0.4585702121257782
largest_by_rows,0.6223565340042114
largest_by_rows,0.603377640247345
largest_by_rows,0.5836760997772217
largest_by_rows,0.43514126539230347
largest_by_rows,0.6702972054481506
largest_by_rows,0.479579359292984
largest_by_rows,0.5283217430114746
largest_by_rows,0.6170790195465088
largest_by_rows,0.4230707883834839
largest_by_rows,0.5118229389190674
largest_by_rows,0.48008936643600464
largest_by_rows,0.4384191036224365
largest_by_rows,0.3962535858154297
largest_by_rows,0.5332791805267334
largest_by_rows,0.542337954044342
largest_by_rows,0.5506653785705566
largest_by_rows,0.5245379209518433
largest_by_rows,0.48926371335983276
largest_by_rows,0.4378587007522583
largest_by_rows,0.29807567596435547
largest_by_rows,0.3350142538547516
largest_by_rows,0.45797908306121826
largest_by_rows,0.4451241195201874
largest_by_rows,0.43155142664909363
largest_by_rows,0.4282985329627991
largest_by_rows,0.8386382460594177
largest_by_rows,0.4389837384223938
largest_by_rows,0.43508824706077576
largest_by_rows,0.47492462396621704
largest_by_rows,0.4877048432826996
largest_by_rows,0.5172730684280396
largest_by_rows,0.8701545000076294
largest_by_rows,0.3743577301502228
largest_by_rows,0.454818993806839
largest_by_rows,0.8500904440879822
largest_by_rows,0.4362865686416626
largest_by_rows,0.3508732318878174
largest_by_rows,0.6117556691169739
largest_by_rows,0.32752400636672974
largest_by_rows,0.6513301730155945
largest_by_rows,0.5393545031547546
largest_by_rows,0.511428952217102
largest_by_rows,0.8176015019416809
largest_by_rows,0.41734299063682556
largest_by_rows,0.38125282526016235
largest_by_rows,0.5027433633804321
largest_by_rows,0.47119563817977905
largest_by_rows,0.4871182441711426
largest_by_rows,0.5472533702850342
largest_by_rows,0.4821455776691437
largest_by_rows,0.4611765742301941
largest_by_rows,0.44560322165489197
largest_by_rows,0.4698063135147095
largest_by_rows,0.4953675866127014
largest_by_rows,0.5675718784332275
largest_by_rows,0.5115904211997986
largest_by_rows,0.471858412027359
largest_by_rows,0.5054129362106323
largest_by_rows,0.5129909515380859
largest_by_rows,0.4705023765563965
largest_by_rows,0.4782029986381531
largest_by_rows,0.4800660014152527
largest_by_rows,0.5299049615859985
largest_by_rows,0.6640876531600952
largest_by_rows,0.5625019073486328
largest_by_rows,0.7733306288719177
largest_by_rows,0.3904544711112976
largest_by_rows,0.43146228790283203
largest_by_rows,0.46715909242630005
largest_by_rows,0.5022197961807251
largest_by_rows,0.8556060791015625
largest_by_rows,0.3315131962299347
largest_by_rows,0.4246390461921692
largest_by_rows,0.42955949902534485
largest_by_rows,0.44846534729003906
largest_by_rows,0.5138099789619446
largest_by_rows,0.3928193151950836
largest_by_rows,0.4870191514492035
largest_by_rows,0.44739091396331787
largest_by_rows,0.45667651295661926
largest_by_rows,0.8291926383972168
largest_by_rows,0.694515585899353
largest_by_rows,0.40381503105163574
largest_by_rows,0.41788533329963684
largest_by_rows,0.49159419536590576
largest_by_rows,0.3826591968536377
largest_by_rows,0.45177334547042847
largest_by_rows,0.5228745341300964
largest_by_rows,0.6833721995353699
largest_by_rows,0.4939729869365692
largest_by_rows,0.40797337889671326
largest_by_rows,0.579630434513092
largest_by_rows,0.5622729659080505
largest_by_rows,0.6087486147880554
largest_by_rows,0.45718225836753845
largest_by_rows,0.5724331736564636
largest_by_rows,0.38421961665153503
largest_by_rows,0.6331176161766052
largest_by_rows,0.7116533517837524
largest_by_rows,0.5968345403671265
largest_by_rows,0.44787541031837463
largest_by_rows,0.48737525939941406
largest_by_rows,0.4940301775932312
largest_by_rows,0.6507643461227417
largest_by_rows,0.4917585849761963
largest_by_rows,0.5149478912353516
largest_by_rows,0.5824368000030518
largest_by_rows,0.45185133814811707
largest_by_rows,0.40061405301094055
largest_by_rows,0.45006799697875977
largest_by_rows,0.41704100370407104
largest_by_rows,0.43871206045150757
largest_by_rows,0.4250991940498352
largest_by_rows,0.3785678744316101
largest_by_rows,0.41519322991371155
largest_by_rows,0.4120257496833801
largest_by_rows,0.506737232208252
largest_by_rows,0.6643806099891663
largest_by_rows,0.644237220287323
largest_by_rows,0.6485145092010498
largest_by_rows,0.5553902387619019
largest_by_rows,0.45492592453956604
largest_by_rows,0.596839189529419
largest_by_rows,0.538040041923523
largest_by_rows,0.5719708204269409
largest_by_rows,0.5756555199623108
largest_by_rows,0.535372793674469
largest_by_rows,0.6987478137016296
largest_by_rows,0.5441829562187195
largest_by_rows,0.5415371656417847
largest_by_rows,0.5088299512863159
largest_by_rows,0.4939506947994232
largest_by_rows,0.5389599800109863
largest_by_rows,0.5228985548019409
largest_by_rows,0.46264350414276123
largest_by_rows,0.3662605881690979
largest_by_rows,0.5679928660392761
largest_by_rows,0.4199290871620178
largest_by_rows,0.5780512094497681
largest_by_rows,0.568569540977478
largest_by_rows,0.5027954578399658
largest_by_rows,0.5333268046379089
largest_by_rows,0.42296791076660156
largest_by_rows,0.38613224029541016
largest_by_rows,0.7499249577522278
largest_by_rows,0.4626402258872986
largest_by_rows,0.5210012793540955
largest_by_rows,0.7901553511619568
largest_by_rows,0.4486054480075836
largest_by_rows,0.397391140460968
largest_by_rows,0.49097931385040283
largest_by_rows,0.7227875590324402
largest_by_rows,0.4499702453613281
largest_by_rows,0.7219280004501343
largest_by_rows,0.703497588634491
largest_by_rows,0.5555458664894104
largest_by_rows,0.4127691388130188
largest_by_rows,0.6859385967254639
largest_by_rows,0.4023420810699463
largest_by_rows,0.4994408190250397
largest_by_rows,0.5074249505996704
largest_by_rows,0.5018540620803833
largest_by_rows,0.5206301212310791
largest_by_rows,0.5020678043365479
largest_by_rows,0.5908874273300171
largest_by_rows,0.4821215271949768
largest_by_rows,0.5046899318695068
largest_by_rows,0.7808263301849365
largest_by_rows,0.40163666009902954
largest_by_rows,0.613262414932251
largest_by_rows,0.5033971071243286
largest_by_rows,0.5585227608680725
largest_by_rows,0.45400717854499817
largest_by_rows,0.4005787968635559
largest_by_rows,0.4037644863128662
largest_by_rows,0.4225226640701294
largest_by_rows,0.41733258962631226
largest_by_rows,0.6001029014587402
largest_by_rows,0.5283486247062683
largest_by_rows,0.38545963168144226
largest_by_rows,0.5789310336112976
largest_by_rows,0.5731126070022583
largest_by_rows,0.554429829120636
largest_by_rows,0.4274912476539612
largest_by_rows,0.5634297728538513
largest_by_rows,0.4358259439468384
largest_by_rows,0.5760719180107117
largest_by_rows,0.5627566576004028
largest_by_rows,0.4660083055496216
largest_by_rows,0.4428943991661072
largest_by_rows,0.4517669081687927
largest_by_rows,0.39886659383773804
largest_by_rows,0.4401105046272278
largest_by_rows,0.5415292382240295
largest_by_rows,0.5674862861633301
largest_by_rows,0.48850610852241516
largest_by_rows,0.4793330132961273
largest_by_rows,0.41353052854537964
largest_by_rows,0.6362662315368652
largest_by_rows,0.5062111616134644
largest_by_rows,0.6778290867805481
largest_by_rows,0.5700236558914185
largest_by_rows,0.40420451760292053
largest_by_rows,0.3843172788619995
largest_by_rows,0.5275924205780029
largest_by_rows,0.4675828218460083
largest_by_rows,0.6155223250389099
largest_by_rows,0.6165667772293091
largest_by_rows,0.6390812993049622
largest_by_rows,0.49981698393821716
largest_by_rows,0.8456324338912964
largest_by_rows,0.5470154881477356
largest_by_rows,0.6401155591011047
largest_by_rows,0.4547831416130066
largest_by_rows,0.5669510960578918
largest_by_rows,0.37749263644218445
largest_by_rows,0.559059739112854
largest_by_rows,0.41241857409477234
largest_by_rows,0.3945297300815582
largest_by_rows,0.5700940489768982
largest_by_rows,0.44583582878112793
largest_by_rows,0.4183863699436188
largest_by_rows,0.48647695779800415
largest_by_rows,0.481609582901001
largest_by_rows,0.5430858135223389
largest_by_rows,0.6170690655708313
largest_by_rows,0.3727797567844391
largest_by_rows,0.5211310386657715
largest_by_rows,0.40332120656967163
largest_by_rows,0.6511956453323364
largest_by_rows,0.6557536125183105
largest_by_rows,0.5320109724998474
largest_by_rows,0.4989035427570343
largest_by_rows,0.5944236516952515
largest_by_rows,0.5968746542930603
largest_by_rows,0.5179561376571655
largest_by_rows,0.5376642942428589
largest_by_rows,0.8461791276931763
largest_by_rows,0.4173561632633209
largest_by_rows,0.5205125212669373
largest_by_rows,0.5471868515014648
largest_by_rows,0.427074134349823
largest_by_rows,0.4589952230453491
largest_by_rows,0.45721566677093506
largest_by_rows,0.70805823802948
largest_by_rows,0.4664698839187622
largest_by_rows,0.49231773614883423
largest_by_rows,0.44086864590644836
largest_by_rows,0.39705151319503784
largest_by_rows,0.4267541766166687
largest_by_rows,0.42000460624694824
largest_by_rows,0.5163477659225464
largest_by_rows,0.616519570350647
largest_by_rows,0.5265706181526184
largest_by_rows,0.4404008388519287
largest_by_rows,0.6650850772857666
largest_by_rows,0.41090264916419983
largest_by_rows,0.5835423469543457
largest_by_rows,0.42254355549812317
largest_by_rows,0.5696581602096558
largest_by_rows,0.5035200715065002
largest_by_rows,0.4359312057495117
largest_by_rows,0.5093016624450684
largest_by_rows,0.43744760751724243
largest_by_rows,0.4771548807621002
largest_by_rows,0.5028852224349976
largest_by_rows,0.38994115591049194
largest_by_rows,0.5075693726539612
largest_by_rows,0.4772036373615265
largest_by_rows,0.4812217354774475
largest_by_rows,0.40722742676734924
largest_by_rows,0.4734644293785095
largest_by_rows,0.37640056014060974
largest_by_rows,0.5981214046478271
largest_by_rows,0.5118387341499329
largest_by_rows,0.5472373962402344
largest_by_rows,0.43185955286026
largest_by_rows,0.580166220664978
largest_by_rows,0.4709835648536682
largest_by_rows,0.5201518535614014
largest_by_rows,0.6459054350852966
largest_by_rows,0.6597208380699158
largest_by_rows,0.3659047782421112
largest_by_rows,0.5802168846130371
largest_by_rows,0.7401509881019592
largest_by_rows,0.6452493667602539
largest_by_rows,0.39426741003990173
largest_by_rows,0.4618813693523407
largest_by_rows,0.5171321630477905
largest_by_rows,0.5698713064193726
largest_by_rows,0.5231869220733643
largest_by_rows,0.5392094850540161
largest_by_rows,0.4153071939945221
largest_by_rows,0.6012823581695557
largest_by_rows,0.5425150990486145
largest_by_rows,0.4041821360588074
largest_by_rows,0.5088066458702087
largest_by_rows,0.48437872529029846
largest_by_rows,0.488978773355484
largest_by_rows,0.45536160469055176
largest_by_rows,0.4245547950267792
largest_by_rows,0.494647741317749
largest_by_rows,0.583716869354248
largest_by_rows,0.46286022663116455
largest_by_rows,0.4150526821613312
largest_by_rows,0.3536084294319153
largest_by_rows,0.4950958490371704
largest_by_rows,0.49132847785949707
largest_by_rows,0.5636486411094666
largest_by_rows,0.5254110097885132
largest_by_rows,0.4431048333644867
largest_by_rows,0.44321203231811523
largest_by_rows,0.46044084429740906
largest_by_rows,0.5904562473297119
largest_by_rows,0.5113937854766846
largest_by_rows,0.48928409814834595
largest_by_rows,0.4400002360343933
largest_by_rows,0.6710736751556396
largest_by_rows,0.6875281929969788
largest_by_rows,0.5081865191459656
largest_by_rows,0.532200276851654
largest_by_rows,0.6110661029815674
largest_by_rows,0.476203054189682
largest_by_rows,0.6514392495155334
largest_by_rows,0.678520143032074
largest_by_rows,0.5015166997909546
largest_by_rows,0.5458612442016602
largest_by_rows,0.4133133292198181
largest_by_rows,0.4618953466415405
largest_by_rows,0.6061758399009705
largest_by_rows,0.4192981719970703
largest_by_rows,0.35266584157943726
largest_by_rows,0.41287150979042053
largest_by_rows,0.5180801749229431
largest_by_rows,0.46689972281455994
largest_by_rows,0.43855440616607666
largest_by_rows,0.5133599638938904
largest_by_rows,0.5655274391174316
largest_by_rows,0.5571736693382263
largest_by_rows,0.5936936140060425
largest_by_rows,0.5128573775291443
largest_by_rows,0.5105537176132202
largest_by_rows,0.5202649831771851
largest_by_rows,0.39940372109413147
largest_by_rows,0.523863673210144
largest_by_rows,0.4330579340457916
largest_by_rows,0.421473890542984
largest_by_rows,0.33019906282424927
largest_by_rows,0.4810781478881836
largest_by_rows,0.44288018345832825
largest_by_rows,0.42608383297920227
largest_by_rows,0.48423078656196594
largest_by_rows,0.624189019203186
largest_by_rows,0.5001325607299805
largest_by_rows,0.6123430728912354
largest_by_rows,0.5340349078178406
largest_by_rows,0.5325103998184204
largest_by_rows,0.4099079370498657
largest_by_rows,0.5569930076599121
largest_by_rows,0.5563026070594788
largest_by_rows,0.5038195252418518
largest_by_rows,0.4390246570110321
largest_by_rows,0.4633271098136902
largest_by_rows,0.43612927198410034
largest_by_rows,0.5217884182929993
largest_by_rows,0.46101295948028564
largest_by_rows,0.42074182629585266
largest_by_rows,0.48640137910842896
largest_by_rows,0.421365350484848
largest_by_rows,0.3442786633968353
largest_by_rows,0.46107688546180725
largest_by_rows,0.4943728744983673
largest_by_rows,0.5127917528152466
largest_by_rows,0.5339465737342834
largest_by_rows,0.6947084665298462
largest_by_rows,0.5549618005752563
largest_by_rows,0.5589920878410339
largest_by_rows,0.41910213232040405
largest_by_rows,0.6028534173965454
largest_by_rows,0.45954686403274536
largest_by_rows,0.6279245615005493
largest_by_rows,0.6467893719673157
largest_by_rows,0.7070541381835938
largest_by_rows,0.524281919002533
largest_by_rows,0.5504264831542969
largest_by_rows,0.5952691435813904
largest_by_rows,0.7006434798240662
largest_by_rows,0.8488340377807617
largest_by_rows,0.7327464818954468
largest_by_rows,0.48683643341064453
largest_by_rows,0.6533904075622559
largest_by_rows,0.6135116815567017
largest_by_rows,0.4533494710922241
largest_by_rows,0.500029981136322
largest_by_rows,0.5003555417060852
largest_by_rows,0.49364233016967773
largest_by_rows,0.5950994491577148
largest_by_rows,0.4520508646965027
largest_by_rows,0.4915887713432312
largest_by_rows,0.5821291208267212
largest_by_rows,0.3802988529205322
largest_by_rows,0.5003972053527832
largest_by_rows,0.376836895942688
largest_by_rows,0.6516633629798889
largest_by_rows,0.3644568920135498
largest_by_rows,0.6641131043434143
largest_by_rows,0.7363086938858032
largest_by_rows,0.5776863694190979
largest_by_rows,0.4655509889125824
largest_by_rows,0.3485434353351593
largest_by_rows,0.6727558970451355
largest_by_rows,0.6409331560134888
largest_by_rows,0.6206627488136292
largest_by_rows,0.4192254841327667
largest_by_rows,0.6997270584106445
largest_by_rows,0.6675219535827637
largest_by_rows,0.7154286503791809
largest_by_rows,0.4925925135612488
largest_by_rows,0.40850263833999634
largest_by_rows,0.48464709520339966
largest_by_rows,0.7242777347564697
largest_by_rows,0.6289051175117493
largest_by_rows,0.4599902331829071
largest_by_rows,0.4954429566860199
largest_by_rows,0.4215124547481537
largest_by_rows,0.48385560512542725
largest_by_rows,0.8101595640182495
largest_by_rows,0.5324239134788513
largest_by_rows,0.6938230395317078
largest_by_rows,0.4978533387184143
largest_by_rows,0.5370041728019714
largest_by_rows,0.49187299609184265
largest_by_rows,0.5010124444961548
largest_by_rows,0.5663766264915466
largest_by_rows,0.38674214482307434
largest_by_rows,0.4145349860191345
largest_by_rows,0.39455562829971313
largest_by_rows,0.4141156077384949
largest_by_rows,0.44939303398132324
largest_by_rows,0.4607224464416504
largest_by_rows,0.388679563999176
largest_by_rows,0.465090811252594
largest_by_rows,0.47523677349090576
largest_by_rows,0.44265037775039673
largest_by_rows,0.46895742416381836
largest_by_rows,0.6425777673721313
largest_by_rows,0.5599225759506226
largest_by_rows,0.39427122473716736
largest_by_rows,0.4503321349620819
largest_by_rows,0.4724661409854889
largest_by_rows,0.49970459938049316
largest_by_rows,0.5507104396820068
largest_by_rows,0.5458195805549622
largest_by_rows,0.4506397545337677
largest_by_rows,0.5538930296897888
largest_by_rows,0.45942339301109314
largest_by_rows,0.47576695680618286
largest_by_rows,0.4545651078224182
largest_by_rows,0.4154539108276367
largest_by_rows,0.42045363783836365
largest_by_rows,0.5295211672782898
largest_by_rows,0.3994259238243103
largest_by_rows,0.34523943066596985
largest_by_rows,0.368939071893692
largest_by_rows,0.470488578081131
largest_by_rows,0.49182823300361633
largest_by_rows,0.8302935361862183
largest_by_rows,0.43828073143959045
largest_by_rows,0.36449891328811646
largest_by_rows,0.46974945068359375
largest_by_rows,0.5668901205062866
largest_by_rows,0.6539893746376038
largest_by_rows,0.47332945466041565
largest_by_rows,0.5443055629730225
largest_by_rows,0.650215744972229
largest_by_rows,0.6078875660896301
largest_by_rows,0.5373277068138123
largest_by_rows,0.46272361278533936
largest_by_rows,0.43160873651504517
largest_by_rows,0.490688681602478
largest_by_rows,0.8347695469856262
largest_by_rows,0.45107176899909973
largest_by_rows,0.5299374461174011
largest_by_rows,0.5087108612060547
largest_by_rows,0.6149587631225586
largest_by_rows,0.6137412190437317
largest_by_rows,0.6648240685462952
largest_by_rows,0.6178796291351318
largest_by_rows,0.5387875437736511
largest_by_rows,0.5417555570602417
largest_by_rows,0.3521612584590912
largest_by_rows,0.4099368751049042
largest_by_rows,0.40892523527145386
largest_by_rows,0.34394514560699463
largest_by_rows,0.4023634195327759
largest_by_rows,0.4758939743041992
largest_by_rows,0.48181942105293274
largest_by_rows,0.8536098003387451
largest_by_rows,0.39323312044143677
largest_by_rows,0.44708675146102905
largest_by_rows,0.49124202132225037
largest_by_rows,0.5181778073310852
largest_by_rows,0.43965739011764526
largest_by_rows,0.4093746840953827
largest_by_rows,0.39532041549682617
largest_by_rows,0.567428708076477
largest_by_rows,0.4310709536075592
largest_by_rows,0.4092347025871277
largest_by_rows,0.5178456902503967
largest_by_rows,0.6303004026412964
largest_by_rows,0.7324886322021484
largest_by_rows,0.4150908887386322
largest_by_rows,0.5646294355392456
largest_by_rows,0.5276637077331543
largest_by_rows,0.45149391889572144
largest_by_rows,0.6732484698295593
largest_by_rows,0.6600635647773743
largest_by_rows,0.460302472114563
largest_by_rows,0.46597903966903687
largest_by_rows,0.4460272192955017
largest_by_rows,0.5332791805267334
largest_by_rows,0.542337954044342
largest_by_rows,0.4957355260848999
largest_by_rows,0.4576575458049774
largest_by_rows,0.5021654963493347
largest_by_rows,0.5513555407524109
largest_by_rows,0.4740535020828247
largest_by_rows,0.47660699486732483
largest_by_rows,0.7285138368606567
largest_by_rows,0.5890185832977295
largest_by_rows,0.44126179814338684
largest_by_rows,0.48294898867607117
largest_by_rows,0.40983322262763977
largest_by_rows,0.49743402004241943
largest_by_rows,0.4453107416629791
largest_by_rows,0.4496369957923889
largest_by_rows,0.44189536571502686
largest_by_rows,0.5319985151290894
largest_by_rows,0.5888743996620178
largest_by_rows,0.5482546091079712
largest_by_rows,0.5672453045845032
largest_by_rows,0.48073726892471313
largest_by_rows,0.4990500807762146
largest_by_rows,0.4411790668964386
largest_by_rows,0.49684572219848633
largest_by_rows,0.4808594882488251
largest_by_rows,0.7145982384681702
largest_by_rows,0.6375440359115601
largest_by_rows,0.7625521421432495
largest_by_rows,0.542337954044342
largest_by_rows,0.5294989347457886
largest_by_rows,0.49765175580978394
largest_by_rows,0.3735681474208832
largest_by_rows,0.48170021176338196
largest_by_rows,0.5573482513427734
largest_by_rows,0.4907613694667816
largest_by_rows,0.42823150753974915
largest_by_rows,0.3874269723892212
largest_by_rows,0.5049901008605957
largest_by_rows,0.5583621263504028
largest_by_rows,0.596166729927063
largest_by_rows,0.5611826181411743
largest_by_rows,0.4033370018005371
largest_by_rows,0.44129499793052673
largest_by_rows,0.4828559160232544
largest_by_rows,0.5447454452514648
largest_by_rows,0.5353361964225769
largest_by_rows,0.7003724575042725
largest_by_rows,0.4566555619239807
largest_by_rows,0.468694806098938
largest_by_rows,0.4514216184616089
largest_by_rows,0.7311124801635742
largest_by_rows,0.5733371376991272
largest_by_rows,0.48373138904571533
largest_by_rows,0.4490741193294525
largest_by_rows,0.8557529449462891
largest_by_rows,0.5725532174110413
largest_by_rows,0.5383001565933228
largest_by_rows,0.5363056063652039
largest_by_rows,0.48254305124282837
largest_by_rows,0.5062389969825745
largest_by_rows,0.4794684648513794
largest_by_rows,0.6651583313941956
largest_by_rows,0.6400954723358154
largest_by_rows,0.5222694873809814
largest_by_rows,0.427291601896286
largest_by_rows,0.634654700756073
largest_by_rows,0.4218883812427521
largest_by_rows,0.6758695840835571
largest_by_rows,0.46169257164001465
largest_by_rows,0.508354902267456
largest_by_rows,0.6449819803237915
largest_by_rows,0.7524762749671936
largest_by_rows,0.4579481780529022
largest_by_rows,0.4555545449256897
largest_by_rows,0.4503575563430786
largest_by_rows,0.4458928108215332
largest_by_rows,0.42026668787002563
largest_by_rows,0.4494314193725586
largest_by_rows,0.4713938236236572
largest_by_rows,0.45324259996414185
largest_by_rows,0.4061887264251709
largest_by_rows,0.4577789306640625
largest_by_rows,0.531636655330658
largest_by_rows,0.4486314654350281
largest_by_rows,0.8495148420333862
largest_by_rows,0.4752086400985718
largest_by_rows,0.48129701614379883
largest_by_rows,0.5626221299171448
largest_by_rows,0.7323949337005615
largest_by_rows,0.4358646273612976
largest_by_rows,0.7300277352333069
largest_by_rows,0.8023834228515625
largest_by_rows,0.45572566986083984
largest_by_rows,0.5365256667137146
largest_by_rows,0.44396138191223145
largest_by_rows,0.41800713539123535
largest_by_rows,0.5348330736160278
largest_by_rows,0.5010279417037964
largest_by_rows,0.4782170355319977
largest_by_rows,0.5598901510238647
largest_by_rows,0.4425041079521179
largest_by_rows,0.42935144901275635
largest_by_rows,0.48023685812950134
largest_by_rows,0.5091596841812134
largest_by_rows,0.3859159052371979
largest_by_rows,0.43936946988105774
largest_by_rows,0.5700795650482178
largest_by_rows,0.6132485270500183
largest_by_rows,0.5371112823486328
largest_by_rows,0.3777514100074768
largest_by_rows,0.4625381529331207
largest_by_rows,0.5213934183120728
largest_by_rows,0.5718370676040649
largest_by_rows,0.6080062389373779
largest_by_rows,0.39238375425338745
largest_by_rows,0.7688075304031372
largest_by_rows,0.8405535221099854
largest_by_rows,0.5849723815917969
largest_by_rows,0.5605430603027344
largest_by_rows,0.4306879937648773
largest_by_rows,0.6760454773902893
largest_by_rows,0.4108295440673828
largest_by_rows,0.5596217513084412
largest_by_rows,0.47357848286628723
largest_by_rows,0.5417417287826538
largest_by_rows,0.6432521343231201
largest_by_rows,0.4339412450790405
largest_by_rows,0.39561933279037476
largest_by_rows,0.4521702826023102
largest_by_rows,0.46934664249420166
largest_by_rows,0.4782586991786957
largest_by_rows,0.4571128487586975
largest_by_rows,0.6706304550170898
largest_by_rows,0.6746812462806702
largest_by_rows,0.5962775945663452
largest_by_rows,0.3427090644836426
largest_by_rows,0.47164186835289
largest_by_rows,0.5452721118927002
largest_by_rows,0.6649734973907471
largest_by_rows,0.4121233820915222
largest_by_rows,0.5336733460426331
largest_by_rows,0.482090026140213
largest_by_rows,0.43555712699890137
largest_by_rows,0.43938347697257996
largest_by_rows,0.4507955014705658
largest_by_rows,0.4132194221019745
largest_by_rows,0.4648963212966919
largest_by_rows,0.5031181573867798
largest_by_rows,0.44144946336746216
largest_by_rows,0.4727391302585602
largest_by_rows,0.4765051305294037
largest_by_rows,0.6050927042961121
largest_by_rows,0.4165462255477905
largest_by_rows,0.4233303368091583
largest_by_rows,0.38661012053489685
largest_by_rows,0.5465130805969238
largest_by_rows,0.6523799896240234
largest_by_rows,0.5035200715065002
largest_by_rows,0.5696581602096558
largest_by_rows,0.4658777713775635
largest_by_rows,0.5936241149902344
largest_by_rows,0.6459246277809143
largest_by_rows,0.4884065091609955
largest_by_rows,0.4676017165184021
largest_by_rows,0.7128831148147583
largest_by_rows,0.5184379816055298
largest_by_rows,0.693629264831543
largest_by_rows,0.4130052626132965
largest_by_rows,0.4546941816806793
largest_by_rows,0.4108155071735382
largest_by_rows,0.547669529914856
largest_by_rows,0.6097327470779419
largest_by_rows,0.5122420787811279
largest_by_rows,0.4177287518978119
largest_by_rows,0.39909684658050537
largest_by_rows,0.40127456188201904
largest_by_rows,0.8173775672912598
largest_by_rows,0.5781046748161316
largest_by_rows,0.5298070311546326
largest_by_rows,0.40865272283554077
largest_by_rows,0.49766552448272705
largest_by_rows,0.8380340337753296
largest_by_rows,0.633273720741272
largest_by_rows,0.45447272062301636
largest_by_rows,0.5954785346984863
largest_by_rows,0.641391932964325
largest_by_rows,0.6693882346153259
largest_by_rows,0.6403204202651978
largest_by_rows,0.5923876166343689
largest_by_rows,0.553916335105896
largest_by_rows,0.3861457407474518
largest_by_rows,0.702125608921051
largest_by_rows,0.7208210825920105
largest_by_rows,0.7352733016014099
largest_by_rows,0.40269729495048523
largest_by_rows,0.6548089385032654
largest_by_rows,0.5164754986763
largest_by_rows,0.607664942741394
largest_by_rows,0.4461936056613922
largest_by_rows,0.649925947189331
largest_by_rows,0.6574407815933228
largest_by_rows,0.6378757953643799
largest_by_rows,0.35566985607147217
largest_by_rows,0.5125554203987122
largest_by_rows,0.5505257248878479
largest_by_rows,0.5685278177261353
largest_by_rows,0.8655017018318176
largest_by_rows,0.4383484125137329
largest_by_rows,0.5381487011909485
largest_by_rows,0.41446974873542786
largest_by_rows,0.5149473547935486
largest_by_rows,0.6802904605865479
largest_by_rows,0.8375124931335449
largest_by_rows,0.6428074240684509
largest_by_rows,0.526020348072052
largest_by_rows,0.7272295355796814
largest_by_rows,0.620810329914093
largest_by_rows,0.8130755424499512
largest_by_rows,0.6302529573440552
largest_by_rows,0.40654996037483215
largest_by_rows,0.49896928668022156
largest_by_rows,0.4917652904987335
largest_by_rows,0.46795210242271423
largest_by_rows,0.5142459869384766
largest_by_rows,0.5453447103500366
largest_by_rows,0.5762116312980652
largest_by_rows,0.637262225151062
largest_by_rows,0.6813824772834778
largest_by_rows,0.4744277000427246
largest_by_rows,0.522973358631134
largest_by_rows,0.5414824485778809
largest_by_rows,0.5042089819908142
largest_by_rows,0.5368819832801819
largest_by_rows,0.5694467425346375
largest_by_rows,0.843533992767334
largest_by_rows,0.5173710584640503
largest_by_rows,0.4066734313964844
largest_by_rows,0.4435577988624573
largest_by_rows,0.45921823382377625
largest_by_rows,0.8565937876701355
largest_by_rows,0.4062191843986511
largest_by_rows,0.8451931476593018
largest_by_rows,0.7166646718978882
largest_by_rows,0.6586517095565796
largest_by_rows,0.5250385999679565
largest_by_rows,0.4694882333278656
largest_by_rows,0.41694900393486023
largest_by_rows,0.399914413690567
largest_by_rows,0.5911917090415955
largest_by_rows,0.6406513452529907
largest_by_rows,0.4318455457687378
largest_by_rows,0.3483788073062897
largest_by_rows,0.45325398445129395
largest_by_rows,0.38388410210609436
largest_by_rows,0.3870837092399597
largest_by_rows,0.4391856789588928
largest_by_rows,0.5427099466323853
largest_by_rows,0.4688950777053833
largest_by_rows,0.4151874780654907
largest_by_rows,0.494248628616333
largest_by_rows,0.440942645072937
largest_by_rows,0.4870022237300873
largest_by_rows,0.8138579726219177
largest_by_rows,0.498104989528656
largest_by_rows,0.5738288164138794
largest_by_rows,0.5255070328712463
largest_by_rows,0.5735819935798645
largest_by_rows,0.533873438835144
largest_by_rows,0.5869208574295044
largest_by_rows,0.571916401386261
largest_by_rows,0.5426841378211975
largest_by_rows,0.7806723713874817
largest_by_rows,0.7625521421432495
largest_by_rows,0.5332791805267334
largest_by_rows,0.542337954044342
largest_by_rows,0.4529767334461212
largest_by_rows,0.5163084864616394
largest_by_rows,0.80907142162323
largest_by_rows,0.7781455516815186
largest_by_rows,0.5607893466949463
largest_by_rows,0.6027418971061707
largest_by_rows,0.4930669665336609
largest_by_rows,0.4007551074028015
largest_by_rows,0.4298584759235382
largest_by_rows,0.7843831777572632
largest_by_rows,0.3816753029823303
largest_by_rows,0.6214665770530701
largest_by_rows,0.4790693521499634
largest_by_rows,0.5977919101715088
largest_by_rows,0.43787258863449097
largest_by_rows,0.5856901407241821
largest_by_rows,0.41354361176490784
largest_by_rows,0.40155622363090515
largest_by_rows,0.4371919333934784
largest_by_rows,0.6223690509796143
largest_by_rows,0.47243839502334595
largest_by_rows,0.8549951314926147
largest_by_rows,0.5480352640151978
largest_by_rows,0.5743266940116882
largest_by_rows,0.5398850440979004
largest_by_rows,0.6048088073730469
largest_by_rows,0.7357423901557922
largest_by_rows,0.7236248254776001
largest_by_rows,0.7242342233657837
largest_by_rows,0.761769711971283
largest_by_rows,0.6177229285240173
largest_by_rows,0.5849542021751404
largest_by_rows,0.6979616284370422
largest_by_rows,0.7117616534233093
largest_by_rows,0.6844998598098755
largest_by_rows,0.7552766799926758
largest_by_rows,0.5785329937934875
largest_by_rows,0.6702526807785034
largest_by_rows,0.5505825877189636
largest_by_rows,0.7227616310119629
largest_by_rows,0.5355815887451172
largest_by_rows,0.6642367839813232
largest_by_rows,0.719269871711731
largest_by_rows,0.7144694328308105
largest_by_rows,0.5248813033103943
largest_by_rows,0.6908440589904785
largest_by_rows,0.7306158542633057
largest_by_rows,0.6509200930595398
largest_by_rows,0.5513956546783447
largest_by_rows,0.7673438787460327
largest_by_rows,0.6587671041488647
largest_by_rows,0.7209637761116028
largest_by_rows,0.7188092470169067
largest_by_rows,0.7643437385559082
largest_by_rows,0.7531935572624207
largest_by_rows,0.71331787109375
largest_by_rows,0.7589054703712463
largest_by_rows,0.6231263279914856
largest_by_rows,0.782653272151947
largest_by_rows,0.7305107116699219
largest_by_rows,0.7643715143203735
largest_by_rows,0.6255674958229065
largest_by_rows,0.7140020728111267
largest_by_rows,0.7315702438354492
largest_by_rows,0.6937828660011292
largest_by_rows,0.5925607681274414
largest_by_rows,0.46145379543304443
largest_by_rows,0.4998738169670105
largest_by_rows,0.4459345042705536
largest_by_rows,0.57952481508255
largest_by_rows,0.4824245572090149
largest_by_rows,0.45799124240875244
largest_by_rows,0.5011218786239624
largest_by_rows,0.5728746652603149
largest_by_rows,0.4520089626312256
largest_by_rows,0.4126542806625366
largest_by_rows,0.575879693031311
largest_by_rows,0.5899760723114014
largest_by_rows,0.5760617256164551
largest_by_rows,0.3879969120025635
largest_by_rows,0.564392626285553
largest_by_rows,0.5339537858963013
largest_by_rows,0.5133751034736633
largest_by_rows,0.5165951251983643
largest_by_rows,0.7817785739898682
largest_by_rows,0.5193474292755127
largest_by_rows,0.5433511734008789
largest_by_rows,0.577680230140686
largest_by_rows,0.644237220287323
largest_by_rows,0.6056267023086548
largest_by_rows,0.4846157431602478
largest_by_rows,0.7346641421318054
largest_by_rows,0.39592161774635315
largest_by_rows,0.4747830927371979
largest_by_rows,0.42757055163383484
largest_by_rows,0.3309221863746643
largest_by_rows,0.3398182988166809
largest_by_rows,0.4059389531612396
largest_by_rows,0.3429132401943207
largest_by_rows,0.4122006893157959
largest_by_rows,0.4046703279018402
largest_by_rows,0.3557549715042114
largest_by_rows,0.5234497785568237
largest_by_rows,0.484138160943985
largest_by_rows,0.44074195623397827
largest_by_rows,0.47459807991981506
largest_by_rows,0.5884923338890076
largest_by_rows,0.5191946625709534
largest_by_rows,0.4735376536846161
largest_by_rows,0.5665469169616699
largest_by_rows,0.494975745677948
largest_by_rows,0.6877586245536804
largest_by_rows,0.7026631236076355
largest_by_rows,0.4561305046081543
largest_by_rows,0.47353148460388184
largest_by_rows,0.5500344634056091
largest_by_rows,0.4390363097190857
largest_by_rows,0.46619826555252075
largest_by_rows,0.5459341406822205
largest_by_rows,0.5105003714561462
largest_by_rows,0.5490654706954956
largest_by_rows,0.4367871880531311
largest_by_rows,0.6883847713470459
largest_by_rows,0.5660334825515747
largest_by_rows,0.41586819291114807
largest_by_rows,0.5897712111473083
largest_by_rows,0.4008174240589142
largest_by_rows,0.4652596712112427
largest_by_rows,0.3826531171798706
largest_by_rows,0.509944498538971
largest_by_rows,0.7297108769416809
largest_by_rows,0.6308388113975525
largest_by_rows,0.460849404335022
largest_by_rows,0.4375528395175934
largest_by_rows,0.4709070324897766
largest_by_rows,0.4585471451282501
largest_by_rows,0.4726411700248718
largest_by_rows,0.5934029817581177
largest_by_rows,0.6944235563278198
largest_by_rows,0.4057263731956482
largest_by_rows,0.4454939365386963
largest_by_rows,0.5661646723747253
largest_by_rows,0.5301782488822937
largest_by_rows,0.6910417675971985
largest_by_rows,0.6711251139640808
largest_by_rows,0.6249854564666748
largest_by_rows,0.6344927549362183
largest_by_rows,0.5380988717079163
largest_by_rows,0.5463618636131287
largest_by_rows,0.48555007576942444
largest_by_rows,0.4434953033924103
largest_by_rows,0.5356315970420837
largest_by_rows,0.6551886796951294
largest_by_rows,0.49436646699905396
largest_by_rows,0.6093588471412659
largest_by_rows,0.5949736833572388
largest_by_rows,0.5060473680496216
largest_by_rows,0.57789146900177
largest_by_rows,0.4363595247268677
largest_by_rows,0.5488240122795105
largest_by_rows,0.6699644923210144
largest_by_rows,0.5470367670059204
largest_by_rows,0.5525060296058655
largest_by_rows,0.5695179104804993
largest_by_rows,0.5297459363937378
largest_by_rows,0.436515748500824
largest_by_rows,0.44443702697753906
largest_by_rows,0.5875833630561829
largest_by_rows,0.619576632976532
largest_by_rows,0.4974534809589386
largest_by_rows,0.45937472581863403
largest_by_rows,0.5947667956352234
largest_by_rows,0.5628825426101685
largest_by_rows,0.5527904033660889
largest_by_rows,0.480607807636261
largest_by_rows,0.4795582890510559
largest_by_rows,0.6695677042007446
largest_by_rows,0.5428728461265564
largest_by_rows,0.5910225510597229
largest_by_rows,0.5192232728004456
largest_by_rows,0.5643784999847412
largest_by_rows,0.5423488616943359
largest_by_rows,0.5368356108665466
largest_by_rows,0.6449087262153625
largest_by_rows,0.5679535865783691
largest_by_rows,0.5025749206542969
largest_by_rows,0.45496875047683716
largest_by_rows,0.5083993673324585
largest_by_rows,0.4601088762283325
largest_by_rows,0.3912767767906189
largest_by_rows,0.41946205496788025
largest_by_rows,0.42603689432144165
largest_by_rows,0.5184935927391052
largest_by_rows,0.41280728578567505
largest_by_rows,0.4404594600200653
largest_by_rows,0.3470101058483124
largest_by_rows,0.40466228127479553
largest_by_rows,0.34981444478034973
largest_by_rows,0.4306477904319763
largest_by_rows,0.43664315342903137
largest_by_rows,0.5340613126754761
largest_by_rows,0.4448201656341553
largest_by_rows,0.43471819162368774
largest_by_rows,0.4623676836490631
largest_by_rows,0.40847936272621155
largest_by_rows,0.4111081659793854
largest_by_rows,0.3922452926635742
largest_by_rows,0.489041268825531
largest_by_rows,0.4213853180408478
largest_by_rows,0.3655506372451782
largest_by_rows,0.4622794985771179
largest_by_rows,0.4270433485507965
largest_by_rows,0.3929518759250641
largest_by_rows,0.4251040816307068
largest_by_rows,0.454205185174942
largest_by_rows,0.40534132719039917
largest_by_rows,0.865016520023346
largest_by_rows,0.4736926853656769
largest_by_rows,0.647333562374115
largest_by_rows,0.6714262962341309
largest_by_rows,0.5215592384338379
largest_by_rows,0.47116953134536743
largest_by_rows,0.5221590995788574
largest_by_rows,0.5337716341018677
largest_by_rows,0.5573557615280151
largest_by_rows,0.5433690547943115
largest_by_rows,0.5849968791007996
largest_by_rows,0.49423426389694214
largest_by_rows,0.5018866062164307
largest_by_rows,0.6499377489089966
largest_by_rows,0.6334218978881836
largest_by_rows,0.5197474956512451
largest_by_rows,0.44832977652549744
largest_by_rows,0.5174380540847778
largest_by_rows,0.5497630834579468
largest_by_rows,0.46455031633377075
largest_by_rows,0.5078732371330261
largest_by_rows,0.5696890950202942
largest_by_rows,0.5621618032455444
largest_by_rows,0.5495173931121826
largest_by_rows,0.4635123610496521
largest_by_rows,0.5674458146095276
largest_by_rows,0.4319237768650055
largest_by_rows,0.5562902092933655
largest_by_rows,0.6488309502601624
largest_by_rows,0.598238468170166
largest_by_rows,0.5543003678321838
largest_by_rows,0.5703393816947937
largest_by_rows,0.5146022439002991
largest_by_rows,0.4390327036380768
largest_by_rows,0.7295283079147339
largest_by_rows,0.5651835203170776
largest_by_rows,0.42384785413742065
largest_by_rows,0.5367246866226196
largest_by_rows,0.354557603597641
largest_by_rows,0.3840891718864441
largest_by_rows,0.7689133882522583
largest_by_rows,0.34949004650115967
largest_by_rows,0.5957560539245605
largest_by_rows,0.4163965880870819
largest_by_rows,0.40448591113090515
largest_by_rows,0.521575391292572
largest_by_rows,0.5469222068786621
largest_by_rows,0.416023313999176
largest_by_rows,0.39023855328559875
largest_by_rows,0.4666704833507538
largest_by_rows,0.6294573545455933
largest_by_rows,0.5045760273933411
largest_by_rows,0.4473920464515686
largest_by_rows,0.5295345783233643
largest_by_rows,0.4969622790813446
largest_by_rows,0.49830394983291626
largest_by_rows,0.5088996291160583
largest_by_rows,0.5983716249465942
largest_by_rows,0.5369455218315125
largest_by_rows,0.46306532621383667
largest_by_rows,0.6430310010910034
largest_by_rows,0.6798264980316162
largest_by_rows,0.46928730607032776
largest_by_rows,0.4034461975097656
largest_by_rows,0.44120240211486816
largest_by_rows,0.4052342176437378
largest_by_rows,0.417951375246048
largest_by_rows,0.5922473073005676
largest_by_rows,0.5388931035995483
largest_by_rows,0.8371223211288452
largest_by_rows,0.44447410106658936
largest_by_rows,0.7934256196022034
largest_by_rows,0.5448826551437378
largest_by_rows,0.5222539901733398
largest_by_rows,0.43541112542152405
largest_by_rows,0.5763660073280334
largest_by_rows,0.6297956109046936
largest_by_rows,0.6449041366577148
largest_by_rows,0.5662634372711182
largest_by_rows,0.5465748906135559
largest_by_rows,0.4964866638183594
largest_by_rows,0.35411596298217773
largest_by_rows,0.4323878884315491
largest_by_rows,0.45289596915245056
largest_by_rows,0.5505293011665344
largest_by_rows,0.5733494162559509
largest_by_rows,0.49933210015296936
largest_by_rows,0.5821552276611328
largest_by_rows,0.37707456946372986
largest_by_rows,0.5376726984977722
largest_by_rows,0.6707556247711182
largest_by_rows,0.5462347269058228
largest_by_rows,0.49196696281433105
largest_by_rows,0.677716076374054
largest_by_rows,0.5129712224006653
largest_by_rows,0.38671359419822693
largest_by_rows,0.5479515194892883
largest_by_rows,0.5702918171882629
largest_by_rows,0.5551305413246155
largest_by_rows,0.5618728399276733
largest_by_rows,0.6383970975875854
largest_by_rows,0.49042317271232605
largest_by_rows,0.44421857595443726
largest_by_rows,0.4539243280887604
largest_by_rows,0.5187299847602844
largest_by_rows,0.5228182673454285
largest_by_rows,0.49281880259513855
largest_by_rows,0.35968533158302307
largest_by_rows,0.4022200107574463
largest_by_rows,0.46502238512039185
largest_by_rows,0.44558975100517273
largest_by_rows,0.3685412108898163
largest_by_rows,0.47396448254585266
largest_by_rows,0.40661436319351196
largest_by_rows,0.4992808997631073
largest_by_rows,0.4770405888557434
largest_by_rows,0.4255557656288147
largest_by_rows,0.6212860345840454
largest_by_rows,0.4993683993816376
largest_by_rows,0.5584690570831299
largest_by_rows,0.5620473623275757
largest_by_rows,0.6518936157226562
largest_by_rows,0.657858669757843
largest_by_rows,0.49690473079681396
largest_by_rows,0.5173041820526123
largest_by_rows,0.6180055141448975
largest_by_rows,0.4453197419643402
largest_by_rows,0.4521637558937073
largest_by_rows,0.47134995460510254
largest_by_rows,0.4209080636501312
largest_by_rows,0.5017659664154053
largest_by_rows,0.8104323744773865
largest_by_rows,0.46389561891555786
largest_by_rows,0.7011568546295166
largest_by_rows,0.6201198101043701
largest_by_rows,0.4908685088157654
largest_by_rows,0.5666808485984802
largest_by_rows,0.401581734418869
largest_by_rows,0.5305046439170837
largest_by_rows,0.5608065128326416
largest_by_rows,0.49364593625068665
largest_by_rows,0.4420682191848755
largest_by_rows,0.47222667932510376
largest_by_rows,0.5391022562980652
largest_by_rows,0.5723058581352234
largest_by_rows,0.4941885471343994
largest_by_rows,0.4505991041660309
largest_by_rows,0.48480692505836487
largest_by_rows,0.6367472410202026
largest_by_rows,0.5605651140213013
largest_by_rows,0.3471319079399109
largest_by_rows,0.6133579611778259
largest_by_rows,0.5299592614173889
largest_by_rows,0.49895820021629333
largest_by_rows,0.6684216856956482
largest_by_rows,0.6973102688789368
largest_by_rows,0.5070882439613342
largest_by_rows,0.4492506682872772
largest_by_rows,0.5951178073883057
largest_by_rows,0.38333311676979065
largest_by_rows,0.5043103694915771
largest_by_rows,0.3912576138973236
largest_by_rows,0.5116015076637268
largest_by_rows,0.6260890960693359
largest_by_rows,0.4701381027698517
largest_by_rows,0.5355569124221802
largest_by_rows,0.5215113759040833
largest_by_rows,0.4432855546474457
largest_by_rows,0.541691780090332
largest_by_rows,0.4102180600166321
largest_by_rows,0.4066648483276367
largest_by_rows,0.3916721045970917
largest_by_rows,0.8735315203666687
largest_by_rows,0.41754522919654846
largest_by_rows,0.4472358226776123
largest_by_rows,0.5263686776161194
largest_by_rows,0.49600088596343994
largest_by_rows,0.6431057453155518
largest_by_rows,0.46585357189178467
largest_by_rows,0.5195747017860413
largest_by_rows,0.39800912141799927
largest_by_rows,0.4898792803287506
largest_by_rows,0.6247742176055908
largest_by_rows,0.40945911407470703
largest_by_rows,0.48115965723991394
largest_by_rows,0.8126994371414185
largest_by_rows,0.6559234857559204
largest_by_rows,0.38169586658477783
largest_by_rows,0.408995121717453
largest_by_rows,0.47915780544281006
largest_by_rows,0.47920647263526917
largest_by_rows,0.4961263835430145
largest_by_rows,0.5246978402137756
largest_by_rows,0.49872177839279175
largest_by_rows,0.582464337348938
largest_by_rows,0.5316911935806274
largest_by_rows,0.4633895754814148
largest_by_rows,0.5301226377487183
largest_by_rows,0.5873771905899048
largest_by_rows,0.6529946327209473
largest_by_rows,0.3871716260910034
largest_by_rows,0.513807475566864
largest_by_rows,0.5618451833724976
largest_by_rows,0.6839824318885803
largest_by_rows,0.5849918127059937
largest_by_rows,0.5198609828948975
largest_by_rows,0.5695545673370361
largest_by_rows,0.44001713395118713
largest_by_rows,0.4512152075767517
largest_by_rows,0.41931551694869995
largest_by_rows,0.5411401987075806
largest_by_rows,0.6577041745185852
largest_by_rows,0.7076684832572937
largest_by_rows,0.506982684135437
largest_by_rows,0.43811553716659546
largest_by_rows,0.5584452748298645
largest_by_rows,0.5676597952842712
largest_by_rows,0.5431697368621826
largest_by_rows,0.5167533159255981
largest_by_rows,0.5616680383682251
largest_by_rows,0.587261438369751
largest_by_rows,0.49569499492645264
largest_by_rows,0.6137449145317078
largest_by_rows,0.6007913947105408
largest_by_rows,0.4618847370147705
largest_by_rows,0.5812615752220154
largest_by_rows,0.3830992579460144
largest_by_rows,0.5019614100456238
largest_by_rows,0.49383658170700073
largest_by_rows,0.44487693905830383
largest_by_rows,0.549163281917572
largest_by_rows,0.5349166393280029
largest_by_rows,0.4903801381587982
largest_by_rows,0.6010342240333557
largest_by_rows,0.7600376009941101
largest_by_rows,0.5365636944770813
largest_by_rows,0.4473402202129364
largest_by_rows,0.591140866279602
largest_by_rows,0.6209653615951538
largest_by_rows,0.6518793106079102
largest_by_rows,0.6962283849716187
largest_by_rows,0.5909885168075562
largest_by_rows,0.5771353840827942
largest_by_rows,0.5315727591514587
largest_by_rows,0.5197604894638062
largest_by_rows,0.4968295097351074
largest_by_rows,0.3681653141975403
largest_by_rows,0.6158233284950256
largest_by_rows,0.49903520941734314
largest_by_rows,0.41564351320266724
largest_by_rows,0.38161444664001465
largest_by_rows,0.43107181787490845
largest_by_rows,0.5808265209197998
largest_by_rows,0.48594605922698975
largest_by_rows,0.45346972346305847
largest_by_rows,0.3478471040725708
largest_by_rows,0.5344735383987427
largest_by_rows,0.46112769842147827
largest_by_rows,0.6345754265785217
largest_by_rows,0.36987611651420593
largest_by_rows,0.4731956720352173
largest_by_rows,0.48892712593078613
largest_by_rows,0.4113841652870178
largest_by_rows,0.33741164207458496
largest_by_rows,0.5897891521453857
largest_by_rows,0.6436760425567627
largest_by_rows,0.6588888168334961
largest_by_rows,0.5747376084327698
largest_by_rows,0.49003905057907104
largest_by_rows,0.5160767436027527
largest_by_rows,0.4642178416252136
largest_by_rows,0.44998568296432495
largest_by_rows,0.5269383192062378
largest_by_rows,0.6617306470870972
largest_by_rows,0.5545579195022583
largest_by_rows,0.4722120463848114
largest_by_rows,0.49885424971580505
largest_by_rows,0.42227867245674133
largest_by_rows,0.4398999810218811
largest_by_rows,0.4965854287147522
largest_by_rows,0.5056669116020203
largest_by_rows,0.6019760370254517
largest_by_rows,0.6274067759513855
largest_by_rows,0.7005542516708374
largest_by_rows,0.6659981608390808
largest_by_rows,0.5597070455551147
largest_by_rows,0.45796841382980347
largest_by_rows,0.5309810042381287
largest_by_rows,0.6106881499290466
largest_by_rows,0.4998270869255066
largest_by_rows,0.5052298903465271
largest_by_rows,0.4966335594654083
largest_by_rows,0.3816834092140198
largest_by_rows,0.5717675089836121
largest_by_rows,0.400971919298172
largest_by_rows,0.4216204285621643
largest_by_rows,0.44143566489219666
largest_by_rows,0.4985463619232178
largest_by_rows,0.561915397644043
largest_by_rows,0.49590593576431274
largest_by_rows,0.6475370526313782
largest_by_rows,0.4321938455104828
largest_by_rows,0.5369199514389038
largest_by_rows,0.7368414402008057
largest_by_rows,0.5848867297172546
largest_by_rows,0.3751060664653778
largest_by_rows,0.3969942331314087
largest_by_rows,0.41619473695755005
largest_by_rows,0.37992122769355774
largest_by_rows,0.36249998211860657
largest_by_rows,0.45188185572624207
largest_by_rows,0.4039597809314728
largest_by_rows,0.5714400410652161
largest_by_rows,0.37031975388526917
largest_by_rows,0.42151111364364624
largest_by_rows,0.5698769688606262
largest_by_rows,0.4504578709602356
largest_by_rows,0.5616743564605713
largest_by_rows,0.4574405550956726
largest_by_rows,0.4819790720939636
largest_by_rows,0.5025359392166138
largest_by_rows,0.43969035148620605
largest_by_rows,0.5698055028915405
largest_by_rows,0.6217758655548096
largest_by_rows,0.44434690475463867
largest_by_rows,0.5068104267120361
largest_by_rows,0.586758553981781
largest_by_rows,0.5144102573394775
largest_by_rows,0.6913829445838928
largest_by_rows,0.427372545003891
largest_by_rows,0.3577090799808502
largest_by_rows,0.5754861831665039
largest_by_rows,0.5917031764984131
largest_by_rows,0.4309707283973694
largest_by_rows,0.5419219136238098
largest_by_rows,0.5551944375038147
largest_by_rows,0.5252556204795837
largest_by_rows,0.5396679043769836
largest_by_rows,0.5217497944831848
largest_by_rows,0.5460032224655151
largest_by_rows,0.6415981650352478
largest_by_rows,0.6069939136505127
largest_by_rows,0.49115103483200073
largest_by_rows,0.5412335991859436
largest_by_rows,0.5715330243110657
largest_by_rows,0.4869341552257538
largest_by_rows,0.4418513774871826
largest_by_rows,0.5472164154052734
largest_by_rows,0.5885738134384155
largest_by_rows,0.6208317279815674
largest_by_rows,0.5229716897010803
largest_by_rows,0.4463396668434143
largest_by_rows,0.4878730773925781
largest_by_rows,0.48815250396728516
largest_by_rows,0.47854018211364746
largest_by_rows,0.39057737588882446
largest_by_rows,0.5566509962081909
largest_by_rows,0.3899785280227661
largest_by_rows,0.41018912196159363
largest_by_rows,0.5254936218261719
largest_by_rows,0.4840838313102722
largest_by_rows,0.553371250629425
largest_by_rows,0.6483498215675354
largest_by_rows,0.4697229564189911
largest_by_rows,0.4522080421447754
largest_by_rows,0.43850287795066833
largest_by_rows,0.5770267844200134
largest_by_rows,0.5047640800476074
largest_by_rows,0.4885071814060211
largest_by_rows,0.6326707601547241
largest_by_rows,0.523380696773529
largest_by_rows,0.47378748655319214
largest_by_rows,0.39981332421302795
largest_by_rows,0.5969693064689636
largest_by_rows,0.624591052532196
largest_by_rows,0.5304437279701233
largest_by_rows,0.4492626190185547
largest_by_rows,0.5635570883750916
largest_by_rows,0.5349968075752258
largest_by_rows,0.5524341464042664
largest_by_rows,0.5337345004081726
largest_by_rows,0.555252194404602
largest_by_rows,0.47512614727020264
largest_by_rows,0.48820650577545166
largest_by_rows,0.4224431812763214
largest_by_rows,0.43549883365631104
largest_by_rows,0.5573827028274536
largest_by_rows,0.5305652618408203
largest_by_rows,0.5876080393791199
largest_by_rows,0.4853605031967163
largest_by_rows,0.5050976276397705
largest_by_rows,0.401235431432724
largest_by_rows,0.4599245488643646
largest_by_rows,0.6028921008110046
largest_by_rows,0.6894253492355347
largest_by_rows,0.45270511507987976
largest_by_rows,0.5440640449523926
largest_by_rows,0.4568016529083252
largest_by_rows,0.44783127307891846
largest_by_rows,0.4273334741592407
largest_by_rows,0.4960225820541382
largest_by_rows,0.4811578691005707
largest_by_rows,0.5994293093681335
largest_by_rows,0.5554698705673218
largest_by_rows,0.6599024534225464
largest_by_rows,0.6779537796974182
largest_by_rows,0.648390531539917
largest_by_rows,0.4949299693107605
largest_by_rows,0.4650837182998657
largest_by_rows,0.5302579998970032
largest_by_rows,0.5203612446784973
largest_by_rows,0.4951023757457733
largest_by_rows,0.5212337970733643
largest_by_rows,0.4315762221813202
largest_by_rows,0.4517552852630615
largest_by_rows,0.44542616605758667
largest_by_rows,0.37906908988952637
largest_by_rows,0.6231266260147095
largest_by_rows,0.4136008620262146
largest_by_rows,0.6956727504730225
largest_by_rows,0.6490179896354675
largest_by_rows,0.47005748748779297
largest_by_rows,0.5471048951148987
largest_by_rows,0.5189507603645325
largest_by_rows,0.824722409248352
largest_by_rows,0.6589047312736511
largest_by_rows,0.45553064346313477
largest_by_rows,0.4801582396030426
largest_by_rows,0.5663904547691345
largest_by_rows,0.4881152808666229
largest_by_rows,0.5735926628112793
largest_by_rows,0.5108607411384583
largest_by_rows,0.4152657389640808
largest_by_rows,0.5470758676528931
largest_by_rows,0.49339237809181213
largest_by_rows,0.430242657661438
largest_by_rows,0.455082505941391
largest_by_rows,0.5219935178756714
largest_by_rows,0.5674346089363098
largest_by_rows,0.5599057078361511
largest_by_rows,0.6313667893409729
largest_by_rows,0.6647221446037292
largest_by_rows,0.579818606376648
largest_by_rows,0.5970887541770935
largest_by_rows,0.39198410511016846
largest_by_rows,0.5167900323867798
largest_by_rows,0.5135496258735657
largest_by_rows,0.6860755681991577
largest_by_rows,0.5041500329971313
largest_by_rows,0.6556873321533203
largest_by_rows,0.5140565633773804
largest_by_rows,0.4417574107646942
largest_by_rows,0.4632081091403961
largest_by_rows,0.6557084321975708
largest_by_rows,0.6612507700920105
largest_by_rows,0.6794159412384033
largest_by_rows,0.514367401599884
largest_by_rows,0.6038877964019775
largest_by_rows,0.5457163453102112
largest_by_rows,0.5659899711608887
largest_by_rows,0.5814694166183472
largest_by_rows,0.43658384680747986
largest_by_rows,0.4498154819011688
largest_by_rows,0.4185633063316345
largest_by_rows,0.6344801187515259
largest_by_rows,0.43720030784606934
largest_by_rows,0.4967361092567444
largest_by_rows,0.7032308578491211
largest_by_rows,0.5865804553031921
largest_by_rows,0.47912436723709106
largest_by_rows,0.48014378547668457
largest_by_rows,0.5794291496276855
largest_by_rows,0.4217279255390167
largest_by_rows,0.509494423866272
largest_by_rows,0.4267566204071045
largest_by_rows,0.4247035086154938
largest_by_rows,0.5074403285980225
largest_by_rows,0.43324485421180725
largest_by_rows,0.4545656442642212
largest_by_rows,0.48411086201667786
largest_by_rows,0.3868176341056824
largest_by_rows,0.5240495204925537
largest_by_rows,0.4868302345275879
largest_by_rows,0.4329519271850586
largest_by_rows,0.4464975893497467
largest_by_rows,0.4627154469490051
largest_by_rows,0.3756544291973114
largest_by_rows,0.4335772395133972
largest_by_rows,0.4543137550354004
largest_by_rows,0.4651881456375122
largest_by_rows,0.4691082239151001
largest_by_rows,0.5196455121040344
largest_by_rows,0.39740461111068726
largest_by_rows,0.37961557507514954
largest_by_rows,0.3800993263721466
largest_by_rows,0.6217236518859863
largest_by_rows,0.35346683859825134
largest_by_rows,0.5080273151397705
largest_by_rows,0.6341383457183838
largest_by_rows,0.42170292139053345
largest_by_rows,0.4343092441558838
largest_by_rows,0.46839842200279236
largest_by_rows,0.5176069736480713
largest_by_rows,0.5511528849601746
largest_by_rows,0.5928230285644531
largest_by_rows,0.5251452922821045
largest_by_rows,0.4737069010734558
largest_by_rows,0.528260350227356
largest_by_rows,0.4720808267593384
largest_by_rows,0.4069995880126953
largest_by_rows,0.4034450054168701
largest_by_rows,0.40678879618644714
largest_by_rows,0.6408252120018005
largest_by_rows,0.611665666103363
largest_by_rows,0.41410887241363525
largest_by_rows,0.6067535877227783
largest_by_rows,0.6195566058158875
largest_by_rows,0.38738641142845154
largest_by_rows,0.5607370734214783
largest_by_rows,0.5686014890670776
largest_by_rows,0.5808309316635132
largest_by_rows,0.5375353097915649
largest_by_rows,0.5655341148376465
largest_by_rows,0.5492516160011292
largest_by_rows,0.8165894746780396
largest_by_rows,0.5506653785705566
largest_by_rows,0.6943089365959167
largest_by_rows,0.5334795713424683
largest_by_rows,0.5375598669052124
largest_by_rows,0.49549582600593567
largest_by_rows,0.4434834122657776
largest_by_rows,0.4842122793197632
largest_by_rows,0.5129909515380859
largest_by_rows,0.4924570322036743
largest_by_rows,0.5179439783096313
largest_by_rows,0.862615168094635
largest_by_rows,0.6156485676765442
largest_by_rows,0.6361414790153503
largest_by_rows,0.7422207593917847
largest_by_rows,0.7152289152145386
largest_by_rows,0.5100356340408325
largest_by_rows,0.3547820448875427
largest_by_rows,0.5005695223808289
largest_by_rows,0.5423620939254761
largest_by_rows,0.5593011379241943
largest_by_rows,0.5006841421127319
largest_by_rows,0.5970317721366882
largest_by_rows,0.5494295954704285
largest_by_rows,0.5182121396064758
largest_by_rows,0.5340294241905212
largest_by_rows,0.3799974322319031
largest_by_rows,0.4325696527957916
largest_by_rows,0.4843674600124359
largest_by_rows,0.5683979988098145
largest_by_rows,0.46240881085395813
largest_by_rows,0.45874449610710144
largest_by_rows,0.5666533708572388
largest_by_rows,0.5720230340957642
largest_by_rows,0.6609196662902832
largest_by_rows,0.509680449962616
largest_by_rows,0.623317301273346
largest_by_rows,0.6194561719894409
largest_by_rows,0.6096116304397583
largest_by_rows,0.38962239027023315
largest_by_rows,0.5778392553329468
largest_by_rows,0.4229741096496582
largest_by_rows,0.5402195453643799
largest_by_rows,0.5847005248069763
largest_by_rows,0.44623997807502747
largest_by_rows,0.561697781085968
largest_by_rows,0.7093236446380615
largest_by_rows,0.5305659174919128
largest_by_rows,0.4710589051246643
largest_by_rows,0.5953661203384399
largest_by_rows,0.559650719165802
largest_by_rows,0.8534780740737915
largest_by_rows,0.48603254556655884
largest_by_rows,0.41746199131011963
largest_by_rows,0.5720855593681335
largest_by_rows,0.47784149646759033
largest_by_rows,0.4373127222061157
largest_by_rows,0.516089916229248
largest_by_rows,0.6423951387405396
largest_by_rows,0.661940336227417
largest_by_rows,0.669803261756897
largest_by_rows,0.5087684392929077
largest_by_rows,0.5378345251083374
largest_by_rows,0.5160065293312073
largest_by_rows,0.5696581602096558
largest_by_rows,0.5035200715065002
largest_by_rows,0.3394571840763092
largest_by_rows,0.5284942388534546
largest_by_rows,0.6550107002258301
largest_by_rows,0.6690659523010254
largest_by_rows,0.6374618411064148
largest_by_rows,0.5004709959030151
largest_by_rows,0.6246780157089233
largest_by_rows,0.5319900512695312
largest_by_rows,0.4838387966156006
largest_by_rows,0.45142266154289246
largest_by_rows,0.31287434697151184
largest_by_rows,0.5060326457023621
largest_by_rows,0.49890971183776855
largest_by_rows,0.6526073217391968
largest_by_rows,0.6686380505561829
largest_by_rows,0.6247928738594055
largest_by_rows,0.41162484884262085
largest_by_rows,0.405667245388031
largest_by_rows,0.5047890543937683
largest_by_rows,0.416289359331131
largest_by_rows,0.5553103089332581
largest_by_rows,0.7984997034072876
largest_by_rows,0.34580254554748535
largest_by_rows,0.5291905403137207
largest_by_rows,0.6631501913070679
largest_by_rows,0.6747494339942932
largest_by_rows,0.6572608947753906
largest_by_rows,0.5832412838935852
largest_by_rows,0.4682314395904541
largest_by_rows,0.7141789793968201
largest_by_rows,0.47649896144866943
largest_by_rows,0.5984389781951904
largest_by_rows,0.5822131037712097
largest_by_rows,0.48375633358955383
largest_by_rows,0.49094659090042114
largest_by_rows,0.6350626945495605
largest_by_rows,0.47322338819503784
largest_by_rows,0.5772199034690857
largest_by_rows,0.6753395795822144
largest_by_rows,0.6617921590805054
largest_by_rows,0.5924625396728516
largest_by_rows,0.5237836837768555
largest_by_rows,0.5541896224021912
largest_by_rows,0.4823046028614044
largest_by_rows,0.6037745475769043
largest_by_rows,0.6789493560791016
largest_by_rows,0.5796734094619751
largest_by_rows,0.5553712844848633
largest_by_rows,0.5652531981468201
largest_by_rows,0.632979691028595
largest_by_rows,0.5749226808547974
largest_by_rows,0.5738805532455444
largest_by_rows,0.4806182086467743
largest_by_rows,0.6916270852088928
largest_by_rows,0.5353929400444031
largest_by_rows,0.47730588912963867
largest_by_rows,0.6229116916656494
largest_by_rows,0.41477975249290466
largest_by_rows,0.6360955834388733
largest_by_rows,0.4409692585468292
largest_by_rows,0.5832193493843079
largest_by_rows,0.4375563859939575
largest_by_rows,0.42519405484199524
largest_by_rows,0.5815090537071228
largest_by_rows,0.4780177175998688
largest_by_rows,0.5202579498291016
largest_by_rows,0.5866637825965881
largest_by_rows,0.3807777464389801
largest_by_rows,0.5365324020385742
largest_by_rows,0.494993656873703
largest_by_rows,0.604522705078125
largest_by_rows,0.47455742955207825
largest_by_rows,0.5025326013565063
largest_by_rows,0.44626766443252563
largest_by_rows,0.4460112452507019
largest_by_rows,0.40385788679122925
largest_by_rows,0.5551936030387878
largest_by_rows,0.4167720377445221
largest_by_rows,0.44793450832366943
largest_by_rows,0.5240613222122192
largest_by_rows,0.499014675617218
largest_by_rows,0.5517981052398682
largest_by_rows,0.4578268527984619
largest_by_rows,0.47495901584625244
largest_by_rows,0.6027155518531799
largest_by_rows,0.5643764138221741
largest_by_rows,0.5524727702140808
largest_by_rows,0.5966514348983765
largest_by_rows,0.6778527498245239
largest_by_rows,0.4643895924091339
largest_by_rows,0.41042301058769226
largest_by_rows,0.4561721384525299
largest_by_rows,0.610230028629303
largest_by_rows,0.5505186915397644
largest_by_rows,0.5023163557052612
largest_by_rows,0.49161192774772644
largest_by_rows,0.35398536920547485
largest_by_rows,0.5545220971107483
largest_by_rows,0.6637740135192871
largest_by_rows,0.5317172408103943
largest_by_rows,0.44738340377807617
largest_by_rows,0.565241277217865
largest_by_rows,0.48679909110069275
largest_by_rows,0.459460973739624
largest_by_rows,0.4114357829093933
largest_by_rows,0.4897025525569916
largest_by_rows,0.4987122416496277
largest_by_rows,0.6204215288162231
largest_by_rows,0.5998104214668274
largest_by_rows,0.4508988559246063
largest_by_rows,0.45145684480667114
largest_by_rows,0.492979496717453
largest_by_rows,0.5165112614631653
largest_by_rows,0.5115915536880493
largest_by_rows,0.5129410028457642
largest_by_rows,0.5547072291374207
largest_by_rows,0.5514380931854248
largest_by_rows,0.529350757598877
largest_by_rows,0.3973980247974396
largest_by_rows,0.4358727037906647
largest_by_rows,0.5882307887077332
largest_by_rows,0.6632159352302551
largest_by_rows,0.6400817036628723
largest_by_rows,0.5161343812942505
largest_by_rows,0.4555133879184723
largest_by_rows,0.3975798487663269
largest_by_rows,0.4979283809661865
largest_by_rows,0.41367438435554504
largest_by_rows,0.35703015327453613
largest_by_rows,0.5146154761314392
largest_by_rows,0.5119237899780273
largest_by_rows,0.5717697739601135
largest_by_rows,0.42835086584091187
largest_by_rows,0.45486685633659363
largest_by_rows,0.6496849656105042
largest_by_rows,0.4752207398414612
largest_by_rows,0.5286518931388855
largest_by_rows,0.5398948788642883
largest_by_rows,0.49442943930625916
largest_by_rows,0.5188762545585632
largest_by_rows,0.40921375155448914
largest_by_rows,0.6223141551017761
largest_by_rows,0.36164188385009766
largest_by_rows,0.5635296702384949
largest_by_rows,0.4584290385246277
largest_by_rows,0.44065773487091064
largest_by_rows,0.3613576292991638
largest_by_rows,0.4713425040245056
largest_by_rows,0.5081834197044373
largest_by_rows,0.41956615447998047
largest_by_rows,0.4656074643135071
largest_by_rows,0.4718371033668518
largest_by_rows,0.542337954044342
largest_by_rows,0.5294989347457886
largest_by_rows,0.574394941329956
largest_by_rows,0.38300788402557373
largest_by_rows,0.48641395568847656
largest_by_rows,0.447229266166687
largest_by_rows,0.6598083972930908
largest_by_rows,0.5193271636962891
largest_by_rows,0.49606356024742126
largest_by_rows,0.4074128270149231
largest_by_rows,0.5915719270706177
largest_by_rows,0.5862938165664673
largest_by_rows,0.5398303270339966
largest_by_rows,0.4687299132347107
largest_by_rows,0.4902753233909607
largest_by_rows,0.46393221616744995
largest_by_rows,0.3581542372703552
largest_by_rows,0.48161277174949646
largest_by_rows,0.5232369899749756
largest_by_rows,0.5707152485847473
largest_by_rows,0.5707588195800781
largest_by_rows,0.6008570790290833
largest_by_rows,0.5928540229797363
largest_by_rows,0.5563850402832031
largest_by_rows,0.8475546836853027
largest_by_rows,0.5468989014625549
largest_by_rows,0.5870645642280579
largest_by_rows,0.5782063603401184
largest_by_rows,0.5317691564559937
largest_by_rows,0.47188255190849304
largest_by_rows,0.4906870126724243
largest_by_rows,0.5243660807609558
largest_by_rows,0.4132324159145355
largest_by_rows,0.4610067307949066
largest_by_rows,0.4307405948638916
largest_by_rows,0.3662737011909485
largest_by_rows,0.6495684385299683
largest_by_rows,0.6763614416122437
largest_by_rows,0.5830775499343872
largest_by_rows,0.4000164866447449
largest_by_rows,0.5922955870628357
largest_by_rows,0.5588664412498474
largest_by_rows,0.498129665851593
largest_by_rows,0.5666283369064331
largest_by_rows,0.548450231552124
largest_by_rows,0.4761868417263031
largest_by_rows,0.6905447244644165
largest_by_rows,0.6597503423690796
largest_by_rows,0.5468345284461975
largest_by_rows,0.6111719012260437
largest_by_rows,0.8538073897361755
largest_by_rows,0.5807474851608276
largest_by_rows,0.514808714389801
largest_by_rows,0.5683375597000122
largest_by_rows,0.42679837346076965
largest_by_rows,0.39767906069755554
largest_by_rows,0.4921368360519409
largest_by_rows,0.3719768822193146
largest_by_rows,0.5523712635040283
largest_by_rows,0.5174862146377563
largest_by_rows,0.4463791251182556
largest_by_rows,0.5384379625320435
largest_by_rows,0.400611013174057
largest_by_rows,0.45467817783355713
largest_by_rows,0.5186960697174072
largest_by_rows,0.4964093267917633
largest_by_rows,0.5174773931503296
largest_by_rows,0.6523316502571106
largest_by_rows,0.6322624087333679
largest_by_rows,0.597519040107727
largest_by_rows,0.5575683116912842
largest_by_rows,0.41045287251472473
largest_by_rows,0.5696581602096558
largest_by_rows,0.5035200715065002
largest_by_rows,0.38053447008132935
largest_by_rows,0.6835242509841919
largest_by_rows,0.7114648818969727
largest_by_rows,0.5125123262405396
largest_by_rows,0.4407120943069458
largest_by_rows,0.4839378297328949
largest_by_rows,0.4605858027935028
largest_by_rows,0.4653562903404236
largest_by_rows,0.47012442350387573
largest_by_rows,0.5589514970779419
largest_by_rows,0.6286240220069885
largest_by_rows,0.4545999765396118
largest_by_rows,0.44739896059036255
largest_by_rows,0.34816405177116394
largest_by_rows,0.5275381207466125
largest_by_rows,0.6329622864723206
largest_by_rows,0.5090258717536926
largest_by_rows,0.5381640791893005
largest_by_rows,0.4685177803039551
largest_by_rows,0.46930789947509766
largest_by_rows,0.5073488354682922
largest_by_rows,0.5145596265792847
largest_by_rows,0.42239654064178467
largest_by_rows,0.44789472222328186
largest_by_rows,0.4118652045726776
largest_by_rows,0.5916403532028198
largest_by_rows,0.4201750159263611
largest_by_rows,0.8547311425209045
largest_by_rows,0.49471315741539
largest_by_rows,0.5003774762153625
largest_by_rows,0.5379519462585449
largest_by_rows,0.4585361182689667
largest_by_rows,0.5027711391448975
largest_by_rows,0.5078356862068176
largest_by_rows,0.4255483150482178
largest_by_rows,0.44982922077178955
largest_by_rows,0.5172518491744995
largest_by_rows,0.45332932472229004
largest_by_rows,0.6624174118041992
largest_by_rows,0.4080427289009094
largest_by_rows,0.46737533807754517
largest_by_rows,0.5446317195892334
largest_by_rows,0.6234977841377258
largest_by_rows,0.5328127145767212
largest_by_rows,0.5446916222572327
largest_by_rows,0.5096198320388794
largest_by_rows,0.47257980704307556
largest_by_rows,0.48253849148750305
largest_by_rows,0.4148549735546112
largest_by_rows,0.45926934480667114
largest_by_rows,0.6316968202590942
largest_by_rows,0.5627866387367249
largest_by_rows,0.45970621705055237
largest_by_rows,0.572920560836792
largest_by_rows,0.4612436294555664
largest_by_rows,0.4508678615093231
largest_by_rows,0.5622573494911194
largest_by_rows,0.5257039070129395
largest_by_rows,0.5355346202850342
largest_by_rows,0.5965723991394043
largest_by_rows,0.42785975337028503
largest_by_rows,0.6014216542243958
largest_by_rows,0.4714365005493164
largest_by_rows,0.610068678855896
largest_by_rows,0.5468746423721313
largest_by_rows,0.6038814783096313
largest_by_rows,0.5754250288009644
largest_by_rows,0.353636771440506
largest_by_rows,0.4188290238380432
largest_by_rows,0.6379916667938232
largest_by_rows,0.48345842957496643
largest_by_rows,0.44066548347473145
largest_by_rows,0.4943661391735077
largest_by_rows,0.5734139084815979
largest_by_rows,0.5184807777404785
largest_by_rows,0.514308512210846
largest_by_rows,0.5545190572738647
largest_by_rows,0.8624312877655029
largest_by_rows,0.5257748961448669
largest_by_rows,0.46597665548324585
largest_by_rows,0.6757834553718567
largest_by_rows,0.6504268050193787
largest_by_rows,0.5242924690246582
largest_by_rows,0.5617538690567017
largest_by_rows,0.5936557054519653
largest_by_rows,0.5927850604057312
largest_by_rows,0.7679789066314697
largest_by_rows,0.6431057453155518
largest_by_rows,0.4927748739719391
largest_by_rows,0.5242721438407898
largest_by_rows,0.5047264099121094
largest_by_rows,0.5725415945053101
largest_by_rows,0.5870241522789001
largest_by_rows,0.4958040714263916
largest_by_rows,0.5044838190078735
largest_by_rows,0.5483070015907288
largest_by_rows,0.5690910220146179
largest_by_rows,0.4877976179122925
largest_by_rows,0.6438776254653931
largest_by_rows,0.5800443291664124
largest_by_rows,0.5457352995872498
largest_by_rows,0.5733692646026611
largest_by_rows,0.4425109326839447
largest_by_rows,0.616059422492981
largest_by_rows,0.6603521704673767
largest_by_rows,0.6906538605690002
largest_by_rows,0.4621787369251251
largest_by_rows,0.5732946991920471
largest_by_rows,0.6131309866905212
largest_by_rows,0.6489761471748352
largest_by_rows,0.4648005962371826
largest_by_rows,0.6730736494064331
largest_by_rows,0.5410403609275818
largest_by_rows,0.5675608515739441
largest_by_rows,0.5451874732971191
largest_by_rows,0.46623215079307556
largest_by_rows,0.8624931573867798
largest_by_rows,0.5696581602096558
largest_by_rows,0.5035200715065002
largest_by_rows,0.4322664737701416
largest_by_rows,0.5744234919548035
largest_by_rows,0.4377536177635193
largest_by_rows,0.49031302332878113
largest_by_rows,0.7545177340507507
largest_by_rows,0.5108132362365723
largest_by_rows,0.6706458330154419
largest_by_rows,0.6289997696876526
largest_by_rows,0.680677056312561
largest_by_rows,0.6921234130859375
largest_by_rows,0.6701980233192444
largest_by_rows,0.6780331134796143
largest_by_rows,0.6679577827453613
largest_by_rows,0.4960041046142578
largest_by_rows,0.6454038023948669
largest_by_rows,0.6452155113220215
largest_by_rows,0.6527338027954102
largest_by_rows,0.6035767793655396
largest_by_rows,0.6540895700454712
largest_by_rows,0.5108323693275452
largest_by_rows,0.46540796756744385
largest_by_rows,0.5933518409729004
largest_by_rows,0.6310794353485107
largest_by_rows,0.5399953722953796
largest_by_rows,0.6012673377990723
largest_by_rows,0.5306125283241272
largest_by_rows,0.5640005469322205
largest_by_rows,0.7171353697776794
largest_by_rows,0.7052376866340637
largest_by_rows,0.5111606121063232
largest_by_rows,0.5317401885986328
largest_by_rows,0.5497376918792725
largest_by_rows,0.5290275812149048
largest_by_rows,0.5067586898803711
largest_by_rows,0.5301021933555603
largest_by_rows,0.4409761130809784
largest_by_rows,0.5022746324539185
largest_by_rows,0.4842873215675354
largest_by_rows,0.7244234085083008
largest_by_rows,0.467424213886261
largest_by_rows,0.801827073097229
largest_by_rows,0.5377089381217957
largest_by_rows,0.3609235882759094
largest_by_rows,0.550703763961792
largest_by_rows,0.6724178194999695
largest_by_rows,0.6016290783882141
largest_by_rows,0.6523587703704834
largest_by_rows,0.41279712319374084
largest_by_rows,0.6798065900802612
largest_by_rows,0.6998555064201355
largest_by_rows,0.6928401589393616
largest_by_rows,0.5963760018348694
largest_by_rows,0.6358954906463623
largest_by_rows,0.48609912395477295
largest_by_rows,0.49120378494262695
largest_by_rows,0.421705424785614
largest_by_rows,0.45322123169898987
largest_by_rows,0.573334276676178
largest_by_rows,0.5278691053390503
largest_by_rows,0.5649916529655457
largest_by_rows,0.8385439515113831
largest_by_rows,0.4791327714920044
largest_by_rows,0.4355335235595703
largest_by_rows,0.4525441527366638
largest_by_rows,0.3707403242588043
largest_by_rows,0.4892541170120239
largest_by_rows,0.4745580554008484
largest_by_rows,0.5221215486526489
largest_by_rows,0.42094895243644714
largest_by_rows,0.49270129203796387
largest_by_rows,0.4820547103881836
largest_by_rows,0.4828304052352905
largest_by_rows,0.6226829290390015
largest_by_rows,0.8258132338523865
largest_by_rows,0.7349173426628113
largest_by_rows,0.4079229235649109
largest_by_rows,0.3821382224559784
largest_by_rows,0.45596444606781006
largest_by_rows,0.5257382392883301
largest_by_rows,0.4880235195159912
largest_by_rows,0.5153765082359314
largest_by_rows,0.5022901296615601
largest_by_rows,0.43570148944854736
largest_by_rows,0.43870019912719727
largest_by_rows,0.6593384146690369
largest_by_rows,0.6140380501747131
largest_by_rows,0.45081108808517456
largest_by_rows,0.5058879852294922
largest_by_rows,0.824586033821106
largest_by_rows,0.43052908778190613
largest_by_rows,0.5784022808074951
largest_by_rows,0.5559577941894531
largest_by_rows,0.6783167719841003
largest_by_rows,0.4332830607891083
largest_by_rows,0.6434688568115234
largest_by_rows,0.4472476541996002
largest_by_rows,0.5533486008644104
largest_by_rows,0.6718729138374329
largest_by_rows,0.4824942350387573
largest_by_rows,0.4955320954322815
largest_by_rows,0.639785885810852
largest_by_rows,0.38081836700439453
largest_by_rows,0.5126978754997253
largest_by_rows,0.42583194375038147
largest_by_rows,0.44674792885780334
largest_by_rows,0.46432551741600037
largest_by_rows,0.46052590012550354
largest_by_rows,0.5066754817962646
largest_by_rows,0.4965071976184845
largest_by_rows,0.4636816382408142
largest_by_rows,0.49908217787742615
largest_by_rows,0.4875013828277588
largest_by_rows,0.6140118837356567
largest_by_rows,0.7928656935691833
largest_by_rows,0.44276195764541626
largest_by_rows,0.36783725023269653
largest_by_rows,0.52280193567276
largest_by_rows,0.589897632598877
largest_by_rows,0.5829542279243469
largest_by_rows,0.5398530960083008
largest_by_rows,0.5289121270179749
largest_by_rows,0.5386107563972473
largest_by_rows,0.5048920512199402
largest_by_rows,0.6114549040794373
largest_by_rows,0.472621887922287
largest_by_rows,0.6810562014579773
largest_by_rows,0.6839081048965454
largest_by_rows,0.5359947085380554
largest_by_rows,0.5577388405799866
largest_by_rows,0.5091360211372375
largest_by_rows,0.48533228039741516
largest_by_rows,0.6628112196922302
largest_by_rows,0.6694365739822388
largest_by_rows,0.47019022703170776
largest_by_rows,0.552271842956543
largest_by_rows,0.5345289707183838
largest_by_rows,0.6381959319114685
largest_by_rows,0.4255978465080261
largest_by_rows,0.5927454233169556
largest_by_rows,0.4998340904712677
largest_by_rows,0.5164107084274292
largest_by_rows,0.532509446144104
largest_by_rows,0.6225010752677917
largest_by_rows,0.5944024324417114
largest_by_rows,0.45367175340652466
largest_by_rows,0.39320021867752075
largest_by_rows,0.5765632390975952
largest_by_rows,0.4502274990081787
largest_by_rows,0.5305244326591492
largest_by_rows,0.5255603194236755
largest_by_rows,0.6140081882476807
largest_by_rows,0.3880678415298462
largest_by_rows,0.42334848642349243
largest_by_rows,0.5108879208564758
largest_by_rows,0.5907794833183289
largest_by_rows,0.5747629404067993
largest_by_rows,0.6454107165336609
largest_by_rows,0.5552838444709778
largest_by_rows,0.48160770535469055
largest_by_rows,0.5304210186004639
largest_by_rows,0.4796782433986664
largest_by_rows,0.5633795857429504
largest_by_rows,0.3814508318901062
largest_by_rows,0.6099932193756104
largest_by_rows,0.5884909629821777
largest_by_rows,0.4938405752182007
largest_by_rows,0.5672804117202759
largest_by_rows,0.6165941953659058
largest_by_rows,0.6181777119636536
largest_by_rows,0.47317031025886536
largest_by_rows,0.4487719237804413
largest_by_rows,0.5101657509803772
largest_by_rows,0.5012161731719971
largest_by_rows,0.4548490643501282
largest_by_rows,0.6061780452728271
largest_by_rows,0.3884155750274658
largest_by_rows,0.5053055286407471
largest_by_rows,0.5414357781410217
largest_by_rows,0.47726476192474365
largest_by_rows,0.5724964141845703
largest_by_rows,0.674401044845581
largest_by_rows,0.5712647438049316
largest_by_rows,0.4716944396495819
largest_by_rows,0.5537945032119751
largest_by_rows,0.4828154146671295
largest_by_rows,0.5681225657463074
largest_by_rows,0.47491925954818726
largest_by_rows,0.3730236887931824
largest_by_rows,0.39192551374435425
largest_by_rows,0.5536800622940063
largest_by_rows,0.859094500541687
largest_by_rows,0.3825269937515259
largest_by_rows,0.7244540452957153
largest_by_rows,0.37304434180259705
largest_by_rows,0.4329829216003418
largest_by_rows,0.5305289626121521
largest_by_rows,0.460249125957489
largest_by_rows,0.640683114528656
largest_by_rows,0.41900497674942017
largest_by_rows,0.43880143761634827
largest_by_rows,0.540260910987854
largest_by_rows,0.5455815196037292
largest_by_rows,0.7236652374267578
largest_by_rows,0.38554495573043823
largest_by_rows,0.35383519530296326
largest_by_rows,0.3863863945007324
largest_by_rows,0.7399362921714783
largest_by_rows,0.7975329756736755
largest_by_rows,0.40042945742607117
largest_by_rows,0.3958780765533447
largest_by_rows,0.4772610366344452
largest_by_rows,0.6682484149932861
largest_by_rows,0.6725659966468811
largest_by_rows,0.4472975432872772
largest_by_rows,0.6207641959190369
largest_by_rows,0.48112085461616516
largest_by_rows,0.6210535764694214
largest_by_rows,0.5153812170028687
largest_by_rows,0.5720053911209106
largest_by_rows,0.40878811478614807
largest_by_rows,0.5732319355010986
largest_by_rows,0.4438680112361908
largest_by_rows,0.5131736993789673
largest_by_rows,0.6259426474571228
largest_by_rows,0.45310401916503906
largest_by_rows,0.446721613407135
largest_by_rows,0.535094141960144
largest_by_rows,0.436898797750473
largest_by_rows,0.5725690126419067
largest_by_rows,0.4086878299713135
largest_by_rows,0.4799128472805023
largest_by_rows,0.47263646125793457
largest_by_rows,0.49395042657852173
largest_by_rows,0.5386881828308105
largest_by_rows,0.4056769013404846
largest_by_rows,0.5205010175704956
largest_by_rows,0.4233214259147644
largest_by_rows,0.5024392604827881
largest_by_rows,0.6143002510070801
largest_by_rows,0.6146450638771057
largest_by_rows,0.4468771815299988
largest_by_rows,0.5446375608444214
largest_by_rows,0.4002459645271301
largest_by_rows,0.4178163707256317
largest_by_rows,0.4187454283237457
largest_by_rows,0.5508940815925598
largest_by_rows,0.5757920742034912
largest_by_rows,0.5941974520683289
largest_by_rows,0.4758394658565521
largest_by_rows,0.5335084199905396
largest_by_rows,0.44015759229660034
largest_by_rows,0.47601622343063354
largest_by_rows,0.547805666923523
largest_by_rows,0.49354517459869385
largest_by_rows,0.681441605091095
largest_by_rows,0.6767145991325378
largest_by_rows,0.5830996632575989
largest_by_rows,0.4838216304779053
largest_by_rows,0.6363412141799927
largest_by_rows,0.4960711896419525
largest_by_rows,0.4715222120285034
largest_by_rows,0.6168861985206604
largest_by_rows,0.6518270969390869
largest_by_rows,0.6978188753128052
largest_by_rows,0.5756980180740356
largest_by_rows,0.551257848739624
largest_by_rows,0.5654968619346619
largest_by_rows,0.47336381673812866
largest_by_rows,0.5694119930267334
largest_by_rows,0.5115171670913696
largest_by_rows,0.46324723958969116
largest_by_rows,0.4137631356716156
largest_by_rows,0.6299486756324768
largest_by_rows,0.5883454084396362
largest_by_rows,0.5915230512619019
largest_by_rows,0.6396369934082031
largest_by_rows,0.46719008684158325
largest_by_rows,0.444879949092865
largest_by_rows,0.6466414928436279
largest_by_rows,0.5589447021484375
largest_by_rows,0.5342424511909485
largest_by_rows,0.6056985259056091
largest_by_rows,0.5423206090927124
largest_by_rows,0.43471792340278625
largest_by_rows,0.5492777228355408
largest_by_rows,0.5185524821281433
largest_by_rows,0.639744758605957
largest_by_rows,0.6034061908721924
largest_by_rows,0.5475605130195618
largest_by_rows,0.5791410207748413
largest_by_rows,0.5992550849914551
largest_by_rows,0.44814369082450867
largest_by_rows,0.4709896743297577
largest_by_rows,0.5590840578079224
largest_by_rows,0.6622557640075684
largest_by_rows,0.6662093997001648
largest_by_rows,0.5125319957733154
largest_by_rows,0.5970185995101929
largest_by_rows,0.3822954595088959
largest_by_rows,0.4059070944786072
largest_by_rows,0.6227216124534607
largest_by_rows,0.650506317615509
largest_by_rows,0.6685082912445068
largest_by_rows,0.47436219453811646
largest_by_rows,0.475433349609375
largest_by_rows,0.4789016544818878
largest_by_rows,0.559418261051178
largest_by_rows,0.6699092388153076
largest_by_rows,0.577686607837677
largest_by_rows,0.6008070707321167
largest_by_rows,0.5791410803794861
largest_by_rows,0.4185265004634857
largest_by_rows,0.40427109599113464
largest_by_rows,0.3658175766468048
largest_by_rows,0.6290171146392822
largest_by_rows,0.3982546925544739
largest_by_rows,0.3908219337463379
largest_by_rows,0.45490604639053345
largest_by_rows,0.5889068245887756
largest_by_rows,0.5099211931228638
largest_by_rows,0.5605148077011108
largest_by_rows,0.42808234691619873
largest_by_rows,0.4710906445980072
largest_by_rows,0.4724934697151184
largest_by_rows,0.6336331367492676
largest_by_rows,0.48942458629608154
largest_by_rows,0.5606139302253723
largest_by_rows,0.42994868755340576
largest_by_rows,0.65870201587677
largest_by_rows,0.576755702495575
largest_by_rows,0.44616636633872986
largest_by_rows,0.4493119716644287
largest_by_rows,0.5335658192634583
largest_by_rows,0.5071820616722107
largest_by_rows,0.3518962562084198
largest_by_rows,0.4086354672908783
largest_by_rows,0.5969617962837219
largest_by_rows,0.6999697685241699
largest_by_rows,0.6164465546607971
largest_by_rows,0.5557336807250977
largest_by_rows,0.5325387120246887
largest_by_rows,0.6417044997215271
largest_by_rows,0.6773033142089844
largest_by_rows,0.49227097630500793
largest_by_rows,0.470220685005188
largest_by_rows,0.5653319954872131
largest_by_rows,0.4720546305179596
largest_by_rows,0.5143402218818665
largest_by_rows,0.6161693334579468
largest_by_rows,0.592261791229248
largest_by_rows,0.5952281355857849
largest_by_rows,0.5401621460914612
largest_by_rows,0.4634511470794678
largest_by_rows,0.4827204942703247
largest_by_rows,0.5894274115562439
largest_by_rows,0.5958616137504578
largest_by_rows,0.4901050329208374
largest_by_rows,0.4446558356285095
largest_by_rows,0.5954809188842773
largest_by_rows,0.5052851438522339
largest_by_rows,0.5981212854385376
largest_by_rows,0.568969190120697
largest_by_rows,0.4809184968471527
largest_by_rows,0.5614585876464844
largest_by_rows,0.4172360301017761
largest_by_rows,0.5109086632728577
largest_by_rows,0.5447998642921448
largest_by_rows,0.4827370345592499
largest_by_rows,0.4035470485687256
largest_by_rows,0.6219209432601929
largest_by_rows,0.7321866154670715
largest_by_rows,0.5838888883590698
largest_by_rows,0.49769100546836853
largest_by_rows,0.4793224334716797
largest_by_rows,0.48665180802345276
largest_by_rows,0.4695100784301758
largest_by_rows,0.553662896156311
largest_by_rows,0.44060999155044556
largest_by_rows,0.6439783573150635
largest_by_rows,0.5479553937911987
largest_by_rows,0.47244685888290405
largest_by_rows,0.6392291784286499
largest_by_rows,0.586781919002533
largest_by_rows,0.501576840877533
largest_by_rows,0.6635710000991821
largest_by_rows,0.5187501311302185
largest_by_rows,0.4631597399711609
largest_by_rows,0.45474159717559814
largest_by_rows,0.5778397917747498
largest_by_rows,0.49352702498435974
largest_by_rows,0.6517338752746582
largest_by_rows,0.635100245475769
largest_by_rows,0.39659807085990906
largest_by_rows,0.5511054992675781
largest_by_rows,0.37504035234451294
largest_by_rows,0.41310977935791016
largest_by_rows,0.8048269152641296
largest_by_rows,0.5333101749420166
largest_by_rows,0.45938640832901
largest_by_rows,0.4944554567337036
largest_by_rows,0.48025721311569214
largest_by_rows,0.4630492627620697
largest_by_rows,0.3874955177307129
largest_by_rows,0.41970521211624146
largest_by_rows,0.3384445309638977
largest_by_rows,0.500829815864563
largest_by_rows,0.41851598024368286
largest_by_rows,0.5254703164100647
largest_by_rows,0.566318690776825
largest_by_rows,0.5524981617927551
largest_by_rows,0.5751520991325378
largest_by_rows,0.4734165668487549
largest_by_rows,0.4774489402770996
largest_by_rows,0.46483391523361206
largest_by_rows,0.6210734844207764
largest_by_rows,0.4257102906703949
largest_by_rows,0.5710628628730774
largest_by_rows,0.5374436378479004
largest_by_rows,0.4805041551589966
largest_by_rows,0.686840832233429
largest_by_rows,0.641998827457428
largest_by_rows,0.5536224246025085
largest_by_rows,0.691254734992981
largest_by_rows,0.5878562927246094
largest_by_rows,0.5437873601913452
largest_by_rows,0.4520757496356964
largest_by_rows,0.5669595003128052
largest_by_rows,0.5718073844909668
largest_by_rows,0.5911659002304077
largest_by_rows,0.48115548491477966
largest_by_rows,0.36595815420150757
largest_by_rows,0.44701603055000305
largest_by_rows,0.598751425743103
largest_by_rows,0.40297651290893555
largest_by_rows,0.44304484128952026
largest_by_rows,0.478992223739624
largest_by_rows,0.7055684924125671
largest_by_rows,0.5859338641166687
largest_by_rows,0.6202799081802368
largest_by_rows,0.5126824975013733
largest_by_rows,0.6681301593780518
largest_by_rows,0.6663577556610107
largest_by_rows,0.5524499416351318
largest_by_rows,0.5538708567619324
largest_by_rows,0.4336552321910858
largest_by_rows,0.5507268309593201
largest_by_rows,0.46569985151290894
largest_by_rows,0.6398720741271973
largest_by_rows,0.7258063554763794
largest_by_rows,0.47332945466041565
largest_by_rows,0.5443055629730225
largest_by_rows,0.650215744972229
largest_by_rows,0.46853911876678467
largest_by_rows,0.4642177224159241
largest_by_rows,0.393451988697052
largest_by_rows,0.4306594431400299
largest_by_rows,0.5102749466896057
largest_by_rows,0.6549387574195862
largest_by_rows,0.4880518615245819
largest_by_rows,0.6868792176246643
largest_by_rows,0.47094815969467163
largest_by_rows,0.5671353936195374
largest_by_rows,0.601096510887146
largest_by_rows,0.5696581602096558
largest_by_rows,0.5035200715065002
largest_by_rows,0.4060933589935303
largest_by_rows,0.35880470275878906
largest_by_rows,0.4929868280887604
largest_by_rows,0.5814210176467896
largest_by_rows,0.506708562374115
largest_by_rows,0.6759711503982544
largest_by_rows,0.6541409492492676
largest_by_rows,0.51888507604599
largest_by_rows,0.43207189440727234
largest_by_rows,0.572695255279541
largest_by_rows,0.46496179699897766
largest_by_rows,0.5702800154685974
largest_by_rows,0.3849067687988281
largest_by_rows,0.45432591438293457
largest_by_rows,0.48341915011405945
largest_by_rows,0.5911992192268372
largest_by_rows,0.44755318760871887
largest_by_rows,0.6340994834899902
largest_by_rows,0.5066937804222107
largest_by_rows,0.6558992862701416
largest_by_rows,0.5646159648895264
largest_by_rows,0.6895477175712585
largest_by_rows,0.6661890149116516
largest_by_rows,0.4153352975845337
largest_by_rows,0.47882381081581116
largest_by_rows,0.48081377148628235
largest_by_rows,0.4186372458934784
largest_by_rows,0.43104788661003113
largest_by_rows,0.5390677452087402
largest_by_rows,0.6135253310203552
largest_by_rows,0.4155992269515991
largest_by_rows,0.4784436821937561
largest_by_rows,0.5738431215286255
largest_by_rows,0.5356676578521729
largest_by_rows,0.4774491786956787
largest_by_rows,0.4732326865196228
largest_by_rows,0.5954869985580444
largest_by_rows,0.4409240782260895
largest_by_rows,0.5900322198867798
largest_by_rows,0.5574352741241455
largest_by_rows,0.3791455030441284
largest_by_rows,0.5810784697532654
largest_by_rows,0.6335535049438477
largest_by_rows,0.5311857461929321
largest_by_rows,0.6691679358482361
largest_by_rows,0.5285254716873169
largest_by_rows,0.4320882558822632
largest_by_rows,0.6595134139060974
largest_by_rows,0.658547580242157
largest_by_rows,0.5672445297241211
largest_by_rows,0.38368234038352966
largest_by_rows,0.3208203613758087
largest_by_rows,0.41995757818222046
largest_by_rows,0.6865036487579346
largest_by_rows,0.4284013509750366
largest_by_rows,0.6044501662254333
largest_by_rows,0.44534581899642944
largest_by_rows,0.4854974150657654
largest_by_rows,0.46456554532051086
largest_by_rows,0.4251391291618347
largest_by_rows,0.3901897668838501
largest_by_rows,0.6172711253166199
largest_by_rows,0.42834237217903137
largest_by_rows,0.5515414476394653
largest_by_rows,0.5744773149490356
largest_by_rows,0.7199586033821106
largest_by_rows,0.6487827897071838
largest_by_rows,0.5887134075164795
largest_by_rows,0.39900773763656616
largest_by_rows,0.49779367446899414
largest_by_rows,0.692786693572998
largest_by_rows,0.4160943627357483
largest_by_rows,0.4110020399093628
largest_by_rows,0.7652993202209473
largest_by_rows,0.6152448058128357
largest_by_rows,0.5873932242393494
largest_by_rows,0.5961311459541321
largest_by_rows,0.5711423754692078
largest_by_rows,0.6045962572097778
largest_by_rows,0.4614851176738739
largest_by_rows,0.4521295726299286
largest_by_rows,0.42540374398231506
largest_by_rows,0.49820849299430847
largest_by_rows,0.6533889174461365
largest_by_rows,0.4871932566165924
largest_by_rows,0.5235818028450012
largest_by_rows,0.6190711855888367
largest_by_rows,0.5212255120277405
largest_by_rows,0.3744726777076721
largest_by_rows,0.41470450162887573
largest_by_rows,0.5903598666191101
largest_by_rows,0.6274949312210083
largest_by_rows,0.3670876622200012
largest_by_rows,0.566390872001648
largest_by_rows,0.580027163028717
largest_by_rows,0.5887247920036316
largest_by_rows,0.6444862484931946
largest_by_rows,0.4747518301010132
largest_by_rows,0.4279572665691376
largest_by_rows,0.4212675392627716
largest_by_rows,0.457241952419281
largest_by_rows,0.8623576164245605
largest_by_rows,0.5647162795066833
largest_by_rows,0.5546712279319763
largest_by_rows,0.38164323568344116
largest_by_rows,0.6134934425354004
largest_by_rows,0.49039435386657715
largest_by_rows,0.5152478814125061
largest_by_rows,0.6967344284057617
largest_by_rows,0.7581694722175598
largest_by_rows,0.5399907827377319
largest_by_rows,0.5752395987510681
largest_by_rows,0.6755445003509521
largest_by_rows,0.527726948261261
largest_by_rows,0.570372998714447
largest_by_rows,0.5171375274658203
largest_by_rows,0.6754024624824524
largest_by_rows,0.578460693359375
largest_by_rows,0.5965972542762756
largest_by_rows,0.46326643228530884
largest_by_rows,0.48550236225128174
largest_by_rows,0.5363351106643677
largest_by_rows,0.5453656315803528
largest_by_rows,0.5988084077835083
largest_by_rows,0.40365728735923767
largest_by_rows,0.6695643663406372
largest_by_rows,0.35857856273651123
largest_by_rows,0.5114870071411133
largest_by_rows,0.45344647765159607
largest_by_rows,0.5797550678253174
largest_by_rows,0.5206371545791626
largest_by_rows,0.42215263843536377
largest_by_rows,0.5156091451644897
largest_by_rows,0.44909942150115967
largest_by_rows,0.4725588858127594
largest_by_rows,0.5025262236595154
largest_by_rows,0.45320215821266174
largest_by_rows,0.4486437439918518
largest_by_rows,0.40882617235183716
largest_by_rows,0.45088714361190796
largest_by_rows,0.36949047446250916
largest_by_rows,0.5297147631645203
largest_by_rows,0.5435218811035156
largest_by_rows,0.40542763471603394
largest_by_rows,0.4859362840652466
largest_by_rows,0.6907364130020142
largest_by_rows,0.5716851949691772
largest_by_rows,0.6955402493476868
largest_by_rows,0.5840797424316406
largest_by_rows,0.4527067542076111
largest_by_rows,0.533217191696167
largest_by_rows,0.3798707127571106
largest_by_rows,0.4011121392250061
largest_by_rows,0.3914779722690582
largest_by_rows,0.42754998803138733
largest_by_rows,0.4744184613227844
largest_by_rows,0.6440160870552063
largest_by_rows,0.7211888432502747
largest_by_rows,0.4403629004955292
largest_by_rows,0.3819985091686249
largest_by_rows,0.5431252717971802
largest_by_rows,0.36323413252830505
largest_by_rows,0.38683274388313293
largest_by_rows,0.557159423828125
largest_by_rows,0.6203611493110657
largest_by_rows,0.4526221752166748
largest_by_rows,0.4119633436203003
largest_by_rows,0.46343499422073364
largest_by_rows,0.5360504388809204
largest_by_rows,0.5027812123298645
largest_by_rows,0.36019277572631836
largest_by_rows,0.4309799373149872
largest_by_rows,0.47475865483283997
largest_by_rows,0.4406249523162842
largest_by_rows,0.5727468132972717
largest_by_rows,0.4029521346092224
largest_by_rows,0.5204164385795593
largest_by_rows,0.4098854660987854
largest_by_rows,0.5480172634124756
largest_by_rows,0.4872162640094757
largest_by_rows,0.515594482421875
largest_by_rows,0.5503820776939392
largest_by_rows,0.49766409397125244
largest_by_rows,0.6210877895355225
largest_by_rows,0.5215269327163696
largest_by_rows,0.4481476843357086
largest_by_rows,0.8349124789237976
largest_by_rows,0.49209195375442505
largest_by_rows,0.5708563923835754
largest_by_rows,0.478737473487854
largest_by_rows,0.5968552231788635
largest_by_rows,0.4707781672477722
largest_by_rows,0.3628142178058624
largest_by_rows,0.4579424262046814
largest_by_rows,0.691623330116272
largest_by_rows,0.406925231218338
largest_by_rows,0.35578736662864685
largest_by_rows,0.630073606967926
largest_by_rows,0.5385111570358276
largest_by_rows,0.37738606333732605
largest_by_rows,0.43274375796318054
largest_by_rows,0.4942878782749176
largest_by_rows,0.4082876443862915
largest_by_rows,0.36280083656311035
largest_by_rows,0.44335922598838806
largest_by_rows,0.4557980000972748
largest_by_rows,0.3883981704711914
largest_by_rows,0.44345542788505554
largest_by_rows,0.4476127326488495
largest_by_rows,0.5723961591720581
largest_by_rows,0.4054735004901886
largest_by_rows,0.5877643823623657
largest_by_rows,0.4514026939868927
largest_by_rows,0.41789737343788147
largest_by_rows,0.444203644990921
largest_by_rows,0.47577738761901855
largest_by_rows,0.35305389761924744
largest_by_rows,0.42794695496559143
largest_by_rows,0.3997841775417328
largest_by_rows,0.414288729429245
largest_by_rows,0.49319303035736084
largest_by_rows,0.41760706901550293
largest_by_rows,0.5472054481506348
largest_by_rows,0.496288001537323
largest_by_rows,0.46825215220451355
largest_by_rows,0.5311556458473206
largest_by_rows,0.5591356754302979
largest_by_rows,0.46962788701057434
largest_by_rows,0.607177734375
largest_by_rows,0.36504894495010376
largest_by_rows,0.4773610830307007
largest_by_rows,0.5737706422805786
largest_by_rows,0.36558157205581665
largest_by_rows,0.8560745716094971
largest_by_rows,0.39264827966690063
largest_by_rows,0.6330677270889282
largest_by_rows,0.35041356086730957
largest_by_rows,0.3792703449726105
largest_by_rows,0.453261137008667
largest_by_rows,0.5874226093292236
largest_by_rows,0.49201685190200806
largest_by_rows,0.5746580362319946
largest_by_rows,0.3480774462223053
largest_by_rows,0.5757449865341187
largest_by_rows,0.37628352642059326
largest_by_rows,0.4533095359802246
largest_by_rows,0.7282063961029053
largest_by_rows,0.5064049959182739
largest_by_rows,0.5187148451805115
largest_by_rows,0.4975559711456299
largest_by_rows,0.5615637302398682
largest_by_rows,0.5419625043869019
largest_by_rows,0.7011727094650269
largest_by_rows,0.8443396091461182
largest_by_rows,0.43939828872680664
largest_by_rows,0.49415919184684753
largest_by_rows,0.46205273270606995
largest_by_rows,0.5025067329406738
largest_by_rows,0.35017895698547363
largest_by_rows,0.5559408664703369
largest_by_rows,0.5277640223503113
largest_by_rows,0.4446183145046234
largest_by_rows,0.4878048002719879
largest_by_rows,0.4137336313724518
largest_by_rows,0.4071483612060547
largest_by_rows,0.39775604009628296
largest_by_rows,0.40582865476608276
largest_by_rows,0.5455445647239685
largest_by_rows,0.5240464210510254
largest_by_rows,0.4701605439186096
largest_by_rows,0.4507823586463928
largest_by_rows,0.41249191761016846
largest_by_rows,0.6230299472808838
largest_by_rows,0.4369884133338928
largest_by_rows,0.551422119140625
largest_by_rows,0.47992146015167236
largest_by_rows,0.5560773611068726
largest_by_rows,0.49164149165153503
largest_by_rows,0.5461562871932983
largest_by_rows,0.4711116552352905
largest_by_rows,0.7326831817626953
largest_by_rows,0.4422052502632141
largest_by_rows,0.4957374632358551
largest_by_rows,0.4344084858894348
largest_by_rows,0.4465947151184082
largest_by_rows,0.5332791805267334
largest_by_rows,0.542337954044342
largest_by_rows,0.8106863498687744
largest_by_rows,0.5506653785705566
largest_by_rows,0.5465055108070374
largest_by_rows,0.4418330192565918
largest_by_rows,0.5404127240180969
largest_by_rows,0.6398963332176208
largest_by_rows,0.6071014404296875
largest_by_rows,0.38172250986099243
largest_by_rows,0.5549127459526062
largest_by_rows,0.49138808250427246
largest_by_rows,0.6543418765068054
largest_by_rows,0.47597116231918335
largest_by_rows,0.5106096863746643
largest_by_rows,0.5739629864692688
largest_by_rows,0.5363360643386841
largest_by_rows,0.4720798432826996
largest_by_rows,0.43934595584869385
largest_by_rows,0.43899890780448914
largest_by_rows,0.6464974880218506
largest_by_rows,0.3983444571495056
largest_by_rows,0.4190170168876648
largest_by_rows,0.37422075867652893
largest_by_rows,0.39285901188850403
largest_by_rows,0.448472261428833
largest_by_rows,0.43625083565711975
largest_by_rows,0.7124247550964355
largest_by_rows,0.5200444459915161
largest_by_rows,0.4073450267314911
largest_by_rows,0.38075217604637146
largest_by_rows,0.6153174042701721
largest_by_rows,0.462924063205719
largest_by_rows,0.7213532328605652
largest_by_rows,0.4923430383205414
largest_by_rows,0.5474514961242676
largest_by_rows,0.4644829034805298
largest_by_rows,0.5138936638832092
largest_by_rows,0.6248610019683838
largest_by_rows,0.40745189785957336
largest_by_rows,0.49628689885139465
largest_by_rows,0.5840941071510315
largest_by_rows,0.40443944931030273
largest_by_rows,0.4282072186470032
largest_by_rows,0.4690793454647064
largest_by_rows,0.4981341063976288
largest_by_rows,0.573490560054779
largest_by_rows,0.44900184869766235
largest_by_rows,0.44291216135025024
largest_by_rows,0.5200986266136169
largest_by_rows,0.5321341156959534
largest_by_rows,0.5441034436225891
largest_by_rows,0.44373950362205505
largest_by_rows,0.4684205949306488
largest_by_rows,0.6059845685958862
largest_by_rows,0.4760302007198334
largest_by_rows,0.6299397945404053
largest_by_rows,0.6390425562858582
largest_by_rows,0.5212145447731018
largest_by_rows,0.568882942199707
largest_by_rows,0.7218549251556396
largest_by_rows,0.38974228501319885
largest_by_rows,0.5829744338989258
largest_by_rows,0.6041586995124817
largest_by_rows,0.43762820959091187
largest_by_rows,0.4599530100822449
largest_by_rows,0.5538907647132874
largest_by_rows,0.5102424025535583
largest_by_rows,0.449595183134079
largest_by_rows,0.3128405809402466
largest_by_rows,0.5426461100578308
largest_by_rows,0.4510616660118103
largest_by_rows,0.5530861616134644
largest_by_rows,0.48111897706985474
largest_by_rows,0.6192554831504822
largest_by_rows,0.5548627376556396
largest_by_rows,0.6326466798782349
largest_by_rows,0.44712090492248535
largest_by_rows,0.446567565202713
largest_by_rows,0.5596851706504822
largest_by_rows,0.5896713137626648
largest_by_rows,0.5662685036659241
largest_by_rows,0.6317141652107239
largest_by_rows,0.6995140314102173
largest_by_rows,0.5426498651504517
largest_by_rows,0.49205121397972107
largest_by_rows,0.5845840573310852
largest_by_rows,0.5334659814834595
largest_by_rows,0.42277613282203674
largest_by_rows,0.4727967381477356
largest_by_rows,0.5844060182571411
largest_by_rows,0.4643746316432953
largest_by_rows,0.5034046173095703
largest_by_rows,0.6283233165740967
largest_by_rows,0.625379204750061
largest_by_rows,0.6714768409729004
largest_by_rows,0.6273302435874939
largest_by_rows,0.47699081897735596
largest_by_rows,0.45426031947135925
largest_by_rows,0.6200600862503052
largest_by_rows,0.4869171380996704
largest_by_rows,0.4355073869228363
largest_by_rows,0.46737906336784363
largest_by_rows,0.515062153339386
largest_by_rows,0.503105640411377
largest_by_rows,0.6311531066894531
largest_by_rows,0.5700836181640625
largest_by_rows,0.5558542609214783
largest_by_rows,0.43485027551651
largest_by_rows,0.497334748506546
largest_by_rows,0.871669352054596
largest_by_rows,0.43624091148376465
largest_by_rows,0.3973696529865265
largest_by_rows,0.6275619864463806
largest_by_rows,0.45631977915763855
largest_by_rows,0.5530182719230652
largest_by_rows,0.5418068170547485
largest_by_rows,0.5892935395240784
largest_by_rows,0.5183425545692444
largest_by_rows,0.37482520937919617
largest_by_rows,0.5333574414253235
largest_by_rows,0.4206545352935791
largest_by_rows,0.3681076765060425
largest_by_rows,0.545940101146698
largest_by_rows,0.5716707110404968
largest_by_rows,0.6355840563774109
largest_by_rows,0.5246974229812622
largest_by_rows,0.5258386135101318
largest_by_rows,0.49445992708206177
largest_by_rows,0.5341399908065796
largest_by_rows,0.637561559677124
largest_by_rows,0.579502284526825
largest_by_rows,0.5615499019622803
largest_by_rows,0.5082674026489258
largest_by_rows,0.5011840462684631
largest_by_rows,0.4408167004585266
largest_by_rows,0.5376759767532349
largest_by_rows,0.5132408142089844
largest_by_rows,0.5836935043334961
largest_by_rows,0.4242638945579529
largest_by_rows,0.48620617389678955
largest_by_rows,0.5135745406150818
largest_by_rows,0.41853877902030945
largest_by_rows,0.37825068831443787
largest_by_rows,0.5145062208175659
largest_by_rows,0.568936824798584
largest_by_rows,0.6229186654090881
largest_by_rows,0.6767640709877014
largest_by_rows,0.5791521668434143
largest_by_rows,0.5017256736755371
largest_by_rows,0.40483132004737854
largest_by_rows,0.5817561149597168
largest_by_rows,0.7896815538406372
largest_by_rows,0.7521941065788269
largest_by_rows,0.7770617008209229
largest_by_rows,0.4604341983795166
largest_by_rows,0.4489284157752991
largest_by_rows,0.4591483175754547
largest_by_rows,0.3679744005203247
largest_by_rows,0.37542659044265747
largest_by_rows,0.43431684374809265
largest_by_rows,0.5722711086273193
largest_by_rows,0.5423315167427063
largest_by_rows,0.6431057453155518
largest_by_rows,0.6111312508583069
largest_by_rows,0.8553094267845154
largest_by_rows,0.5445800423622131
largest_by_rows,0.4686369001865387
largest_by_rows,0.48175519704818726
largest_by_rows,0.4373086392879486
largest_by_rows,0.49047231674194336
largest_by_rows,0.4581165909767151
largest_by_rows,0.3824298679828644
largest_by_rows,0.8518224954605103
largest_by_rows,0.3747735917568207
largest_by_rows,0.6786434650421143
largest_by_rows,0.4231252372264862
largest_by_rows,0.5272680521011353
largest_by_rows,0.4710386097431183
largest_by_rows,0.5759783983230591
largest_by_rows,0.5512610673904419
largest_by_rows,0.6710561513900757
largest_by_rows,0.5711826682090759
largest_by_rows,0.749214768409729
largest_by_rows,0.8397982716560364
largest_by_rows,0.47207656502723694
largest_by_rows,0.44959864020347595
largest_by_rows,0.5135027766227722
largest_by_rows,0.3433474600315094
largest_by_rows,0.4010355472564697
largest_by_rows,0.4521688222885132
largest_by_rows,0.7327168583869934
largest_by_rows,0.7697422504425049
largest_by_rows,0.6812682747840881
largest_by_rows,0.6768856644630432
largest_by_rows,0.3596048355102539
largest_by_rows,0.7362189292907715
largest_by_rows,0.6392306089401245
largest_by_rows,0.6259000897407532
largest_by_rows,0.6445848345756531
largest_by_rows,0.4276024401187897
largest_by_rows,0.4437452256679535
largest_by_rows,0.39978688955307007
largest_by_rows,0.6406641602516174
largest_by_rows,0.7190977931022644
largest_by_rows,0.6770619750022888
largest_by_rows,0.5500400066375732
largest_by_rows,0.3312082886695862
largest_by_rows,0.5011715888977051
largest_by_rows,0.42682933807373047
largest_by_rows,0.4376572370529175
largest_by_rows,0.4945555627346039
largest_by_rows,0.445512980222702
largest_by_rows,0.49326688051223755
largest_by_rows,0.5324152112007141
largest_by_rows,0.562626838684082
largest_by_rows,0.6052373647689819
largest_by_rows,0.34687453508377075
largest_by_rows,0.45594361424446106
largest_by_rows,0.5283538103103638
largest_by_rows,0.4242049753665924
largest_by_rows,0.44459956884384155
largest_by_rows,0.5713893175125122
largest_by_rows,0.5683533549308777
largest_by_rows,0.5685193538665771
largest_by_rows,0.4416615962982178
largest_by_rows,0.35391682386398315
largest_by_rows,0.4097440242767334
largest_by_rows,0.6730793714523315
largest_by_rows,0.8351612091064453
largest_by_rows,0.42472097277641296
largest_by_rows,0.4409036338329315
largest_by_rows,0.46278369426727295
largest_by_rows,0.3978165090084076
largest_by_rows,0.41347429156303406
largest_by_rows,0.5764355659484863
largest_by_rows,0.4295455813407898
largest_by_rows,0.514883816242218
largest_by_rows,0.40972134470939636
largest_by_rows,0.7099210619926453
largest_by_rows,0.802856981754303
largest_by_rows,0.38072192668914795
high_overlap_easy,0.9314494729042053
high_overlap_easy,0.9163223505020142
high_overlap_easy,0.8933669924736023
high_overlap_easy,0.8992083668708801
high_overlap_easy,0.9148143529891968
high_overlap_easy,0.9111774563789368
high_overlap_easy,0.9233184456825256
high_overlap_easy,0.9052391052246094
high_overlap_easy,0.9709902405738831
high_overlap_easy,0.954748809337616
high_overlap_easy,0.953094482421875
high_overlap_easy,0.948110044002533
high_overlap_easy,0.9624942541122437
high_overlap_easy,0.610083818435669
high_overlap_easy,0.8170073628425598
high_overlap_easy,0.6930866241455078
high_overlap_easy,0.7567431926727295
high_overlap_easy,0.8842939138412476
high_overlap_easy,0.6373986601829529
high_overlap_easy,0.6040991544723511
high_overlap_easy,0.6765508651733398
high_overlap_easy,0.6489194631576538
high_overlap_easy,0.937698245048523
high_overlap_easy,0.5663220882415771
high_overlap_easy,0.8118030428886414
high_overlap_easy,0.9050477147102356
high_overlap_easy,0.5907078981399536
high_overlap_easy,0.7030113339424133
high_overlap_easy,0.8211721181869507
high_overlap_easy,0.9326311945915222
high_overlap_easy,0.8004418611526489
high_overlap_easy,0.779072642326355
high_overlap_easy,0.5765425562858582
high_overlap_easy,0.7307410836219788
high_overlap_easy,0.7005679607391357
high_overlap_easy,0.5033174157142639
high_overlap_easy,0.6161976456642151
high_overlap_easy,0.6284260153770447
high_overlap_easy,0.8715952038764954
high_overlap_easy,0.862220823764801
high_overlap_easy,0.6797614693641663
high_overlap_easy,0.5916740298271179
high_overlap_easy,0.8849543333053589
high_overlap_easy,0.9408994913101196
high_overlap_easy,0.7519001960754395
high_overlap_easy,0.8134933710098267
high_overlap_easy,0.8821454048156738
high_overlap_easy,0.857613742351532
high_overlap_easy,0.5815213322639465
high_overlap_easy,0.8496360182762146
high_overlap_easy,0.7011400461196899
high_overlap_easy,0.8143225312232971
high_overlap_easy,0.8135403990745544
high_overlap_easy,0.7857559323310852
high_overlap_easy,0.8553085327148438
high_overlap_easy,0.7754488587379456
high_overlap_easy,0.8706032633781433
high_overlap_easy,0.8823086023330688
high_overlap_easy,0.8707218766212463
high_overlap_easy,0.9272007942199707
high_overlap_easy,0.8776716589927673
high_overlap_easy,0.8947375416755676
high_overlap_easy,0.9302194714546204
high_overlap_easy,0.9468451142311096
high_overlap_easy,0.8949554562568665
high_overlap_easy,0.8738605380058289
high_overlap_easy,0.8351694941520691
high_overlap_easy,0.7557942867279053
high_overlap_easy,0.8867276906967163
high_overlap_easy,0.9167929887771606
high_overlap_easy,0.9372748732566833
high_overlap_easy,0.8560961484909058
high_overlap_easy,0.9091730117797852
high_overlap_easy,0.8985539674758911
high_overlap_easy,0.7081847190856934
high_overlap_easy,0.9091113209724426
high_overlap_easy,0.9213362336158752
high_overlap_easy,0.85530024766922
high_overlap_easy,0.855707585811615
high_overlap_easy,0.8920393586158752
high_overlap_easy,0.8895453810691833
high_overlap_easy,0.7563966512680054
high_overlap_easy,0.6796947121620178
high_overlap_easy,0.7500435709953308
high_overlap_easy,0.9323809146881104
high_overlap_easy,0.9284311532974243
high_overlap_easy,0.9078630208969116
high_overlap_easy,0.5850296020507812
high_overlap_easy,0.901197075843811
high_overlap_easy,0.6989427804946899
high_overlap_easy,0.8829833269119263
high_overlap_easy,0.8766224384307861
high_overlap_easy,0.7270006537437439
high_overlap_easy,0.8086909055709839
high_overlap_easy,0.7625701427459717
high_overlap_easy,0.8376645445823669
high_overlap_easy,0.8389012813568115
high_overlap_easy,0.8927603363990784
high_overlap_easy,0.9325761198997498
high_overlap_easy,0.8625025749206543
high_overlap_easy,0.9048677682876587
high_overlap_easy,0.8335083723068237
high_overlap_easy,0.8534214496612549
high_overlap_easy,0.8858962059020996
high_overlap_easy,0.8661981821060181
high_overlap_easy,0.9366710186004639
high_overlap_easy,0.8639869093894958
high_overlap_easy,0.8375936150550842
high_overlap_easy,0.9226099848747253
high_overlap_easy,0.8737491965293884
high_overlap_easy,0.8319376111030579
high_overlap_easy,0.8994114398956299
high_overlap_easy,0.8321133255958557
high_overlap_easy,0.6339188814163208
high_overlap_easy,0.9147230982780457
high_overlap_easy,0.8893097639083862
high_overlap_easy,0.9484153389930725
high_overlap_easy,0.8168429732322693
high_overlap_easy,0.8604321479797363
high_overlap_easy,0.8718745112419128
high_overlap_easy,0.9207856059074402
high_overlap_easy,0.9076135754585266
high_overlap_easy,0.8925805687904358
high_overlap_easy,0.9083359241485596
high_overlap_easy,0.8754845857620239
high_overlap_easy,0.9172137975692749
high_overlap_easy,0.8424500226974487
high_overlap_easy,0.8989214897155762
high_overlap_easy,0.8280099034309387
high_overlap_easy,0.908312976360321
high_overlap_easy,0.9312540292739868
high_overlap_easy,0.9094113111495972
high_overlap_easy,0.8190503120422363
high_overlap_easy,0.8623492121696472
high_overlap_easy,0.8565578460693359
high_overlap_easy,0.8738531470298767
high_overlap_easy,0.938140332698822
high_overlap_easy,0.7894342541694641
high_overlap_easy,0.8543692827224731
high_overlap_easy,0.9549992680549622
high_overlap_easy,0.8486892580986023
high_overlap_easy,0.9305181503295898
high_overlap_easy,0.9254266023635864
high_overlap_easy,0.8432924747467041
high_overlap_easy,0.9088897109031677
high_overlap_easy,0.9011200666427612
high_overlap_easy,0.9145631790161133
high_overlap_easy,0.8669459223747253
high_overlap_easy,0.8815521001815796
high_overlap_easy,0.9264947175979614
high_overlap_easy,0.8139877915382385
high_overlap_easy,0.9547674655914307
high_overlap_easy,0.8370707631111145
high_overlap_easy,0.9020864367485046
high_overlap_easy,0.8855153322219849
high_overlap_easy,0.7106562852859497
high_overlap_easy,0.7618299126625061
high_overlap_easy,0.9104890823364258
high_overlap_easy,0.9325416088104248
high_overlap_easy,0.9321342706680298
high_overlap_easy,0.7682247161865234
high_overlap_easy,0.87459397315979
high_overlap_easy,0.9121136665344238
high_overlap_easy,0.961982786655426
high_overlap_easy,0.9168688058853149
high_overlap_easy,0.912617027759552
high_overlap_easy,0.8643271327018738
high_overlap_easy,0.8910300135612488
high_overlap_easy,0.8368321657180786
high_overlap_easy,0.8630964756011963
high_overlap_easy,0.9176509380340576
high_overlap_easy,0.9327396750450134
high_overlap_easy,0.8996798992156982
high_overlap_easy,0.9019635915756226
high_overlap_easy,0.8770225048065186
high_overlap_easy,0.9155858755111694
high_overlap_easy,0.7937120199203491
high_overlap_easy,0.9221558570861816
high_overlap_easy,0.9083331823348999
high_overlap_easy,0.8494529724121094
high_overlap_easy,0.8747057914733887
high_overlap_easy,0.46458208560943604
high_overlap_easy,0.5985904932022095
high_overlap_easy,0.7568640112876892
high_overlap_easy,0.8427834510803223
high_overlap_easy,0.9048500657081604
high_overlap_easy,0.8346084952354431
high_overlap_easy,0.9217525720596313
high_overlap_easy,0.9048241376876831
high_overlap_easy,0.7796626091003418
high_overlap_easy,0.8747993111610413
high_overlap_easy,0.8689643144607544
high_overlap_easy,0.9631861448287964
high_overlap_easy,0.8905617594718933
high_overlap_easy,0.9284932017326355
high_overlap_easy,0.8645400404930115
high_overlap_easy,0.9102779626846313
high_overlap_easy,0.8879129886627197
high_overlap_easy,0.7465440034866333
high_overlap_easy,0.8417747020721436
high_overlap_easy,0.7788995504379272
high_overlap_easy,0.8502625226974487
high_overlap_easy,0.8657266497612
high_overlap_easy,0.8499337434768677
high_overlap_easy,0.9217050075531006
high_overlap_easy,0.9053001403808594
high_overlap_easy,0.9099506735801697
high_overlap_easy,0.6736094355583191
high_overlap_easy,0.8218211531639099
high_overlap_easy,0.8199178576469421
high_overlap_easy,0.8018649220466614
high_overlap_easy,0.7981227040290833
high_overlap_easy,0.8779085278511047
high_overlap_easy,0.8687692880630493
high_overlap_easy,0.9269893765449524
high_overlap_easy,0.9409199953079224
high_overlap_easy,0.9172085523605347
high_overlap_easy,0.6208945512771606
high_overlap_easy,0.8538693189620972
high_overlap_easy,0.5745067000389099
high_overlap_easy,0.8463967442512512
high_overlap_easy,0.9526793360710144
high_overlap_easy,0.9380481839179993
high_overlap_easy,0.8831035494804382
high_overlap_easy,0.8381228446960449
high_overlap_easy,0.9077086448669434
high_overlap_easy,0.8898764252662659
high_overlap_easy,0.940321683883667
high_overlap_easy,0.8536199331283569
high_overlap_easy,0.8478685021400452
high_overlap_easy,0.7957859635353088
high_overlap_easy,0.8776519298553467
high_overlap_easy,0.8734840750694275
high_overlap_easy,0.8658331036567688
high_overlap_easy,0.8884018063545227
high_overlap_easy,0.9244616031646729
high_overlap_easy,0.9109413027763367
high_overlap_easy,0.9305005669593811
high_overlap_easy,0.9162637591362
high_overlap_easy,0.8918647170066833
high_overlap_easy,0.7830318212509155
high_overlap_easy,0.9330312609672546
high_overlap_easy,0.9152863621711731
high_overlap_easy,0.950850784778595
high_overlap_easy,0.8451749086380005
high_overlap_easy,0.9307317733764648
high_overlap_easy,0.9373505711555481
high_overlap_easy,0.9304450750350952
high_overlap_easy,0.8751027584075928
high_overlap_easy,0.9425140619277954
high_overlap_easy,0.8149001002311707
high_overlap_easy,0.9040798544883728
high_overlap_easy,0.7561558485031128
high_overlap_easy,0.811892032623291
high_overlap_easy,0.9297712445259094
high_overlap_easy,0.9239689707756042
high_overlap_easy,0.9514436721801758
high_overlap_easy,0.7131402492523193
high_overlap_easy,0.8056585788726807
high_overlap_easy,0.7090585827827454
high_overlap_easy,0.8868662118911743
high_overlap_easy,0.6017422676086426
high_overlap_easy,0.9169306755065918
high_overlap_easy,0.8182862997055054
high_overlap_easy,0.9290381669998169
high_overlap_easy,0.8864460587501526
high_overlap_easy,0.8941898941993713
high_overlap_easy,0.9245354533195496
high_overlap_easy,0.8073574900627136
high_overlap_easy,0.8241434693336487
high_overlap_easy,0.8485099077224731
high_overlap_easy,0.830149233341217
high_overlap_easy,0.841300368309021
high_overlap_easy,0.8861324787139893
high_overlap_easy,0.9262208938598633
high_overlap_easy,0.9050412178039551
high_overlap_easy,0.8267462849617004
high_overlap_easy,0.7026190757751465
high_overlap_easy,0.7433202266693115
high_overlap_easy,0.8706690669059753
high_overlap_easy,0.8111933469772339
high_overlap_easy,0.5440035462379456
high_overlap_easy,0.5966752171516418
high_overlap_easy,0.5362445712089539
high_overlap_easy,0.48444506525993347
high_overlap_easy,0.7818648815155029
high_overlap_easy,0.9432058334350586
high_overlap_easy,0.6603124141693115
high_overlap_easy,0.8866487741470337
high_overlap_easy,0.9295865893363953
high_overlap_easy,0.9122190475463867
high_overlap_easy,0.9319974780082703
high_overlap_easy,0.9334006309509277
high_overlap_easy,0.854141116142273
high_overlap_easy,0.908375084400177
high_overlap_easy,0.7857643365859985
high_overlap_easy,0.6307981014251709
high_overlap_easy,0.9144107103347778
high_overlap_easy,0.8587047457695007
high_overlap_easy,0.8935590982437134
high_overlap_easy,0.9120081067085266
high_overlap_easy,0.8702431321144104
high_overlap_easy,0.9297319054603577
high_overlap_easy,0.8653978109359741
high_overlap_easy,0.921772837638855
high_overlap_easy,0.9637872576713562
high_overlap_easy,0.8906165361404419
high_overlap_easy,0.9422410130500793
high_overlap_easy,0.9426565170288086
high_overlap_easy,0.9002243280410767
high_overlap_easy,0.888665497303009
high_overlap_easy,0.9114170670509338
high_overlap_easy,0.7730672955513
high_overlap_easy,0.5940362811088562
high_overlap_easy,0.7377963066101074
high_overlap_easy,0.9006624221801758
high_overlap_easy,0.9286777973175049
high_overlap_easy,0.9402952194213867
high_overlap_easy,0.9012964367866516
high_overlap_easy,0.7847254872322083
high_overlap_easy,0.8156176805496216
high_overlap_easy,0.7711649537086487
high_overlap_easy,0.9413432478904724
high_overlap_easy,0.9529229402542114
high_overlap_easy,0.713433027267456
high_overlap_easy,0.91231369972229
high_overlap_easy,0.9380110502243042
high_overlap_easy,0.9407448768615723
high_overlap_easy,0.7247759103775024
high_overlap_easy,0.9361746311187744
high_overlap_easy,0.9321293830871582
high_overlap_easy,0.899581789970398
high_overlap_easy,0.9088058471679688
high_overlap_easy,0.8474851846694946
high_overlap_easy,0.9205455780029297
high_overlap_easy,0.8999265432357788
high_overlap_easy,0.9341909885406494
high_overlap_easy,0.9575925469398499
high_overlap_easy,0.91936194896698
high_overlap_easy,0.936103105545044
high_overlap_easy,0.8934158086776733
high_overlap_easy,0.9091355204582214
high_overlap_easy,0.9373880624771118
high_overlap_easy,0.6796402931213379
high_overlap_easy,0.872365415096283
high_overlap_easy,0.7131772637367249
high_overlap_easy,0.8617391586303711
high_overlap_easy,0.9350935816764832
high_overlap_easy,0.7043288946151733
high_overlap_easy,0.7699916958808899
high_overlap_easy,0.9093915820121765
high_overlap_easy,0.7921053171157837
high_overlap_easy,0.957684338092804
high_overlap_easy,0.9453131556510925
high_overlap_easy,0.9228531718254089
high_overlap_easy,0.9176140427589417
high_overlap_easy,0.8698982000350952
high_overlap_easy,0.9140990376472473
high_overlap_easy,0.9227621555328369
high_overlap_easy,0.8924351930618286
high_overlap_easy,0.7294168472290039
high_overlap_easy,0.8505086302757263
high_overlap_easy,0.8710904121398926
high_overlap_easy,0.7702919244766235
high_overlap_easy,0.8760333061218262
high_overlap_easy,0.9265115857124329
high_overlap_easy,0.86143958568573
high_overlap_easy,0.9257783889770508
high_overlap_easy,0.9329035878181458
high_overlap_easy,0.9032293558120728
high_overlap_easy,0.6651284098625183
high_overlap_easy,0.9292634725570679
high_overlap_easy,0.86771559715271
high_overlap_easy,0.9065248966217041
high_overlap_easy,0.8707612752914429
high_overlap_easy,0.8646900057792664
high_overlap_easy,0.8633009791374207
high_overlap_easy,0.9172124266624451
high_overlap_easy,0.9073734283447266
high_overlap_easy,0.8417514562606812
high_overlap_easy,0.8809749484062195
high_overlap_easy,0.7990530133247375
high_overlap_easy,0.8829929828643799
high_overlap_easy,0.9485033750534058
high_overlap_easy,0.8986799716949463
high_overlap_easy,0.9046865105628967
high_overlap_easy,0.8753051161766052
high_overlap_easy,0.7921404242515564
high_overlap_easy,0.9638616442680359
high_overlap_easy,0.6249235272407532
high_overlap_easy,0.9149901866912842
high_overlap_easy,0.9186356663703918
high_overlap_easy,0.8732329607009888
high_overlap_easy,0.9331561923027039
high_overlap_easy,0.8886901140213013
high_overlap_easy,0.9203482270240784
high_overlap_easy,0.8554994463920593
high_overlap_easy,0.8405196666717529
high_overlap_easy,0.9213559627532959
high_overlap_easy,0.9095365405082703
high_overlap_easy,0.7680593729019165
high_overlap_easy,0.6615709662437439
high_overlap_easy,0.9108645915985107
high_overlap_easy,0.9549673199653625
high_overlap_easy,0.9371281862258911
high_overlap_easy,0.9713197946548462
high_overlap_easy,0.9393061399459839
high_overlap_easy,0.9325576424598694
high_overlap_easy,0.9149835109710693
high_overlap_easy,0.8534989953041077
high_overlap_easy,0.8283414840698242
high_overlap_easy,0.9261251091957092
high_overlap_easy,0.9225957989692688
high_overlap_easy,0.9488002061843872
high_overlap_easy,0.8475677371025085
high_overlap_easy,0.8558776378631592
high_overlap_easy,0.9025703072547913
high_overlap_easy,0.9345796704292297
high_overlap_easy,0.8762234449386597
high_overlap_easy,0.9572223424911499
high_overlap_easy,0.9362314343452454
high_overlap_easy,0.8792929649353027
high_overlap_easy,0.8368819952011108
high_overlap_easy,0.8646633625030518
high_overlap_easy,0.8386984467506409
high_overlap_easy,0.8630175590515137
high_overlap_easy,0.891203761100769
high_overlap_easy,0.9478122591972351
high_overlap_easy,0.9364703893661499
high_overlap_easy,0.9342014789581299
high_overlap_easy,0.9353551268577576
high_overlap_easy,0.9419993162155151
high_overlap_easy,0.8510133624076843
high_overlap_easy,0.9263704419136047
high_overlap_easy,0.888613760471344
high_overlap_easy,0.9415552616119385
high_overlap_easy,0.8870077133178711
high_overlap_easy,0.9250627160072327
high_overlap_easy,0.8272196054458618
high_overlap_easy,0.8978974223136902
high_overlap_easy,0.9393925070762634
high_overlap_easy,0.6021420955657959
high_overlap_easy,0.9408507943153381
high_overlap_easy,0.8973144292831421
high_overlap_easy,0.7636994123458862
high_overlap_easy,0.6534724235534668
high_overlap_easy,0.903760552406311
high_overlap_easy,0.9472959637641907
high_overlap_easy,0.8968284726142883
high_overlap_easy,0.7977215647697449
high_overlap_easy,0.9238802790641785
high_overlap_easy,0.9245718121528625
high_overlap_easy,0.9036461114883423
high_overlap_easy,0.8666272163391113
high_overlap_easy,0.8187016844749451
high_overlap_easy,0.9592054486274719
high_overlap_easy,0.9447236061096191
high_overlap_easy,0.9673281908035278
high_overlap_easy,0.9678802490234375
high_overlap_easy,0.9646532535552979
high_overlap_easy,0.9571928381919861
high_overlap_easy,0.9124732613563538
high_overlap_easy,0.9461127519607544
high_overlap_easy,0.9618330001831055
high_overlap_easy,0.9788192510604858
high_overlap_easy,0.973037600517273
high_overlap_easy,0.9354472756385803
high_overlap_easy,0.9590902924537659
high_overlap_easy,0.9719104170799255
high_overlap_easy,0.9545180797576904
high_overlap_easy,0.9707501530647278
high_overlap_easy,0.9550951719284058
high_overlap_easy,0.9608632922172546
high_overlap_easy,0.9650325179100037
high_overlap_easy,0.9777426719665527
high_overlap_easy,0.9395009875297546
high_overlap_easy,0.9644469022750854
high_overlap_easy,0.9020088911056519
high_overlap_easy,0.9585267305374146
high_overlap_easy,0.9724433422088623
high_overlap_easy,0.9652055501937866
high_overlap_easy,0.9629157781600952
high_overlap_easy,0.9502397179603577
high_overlap_easy,0.9527180194854736
high_overlap_easy,0.9686017036437988
high_overlap_easy,0.9650471210479736
high_overlap_easy,0.9582122564315796
high_overlap_easy,0.9534274935722351
high_overlap_easy,0.9558669924736023
high_overlap_easy,0.9543957114219666
high_overlap_easy,0.9645140171051025
high_overlap_easy,0.9615302085876465
high_overlap_easy,0.9716813564300537
high_overlap_easy,0.961806058883667
high_overlap_easy,0.9588977098464966
high_overlap_easy,0.9650917649269104
high_overlap_easy,0.9280450940132141
high_overlap_easy,0.9220154881477356
high_overlap_easy,0.9394598007202148
high_overlap_easy,0.9248689413070679
high_overlap_easy,0.9499302506446838
high_overlap_easy,0.8531533479690552
high_overlap_easy,0.5580055713653564
high_overlap_easy,0.673523485660553
high_overlap_easy,0.8666425347328186
high_overlap_easy,0.9204978346824646
high_overlap_easy,0.8768914341926575
high_overlap_easy,0.8015450239181519
high_overlap_easy,0.8471748232841492
high_overlap_easy,0.8521973490715027
high_overlap_easy,0.8956376314163208
high_overlap_easy,0.9018136858940125
high_overlap_easy,0.6067946553230286
high_overlap_easy,0.6163181662559509
high_overlap_easy,0.9064772129058838
high_overlap_easy,0.8310725688934326
high_overlap_easy,0.7481523752212524
high_overlap_easy,0.7370203733444214
high_overlap_easy,0.9132230877876282
high_overlap_easy,0.8767061829566956
high_overlap_easy,0.9110664129257202
high_overlap_easy,0.8331200480461121
high_overlap_easy,0.9005851149559021
high_overlap_easy,0.8350374698638916
high_overlap_easy,0.897101879119873
high_overlap_easy,0.8962342739105225
high_overlap_easy,0.8920056819915771
high_overlap_easy,0.9537933468818665
high_overlap_easy,0.8862103223800659
high_overlap_easy,0.901630163192749
high_overlap_easy,0.9308661222457886
high_overlap_easy,0.9596834182739258
high_overlap_easy,0.89516681432724
high_overlap_easy,0.8678443431854248
high_overlap_easy,0.8541067838668823
high_overlap_easy,0.8454073667526245
high_overlap_easy,0.8943299651145935
high_overlap_easy,0.8904562592506409
high_overlap_easy,0.901079535484314
high_overlap_easy,0.8320610523223877
high_overlap_easy,0.7591912150382996
high_overlap_easy,0.9483439922332764
high_overlap_easy,0.8893179297447205
high_overlap_easy,0.9113351106643677
high_overlap_easy,0.6156660914421082
high_overlap_easy,0.6689638495445251
high_overlap_easy,0.6670430898666382
high_overlap_easy,0.8398891687393188
high_overlap_easy,0.7076431512832642
high_overlap_easy,0.8890818357467651
high_overlap_easy,0.4760456383228302
high_overlap_easy,0.5647531747817993
high_overlap_easy,0.9423458576202393
high_overlap_easy,0.9150115847587585
high_overlap_easy,0.8797332048416138
high_overlap_easy,0.9489294290542603
high_overlap_easy,0.8902061581611633
high_overlap_easy,0.9412285089492798
high_overlap_easy,0.9020512700080872
high_overlap_easy,0.8952633142471313
high_overlap_easy,0.8299577236175537
high_overlap_easy,0.8897078037261963
high_overlap_easy,0.9351890087127686
high_overlap_easy,0.8736463785171509
high_overlap_easy,0.8394322395324707
high_overlap_easy,0.8267999887466431
high_overlap_easy,0.9080014824867249
high_overlap_easy,0.8182097673416138
high_overlap_easy,0.9288355112075806
high_overlap_easy,0.6577666401863098
high_overlap_easy,0.6384285688400269
high_overlap_easy,0.9101278781890869
high_overlap_easy,0.92289137840271
high_overlap_easy,0.9542055726051331
high_overlap_easy,0.9313850998878479
high_overlap_easy,0.8237341642379761
high_overlap_easy,0.9050518274307251
high_overlap_easy,0.840954065322876
high_overlap_easy,0.9395865797996521
high_overlap_easy,0.8549464344978333
high_overlap_easy,0.8824049234390259
high_overlap_easy,0.9187095165252686
high_overlap_easy,0.8284400105476379
high_overlap_easy,0.9175969362258911
high_overlap_easy,0.9014465808868408
high_overlap_easy,0.893595278263092
high_overlap_easy,0.8129947781562805
high_overlap_easy,0.6987541317939758
high_overlap_easy,0.7503072023391724
high_overlap_easy,0.6006054878234863
high_overlap_easy,0.887060284614563
high_overlap_easy,0.8394610285758972
high_overlap_easy,0.9027115702629089
high_overlap_easy,0.5829684734344482
high_overlap_easy,0.7990251779556274
high_overlap_easy,0.8242906928062439
high_overlap_easy,0.8012396097183228
high_overlap_easy,0.8926438093185425
high_overlap_easy,0.9087191820144653
high_overlap_easy,0.9229550957679749
high_overlap_easy,0.8999417424201965
high_overlap_easy,0.8584651350975037
high_overlap_easy,0.8804778456687927
high_overlap_easy,0.9064838886260986
high_overlap_easy,0.9392411708831787
high_overlap_easy,0.7777210474014282
high_overlap_easy,0.9422026872634888
high_overlap_easy,0.7666447758674622
high_overlap_easy,0.9132725596427917
high_overlap_easy,0.855493426322937
high_overlap_easy,0.906586229801178
high_overlap_easy,0.9243916869163513
high_overlap_easy,0.8912872076034546
high_overlap_easy,0.8973009586334229
high_overlap_easy,0.8665494322776794
high_overlap_easy,0.9216102361679077
high_overlap_easy,0.9612597823143005
high_overlap_easy,0.9275037050247192
high_overlap_easy,0.9127005934715271
high_overlap_easy,0.9402629733085632
high_overlap_easy,0.9202619194984436
high_overlap_easy,0.9532335996627808
high_overlap_easy,0.9278000593185425
high_overlap_easy,0.7087396383285522
high_overlap_easy,0.5942707657814026
high_overlap_easy,0.7484391331672668
high_overlap_easy,0.7543706297874451
high_overlap_easy,0.6805945634841919
high_overlap_easy,0.9177117347717285
high_overlap_easy,0.6768821477890015
high_overlap_easy,0.7730402946472168
high_overlap_easy,0.6578498482704163
high_overlap_easy,0.6408355832099915
high_overlap_easy,0.617411196231842
high_overlap_easy,0.6777603030204773
high_overlap_easy,0.88726407289505
high_overlap_easy,0.5908476114273071
high_overlap_easy,0.7771284580230713
high_overlap_easy,0.8862958550453186
high_overlap_easy,0.9445481300354004
high_overlap_easy,0.8323989510536194
high_overlap_easy,0.9584885239601135
high_overlap_easy,0.9026268124580383
high_overlap_easy,0.8641307353973389
high_overlap_easy,0.8981662392616272
high_overlap_easy,0.6266931295394897
high_overlap_easy,0.8911985754966736
high_overlap_easy,0.9117087721824646
high_overlap_easy,0.8558468222618103
high_overlap_easy,0.8300167322158813
high_overlap_easy,0.7447721362113953
high_overlap_easy,0.8310546278953552
high_overlap_easy,0.9062461256980896
high_overlap_easy,0.6341850757598877
high_overlap_easy,0.7462843060493469
high_overlap_easy,0.6872357130050659
high_overlap_easy,0.9211661219596863
high_overlap_easy,0.6974306702613831
high_overlap_easy,0.6434442400932312
high_overlap_easy,0.6288238167762756
high_overlap_easy,0.6140739917755127
high_overlap_easy,0.7353066205978394
high_overlap_easy,0.6674880981445312
high_overlap_easy,0.7176392078399658
high_overlap_easy,0.6579004526138306
high_overlap_easy,0.6951574087142944
high_overlap_easy,0.7725521326065063
high_overlap_easy,0.6900134086608887
high_overlap_easy,0.6638216972351074
high_overlap_easy,0.5177587270736694
high_overlap_easy,0.8541387915611267
high_overlap_easy,0.7431530356407166
high_overlap_easy,0.776181161403656
high_overlap_easy,0.5801095366477966
high_overlap_easy,0.7911714315414429
high_overlap_easy,0.9040117859840393
high_overlap_easy,0.5780472755432129
high_overlap_easy,0.5710767507553101
high_overlap_easy,0.7857813239097595
high_overlap_easy,0.9069699645042419
high_overlap_easy,0.8400298953056335
high_overlap_easy,0.8699829578399658
high_overlap_easy,0.5755167603492737
high_overlap_easy,0.9370797872543335
high_overlap_easy,0.7502744793891907
high_overlap_easy,0.6287771463394165
high_overlap_easy,0.8409712314605713
high_overlap_easy,0.551857054233551
high_overlap_easy,0.6711424589157104
high_overlap_easy,0.6261579394340515
high_overlap_easy,0.7890148758888245
high_overlap_easy,0.8354902863502502
high_overlap_easy,0.8812302350997925
high_overlap_easy,0.641218364238739
high_overlap_easy,0.9599787592887878
high_overlap_easy,0.8640422821044922
high_overlap_easy,0.6998214721679688
high_overlap_easy,0.9660922884941101
high_overlap_easy,0.8778132200241089
high_overlap_easy,0.8136042356491089
high_overlap_easy,0.837035596370697
high_overlap_easy,0.8828186988830566
high_overlap_easy,0.837622880935669
high_overlap_easy,0.9502847790718079
high_overlap_easy,0.5841778516769409
high_overlap_easy,0.9533934593200684
high_overlap_easy,0.6232501864433289
high_overlap_easy,0.912371039390564
high_overlap_easy,0.9055860042572021
high_overlap_easy,0.9581955671310425
high_overlap_easy,0.9496527910232544
high_overlap_easy,0.7781927585601807
high_overlap_easy,0.9286496043205261
high_overlap_easy,0.9359515905380249
high_overlap_easy,0.9457301497459412
high_overlap_easy,0.7715691924095154
high_overlap_easy,0.9298586845397949
high_overlap_easy,0.8703818321228027
high_overlap_easy,0.9282844066619873
high_overlap_easy,0.8044301271438599
high_overlap_easy,0.8642706274986267
high_overlap_easy,0.5691884756088257
high_overlap_easy,0.7207752466201782
high_overlap_easy,0.8666463494300842
high_overlap_easy,0.8157442212104797
high_overlap_easy,0.9144710302352905
high_overlap_easy,0.7965970039367676
high_overlap_easy,0.8244854211807251
high_overlap_easy,0.8355573415756226
high_overlap_easy,0.7605982422828674
high_overlap_easy,0.8036259412765503
high_overlap_easy,0.9019992351531982
high_overlap_easy,0.8389551639556885
high_overlap_easy,0.8639202117919922
high_overlap_easy,0.7327271699905396
high_overlap_easy,0.9113914966583252
high_overlap_easy,0.6609367728233337
high_overlap_easy,0.7695159316062927
high_overlap_easy,0.6502351760864258
high_overlap_easy,0.8356850743293762
high_overlap_easy,0.845374345779419
high_overlap_easy,0.8256131410598755
high_overlap_easy,0.689119279384613
high_overlap_easy,0.9354771971702576
high_overlap_easy,0.901442289352417
high_overlap_easy,0.8704240322113037
high_overlap_easy,0.9685494899749756
high_overlap_easy,0.8134379982948303
high_overlap_easy,0.9346237182617188
high_overlap_easy,0.9043741822242737
high_overlap_easy,0.587782621383667
high_overlap_easy,0.6475774645805359
high_overlap_easy,0.5600062608718872
high_overlap_easy,0.5524442195892334
high_overlap_easy,0.6876623034477234
high_overlap_easy,0.6631296277046204
high_overlap_easy,0.944586992263794
high_overlap_easy,0.9228435158729553
high_overlap_easy,0.780414879322052
high_overlap_easy,0.8912665247917175
high_overlap_easy,0.8004788160324097
high_overlap_easy,0.87137371301651
high_overlap_easy,0.6663404107093811
high_overlap_easy,0.7589371204376221
high_overlap_easy,0.8474863171577454
high_overlap_easy,0.8496922850608826
high_overlap_easy,0.8655918836593628
high_overlap_easy,0.837870180606842
high_overlap_easy,0.8531607985496521
high_overlap_easy,0.933364987373352
high_overlap_easy,0.9191823601722717
high_overlap_easy,0.9097216725349426
high_overlap_easy,0.621743381023407
high_overlap_easy,0.8350471258163452
high_overlap_easy,0.7952959537506104
high_overlap_easy,0.8788903951644897
high_overlap_easy,0.8584325909614563
high_overlap_easy,0.8976783752441406
high_overlap_easy,0.8107765913009644
high_overlap_easy,0.7896822094917297
high_overlap_easy,0.840363085269928
high_overlap_easy,0.8355894684791565
high_overlap_easy,0.8341124057769775
high_overlap_easy,0.9032923579216003
high_overlap_easy,0.9268026947975159
high_overlap_easy,0.9321342706680298
high_overlap_easy,0.9220073223114014
high_overlap_easy,0.8524200916290283
high_overlap_easy,0.8674096465110779
high_overlap_easy,0.9477226138114929
high_overlap_easy,0.9199614524841309
high_overlap_easy,0.878166913986206
high_overlap_easy,0.8767576217651367
high_overlap_easy,0.8472462892532349
high_overlap_easy,0.8247695565223694
high_overlap_easy,0.8810600638389587
high_overlap_easy,0.891997218132019
high_overlap_easy,0.9268072843551636
high_overlap_easy,0.8588249683380127
high_overlap_easy,0.8000087738037109
high_overlap_easy,0.9515784382820129
high_overlap_easy,0.9203768968582153
high_overlap_easy,0.8650625944137573
high_overlap_easy,0.8439183235168457
high_overlap_easy,0.7558044195175171
high_overlap_easy,0.8316906690597534
high_overlap_easy,0.8728480935096741
high_overlap_easy,0.9143995046615601
high_overlap_easy,0.9485538005828857
high_overlap_easy,0.937650203704834
high_overlap_easy,0.8544105887413025
high_overlap_easy,0.8006435632705688
high_overlap_easy,0.9073129892349243
high_overlap_easy,0.8114464282989502
high_overlap_easy,0.9085183143615723
high_overlap_easy,0.8794858455657959
high_overlap_easy,0.8475174307823181
high_overlap_easy,0.8708183765411377
high_overlap_easy,0.6030231714248657
high_overlap_easy,0.7720537781715393
high_overlap_easy,0.753332793712616
high_overlap_easy,0.8864611387252808
high_overlap_easy,0.7449846267700195
high_overlap_easy,0.7555004954338074
high_overlap_easy,0.7571828961372375
high_overlap_easy,0.8470319509506226
high_overlap_easy,0.7962161302566528
high_overlap_easy,0.6733971238136292
high_overlap_easy,0.7044716477394104
high_overlap_easy,0.755068302154541
high_overlap_easy,0.9210109114646912
high_overlap_easy,0.8448731899261475
high_overlap_easy,0.8848686218261719
high_overlap_easy,0.920580267906189
high_overlap_easy,0.9447255730628967
high_overlap_easy,0.938865602016449
high_overlap_easy,0.8981963396072388
high_overlap_easy,0.8800442218780518
high_overlap_easy,0.9392205476760864
high_overlap_easy,0.6469643712043762
high_overlap_easy,0.8818500638008118
high_overlap_easy,0.6473081707954407
high_overlap_easy,0.6053319573402405
high_overlap_easy,0.6553775072097778
high_overlap_easy,0.8672544956207275
high_overlap_easy,0.8976671695709229
high_overlap_easy,0.9330621957778931
high_overlap_easy,0.8498517274856567
high_overlap_easy,0.8939024806022644
high_overlap_easy,0.7416159510612488
high_overlap_easy,0.8829733729362488
high_overlap_easy,0.7982614040374756
high_overlap_easy,0.5387949347496033
high_overlap_easy,0.6592782735824585
high_overlap_easy,0.9402918219566345
high_overlap_easy,0.9466431736946106
high_overlap_easy,0.9505022764205933
high_overlap_easy,0.9244654774665833
high_overlap_easy,0.9257820844650269
high_overlap_easy,0.9226950407028198
high_overlap_easy,0.9451143741607666
high_overlap_easy,0.7867830395698547
high_overlap_easy,0.9068024158477783
high_overlap_easy,0.9580334424972534
high_overlap_easy,0.9424291253089905
high_overlap_easy,0.9744663238525391
high_overlap_easy,0.9448825120925903
high_overlap_easy,0.8285186886787415
high_overlap_easy,0.9225690364837646
high_overlap_easy,0.9144992828369141
high_overlap_easy,0.9291354417800903
high_overlap_easy,0.9513898491859436
high_overlap_easy,0.9469839334487915
high_overlap_easy,0.8052815794944763
high_overlap_easy,0.9245555996894836
high_overlap_easy,0.940860390663147
high_overlap_easy,0.9202782511711121
high_overlap_easy,0.9262596368789673
high_overlap_easy,0.9133071899414062
high_overlap_easy,0.9468755722045898
high_overlap_easy,0.915834903717041
high_overlap_easy,0.8757244944572449
high_overlap_easy,0.8583533763885498
high_overlap_easy,0.8423486948013306
high_overlap_easy,0.8379361629486084
high_overlap_easy,0.7069265842437744
high_overlap_easy,0.9475417137145996
high_overlap_easy,0.8540780544281006
high_overlap_easy,0.7892340421676636
high_overlap_easy,0.911331057548523
high_overlap_easy,0.9284793138504028
high_overlap_easy,0.9281734228134155
high_overlap_easy,0.8543518781661987
high_overlap_easy,0.8824546337127686
high_overlap_easy,0.9539901614189148
high_overlap_easy,0.8889365792274475
high_overlap_easy,0.875896155834198
high_overlap_easy,0.8518967032432556
high_overlap_easy,0.8520141243934631
high_overlap_easy,0.8991442322731018
high_overlap_easy,0.8946329951286316
high_overlap_easy,0.9291261434555054
high_overlap_easy,0.9264814853668213
high_overlap_easy,0.9397544860839844
high_overlap_easy,0.9043784737586975
high_overlap_easy,0.9073122143745422
high_overlap_easy,0.8179503083229065
high_overlap_easy,0.944838285446167
high_overlap_easy,0.9236044883728027
high_overlap_easy,0.8783737421035767
high_overlap_easy,0.9371835589408875
high_overlap_easy,0.6729263663291931
high_overlap_easy,0.7977802157402039
high_overlap_easy,0.8765583038330078
high_overlap_easy,0.9301532506942749
high_overlap_easy,0.8452240228652954
high_overlap_easy,0.6457058191299438
high_overlap_easy,0.5758788585662842
high_overlap_easy,0.6728417277336121
high_overlap_easy,0.9522153735160828
high_overlap_easy,0.7770150303840637
high_overlap_easy,0.8594891428947449
high_overlap_easy,0.9514435529708862
high_overlap_easy,0.8836987614631653
high_overlap_easy,0.8386962413787842
high_overlap_easy,0.794176459312439
high_overlap_easy,0.8799335956573486
high_overlap_easy,0.9424691200256348
high_overlap_easy,0.8914839029312134
high_overlap_easy,0.908371090888977
high_overlap_easy,0.8845012784004211
high_overlap_easy,0.8917595148086548
high_overlap_easy,0.7139696478843689
high_overlap_easy,0.6775401830673218
high_overlap_easy,0.9124181866645813
high_overlap_easy,0.9015414714813232
high_overlap_easy,0.9463358521461487
high_overlap_easy,0.9152553081512451
high_overlap_easy,0.906664252281189
high_overlap_easy,0.8946009278297424
high_overlap_easy,0.8193867802619934
high_overlap_easy,0.9023492932319641
high_overlap_easy,0.8643729090690613
high_overlap_easy,0.8428160548210144
high_overlap_easy,0.8390658497810364
high_overlap_easy,0.8465290665626526
high_overlap_easy,0.8650597333908081
high_overlap_easy,0.8419011831283569
high_overlap_easy,0.8887981176376343
high_overlap_easy,0.915033221244812
high_overlap_easy,0.8998727798461914
high_overlap_easy,0.951758086681366
high_overlap_easy,0.9309601783752441
high_overlap_easy,0.8983938097953796
high_overlap_easy,0.886489987373352
high_overlap_easy,0.9054769277572632
high_overlap_easy,0.9267024993896484
high_overlap_easy,0.8382316827774048
high_overlap_easy,0.9659071564674377
high_overlap_easy,0.8917332887649536
high_overlap_easy,0.8527719974517822
high_overlap_easy,0.9392030239105225
high_overlap_easy,0.9127005338668823
high_overlap_easy,0.8910959959030151
high_overlap_easy,0.7782257199287415
high_overlap_easy,0.8929817080497742
high_overlap_easy,0.8680238723754883
high_overlap_easy,0.8264003396034241
high_overlap_easy,0.8956354856491089
high_overlap_easy,0.8446935415267944
high_overlap_easy,0.9270287752151489
high_overlap_easy,0.8826689720153809
high_overlap_easy,0.9316216707229614
high_overlap_easy,0.9277585744857788
high_overlap_easy,0.9553389549255371
high_overlap_easy,0.9160276055335999
high_overlap_easy,0.9185556173324585
high_overlap_easy,0.9164246916770935
high_overlap_easy,0.9103630781173706
high_overlap_easy,0.8966460824012756
high_overlap_easy,0.9366581439971924
high_overlap_easy,0.9479243159294128
high_overlap_easy,0.9225127696990967
high_overlap_easy,0.7984735369682312
high_overlap_easy,0.9294413924217224
high_overlap_easy,0.9583376049995422
high_overlap_easy,0.9423995018005371
high_overlap_easy,0.9195808172225952
high_overlap_easy,0.9243185520172119
high_overlap_easy,0.596691906452179
high_overlap_easy,0.7808137536048889
high_overlap_easy,0.8839722275733948
high_overlap_easy,0.8471723198890686
high_overlap_easy,0.8615445494651794
high_overlap_easy,0.9472041130065918
high_overlap_easy,0.9416698813438416
high_overlap_easy,0.8516929149627686
high_overlap_easy,0.9385673999786377
high_overlap_easy,0.8659545183181763
high_overlap_easy,0.8999212384223938
high_overlap_easy,0.9019299745559692
high_overlap_easy,0.9023123979568481
high_overlap_easy,0.9152927398681641
high_overlap_easy,0.8570693135261536
high_overlap_easy,0.9202221632003784
high_overlap_easy,0.8862618803977966
high_overlap_easy,0.9233590960502625
high_overlap_easy,0.9205875396728516
high_overlap_easy,0.6959567070007324
high_overlap_easy,0.7158684730529785
high_overlap_easy,0.7415461540222168
high_overlap_easy,0.8367573618888855
high_overlap_easy,0.7649674415588379
high_overlap_easy,0.7402111887931824
high_overlap_easy,0.9250064492225647
high_overlap_easy,0.8425230383872986
high_overlap_easy,0.755313515663147
high_overlap_easy,0.9209750294685364
high_overlap_easy,0.935920774936676
high_overlap_easy,0.8943513035774231
high_overlap_easy,0.9294173717498779
high_overlap_easy,0.9035792946815491
high_overlap_easy,0.8753597736358643
high_overlap_easy,0.8649693727493286
high_overlap_easy,0.9299717545509338
high_overlap_easy,0.7762714624404907
high_overlap_easy,0.7887722849845886
high_overlap_easy,0.915045976638794
high_overlap_easy,0.9172735810279846
high_overlap_easy,0.7898464798927307
high_overlap_easy,0.856127142906189
high_overlap_easy,0.8869318962097168
high_overlap_easy,0.8557429313659668
high_overlap_easy,0.8743084669113159
high_overlap_easy,0.9179146885871887
high_overlap_easy,0.9460028409957886
high_overlap_easy,0.877677857875824
high_overlap_easy,0.9280425310134888
high_overlap_easy,0.8722083568572998
high_overlap_easy,0.8841172456741333
high_overlap_easy,0.8638805747032166
high_overlap_easy,0.8466651439666748
high_overlap_easy,0.7623856067657471
high_overlap_easy,0.9329774975776672
high_overlap_easy,0.8504913449287415
high_overlap_easy,0.9114223122596741
high_overlap_easy,0.7513537406921387
high_overlap_easy,0.8548957109451294
high_overlap_easy,0.8526696562767029
high_overlap_easy,0.957245409488678
high_overlap_easy,0.9537286758422852
high_overlap_easy,0.5499630570411682
high_overlap_easy,0.8508709073066711
high_overlap_easy,0.8579138517379761
high_overlap_easy,0.9454808235168457
high_overlap_easy,0.9523589611053467
high_overlap_easy,0.9154098033905029
high_overlap_easy,0.7080430388450623
high_overlap_easy,0.5488157272338867
high_overlap_easy,0.7126085162162781
high_overlap_easy,0.7654639482498169
high_overlap_easy,0.7389949560165405
high_overlap_easy,0.7349627017974854
high_overlap_easy,0.6848157048225403
high_overlap_easy,0.7498610615730286
high_overlap_easy,0.7521555423736572
high_overlap_easy,0.7394677400588989
high_overlap_easy,0.7841923236846924
high_overlap_easy,0.7162028551101685
high_overlap_easy,0.648088812828064
high_overlap_easy,0.7213985919952393
high_overlap_easy,0.7357415556907654
high_overlap_easy,0.7579911351203918
high_overlap_easy,0.6907243728637695
high_overlap_easy,0.8109135627746582
high_overlap_easy,0.8410183787345886
high_overlap_easy,0.9213252663612366
high_overlap_easy,0.9450588226318359
high_overlap_easy,0.9294448494911194
high_overlap_easy,0.8833333849906921
high_overlap_easy,0.7373624444007874
high_overlap_easy,0.9276576042175293
high_overlap_easy,0.7703714370727539
high_overlap_easy,0.9277973175048828
high_overlap_easy,0.8992223143577576
high_overlap_easy,0.774829089641571
high_overlap_easy,0.86684250831604
high_overlap_easy,0.910749077796936
high_overlap_easy,0.9506134390830994
high_overlap_easy,0.8180992603302002
high_overlap_easy,0.8563787937164307
high_overlap_easy,0.840962290763855
high_overlap_easy,0.9224076867103577
high_overlap_easy,0.92299884557724
high_overlap_easy,0.8611465096473694
high_overlap_easy,0.9138140082359314
high_overlap_easy,0.8871835470199585
high_overlap_easy,0.9104295372962952
high_overlap_easy,0.8602393865585327
high_overlap_easy,0.9462963938713074
high_overlap_easy,0.9341805577278137
high_overlap_easy,0.9328504800796509
high_overlap_easy,0.9467608332633972
high_overlap_easy,0.9194271564483643
high_overlap_easy,0.9355397820472717
high_overlap_easy,0.8806480765342712
high_overlap_easy,0.9637428522109985
high_overlap_easy,0.5445218086242676
high_overlap_easy,0.8848435878753662
high_overlap_easy,0.8682340383529663
high_overlap_easy,0.9352524876594543
high_overlap_easy,0.7157597541809082
high_overlap_easy,0.8271487951278687
high_overlap_easy,0.666015088558197
high_overlap_easy,0.6902179718017578
high_overlap_easy,0.935337245464325
high_overlap_easy,0.9059140682220459
high_overlap_easy,0.9419301748275757
high_overlap_easy,0.9592065811157227
high_overlap_easy,0.8240818977355957
high_overlap_easy,0.8251935839653015
high_overlap_easy,0.8946200013160706
high_overlap_easy,0.8379085659980774
high_overlap_easy,0.8771628141403198
high_overlap_easy,0.8590117692947388
high_overlap_easy,0.8593186736106873
high_overlap_easy,0.8744339942932129
high_overlap_easy,0.5584195256233215
high_overlap_easy,0.8403041362762451
high_overlap_easy,0.8552321195602417
high_overlap_easy,0.8951518535614014
high_overlap_easy,0.945171058177948
high_overlap_easy,0.8405671715736389
high_overlap_easy,0.48752355575561523
high_overlap_easy,0.5407570004463196
high_overlap_easy,0.7488924264907837
high_overlap_easy,0.6062040328979492
high_overlap_easy,0.7172167897224426
high_overlap_easy,0.7513643503189087
high_overlap_easy,0.641953706741333
high_overlap_easy,0.6198990941047668
high_overlap_easy,0.8593820929527283
high_overlap_easy,0.887669026851654
high_overlap_easy,0.8610938191413879
high_overlap_easy,0.8331148624420166
high_overlap_easy,0.7825174331665039
high_overlap_easy,0.8437439203262329
high_overlap_easy,0.9350560307502747
high_overlap_easy,0.8380511403083801
high_overlap_easy,0.8905877470970154
high_overlap_easy,0.8853565454483032
high_overlap_easy,0.9054233431816101
high_overlap_easy,0.5458952188491821
high_overlap_easy,0.9462700486183167
high_overlap_easy,0.7655251622200012
high_overlap_easy,0.6216022968292236
high_overlap_easy,0.8988766074180603
high_overlap_easy,0.8301007151603699
high_overlap_easy,0.7356945276260376
high_overlap_easy,0.8734791278839111
high_overlap_easy,0.9288037419319153
high_overlap_easy,0.9215639233589172
high_overlap_easy,0.9531233906745911
high_overlap_easy,0.9286038875579834
high_overlap_easy,0.6916192770004272
high_overlap_easy,0.803554892539978
high_overlap_easy,0.8835616707801819
high_overlap_easy,0.9274426698684692
high_overlap_easy,0.6174466013908386
high_overlap_easy,0.8830735683441162
high_overlap_easy,0.7424177527427673
high_overlap_easy,0.8619797825813293
high_overlap_easy,0.8979793787002563
high_overlap_easy,0.6324191093444824
high_overlap_easy,0.8284263610839844
high_overlap_easy,0.8694543838500977
high_overlap_easy,0.7940798997879028
high_overlap_easy,0.7042984962463379
high_overlap_easy,0.8908038139343262
high_overlap_easy,0.7377045750617981
high_overlap_easy,0.816087007522583
high_overlap_easy,0.6725400686264038
high_overlap_easy,0.5720068216323853
high_overlap_easy,0.8541553616523743
high_overlap_easy,0.7171311378479004
high_overlap_easy,0.8742476105690002
high_overlap_easy,0.8685742616653442
high_overlap_easy,0.8641161322593689
high_overlap_easy,0.9118872284889221
high_overlap_easy,0.8137112855911255
high_overlap_easy,0.8921975493431091
high_overlap_easy,0.8000161647796631
high_overlap_easy,0.8386951684951782
high_overlap_easy,0.9239585399627686
high_overlap_easy,0.9088735580444336
high_overlap_easy,0.8713011145591736
high_overlap_easy,0.9370862245559692
high_overlap_easy,0.5463530421257019
high_overlap_easy,0.9491312503814697
high_overlap_easy,0.884694516658783
high_overlap_easy,0.8008816838264465
high_overlap_easy,0.8997008800506592
high_overlap_easy,0.8395233154296875
high_overlap_easy,0.8791649341583252
high_overlap_easy,0.7570015788078308
high_overlap_easy,0.8958125114440918
high_overlap_easy,0.9105106592178345
high_overlap_easy,0.939182460308075
high_overlap_easy,0.9115488529205322
high_overlap_easy,0.8444512486457825
high_overlap_easy,0.6195396184921265
high_overlap_easy,0.7083240747451782
high_overlap_easy,0.7610636949539185
high_overlap_easy,0.8431047797203064
high_overlap_easy,0.5169216990470886
high_overlap_easy,0.8929545879364014
high_overlap_easy,0.95159912109375
high_overlap_easy,0.6877476572990417
high_overlap_easy,0.6627997756004333
high_overlap_easy,0.8900469541549683
high_overlap_easy,0.8281363248825073
high_overlap_easy,0.84273761510849
high_overlap_easy,0.8135681748390198
high_overlap_easy,0.914112389087677
high_overlap_easy,0.8915200233459473
high_overlap_easy,0.8917575478553772
high_overlap_easy,0.6962194442749023
high_overlap_easy,0.8189530372619629
high_overlap_easy,0.8015512228012085
high_overlap_easy,0.9523874521255493
high_overlap_easy,0.6362119317054749
high_overlap_easy,0.8826439380645752
high_overlap_easy,0.9594584703445435
high_overlap_easy,0.9395464658737183
high_overlap_easy,0.9015644192695618
high_overlap_easy,0.9326646327972412
high_overlap_easy,0.9246480464935303
high_overlap_easy,0.8918962478637695
high_overlap_easy,0.9390988349914551
high_overlap_easy,0.9331900477409363
high_overlap_easy,0.9393064379692078
high_overlap_easy,0.924934446811676
high_overlap_easy,0.9652099013328552
high_overlap_easy,0.9229975938796997
high_overlap_easy,0.891508162021637
high_overlap_easy,0.9215095639228821
high_overlap_easy,0.6916787028312683
high_overlap_easy,0.8693376183509827
high_overlap_easy,0.8280709981918335
high_overlap_easy,0.8828644156455994
high_overlap_easy,0.9227303862571716
high_overlap_easy,0.926091730594635
high_overlap_easy,0.8995482921600342
high_overlap_easy,0.899919331073761
high_overlap_easy,0.907406747341156
high_overlap_easy,0.9080196619033813
high_overlap_easy,0.9436643123626709
high_overlap_easy,0.932838499546051
high_overlap_easy,0.900054395198822
high_overlap_easy,0.9525995254516602
high_overlap_easy,0.608212947845459
high_overlap_easy,0.8033616542816162
high_overlap_easy,0.6871068477630615
high_overlap_easy,0.7364352345466614
high_overlap_easy,0.6900550127029419
high_overlap_easy,0.6495985388755798
high_overlap_easy,0.5410866141319275
high_overlap_easy,0.7329875230789185
high_overlap_easy,0.9052358269691467
high_overlap_easy,0.809910774230957
high_overlap_easy,0.9052358269691467
high_overlap_easy,0.9230893850326538
high_overlap_easy,0.9139472246170044
high_overlap_easy,0.6840667128562927
high_overlap_easy,0.8561666011810303
high_overlap_easy,0.897267758846283
high_overlap_easy,0.8698830008506775
high_overlap_easy,0.9201707243919373
high_overlap_easy,0.6216022968292236
high_overlap_easy,0.8952417373657227
high_overlap_easy,0.8899637460708618
high_overlap_easy,0.8817251920700073
high_overlap_easy,0.9041262865066528
high_overlap_easy,0.9317581057548523
high_overlap_easy,0.9024133086204529
high_overlap_easy,0.7387248873710632
high_overlap_easy,0.5212671160697937
high_overlap_easy,0.5662189722061157
high_overlap_easy,0.6795831322669983
high_overlap_easy,0.8164560794830322
high_overlap_easy,0.8096306920051575
high_overlap_easy,0.7952960729598999
high_overlap_easy,0.8137381672859192
high_overlap_easy,0.9013576507568359
high_overlap_easy,0.6673665642738342
high_overlap_easy,0.9251260757446289
high_overlap_easy,0.8976272940635681
high_overlap_easy,0.7917414903640747
high_overlap_easy,0.872582733631134
high_overlap_easy,0.8569256067276001
high_overlap_easy,0.8818193674087524
high_overlap_easy,0.8981897830963135
high_overlap_easy,0.9347018003463745
high_overlap_easy,0.870613157749176
high_overlap_easy,0.8772619962692261
high_overlap_easy,0.8844068050384521
high_overlap_easy,0.8777719140052795
high_overlap_easy,0.9266156554222107
high_overlap_easy,0.7899868488311768
high_overlap_easy,0.938888669013977
high_overlap_easy,0.9103652238845825
high_overlap_easy,0.8432579040527344
high_overlap_easy,0.9068500995635986
high_overlap_easy,0.9403020143508911
high_overlap_easy,0.8256170749664307
high_overlap_easy,0.939749002456665
high_overlap_easy,0.946280837059021
high_overlap_easy,0.9308617115020752
high_overlap_easy,0.9334099888801575
high_overlap_easy,0.9367890357971191
high_overlap_easy,0.9136295914649963
high_overlap_easy,0.9571355581283569
high_overlap_easy,0.9457264542579651
high_overlap_easy,0.732912540435791
high_overlap_easy,0.7760680317878723
high_overlap_easy,0.7936700582504272
high_overlap_easy,0.6537066102027893
high_overlap_easy,0.8941856026649475
high_overlap_easy,0.851443350315094
high_overlap_easy,0.9186372756958008
high_overlap_easy,0.8856284618377686
high_overlap_easy,0.8988573551177979
high_overlap_easy,0.7749183177947998
high_overlap_easy,0.8271806240081787
high_overlap_easy,0.9666540026664734
high_overlap_easy,0.9446582794189453
high_overlap_easy,0.9278900623321533
high_overlap_easy,0.9252197742462158
high_overlap_easy,0.9013230204582214
high_overlap_easy,0.896801233291626
high_overlap_easy,0.8750464916229248
high_overlap_easy,0.8874226212501526
high_overlap_easy,0.8299883008003235
high_overlap_easy,0.8978150486946106
high_overlap_easy,0.8999212980270386
high_overlap_easy,0.9240822792053223
high_overlap_easy,0.9367793202400208
high_overlap_easy,0.9054132103919983
high_overlap_easy,0.9401152729988098
high_overlap_easy,0.8487255573272705
high_overlap_easy,0.89897620677948
high_overlap_easy,0.950978696346283
high_overlap_easy,0.8544489145278931
high_overlap_easy,0.9469941258430481
high_overlap_easy,0.8767960667610168
high_overlap_easy,0.9528602361679077
high_overlap_easy,0.890346348285675
high_overlap_easy,0.9152141809463501
high_overlap_easy,0.9602775573730469
high_overlap_easy,0.966126561164856
high_overlap_easy,0.9564345479011536
high_overlap_easy,0.7120789289474487
high_overlap_easy,0.9349327683448792
high_overlap_easy,0.9114984273910522
high_overlap_easy,0.8450160026550293
high_overlap_easy,0.8673321604728699
high_overlap_easy,0.9124243259429932
high_overlap_easy,0.8922309875488281
high_overlap_easy,0.8357579708099365
high_overlap_easy,0.9390892386436462
high_overlap_easy,0.9367974996566772
high_overlap_easy,0.8368098735809326
high_overlap_easy,0.9074509739875793
high_overlap_easy,0.8596403002738953
high_overlap_easy,0.9226846098899841
high_overlap_easy,0.8204089403152466
high_overlap_easy,0.8985504508018494
high_overlap_easy,0.9695430397987366
high_overlap_easy,0.9640932679176331
high_overlap_easy,0.9388847947120667
high_overlap_easy,0.8432064056396484
high_overlap_easy,0.6479235887527466
high_overlap_easy,0.8989752531051636
high_overlap_easy,0.9437003135681152
high_overlap_easy,0.9120387434959412
high_overlap_easy,0.7186651825904846
high_overlap_easy,0.8023489713668823
high_overlap_easy,0.8252699971199036
high_overlap_easy,0.7657476663589478
high_overlap_easy,0.8943198919296265
high_overlap_easy,0.9206268787384033
high_overlap_easy,0.9278902411460876
high_overlap_easy,0.9202076196670532
high_overlap_easy,0.8876858949661255
high_overlap_easy,0.905081033706665
high_overlap_easy,0.8899352550506592
high_overlap_easy,0.9156654477119446
high_overlap_easy,0.6669987440109253
high_overlap_easy,0.7462409734725952
high_overlap_easy,0.8857988715171814
high_overlap_easy,0.8531497716903687
high_overlap_easy,0.9154486656188965
high_overlap_easy,0.8723283410072327
high_overlap_easy,0.9490668177604675
high_overlap_easy,0.9080129861831665
high_overlap_easy,0.824035108089447
high_overlap_easy,0.8227081894874573
high_overlap_easy,0.9101729989051819
high_overlap_easy,0.6386016607284546
high_overlap_easy,0.8612573742866516
high_overlap_easy,0.7673818469047546
high_overlap_easy,0.8965627551078796
high_overlap_easy,0.881858229637146
high_overlap_easy,0.8268574476242065
high_overlap_easy,0.8160969614982605
high_overlap_easy,0.7453671097755432
high_overlap_easy,0.8818737864494324
high_overlap_easy,0.8574476838111877
high_overlap_easy,0.9129981398582458
high_overlap_easy,0.9272778034210205
high_overlap_easy,0.8850849270820618
high_overlap_easy,0.8656575679779053
high_overlap_easy,0.6943690180778503
high_overlap_easy,0.6858360767364502
high_overlap_easy,0.794661819934845
high_overlap_easy,0.590429961681366
high_overlap_easy,0.9020540118217468
high_overlap_easy,0.923962414264679
high_overlap_easy,0.8649552464485168
high_overlap_easy,0.6839476227760315
high_overlap_easy,0.8545938730239868
high_overlap_easy,0.8820353150367737
high_overlap_easy,0.8849881887435913
high_overlap_easy,0.8226321339607239
high_overlap_easy,0.8013579845428467
high_overlap_easy,0.9439271092414856
high_overlap_easy,0.8572081327438354
high_overlap_easy,0.943549394607544
high_overlap_easy,0.8942877054214478
high_overlap_easy,0.8373255133628845
high_overlap_easy,0.9237479567527771
high_overlap_easy,0.8676525950431824
high_overlap_easy,0.8322877287864685
high_overlap_easy,0.9093525409698486
high_overlap_easy,0.8428071737289429
high_overlap_easy,0.9359356164932251
high_overlap_easy,0.9561043977737427
high_overlap_easy,0.9217516779899597
high_overlap_easy,0.7199367880821228
high_overlap_easy,0.9226067662239075
high_overlap_easy,0.934448778629303
high_overlap_easy,0.9166045784950256
high_overlap_easy,0.8910372257232666
high_overlap_easy,0.9414622783660889
high_overlap_easy,0.9225452542304993
high_overlap_easy,0.9210046529769897
high_overlap_easy,0.78272545337677
high_overlap_easy,0.8073924779891968
high_overlap_easy,0.668216347694397
high_overlap_easy,0.882656455039978
high_overlap_easy,0.8938942551612854
high_overlap_easy,0.830671489238739
high_overlap_easy,0.9369797706604004
high_overlap_easy,0.9198676347732544
high_overlap_easy,0.9002156257629395
high_overlap_easy,0.862436830997467
high_overlap_easy,0.7123721837997437
high_overlap_easy,0.8023869395256042
high_overlap_easy,0.6631751656532288
high_overlap_easy,0.833927571773529
high_overlap_easy,0.8387832641601562
high_overlap_easy,0.8522791266441345
high_overlap_easy,0.8982619047164917
high_overlap_easy,0.8961620330810547
high_overlap_easy,0.8585300445556641
high_overlap_easy,0.9394308924674988
high_overlap_easy,0.9225561618804932
high_overlap_easy,0.8940444588661194
high_overlap_easy,0.8346309661865234
high_overlap_easy,0.9355452656745911
high_overlap_easy,0.9491117596626282
high_overlap_easy,0.7678492069244385
high_overlap_easy,0.9204226732254028
high_overlap_easy,0.9214260578155518
high_overlap_easy,0.9449847340583801
high_overlap_easy,0.7741135358810425
high_overlap_easy,0.8936529159545898
high_overlap_easy,0.9149631857872009
high_overlap_easy,0.8350846171379089
high_overlap_easy,0.9522433280944824
high_overlap_easy,0.9327883124351501
high_overlap_easy,0.6504350304603577
high_overlap_easy,0.6518957614898682
high_overlap_easy,0.7578360438346863
high_overlap_easy,0.9095420837402344
high_overlap_easy,0.9219940304756165
high_overlap_easy,0.9149515628814697
high_overlap_easy,0.8877543807029724
high_overlap_easy,0.6209782958030701
high_overlap_easy,0.5648863315582275
high_overlap_easy,0.8404750823974609
high_overlap_easy,0.9383993148803711
high_overlap_easy,0.9154491424560547
high_overlap_easy,0.7079720497131348
high_overlap_easy,0.942894697189331
high_overlap_easy,0.889884352684021
high_overlap_easy,0.9004253149032593
high_overlap_easy,0.8538064956665039
high_overlap_easy,0.8031156063079834
high_overlap_easy,0.8250950574874878
high_overlap_easy,0.9145501852035522
high_overlap_easy,0.7929762601852417
high_overlap_easy,0.833105742931366
high_overlap_easy,0.9648230075836182
high_overlap_easy,0.7285544872283936
high_overlap_easy,0.8286492228507996
high_overlap_easy,0.9336857199668884
high_overlap_easy,0.8922334909439087
high_overlap_easy,0.8897252678871155
high_overlap_easy,0.9095613956451416
high_overlap_easy,0.8354613184928894
high_overlap_easy,0.8186102509498596
high_overlap_easy,0.9104337692260742
high_overlap_easy,0.9278397560119629
high_overlap_easy,0.8567920923233032
high_overlap_easy,0.6345102190971375
high_overlap_easy,0.8183053731918335
high_overlap_easy,0.8244350552558899
high_overlap_easy,0.8086447715759277
high_overlap_easy,0.7895248532295227
high_overlap_easy,0.9001649022102356
high_overlap_easy,0.7702201008796692
high_overlap_easy,0.6953630447387695
high_overlap_easy,0.7767366766929626
high_overlap_easy,0.9291360974311829
high_overlap_easy,0.9459784030914307
high_overlap_easy,0.9168168306350708
high_overlap_easy,0.90480637550354
high_overlap_easy,0.9224077463150024
high_overlap_easy,0.9100428819656372
high_overlap_easy,0.9294416904449463
high_overlap_easy,0.8874421715736389
high_overlap_easy,0.9034132361412048
high_overlap_easy,0.9040355682373047
high_overlap_easy,0.8968801498413086
high_overlap_easy,0.893282413482666
high_overlap_easy,0.9031345844268799
high_overlap_easy,0.9164772033691406
high_overlap_easy,0.8731260895729065
high_overlap_easy,0.7809625864028931
high_overlap_easy,0.6371464133262634
high_overlap_easy,0.6653056740760803
high_overlap_easy,0.5038590431213379
high_overlap_easy,0.6001765727996826
high_overlap_easy,0.8087949156761169
high_overlap_easy,0.5678735971450806
high_overlap_easy,0.7107434272766113
high_overlap_easy,0.7590047717094421
high_overlap_easy,0.7632014751434326
high_overlap_easy,0.8167245984077454
high_overlap_easy,0.7226114273071289
high_overlap_easy,0.8404079675674438
high_overlap_easy,0.7121884226799011
high_overlap_easy,0.8110721707344055
high_overlap_easy,0.5209692120552063
high_overlap_easy,0.7977679371833801
high_overlap_easy,0.577211320400238
high_overlap_easy,0.7747987508773804
high_overlap_easy,0.6280583739280701
high_overlap_easy,0.7757404446601868
high_overlap_easy,0.6166163682937622
high_overlap_easy,0.6998097896575928
high_overlap_easy,0.7568159103393555
high_overlap_easy,0.7611966729164124
high_overlap_easy,0.6443770527839661
high_overlap_easy,0.7357964515686035
high_overlap_easy,0.6229822635650635
high_overlap_easy,0.47490084171295166
high_overlap_easy,0.6917226314544678
high_overlap_easy,0.552100658416748
high_overlap_easy,0.5267273187637329
high_overlap_easy,0.5907043814659119
high_overlap_easy,0.6112701892852783
high_overlap_easy,0.715495765209198
high_overlap_easy,0.7649891972541809
high_overlap_easy,0.7108131647109985
high_overlap_easy,0.5911758542060852
high_overlap_easy,0.6797716617584229
high_overlap_easy,0.5863991975784302
high_overlap_easy,0.6725460290908813
high_overlap_easy,0.557959794998169
high_overlap_easy,0.6384387612342834
high_overlap_easy,0.754399836063385
high_overlap_easy,0.7414828538894653
high_overlap_easy,0.733385443687439
high_overlap_easy,0.5689730644226074
high_overlap_easy,0.4978495240211487
high_overlap_easy,0.9090232253074646
high_overlap_easy,0.8373976945877075
high_overlap_easy,0.5848579406738281
high_overlap_easy,0.8206186890602112
high_overlap_easy,0.6497370600700378
high_overlap_easy,0.6155954599380493
high_overlap_easy,0.6668051481246948
high_overlap_easy,0.8451846837997437
high_overlap_easy,0.8638290762901306
high_overlap_easy,0.5937978625297546
high_overlap_easy,0.5402350425720215
high_overlap_easy,0.7141125202178955
high_overlap_easy,0.9007211327552795
high_overlap_easy,0.9011416435241699
high_overlap_easy,0.9508367776870728
high_overlap_easy,0.9465468525886536
high_overlap_easy,0.9574103355407715
high_overlap_easy,0.9318442940711975
high_overlap_easy,0.9561377167701721
high_overlap_easy,0.9253880381584167
high_overlap_easy,0.9351587295532227
high_overlap_easy,0.845312774181366
high_overlap_easy,0.8386719226837158
high_overlap_easy,0.9176029562950134
high_overlap_easy,0.9581577777862549
high_overlap_easy,0.9400356411933899
high_overlap_easy,0.8709502220153809
high_overlap_easy,0.8273412585258484
high_overlap_easy,0.9123730659484863
high_overlap_easy,0.7683863639831543
high_overlap_easy,0.913559079170227
high_overlap_easy,0.9255315661430359
high_overlap_easy,0.9558472633361816
high_overlap_easy,0.8698830008506775
high_overlap_easy,0.9139757752418518
high_overlap_easy,0.939659059047699
high_overlap_easy,0.9448235034942627
high_overlap_easy,0.9516971707344055
high_overlap_easy,0.9158134460449219
high_overlap_easy,0.8629117608070374
high_overlap_easy,0.930060625076294
high_overlap_easy,0.9546979665756226
high_overlap_easy,0.8731610178947449
high_overlap_easy,0.8969303965568542
high_overlap_easy,0.8788197040557861
high_overlap_easy,0.8955549597740173
high_overlap_easy,0.8942711353302002
high_overlap_easy,0.8721999526023865
high_overlap_easy,0.9555887579917908
high_overlap_easy,0.9052358269691467
high_overlap_easy,0.9435471892356873
high_overlap_easy,0.9358433485031128
high_overlap_easy,0.6324716210365295
high_overlap_easy,0.7989991307258606
high_overlap_easy,0.9341461062431335
high_overlap_easy,0.8676719665527344
high_overlap_easy,0.8849672079086304
high_overlap_easy,0.7631070613861084
high_overlap_easy,0.8642957210540771
high_overlap_easy,0.8692304491996765
high_overlap_easy,0.9235157370567322
high_overlap_easy,0.900401771068573
high_overlap_easy,0.9100679755210876
high_overlap_easy,0.9632189273834229
high_overlap_easy,0.9297628402709961
high_overlap_easy,0.9490178823471069
high_overlap_easy,0.9561275839805603
high_overlap_easy,0.8505415320396423
high_overlap_easy,0.873225748538971
high_overlap_easy,0.8836659789085388
high_overlap_easy,0.8973055481910706
high_overlap_easy,0.8347351551055908
high_overlap_easy,0.8732627630233765
high_overlap_easy,0.8294371962547302
high_overlap_easy,0.8422295451164246
high_overlap_easy,0.8856428861618042
high_overlap_easy,0.8215119242668152
high_overlap_easy,0.8889978528022766
high_overlap_easy,0.7591912150382996
high_overlap_easy,0.9402328133583069
high_overlap_easy,0.8798261880874634
high_overlap_easy,0.9427976608276367
high_overlap_easy,0.9242292642593384
high_overlap_easy,0.9338408708572388
high_overlap_easy,0.9030429124832153
high_overlap_easy,0.7242768406867981
high_overlap_easy,0.8066255450248718
high_overlap_easy,0.743495523929596
high_overlap_easy,0.935678243637085
high_overlap_easy,0.8917161226272583
high_overlap_easy,0.903016209602356
high_overlap_easy,0.9108402729034424
high_overlap_easy,0.9340932965278625
high_overlap_easy,0.9397136569023132
high_overlap_easy,0.8293210864067078
high_overlap_easy,0.84126877784729
high_overlap_easy,0.9193311929702759
high_overlap_easy,0.8771412968635559
high_overlap_easy,0.8939362168312073
high_overlap_easy,0.897930383682251
high_overlap_easy,0.8012815713882446
high_overlap_easy,0.9246259927749634
high_overlap_easy,0.9032043218612671
high_overlap_easy,0.89324551820755
high_overlap_easy,0.859862744808197
high_overlap_easy,0.9035016894340515
high_overlap_easy,0.6411661505699158
high_overlap_easy,0.7459112405776978
high_overlap_easy,0.8862042427062988
high_overlap_easy,0.8643197417259216
high_overlap_easy,0.8510274291038513
high_overlap_easy,0.5318886637687683
high_overlap_easy,0.7448160648345947
high_overlap_easy,0.9374396800994873
high_overlap_easy,0.9041971564292908
high_overlap_easy,0.8713323473930359
high_overlap_easy,0.7160795331001282
high_overlap_easy,0.8882412314414978
high_overlap_easy,0.9243949055671692
high_overlap_easy,0.8261874318122864
high_overlap_easy,0.8484838008880615
high_overlap_easy,0.9180080890655518
high_overlap_easy,0.6978217959403992
high_overlap_easy,0.8161881566047668
high_overlap_easy,0.9047247171401978
high_overlap_easy,0.6901434659957886
high_overlap_easy,0.7409237623214722
high_overlap_easy,0.8216268420219421
high_overlap_easy,0.7901611328125
high_overlap_easy,0.8874877691268921
high_overlap_easy,0.8546527624130249
high_overlap_easy,0.5499981045722961
high_overlap_easy,0.9218851327896118
high_overlap_easy,0.8464032411575317
high_overlap_easy,0.6156988143920898
high_overlap_easy,0.6511839628219604
high_overlap_easy,0.9259471297264099
high_overlap_easy,0.8468776345252991
high_overlap_easy,0.8007339239120483
high_overlap_easy,0.8710310459136963
high_overlap_easy,0.6842275857925415
high_overlap_easy,0.939638614654541
high_overlap_easy,0.8799667358398438
high_overlap_easy,0.8796060681343079
high_overlap_easy,0.8831419944763184
high_overlap_easy,0.8843623995780945
high_overlap_easy,0.8398544788360596
high_overlap_easy,0.8460429310798645
high_overlap_easy,0.9101341962814331
high_overlap_easy,0.865696370601654
high_overlap_easy,0.8666476011276245
high_overlap_easy,0.7042496800422668
high_overlap_easy,0.9334521293640137
high_overlap_easy,0.9000476598739624
high_overlap_easy,0.922767698764801
high_overlap_easy,0.9399939179420471
high_overlap_easy,0.8349930644035339
high_overlap_easy,0.9195451736450195
high_overlap_easy,0.8808836936950684
high_overlap_easy,0.8450587391853333
high_overlap_easy,0.8912365436553955
high_overlap_easy,0.7109918594360352
high_overlap_easy,0.6837186813354492
high_overlap_easy,0.9221283197402954
high_overlap_easy,0.9063273072242737
high_overlap_easy,0.9455105066299438
high_overlap_easy,0.9135980606079102
high_overlap_easy,0.8068022727966309
high_overlap_easy,0.6695951819419861
high_overlap_easy,0.9076424837112427
high_overlap_easy,0.884469747543335
high_overlap_easy,0.8782337307929993
high_overlap_easy,0.8961864709854126
high_overlap_easy,0.8951603770256042
high_overlap_easy,0.9326990842819214
high_overlap_easy,0.8539382815361023
high_overlap_easy,0.5511388182640076
high_overlap_easy,0.9028772115707397
high_overlap_easy,0.9018722772598267
high_overlap_easy,0.8760374188423157
high_overlap_easy,0.9273675680160522
high_overlap_easy,0.8328016996383667
high_overlap_easy,0.8750213384628296
high_overlap_easy,0.806000292301178
high_overlap_easy,0.8915380239486694
high_overlap_easy,0.9390574097633362
high_overlap_easy,0.897197961807251
high_overlap_easy,0.9337601661682129
high_overlap_easy,0.7940582633018494
high_overlap_easy,0.9425539374351501
high_overlap_easy,0.9004348516464233
high_overlap_easy,0.9413585662841797
high_overlap_easy,0.9166517853736877
high_overlap_easy,0.9140031337738037
high_overlap_easy,0.9496865272521973
high_overlap_easy,0.963158905506134
high_overlap_easy,0.7460685968399048
high_overlap_easy,0.7545947432518005
high_overlap_easy,0.867827296257019
high_overlap_easy,0.7434589862823486
high_overlap_easy,0.6256580352783203
high_overlap_easy,0.6453636288642883
high_overlap_easy,0.6963640451431274
high_overlap_easy,0.6570832133293152
high_overlap_easy,0.8395000696182251
high_overlap_easy,0.8684049844741821
high_overlap_easy,0.8862383365631104
high_overlap_easy,0.7527769207954407
high_overlap_easy,0.6103107333183289
high_overlap_easy,0.8009389042854309
high_overlap_easy,0.7749890089035034
high_overlap_easy,0.5090429782867432
high_overlap_easy,0.5257575511932373
high_overlap_easy,0.612596869468689
high_overlap_easy,0.7224584817886353
high_overlap_easy,0.858113169670105
high_overlap_easy,0.8355528116226196
high_overlap_easy,0.5150623917579651
high_overlap_easy,0.9100156426429749
high_overlap_easy,0.8571884036064148
high_overlap_easy,0.8290460109710693
high_overlap_easy,0.7699469327926636
high_overlap_easy,0.7608740329742432
high_overlap_easy,0.6668137907981873
high_overlap_easy,0.6285277605056763
high_overlap_easy,0.7877586483955383
high_overlap_easy,0.9011979699134827
high_overlap_easy,0.534896731376648
high_overlap_easy,0.8846057057380676
high_overlap_easy,0.9021350741386414
high_overlap_easy,0.7505701780319214
high_overlap_easy,0.5827593803405762
high_overlap_easy,0.7402439117431641
high_overlap_easy,0.7269347310066223
high_overlap_easy,0.9167131781578064
high_overlap_easy,0.8273714780807495
high_overlap_easy,0.9319961667060852
high_overlap_easy,0.9415483474731445
high_overlap_easy,0.8896190524101257
high_overlap_easy,0.8964494466781616
high_overlap_easy,0.7482579946517944
high_overlap_easy,0.8632559180259705
high_overlap_easy,0.9040555357933044
high_overlap_easy,0.8594437837600708
high_overlap_easy,0.7803654074668884
high_overlap_easy,0.8932586908340454
high_overlap_easy,0.9009267091751099
high_overlap_easy,0.7623822093009949
high_overlap_easy,0.8405101895332336
high_overlap_easy,0.9406405687332153
high_overlap_easy,0.7900646328926086
high_overlap_easy,0.78847736120224
high_overlap_easy,0.9425769448280334
high_overlap_easy,0.9001051783561707
high_overlap_easy,0.7583930492401123
high_overlap_easy,0.8602311611175537
high_overlap_easy,0.778998851776123
high_overlap_easy,0.8256290555000305
high_overlap_easy,0.7861634492874146
high_overlap_easy,0.8953331112861633
high_overlap_easy,0.8832422494888306
high_overlap_easy,0.650542676448822
high_overlap_easy,0.8418723940849304
high_overlap_easy,0.8298051953315735
high_overlap_easy,0.6930269002914429
high_overlap_easy,0.9493207931518555
high_overlap_easy,0.7957689166069031
high_overlap_easy,0.8960721492767334
high_overlap_easy,0.9074767231941223
high_overlap_easy,0.9172540307044983
high_overlap_easy,0.5098815560340881
high_overlap_easy,0.8014347553253174
high_overlap_easy,0.5701943635940552
high_overlap_easy,0.8194757103919983
high_overlap_easy,0.7713520526885986
high_overlap_easy,0.8099954128265381
high_overlap_easy,0.8773923516273499
high_overlap_easy,0.7516543865203857
high_overlap_easy,0.9349801540374756
high_overlap_easy,0.8837900757789612
high_overlap_easy,0.8217565417289734
high_overlap_easy,0.7213096022605896
high_overlap_easy,0.849238932132721
high_overlap_easy,0.837451696395874
high_overlap_easy,0.623388946056366
high_overlap_easy,0.7773089408874512
high_overlap_easy,0.9166330099105835
high_overlap_easy,0.8936457633972168
high_overlap_easy,0.9432289004325867
high_overlap_easy,0.6292456984519958
high_overlap_easy,0.7407948970794678
high_overlap_easy,0.9568742513656616
high_overlap_easy,0.9495294690132141
high_overlap_easy,0.8789253830909729
high_overlap_easy,0.8116105198860168
high_overlap_easy,0.8727076649665833
high_overlap_easy,0.8754169344902039
high_overlap_easy,0.9080433249473572
high_overlap_easy,0.9033229947090149
high_overlap_easy,0.8318706154823303
high_overlap_easy,0.8689193725585938
high_overlap_easy,0.9048094749450684
high_overlap_easy,0.8599967956542969
high_overlap_easy,0.8419874906539917
high_overlap_easy,0.6765516400337219
high_overlap_easy,0.6577882170677185
high_overlap_easy,0.6714122891426086
high_overlap_easy,0.6382549405097961
high_overlap_easy,0.8112636208534241
high_overlap_easy,0.6742598414421082
high_overlap_easy,0.8888388276100159
high_overlap_easy,0.7335403561592102
high_overlap_easy,0.8159244060516357
high_overlap_easy,0.8029533624649048
high_overlap_easy,0.9120311141014099
high_overlap_easy,0.7485775947570801
high_overlap_easy,0.9327982664108276
high_overlap_easy,0.9314000606536865
high_overlap_easy,0.761177659034729
high_overlap_easy,0.854225754737854
high_overlap_easy,0.8351386189460754
high_overlap_easy,0.9072275161743164
high_overlap_easy,0.8904303908348083
high_overlap_easy,0.9333880543708801
high_overlap_easy,0.8325843811035156
high_overlap_easy,0.8061270117759705
high_overlap_easy,0.8494842052459717
high_overlap_easy,0.9430291652679443
high_overlap_easy,0.9419881105422974
high_overlap_easy,0.8468536734580994
high_overlap_easy,0.5856035947799683
high_overlap_easy,0.68453049659729
high_overlap_easy,0.9416534304618835
high_overlap_easy,0.9691323637962341
high_overlap_easy,0.9079245328903198
high_overlap_easy,0.8370704054832458
high_overlap_easy,0.9218400120735168
high_overlap_easy,0.9334133863449097
high_overlap_easy,0.9189479947090149
high_overlap_easy,0.9036523699760437
high_overlap_easy,0.7967029809951782
high_overlap_easy,0.74015873670578
high_overlap_easy,0.6266681551933289
high_overlap_easy,0.7229868173599243
high_overlap_easy,0.7686176896095276
high_overlap_easy,0.6152872443199158
high_overlap_easy,0.6435790657997131
high_overlap_easy,0.6931005716323853
high_overlap_easy,0.6116883754730225
high_overlap_easy,0.8369590640068054
high_overlap_easy,0.7569025158882141
high_overlap_easy,0.8936817049980164
high_overlap_easy,0.6385892033576965
high_overlap_easy,0.8810490965843201
high_overlap_easy,0.7872717380523682
high_overlap_easy,0.559965193271637
high_overlap_easy,0.8454919457435608
high_overlap_easy,0.44231289625167847
high_overlap_easy,0.6175289154052734
high_overlap_easy,0.5720193982124329
high_overlap_easy,0.6429404020309448
high_overlap_easy,0.5567402243614197
high_overlap_easy,0.8097617626190186
high_overlap_easy,0.847442626953125
high_overlap_easy,0.7693292498588562
high_overlap_easy,0.8250162601470947
high_overlap_easy,0.620145320892334
high_overlap_easy,0.6065404415130615
high_overlap_easy,0.7960723042488098
high_overlap_easy,0.7186622023582458
high_overlap_easy,0.6373218297958374
high_overlap_easy,0.7622292637825012
high_overlap_easy,0.5611101388931274
high_overlap_easy,0.6725324392318726
high_overlap_easy,0.6776760816574097
high_overlap_easy,0.585202693939209
high_overlap_easy,0.6700573563575745
high_overlap_easy,0.7041837573051453
high_overlap_easy,0.569046139717102
high_overlap_easy,0.7009546756744385
high_overlap_easy,0.7937220335006714
high_overlap_easy,0.5658867359161377
high_overlap_easy,0.6796524524688721
high_overlap_easy,0.5856013298034668
high_overlap_easy,0.6379176378250122
high_overlap_easy,0.5827062726020813
high_overlap_easy,0.6062722206115723
high_overlap_easy,0.7698444128036499
high_overlap_easy,0.574178159236908
high_overlap_easy,0.52446049451828
high_overlap_easy,0.6253581643104553
high_overlap_easy,0.6121575236320496
high_overlap_easy,0.7987685799598694
high_overlap_easy,0.7665583491325378
high_overlap_easy,0.833217203617096
high_overlap_easy,0.738486647605896
high_overlap_easy,0.8522849678993225
high_overlap_easy,0.7489371299743652
high_overlap_easy,0.6984788179397583
high_overlap_easy,0.724959671497345
high_overlap_easy,0.8828686475753784
high_overlap_easy,0.912045955657959
high_overlap_easy,0.8841091990470886
high_overlap_easy,0.8993446826934814
high_overlap_easy,0.9201518893241882
high_overlap_easy,0.9030749797821045
high_overlap_easy,0.9216797351837158
high_overlap_easy,0.7859979867935181
high_overlap_easy,0.7902052402496338
high_overlap_easy,0.9324081540107727
high_overlap_easy,0.9002242088317871
high_overlap_easy,0.6094062924385071
high_overlap_easy,0.8357745409011841
high_overlap_easy,0.8697900176048279
high_overlap_easy,0.9056946635246277
high_overlap_easy,0.9047873020172119
high_overlap_easy,0.6697746515274048
high_overlap_easy,0.9363754391670227
high_overlap_easy,0.9169232249259949
high_overlap_easy,0.7842328548431396
high_overlap_easy,0.9317768216133118
high_overlap_easy,0.9401845932006836
high_overlap_easy,0.7773089408874512
high_overlap_easy,0.7739536762237549
high_overlap_easy,0.8554730415344238
high_overlap_easy,0.9045358896255493
high_overlap_easy,0.8917233943939209
high_overlap_easy,0.9192076921463013
high_overlap_easy,0.8893967270851135
high_overlap_easy,0.8582664728164673
high_overlap_easy,0.8895450830459595
high_overlap_easy,0.9606667757034302
high_overlap_easy,0.9341587424278259
high_overlap_easy,0.8879879713058472
high_overlap_easy,0.830320417881012
high_overlap_easy,0.9196784496307373
high_overlap_easy,0.8310731649398804
high_overlap_easy,0.644199788570404
high_overlap_easy,0.6645638942718506
high_overlap_easy,0.869830846786499
high_overlap_easy,0.8216654062271118
high_overlap_easy,0.8444316387176514
high_overlap_easy,0.8901615738868713
high_overlap_easy,0.915123701095581
high_overlap_easy,0.8903149366378784
high_overlap_easy,0.8261277079582214
high_overlap_easy,0.9207772612571716
high_overlap_easy,0.8879788517951965
high_overlap_easy,0.9142841696739197
high_overlap_easy,0.834726095199585
high_overlap_easy,0.8945240378379822
high_overlap_easy,0.7053390145301819
high_overlap_easy,0.8055272698402405
high_overlap_easy,0.7469612956047058
high_overlap_easy,0.8559337258338928
high_overlap_easy,0.9056079983711243
high_overlap_easy,0.8824265599250793
high_overlap_easy,0.6881231665611267
high_overlap_easy,0.740972638130188
high_overlap_easy,0.8591205477714539
high_overlap_easy,0.9153925776481628
high_overlap_easy,0.8916609287261963
high_overlap_easy,0.8630334138870239
high_overlap_easy,0.9346420764923096
high_overlap_easy,0.9516778588294983
high_overlap_easy,0.5998188853263855
high_overlap_easy,0.7289959192276001
high_overlap_easy,0.8557499647140503
high_overlap_easy,0.5849431157112122
high_overlap_easy,0.8729119896888733
high_overlap_easy,0.669916033744812
high_overlap_easy,0.6360650658607483
high_overlap_easy,0.5702650547027588
high_overlap_easy,0.6918988823890686
high_overlap_easy,0.8094859719276428
high_overlap_easy,0.7896761894226074
high_overlap_easy,0.6246068477630615
high_overlap_easy,0.5663890838623047
high_overlap_easy,0.6647928953170776
high_overlap_easy,0.8167292475700378
high_overlap_easy,0.7461195588111877
high_overlap_easy,0.9186758399009705
high_overlap_easy,0.6648021936416626
high_overlap_easy,0.7066295742988586
high_overlap_easy,0.6778066754341125
high_overlap_easy,0.5649598240852356
high_overlap_easy,0.9120583534240723
high_overlap_easy,0.7014780640602112
high_overlap_easy,0.8693580627441406
high_overlap_easy,0.622952401638031
high_overlap_easy,0.8607810735702515
high_overlap_easy,0.9463280439376831
high_overlap_easy,0.8775613307952881
high_overlap_easy,0.6403814554214478
high_overlap_easy,0.7516175508499146
high_overlap_easy,0.5453410744667053
high_overlap_easy,0.6399791836738586
high_overlap_easy,0.596532940864563
high_overlap_easy,0.69823157787323
high_overlap_easy,0.7922946214675903
high_overlap_easy,0.6885042786598206
high_overlap_easy,0.8623529076576233
high_overlap_easy,0.7469989657402039
high_overlap_easy,0.7543997168540955
high_overlap_easy,0.6433192491531372
high_overlap_easy,0.7057462930679321
high_overlap_easy,0.8930304050445557
high_overlap_easy,0.5477671027183533
high_overlap_easy,0.7974261045455933
high_overlap_easy,0.742461621761322
high_overlap_easy,0.8295994400978088
high_overlap_easy,0.7429984211921692
high_overlap_easy,0.711986243724823
high_overlap_easy,0.7460217475891113
high_overlap_easy,0.9481596946716309
high_overlap_easy,0.9436061978340149
high_overlap_easy,0.9145972728729248
high_overlap_easy,0.7210801243782043
high_overlap_easy,0.9201692938804626
high_overlap_easy,0.8926547765731812
high_overlap_easy,0.8691329956054688
high_overlap_easy,0.9552785158157349
high_overlap_easy,0.9369950294494629
high_overlap_easy,0.9457371234893799
high_overlap_easy,0.8587030172348022
high_overlap_easy,0.9052175283432007
high_overlap_easy,0.8620145320892334
high_overlap_easy,0.8718292713165283
high_overlap_easy,0.8438336849212646
high_overlap_easy,0.9215332269668579
high_overlap_easy,0.9204998016357422
high_overlap_easy,0.8732119202613831
high_overlap_easy,0.8561683893203735
high_overlap_easy,0.8852142691612244
high_overlap_easy,0.9260806441307068
high_overlap_easy,0.8105539083480835
high_overlap_easy,0.9026727080345154
high_overlap_easy,0.9323579668998718
high_overlap_easy,0.8290229439735413
high_overlap_easy,0.9169079661369324
high_overlap_easy,0.8872284293174744
high_overlap_easy,0.8701905012130737
high_overlap_easy,0.8602139949798584
high_overlap_easy,0.4791315793991089
high_overlap_easy,0.8607261180877686
high_overlap_easy,0.8600956797599792
high_overlap_easy,0.9486389756202698
high_overlap_easy,0.8048726320266724
high_overlap_easy,0.8661572933197021
high_overlap_easy,0.7773089408874512
high_overlap_easy,0.7709337472915649
high_overlap_easy,0.8794729709625244
high_overlap_easy,0.8882216215133667
high_overlap_easy,0.7840708494186401
high_overlap_easy,0.8562108874320984
high_overlap_easy,0.815873384475708
high_overlap_easy,0.7080674767494202
high_overlap_easy,0.901106059551239
high_overlap_easy,0.892128050327301
high_overlap_easy,0.68052077293396
high_overlap_easy,0.8502787947654724
high_overlap_easy,0.8191220760345459
high_overlap_easy,0.7758655548095703
high_overlap_easy,0.6984456777572632
high_overlap_easy,0.9190405607223511
high_overlap_easy,0.8236970901489258
high_overlap_easy,0.9079722166061401
high_overlap_easy,0.9133527278900146
high_overlap_easy,0.8855118155479431
high_overlap_easy,0.8307998180389404
high_overlap_easy,0.7591912150382996
high_overlap_easy,0.9552944898605347
high_overlap_easy,0.9433807134628296
high_overlap_easy,0.6886586546897888
high_overlap_easy,0.9486936926841736
high_overlap_easy,0.8537787795066833
high_overlap_easy,0.9291843175888062
high_overlap_easy,0.915839672088623
high_overlap_easy,0.9235523343086243
high_overlap_easy,0.9392796158790588
high_overlap_easy,0.8895101547241211
high_overlap_easy,0.7810758352279663
high_overlap_easy,0.8429177403450012
high_overlap_easy,0.9597175121307373
high_overlap_easy,0.9107015132904053
high_overlap_easy,0.7919474244117737
high_overlap_easy,0.945537805557251
high_overlap_easy,0.8988445401191711
high_overlap_easy,0.8089820742607117
high_overlap_easy,0.8915795683860779
high_overlap_easy,0.9225252866744995
high_overlap_easy,0.9049689769744873
high_overlap_easy,0.8380780220031738
high_overlap_easy,0.8868981599807739
high_overlap_easy,0.8302858471870422
high_overlap_easy,0.8448261618614197
high_overlap_easy,0.845337986946106
high_overlap_easy,0.8485112190246582
high_overlap_easy,0.9259707927703857
high_overlap_easy,0.7609172463417053
high_overlap_easy,0.8668162822723389
high_overlap_easy,0.9131975173950195
high_overlap_easy,0.8450037837028503
high_overlap_easy,0.8197011947631836
high_overlap_easy,0.8834167718887329
high_overlap_easy,0.60699462890625
high_overlap_easy,0.7177952527999878
high_overlap_easy,0.7379847168922424
high_overlap_easy,0.6314465403556824
high_overlap_easy,0.5992361307144165
high_overlap_easy,0.5922775864601135
high_overlap_easy,0.6786240339279175
high_overlap_easy,0.7966264486312866
high_overlap_easy,0.6777806878089905
high_overlap_easy,0.6594588756561279
high_overlap_easy,0.888113796710968
high_overlap_easy,0.7735046148300171
high_overlap_easy,0.5935550332069397
high_overlap_easy,0.8896729946136475
high_overlap_easy,0.9014910459518433
high_overlap_easy,0.925171971321106
high_overlap_easy,0.6913667917251587
high_overlap_easy,0.8024964332580566
high_overlap_easy,0.8759297728538513
high_overlap_easy,0.7202064990997314
high_overlap_easy,0.8430904746055603
high_overlap_easy,0.839499831199646
high_overlap_easy,0.7370669841766357
high_overlap_easy,0.8660649061203003
high_overlap_easy,0.7894559502601624
high_overlap_easy,0.7359675765037537
high_overlap_easy,0.630865216255188
high_overlap_easy,0.9021094441413879
high_overlap_easy,0.8965466618537903
high_overlap_easy,0.7813974022865295
high_overlap_easy,0.7245756983757019
high_overlap_easy,0.8983142375946045
high_overlap_easy,0.7876044511795044
high_overlap_easy,0.8848739862442017
high_overlap_easy,0.7916975617408752
high_overlap_easy,0.779364824295044
high_overlap_easy,0.804192841053009
high_overlap_easy,0.8923379778862
high_overlap_easy,0.8797173500061035
high_overlap_easy,0.9025112390518188
high_overlap_easy,0.8538818359375
high_overlap_easy,0.7952291965484619
high_overlap_easy,0.8486250042915344
high_overlap_easy,0.8267619609832764
high_overlap_easy,0.8964232206344604
high_overlap_easy,0.8237183094024658
high_overlap_easy,0.8373881578445435
high_overlap_easy,0.9163485765457153
high_overlap_easy,0.7773089408874512
high_overlap_easy,0.7451454997062683
high_overlap_easy,0.9286383390426636
high_overlap_easy,0.5521700978279114
high_overlap_easy,0.7937114238739014
high_overlap_easy,0.7601457834243774
high_overlap_easy,0.5312028527259827
high_overlap_easy,0.9396081566810608
high_overlap_easy,0.8671919107437134
high_overlap_easy,0.8906375169754028
high_overlap_easy,0.9425848722457886
high_overlap_easy,0.9126083850860596
high_overlap_easy,0.85237717628479
high_overlap_easy,0.740668773651123
high_overlap_easy,0.5733246207237244
high_overlap_easy,0.6356495022773743
high_overlap_easy,0.6094239354133606
high_overlap_easy,0.8310731053352356
high_overlap_easy,0.6551589965820312
high_overlap_easy,0.7813859581947327
high_overlap_easy,0.8825758695602417
high_overlap_easy,0.9019969701766968
high_overlap_easy,0.6013633012771606
high_overlap_easy,0.7562703490257263
high_overlap_easy,0.8214319348335266
high_overlap_easy,0.6784631013870239
high_overlap_easy,0.9022351503372192
high_overlap_easy,0.614982545375824
high_overlap_easy,0.6995997428894043
high_overlap_easy,0.5874409079551697
high_overlap_easy,0.596209704875946
high_overlap_easy,0.8928764462471008
high_overlap_easy,0.7575822472572327
high_overlap_easy,0.7856897115707397
high_overlap_easy,0.7871209383010864
high_overlap_easy,0.6721506118774414
high_overlap_easy,0.6449271440505981
high_overlap_easy,0.881548285484314
high_overlap_easy,0.8611471652984619
high_overlap_easy,0.7358472943305969
high_overlap_easy,0.7898529171943665
high_overlap_easy,0.7810577154159546
high_overlap_easy,0.7841270565986633
high_overlap_easy,0.7580798268318176
high_overlap_easy,0.9211139678955078
high_overlap_easy,0.8979124426841736
high_overlap_easy,0.7541953921318054
high_overlap_easy,0.9492809772491455
high_overlap_easy,0.9384380578994751
high_overlap_easy,0.5798434615135193
high_overlap_easy,0.7654973864555359
high_overlap_easy,0.584356427192688
high_overlap_easy,0.5582740902900696
high_overlap_easy,0.5466724634170532
high_overlap_easy,0.6194329857826233
high_overlap_easy,0.6712172031402588
high_overlap_easy,0.6127964854240417
high_overlap_easy,0.7185840606689453
high_overlap_easy,0.5759758949279785
high_overlap_easy,0.7058984041213989
high_overlap_easy,0.5490825176239014
high_overlap_easy,0.7038528919219971
high_overlap_easy,0.7731265425682068
high_overlap_easy,0.5302438139915466
high_overlap_easy,0.6927199959754944
high_overlap_easy,0.5846471786499023
high_overlap_easy,0.5634552240371704
high_overlap_easy,0.630665123462677
high_overlap_easy,0.721440315246582
high_overlap_easy,0.762799859046936
high_overlap_easy,0.5287160277366638
high_overlap_easy,0.6242330074310303
high_overlap_easy,0.6197090148925781
high_overlap_easy,0.655911922454834
high_overlap_easy,0.6826832294464111
high_overlap_easy,0.7061842083930969
high_overlap_easy,0.824819803237915
high_overlap_easy,0.8857560753822327
high_overlap_easy,0.7062990665435791
high_overlap_easy,0.6236928701400757
high_overlap_easy,0.6616893410682678
high_overlap_easy,0.580268383026123
high_overlap_easy,0.7203678488731384
high_overlap_easy,0.712864875793457
high_overlap_easy,0.5769038200378418
high_overlap_easy,0.806538462638855
high_overlap_easy,0.4792103171348572
high_overlap_easy,0.5976060628890991
high_overlap_easy,0.6051231622695923
high_overlap_easy,0.5552440881729126
high_overlap_easy,0.7017720937728882
high_overlap_easy,0.7889125943183899
high_overlap_easy,0.9526299238204956
high_overlap_easy,0.9328676462173462
high_overlap_easy,0.9461209177970886
high_overlap_easy,0.9456121325492859
high_overlap_easy,0.8933752179145813
high_overlap_easy,0.9320662021636963
high_overlap_easy,0.9343999028205872
high_overlap_easy,0.9171801805496216
high_overlap_easy,0.8853166103363037
high_overlap_easy,0.8740654587745667
high_overlap_easy,0.8298510909080505
high_overlap_easy,0.9052829146385193
high_overlap_easy,0.8582389950752258
high_overlap_easy,0.8396413326263428
high_overlap_easy,0.9091051816940308
high_overlap_easy,0.7132633924484253
high_overlap_easy,0.9123372435569763
high_overlap_easy,0.8550394773483276
high_overlap_easy,0.8243257403373718
high_overlap_easy,0.8542933464050293
high_overlap_easy,0.8866750001907349
high_overlap_easy,0.936190128326416
high_overlap_easy,0.9584894180297852
high_overlap_easy,0.7313051223754883
high_overlap_easy,0.7364041805267334
high_overlap_easy,0.8492898344993591
high_overlap_easy,0.8656779527664185
high_overlap_easy,0.9667262434959412
high_overlap_easy,0.8886519074440002
high_overlap_easy,0.8833242654800415
high_overlap_easy,0.9279494285583496
high_overlap_easy,0.9422188997268677
high_overlap_easy,0.8475550413131714
high_overlap_easy,0.9295605421066284
high_overlap_easy,0.9361196160316467
high_overlap_easy,0.9359638690948486
high_overlap_easy,0.9226189851760864
high_overlap_easy,0.8280776143074036
high_overlap_easy,0.6915081739425659
high_overlap_easy,0.9344123601913452
high_overlap_easy,0.8608629703521729
high_overlap_easy,0.8975396156311035
high_overlap_easy,0.7139101028442383
high_overlap_easy,0.8940805196762085
high_overlap_easy,0.6031544208526611
high_overlap_easy,0.8697440028190613
high_overlap_easy,0.87655109167099
high_overlap_easy,0.8492435216903687
high_overlap_easy,0.9051163196563721
high_overlap_easy,0.8932769298553467
high_overlap_easy,0.6806889176368713
high_overlap_easy,0.8446329832077026
high_overlap_easy,0.6839587688446045
high_overlap_easy,0.7186509370803833
high_overlap_easy,0.6629018783569336
high_overlap_easy,0.7479844689369202
high_overlap_easy,0.7002999782562256
high_overlap_easy,0.6656392812728882
high_overlap_easy,0.8398865461349487
high_overlap_easy,0.7273844480514526
high_overlap_easy,0.663707971572876
high_overlap_easy,0.6498624682426453
high_overlap_easy,0.8917418122291565
high_overlap_easy,0.7749366760253906
high_overlap_easy,0.9022013545036316
high_overlap_easy,0.8508220911026001
high_overlap_easy,0.673861563205719
high_overlap_easy,0.6531397700309753
high_overlap_easy,0.8799853920936584
high_overlap_easy,0.7325561046600342
high_overlap_easy,0.8911737203598022
high_overlap_easy,0.9174409508705139
high_overlap_easy,0.9464330673217773
high_overlap_easy,0.8152064681053162
high_overlap_easy,0.6798292398452759
high_overlap_easy,0.8006901144981384
high_overlap_easy,0.9406344294548035
high_overlap_easy,0.7781185507774353
high_overlap_easy,0.823585569858551
high_overlap_easy,0.9568835496902466
high_overlap_easy,0.7751184105873108
high_overlap_easy,0.899010419845581
high_overlap_easy,0.8398472666740417
high_overlap_easy,0.7573415040969849
high_overlap_easy,0.7179257273674011
high_overlap_easy,0.8531904220581055
high_overlap_easy,0.8261948227882385
high_overlap_easy,0.5987322330474854
high_overlap_easy,0.6649487018585205
high_overlap_easy,0.5888034701347351
high_overlap_easy,0.5281020998954773
high_overlap_easy,0.646594762802124
high_overlap_easy,0.7572563290596008
high_overlap_easy,0.8704665303230286
high_overlap_easy,0.8660328388214111
high_overlap_easy,0.8594721555709839
high_overlap_easy,0.8621730804443359
high_overlap_easy,0.5550950169563293
high_overlap_easy,0.6829010248184204
high_overlap_easy,0.6414270401000977
high_overlap_easy,0.7297439575195312
high_overlap_easy,0.5864497423171997
high_overlap_easy,0.783547580242157
high_overlap_easy,0.8854024410247803
high_overlap_easy,0.8400120735168457
high_overlap_easy,0.5496340990066528
high_overlap_easy,0.8802196979522705
high_overlap_easy,0.8072655200958252
high_overlap_easy,0.8579179048538208
high_overlap_easy,0.7267366051673889
high_overlap_easy,0.8788871169090271
high_overlap_easy,0.8375600576400757
high_overlap_easy,0.883510172367096
high_overlap_easy,0.7848690152168274
high_overlap_easy,0.6441137194633484
high_overlap_easy,0.5168575048446655
high_overlap_easy,0.731185793876648
high_overlap_easy,0.9075210094451904
high_overlap_easy,0.7429103255271912
high_overlap_easy,0.8546439409255981
high_overlap_easy,0.8290809988975525
high_overlap_easy,0.6814133524894714
high_overlap_easy,0.7336505651473999
high_overlap_easy,0.8370647430419922
high_overlap_easy,0.738744854927063
high_overlap_easy,0.6335819363594055
high_overlap_easy,0.9108894467353821
high_overlap_easy,0.7135465145111084
high_overlap_easy,0.8820575475692749
high_overlap_easy,0.6877043843269348
high_overlap_easy,0.9028432369232178
high_overlap_easy,0.84993577003479
high_overlap_easy,0.7356133460998535
high_overlap_easy,0.5680906176567078
high_overlap_easy,0.5749825835227966
high_overlap_easy,0.7242714762687683
high_overlap_easy,0.9279323220252991
high_overlap_easy,0.9480417370796204
high_overlap_easy,0.5646676421165466
high_overlap_easy,0.6363446712493896
high_overlap_easy,0.6774080395698547
high_overlap_easy,0.9377851486206055
high_overlap_easy,0.9288884997367859
high_overlap_easy,0.7679253816604614
high_overlap_easy,0.8990318775177002
high_overlap_easy,0.878454864025116
high_overlap_easy,0.8486907482147217
high_overlap_easy,0.8826058506965637
high_overlap_easy,0.9187977910041809
high_overlap_easy,0.65647953748703
high_overlap_easy,0.8441321849822998
high_overlap_easy,0.9318013787269592
high_overlap_easy,0.5843954682350159
high_overlap_easy,0.6083593368530273
high_overlap_easy,0.8748027086257935
high_overlap_easy,0.8522119522094727
high_overlap_easy,0.9068878889083862
high_overlap_easy,0.9273940324783325
high_overlap_easy,0.67467200756073
high_overlap_easy,0.9393422603607178
high_overlap_easy,0.8760022521018982
high_overlap_easy,0.7079055309295654
high_overlap_easy,0.7407379150390625
high_overlap_easy,0.8606796264648438
high_overlap_easy,0.7802010774612427
high_overlap_easy,0.7822911143302917
high_overlap_easy,0.9533354640007019
high_overlap_easy,0.8237470984458923
high_overlap_easy,0.9371751546859741
high_overlap_easy,0.9253039360046387
high_overlap_easy,0.9520566463470459
high_overlap_easy,0.9754236340522766
high_overlap_easy,0.9646457433700562
high_overlap_easy,0.9495946764945984
high_overlap_easy,0.9673520922660828
high_overlap_easy,0.9140357375144958
high_overlap_easy,0.5429773926734924
high_overlap_easy,0.6193088293075562
high_overlap_easy,0.6199513077735901
high_overlap_easy,0.5422378182411194
high_overlap_easy,0.7706332206726074
high_overlap_easy,0.7936561703681946
high_overlap_easy,0.5269955992698669
high_overlap_easy,0.5323601961135864
high_overlap_easy,0.6408101320266724
high_overlap_easy,0.6954533457756042
high_overlap_easy,0.6760409474372864
high_overlap_easy,0.6393963694572449
high_overlap_easy,0.805000364780426
high_overlap_easy,0.7972989678382874
high_overlap_easy,0.9399334192276001
high_overlap_easy,0.5655283331871033
high_overlap_easy,0.7801028490066528
high_overlap_easy,0.925737202167511
high_overlap_easy,0.700252890586853
high_overlap_easy,0.6920285224914551
high_overlap_easy,0.642551600933075
high_overlap_easy,0.6297033429145813
high_overlap_easy,0.7559767365455627
high_overlap_easy,0.727459728717804
high_overlap_easy,0.5217561721801758
high_overlap_easy,0.7426366806030273
high_overlap_easy,0.6713608503341675
high_overlap_easy,0.7981540560722351
high_overlap_easy,0.6416603922843933
high_overlap_easy,0.6208786964416504
high_overlap_easy,0.6279481053352356
high_overlap_easy,0.6470941305160522
high_overlap_easy,0.6802960634231567
high_overlap_easy,0.8631525635719299
high_overlap_easy,0.7500535249710083
high_overlap_easy,0.6937251091003418
high_overlap_easy,0.9230533242225647
high_overlap_easy,0.5825170874595642
high_overlap_easy,0.695568323135376
high_overlap_easy,0.51189786195755
high_overlap_easy,0.530362069606781
high_overlap_easy,0.7984299063682556
high_overlap_easy,0.7407057285308838
high_overlap_easy,0.8852416276931763
high_overlap_easy,0.8692219257354736
high_overlap_easy,0.9095523953437805
high_overlap_easy,0.6385107636451721
high_overlap_easy,0.5795984864234924
high_overlap_easy,0.8836954832077026
high_overlap_easy,0.8447073101997375
high_overlap_easy,0.5939271450042725
high_overlap_easy,0.6196866035461426
high_overlap_easy,0.6113910675048828
high_overlap_easy,0.6143503189086914
high_overlap_easy,0.8887419700622559
high_overlap_easy,0.7274319529533386
high_overlap_easy,0.8567578792572021
high_overlap_easy,0.7773089408874512
high_overlap_easy,0.782049298286438
high_overlap_easy,0.8139636516571045
high_overlap_easy,0.907066285610199
high_overlap_easy,0.8549028635025024
high_overlap_easy,0.8993027210235596
high_overlap_easy,0.7822104692459106
high_overlap_easy,0.5689358115196228
high_overlap_easy,0.6072289347648621
high_overlap_easy,0.7029258012771606
high_overlap_easy,0.8476976156234741
high_overlap_easy,0.9017030596733093
high_overlap_easy,0.8554818630218506
high_overlap_easy,0.6426969766616821
high_overlap_easy,0.6327150464057922
high_overlap_easy,0.6608770489692688
high_overlap_easy,0.7565280199050903
high_overlap_easy,0.7008431553840637
high_overlap_easy,0.6592282652854919
high_overlap_easy,0.7913366556167603
high_overlap_easy,0.8326576948165894
high_overlap_easy,0.6126182079315186
high_overlap_easy,0.7120196223258972
high_overlap_easy,0.7322511672973633
high_overlap_easy,0.690477728843689
high_overlap_easy,0.7275802493095398
high_overlap_easy,0.610471248626709
high_overlap_easy,0.9054761528968811
high_overlap_easy,0.7333230972290039
high_overlap_easy,0.6498705744743347
high_overlap_easy,0.8807250261306763
high_overlap_easy,0.8700070977210999
high_overlap_easy,0.7504112720489502
high_overlap_easy,0.8287705183029175
high_overlap_easy,0.6632933616638184
high_overlap_easy,0.8357232809066772
high_overlap_easy,0.8979248404502869
high_overlap_easy,0.8583576083183289
high_overlap_easy,0.6681368350982666
high_overlap_easy,0.5673828125
high_overlap_easy,0.6236873865127563
high_overlap_easy,0.9336369633674622
high_overlap_easy,0.818791389465332
high_overlap_easy,0.9077423810958862
high_overlap_easy,0.5992440581321716
high_overlap_easy,0.7313583493232727
high_overlap_easy,0.8394191265106201
high_overlap_easy,0.6228427886962891
high_overlap_easy,0.588294267654419
high_overlap_easy,0.5161516666412354
high_overlap_easy,0.8447895646095276
high_overlap_easy,0.6972454786300659
high_overlap_easy,0.8351301550865173
high_overlap_easy,0.7916215658187866
high_overlap_easy,0.8123512268066406
high_overlap_easy,0.8991361856460571
high_overlap_easy,0.7534415125846863
high_overlap_easy,0.6161742210388184
high_overlap_easy,0.7845337986946106
high_overlap_easy,0.6548309922218323
high_overlap_easy,0.8601413369178772
high_overlap_easy,0.7487754225730896
high_overlap_easy,0.767248272895813
high_overlap_easy,0.7788142561912537
high_overlap_easy,0.8333370089530945
high_overlap_easy,0.8315643072128296
high_overlap_easy,0.659512996673584
high_overlap_easy,0.5758584141731262
high_overlap_easy,0.5070608854293823
high_overlap_easy,0.5901712775230408
high_overlap_easy,0.7502473592758179
high_overlap_easy,0.8091995716094971
high_overlap_easy,0.6387312412261963
high_overlap_easy,0.4357081651687622
high_overlap_easy,0.6359245777130127
high_overlap_easy,0.584150493144989
high_overlap_easy,0.8935948014259338
high_overlap_easy,0.6772748231887817
high_overlap_easy,0.7670212388038635
high_overlap_easy,0.9206694960594177
high_overlap_easy,0.670448899269104
high_overlap_easy,0.479904443025589
high_overlap_easy,0.588866114616394
high_overlap_easy,0.6099635362625122
high_overlap_easy,0.675938069820404
high_overlap_easy,0.701219379901886
high_overlap_easy,0.6768290996551514
high_overlap_easy,0.8917321562767029
high_overlap_easy,0.8129268884658813
high_overlap_easy,0.837051272392273
high_overlap_easy,0.8728926181793213
high_overlap_easy,0.6611730456352234
high_overlap_easy,0.7168273329734802
high_overlap_easy,0.4474415183067322
high_overlap_easy,0.6676967740058899
high_overlap_easy,0.7859528064727783
high_overlap_easy,0.7871784567832947
high_overlap_easy,0.6390693783760071
high_overlap_easy,0.883538007736206
high_overlap_easy,0.7694018483161926
high_overlap_easy,0.6185869574546814
high_overlap_easy,0.7255039811134338
high_overlap_easy,0.8248292803764343
high_overlap_easy,0.8317515254020691
high_overlap_easy,0.6298434138298035
high_overlap_easy,0.6879645586013794
high_overlap_easy,0.6874367594718933
high_overlap_easy,0.7090144157409668
high_overlap_easy,0.6775729656219482
high_overlap_easy,0.6794486045837402
high_overlap_easy,0.7185181379318237
high_overlap_easy,0.749021053314209
high_overlap_easy,0.5627403259277344
high_overlap_easy,0.6205866932868958
high_overlap_easy,0.662926197052002
high_overlap_easy,0.7298812866210938
high_overlap_easy,0.8248639106750488
high_overlap_easy,0.8297485113143921
high_overlap_easy,0.7860921025276184
high_overlap_easy,0.7972110509872437
high_overlap_easy,0.6856924891471863
high_overlap_easy,0.718982458114624
high_overlap_easy,0.6787963509559631
high_overlap_easy,0.696685791015625
high_overlap_easy,0.6062456369400024
high_overlap_easy,0.7311948537826538
high_overlap_easy,0.7416479587554932
high_overlap_easy,0.49306419491767883
high_overlap_easy,0.5140863060951233
high_overlap_easy,0.9203716516494751
high_overlap_easy,0.9577889442443848
high_overlap_easy,0.5887309908866882
high_overlap_easy,0.8662862181663513
high_overlap_easy,0.5498334169387817
high_overlap_easy,0.8384401798248291
high_overlap_easy,0.9488757252693176
high_overlap_easy,0.9024223685264587
high_overlap_easy,0.8739141821861267
high_overlap_easy,0.9377171993255615
high_overlap_easy,0.8285183310508728
high_overlap_easy,0.9292093515396118
high_overlap_easy,0.7487092614173889
high_overlap_easy,0.9137595295906067
high_overlap_easy,0.7734063267707825
high_overlap_easy,0.8175795674324036
high_overlap_easy,0.8451602458953857
high_overlap_easy,0.6868067383766174
high_overlap_easy,0.8977805972099304
high_overlap_easy,0.9078247547149658
high_overlap_easy,0.8218463063240051
high_overlap_easy,0.9313629865646362
high_overlap_easy,0.8128826022148132
high_overlap_easy,0.9479970932006836
high_overlap_easy,0.8920742869377136
high_overlap_easy,0.5605873465538025
high_overlap_easy,0.9163571000099182
high_overlap_easy,0.8816856145858765
high_overlap_easy,0.7069767117500305
high_overlap_easy,0.7937509417533875
high_overlap_easy,0.78968745470047
high_overlap_easy,0.9384734034538269
high_overlap_easy,0.9199866056442261
high_overlap_easy,0.5880979299545288
high_overlap_easy,0.6305724382400513
high_overlap_easy,0.8243800401687622
high_overlap_easy,0.6412385106086731
high_overlap_easy,0.6659631133079529
high_overlap_easy,0.7190020680427551
high_overlap_easy,0.6578733325004578
high_overlap_easy,0.8838511109352112
high_overlap_easy,0.48338431119918823
high_overlap_easy,0.8848860859870911
high_overlap_easy,0.8804404735565186
high_overlap_easy,0.6175302863121033
high_overlap_easy,0.6470662355422974
high_overlap_easy,0.6696419715881348
high_overlap_easy,0.6830131411552429
high_overlap_easy,0.6377993822097778
high_overlap_easy,0.6494755744934082
high_overlap_easy,0.47927582263946533
high_overlap_easy,0.659639298915863
high_overlap_easy,0.7904869318008423
high_overlap_easy,0.8445006012916565
high_overlap_easy,0.7614073753356934
high_overlap_easy,0.8546160459518433
high_overlap_easy,0.8994877338409424
high_overlap_easy,0.8435943722724915
high_overlap_easy,0.8433433175086975
high_overlap_easy,0.8809316754341125
high_overlap_easy,0.7421682476997375
high_overlap_easy,0.915074348449707
high_overlap_easy,0.8002114295959473
high_overlap_easy,0.8776941895484924
high_overlap_easy,0.865206241607666
high_overlap_easy,0.66617751121521
high_overlap_easy,0.5459906458854675
high_overlap_easy,0.873302698135376
high_overlap_easy,0.8614903688430786
high_overlap_easy,0.6169221997261047
high_overlap_easy,0.8059698343276978
high_overlap_easy,0.6673188209533691
high_overlap_easy,0.7356629967689514
high_overlap_easy,0.8195857405662537
high_overlap_easy,0.8394743204116821
high_overlap_easy,0.8559979200363159
high_overlap_easy,0.8331201672554016
high_overlap_easy,0.7555819749832153
high_overlap_easy,0.7381902933120728
high_overlap_easy,0.7754595279693604
high_overlap_easy,0.9092001914978027
high_overlap_easy,0.9169747233390808
high_overlap_easy,0.8567777872085571
high_overlap_easy,0.7673805952072144
high_overlap_easy,0.6900159120559692
high_overlap_easy,0.793306291103363
high_overlap_easy,0.6119009852409363
high_overlap_easy,0.8743634223937988
high_overlap_easy,0.7290641665458679
high_overlap_easy,0.7551396489143372
high_overlap_easy,0.9297246932983398
high_overlap_easy,0.8469279408454895
high_overlap_easy,0.8781628608703613
high_overlap_easy,0.9507351517677307
high_overlap_easy,0.9223979711532593
high_overlap_easy,0.867575466632843
high_overlap_easy,0.9570515155792236
high_overlap_easy,0.6326786875724792
high_overlap_easy,0.8898534774780273
high_overlap_easy,0.9293901920318604
high_overlap_easy,0.8615309000015259
high_overlap_easy,0.8791055679321289
high_overlap_easy,0.7771579623222351
high_overlap_easy,0.6680001616477966
high_overlap_easy,0.7666094303131104
high_overlap_easy,0.7452960014343262
high_overlap_easy,0.8843542337417603
high_overlap_easy,0.5155083537101746
high_overlap_easy,0.9329695701599121
high_overlap_easy,0.8199426531791687
high_overlap_easy,0.777556836605072
high_overlap_easy,0.9063732624053955
high_overlap_easy,0.8118357062339783
high_overlap_easy,0.9428306221961975
high_overlap_easy,0.9100337028503418
high_overlap_easy,0.92030930519104
high_overlap_easy,0.893288254737854
high_overlap_easy,0.5172571539878845
high_overlap_easy,0.7368466854095459
high_overlap_easy,0.7297518253326416
high_overlap_easy,0.8305557370185852
high_overlap_easy,0.8127962350845337
high_overlap_easy,0.5838989615440369
high_overlap_easy,0.6125687956809998
high_overlap_easy,0.6513198614120483
high_overlap_easy,0.6350467205047607
high_overlap_easy,0.5990290641784668
high_overlap_easy,0.6699937582015991
high_overlap_easy,0.6633331775665283
high_overlap_easy,0.5687450170516968
high_overlap_easy,0.5204642415046692
high_overlap_easy,0.7341536283493042
high_overlap_easy,0.7010879516601562
high_overlap_easy,0.6993101835250854
high_overlap_easy,0.5742263197898865
high_overlap_easy,0.5506759285926819
high_overlap_easy,0.6525235176086426
high_overlap_easy,0.591620922088623
high_overlap_easy,0.7018932700157166
high_overlap_easy,0.5365213751792908
high_overlap_easy,0.740436315536499
high_overlap_easy,0.4924664795398712
high_overlap_easy,0.6744300127029419
high_overlap_easy,0.7578034996986389
high_overlap_easy,0.7987859845161438
high_overlap_easy,0.7996168732643127
high_overlap_easy,0.6328487396240234
high_overlap_easy,0.5563676953315735
high_overlap_easy,0.6139532327651978
high_overlap_easy,0.589826762676239
high_overlap_easy,0.5188825726509094
high_overlap_easy,0.6160479784011841
high_overlap_easy,0.5720694661140442
high_overlap_easy,0.8137291669845581
high_overlap_easy,0.8441801071166992
high_overlap_easy,0.6826034784317017
high_overlap_easy,0.7722549438476562
high_overlap_easy,0.5656485557556152
high_overlap_easy,0.5902003645896912
high_overlap_easy,0.5775558948516846
high_overlap_easy,0.7643201351165771
high_overlap_easy,0.9047650694847107
high_overlap_easy,0.7361091375350952
high_overlap_easy,0.5589380264282227
high_overlap_easy,0.8276395201683044
high_overlap_easy,0.8746943473815918
high_overlap_easy,0.8702147603034973
high_overlap_easy,0.5568414926528931
high_overlap_easy,0.5986706018447876
high_overlap_easy,0.9333892464637756
high_overlap_easy,0.8711724281311035
high_overlap_easy,0.7989160418510437
high_overlap_easy,0.7918780446052551
high_overlap_easy,0.724996030330658
high_overlap_easy,0.6691361665725708
high_overlap_easy,0.6560062170028687
high_overlap_easy,0.6150659918785095
high_overlap_easy,0.7644113302230835
high_overlap_easy,0.5375115871429443
high_overlap_easy,0.6853663921356201
high_overlap_easy,0.7863686084747314
high_overlap_easy,0.8188396692276001
high_overlap_easy,0.8788638710975647
high_overlap_easy,0.8632127642631531
high_overlap_easy,0.8286654353141785
high_overlap_easy,0.7769153714179993
high_overlap_easy,0.7975740432739258
high_overlap_easy,0.816899836063385
high_overlap_easy,0.8888497352600098
high_overlap_easy,0.5957770347595215
high_overlap_easy,0.6941337585449219
high_overlap_easy,0.775381326675415
high_overlap_easy,0.7617222666740417
high_overlap_easy,0.7461223602294922
high_overlap_easy,0.7248877882957458
high_overlap_easy,0.9347094893455505
high_overlap_easy,0.8830404281616211
high_overlap_easy,0.5287214517593384
high_overlap_easy,0.8734186887741089
high_overlap_easy,0.8856135606765747
high_overlap_easy,0.7867555618286133
high_overlap_easy,0.8167978525161743
high_overlap_easy,0.8236750960350037
high_overlap_easy,0.8800722360610962
high_overlap_easy,0.9188542366027832
high_overlap_easy,0.8065375685691833
high_overlap_easy,0.7825645804405212
high_overlap_easy,0.8470876812934875
high_overlap_easy,0.8867802023887634
high_overlap_easy,0.7851015329360962
high_overlap_easy,0.7265061736106873
high_overlap_easy,0.6103053092956543
high_overlap_easy,0.8862977027893066
high_overlap_easy,0.7544863224029541
high_overlap_easy,0.7130826115608215
high_overlap_easy,0.8087182641029358
high_overlap_easy,0.9247321486473083
high_overlap_easy,0.503997266292572
high_overlap_easy,0.7997825145721436
high_overlap_easy,0.7754124402999878
high_overlap_easy,0.784145176410675
high_overlap_easy,0.808017909526825
high_overlap_easy,0.5986746549606323
high_overlap_easy,0.753613293170929
high_overlap_easy,0.8559536337852478
high_overlap_easy,0.6974872946739197
high_overlap_easy,0.7533833384513855
high_overlap_easy,0.8501495718955994
high_overlap_easy,0.6572356820106506
high_overlap_easy,0.7805123925209045
high_overlap_easy,0.8121110200881958
high_overlap_easy,0.7240568399429321
high_overlap_easy,0.6702708005905151
high_overlap_easy,0.9402340650558472
high_overlap_easy,0.8456752300262451
high_overlap_easy,0.8910661339759827
high_overlap_easy,0.9390628933906555
high_overlap_easy,0.5018395185470581
high_overlap_easy,0.8648638725280762
high_overlap_easy,0.7515559196472168
high_overlap_easy,0.7154960632324219
high_overlap_easy,0.8339700102806091
high_overlap_easy,0.8533850908279419
high_overlap_easy,0.8813282251358032
high_overlap_easy,0.9113520383834839
high_overlap_easy,0.9305522441864014
high_overlap_easy,0.9478122591972351
high_overlap_easy,0.9232150316238403
high_overlap_easy,0.8791012763977051
high_overlap_easy,0.9114231467247009
high_overlap_easy,0.6452208757400513
high_overlap_easy,0.5809977054595947
high_overlap_easy,0.5924121737480164
high_overlap_easy,0.9054327607154846
high_overlap_easy,0.9182040691375732
high_overlap_easy,0.9042660593986511
high_overlap_easy,0.952940046787262
high_overlap_easy,0.8177812099456787
high_overlap_easy,0.5422964692115784
high_overlap_easy,0.8440083265304565
high_overlap_easy,0.9213094711303711
high_overlap_easy,0.9089792966842651
high_overlap_easy,0.8675347566604614
high_overlap_easy,0.8497539162635803
high_overlap_easy,0.84788978099823
high_overlap_easy,0.816131055355072
high_overlap_easy,0.8952974081039429
high_overlap_easy,0.7160663604736328
high_overlap_easy,0.7755371332168579
high_overlap_easy,0.9459043741226196
high_overlap_easy,0.9519966244697571
high_overlap_easy,0.6478378176689148
high_overlap_easy,0.5193402767181396
high_overlap_easy,0.8647343516349792
high_overlap_easy,0.8974130749702454
high_overlap_easy,0.8158847093582153
high_overlap_easy,0.8914222121238708
high_overlap_easy,0.9382091164588928
high_overlap_easy,0.5711306929588318
high_overlap_easy,0.5347112417221069
high_overlap_easy,0.7268849015235901
high_overlap_easy,0.7373308539390564
high_overlap_easy,0.6203269958496094
high_overlap_easy,0.5852128267288208
high_overlap_easy,0.7404850721359253
high_overlap_easy,0.8639624118804932
high_overlap_easy,0.7013413310050964
high_overlap_easy,0.8169777989387512
high_overlap_easy,0.8115801215171814
high_overlap_easy,0.9131113290786743
high_overlap_easy,0.8809017539024353
high_overlap_easy,0.7615311145782471
high_overlap_easy,0.7986050844192505
high_overlap_easy,0.8136716485023499
high_overlap_easy,0.8511297702789307
high_overlap_easy,0.840981125831604
high_overlap_easy,0.8237377405166626
high_overlap_easy,0.6395215392112732
high_overlap_easy,0.6838979125022888
high_overlap_easy,0.7990768551826477
high_overlap_easy,0.8172045946121216
high_overlap_easy,0.8330802321434021
high_overlap_easy,0.6526536345481873
high_overlap_easy,0.669327437877655
high_overlap_easy,0.7651662230491638
high_overlap_easy,0.7847726941108704
high_overlap_easy,0.6244723796844482
high_overlap_easy,0.7539136409759521
high_overlap_easy,0.7607303261756897
high_overlap_easy,0.8534483313560486
high_overlap_easy,0.9028257131576538
high_overlap_easy,0.7125173211097717
high_overlap_easy,0.5720539689064026
high_overlap_easy,0.9021187424659729
high_overlap_easy,0.8455339670181274
high_overlap_easy,0.7541735768318176
high_overlap_easy,0.8321982026100159
high_overlap_easy,0.5988132953643799
high_overlap_easy,0.7429257035255432
high_overlap_easy,0.6632993221282959
high_overlap_easy,0.7082619667053223
high_overlap_easy,0.5479326844215393
high_overlap_easy,0.8444048762321472
high_overlap_easy,0.7839508056640625
high_overlap_easy,0.5252730846405029
high_overlap_easy,0.6450185775756836
high_overlap_easy,0.6267165541648865
high_overlap_easy,0.5724862217903137
high_overlap_easy,0.7496084570884705
high_overlap_easy,0.5869831442832947
high_overlap_easy,0.802132248878479
high_overlap_easy,0.6209176182746887
high_overlap_easy,0.6169115304946899
high_overlap_easy,0.7860310077667236
high_overlap_easy,0.8683960437774658
high_overlap_easy,0.7949460744857788
high_overlap_easy,0.6735190749168396
high_overlap_easy,0.5506789684295654
high_overlap_easy,0.7503796815872192
high_overlap_easy,0.7038028240203857
high_overlap_easy,0.5352098941802979
high_overlap_easy,0.6359001398086548
high_overlap_easy,0.6050633192062378
high_overlap_easy,0.49477869272232056
high_overlap_easy,0.49960747361183167
high_overlap_easy,0.7220026850700378
high_overlap_easy,0.6802080869674683
high_overlap_easy,0.5615531802177429
high_overlap_easy,0.7207334041595459
high_overlap_easy,0.8653331995010376
high_overlap_easy,0.8007389307022095
high_overlap_easy,0.854762613773346
high_overlap_easy,0.5565263032913208
high_overlap_easy,0.7358951568603516
high_overlap_easy,0.7485600709915161
high_overlap_easy,0.7664052248001099
high_overlap_easy,0.726023256778717
high_overlap_easy,0.7673384547233582
high_overlap_easy,0.7072342038154602
high_overlap_easy,0.5573447942733765
high_overlap_easy,0.5215340256690979
high_overlap_easy,0.6362415552139282
high_overlap_easy,0.7112438082695007
high_overlap_easy,0.7257965803146362
high_overlap_easy,0.6795893907546997
high_overlap_easy,0.5939090251922607
high_overlap_easy,0.6862741112709045
high_overlap_easy,0.7161433696746826
high_overlap_easy,0.6620974540710449
high_overlap_easy,0.5785183310508728
high_overlap_easy,0.7408165335655212
high_overlap_easy,0.7029035091400146
high_overlap_easy,0.7725719213485718
high_overlap_easy,0.6142451167106628
high_overlap_easy,0.7895558476448059
high_overlap_easy,0.8380495309829712
high_overlap_easy,0.6918454766273499
high_overlap_easy,0.6693717837333679
high_overlap_easy,0.8463749885559082
high_overlap_easy,0.7701863050460815
high_overlap_easy,0.6961967945098877
high_overlap_easy,0.6885485053062439
high_overlap_easy,0.7909573316574097
high_overlap_easy,0.9335451722145081
high_overlap_easy,0.9302290678024292
high_overlap_easy,0.9264759421348572
high_overlap_easy,0.6664323210716248
high_overlap_easy,0.6657524108886719
high_overlap_easy,0.7590276598930359
high_overlap_easy,0.8845531344413757
high_overlap_easy,0.8512934446334839
high_overlap_easy,0.6960503458976746
high_overlap_easy,0.723145604133606
high_overlap_easy,0.7466826438903809
high_overlap_easy,0.7975679039955139
high_overlap_easy,0.6626585721969604
high_overlap_easy,0.6390419602394104
high_overlap_easy,0.7243486046791077
high_overlap_easy,0.6142786741256714
high_overlap_easy,0.5767645239830017
high_overlap_easy,0.5806578397750854
high_overlap_easy,0.7125909328460693
high_overlap_easy,0.7274882197380066
high_overlap_easy,0.8865505456924438
high_overlap_easy,0.8227429986000061
high_overlap_easy,0.7802876234054565
high_overlap_easy,0.5977283120155334
high_overlap_easy,0.698245644569397
high_overlap_easy,0.690039336681366
high_overlap_easy,0.8963669538497925
high_overlap_easy,0.9062567353248596
high_overlap_easy,0.8117972016334534
high_overlap_easy,0.8344647884368896
high_overlap_easy,0.7702885270118713
high_overlap_easy,0.633396565914154
high_overlap_easy,0.8468515276908875
high_overlap_easy,0.8002719879150391
high_overlap_easy,0.8555155396461487
high_overlap_easy,0.8053920269012451
high_overlap_easy,0.7843529582023621
high_overlap_easy,0.8408443927764893
high_overlap_easy,0.8512089848518372
high_overlap_easy,0.935422420501709
high_overlap_easy,0.8954992890357971
high_overlap_easy,0.7347867488861084
high_overlap_easy,0.8823127150535583
high_overlap_easy,0.916628360748291
high_overlap_easy,0.789726972579956
high_overlap_easy,0.8791844844818115
high_overlap_easy,0.9072456955909729
high_overlap_easy,0.7983450889587402
high_overlap_easy,0.962621808052063
high_overlap_easy,0.8714736104011536
high_overlap_easy,0.7643975615501404
high_overlap_easy,0.6053296327590942
high_overlap_easy,0.8290104866027832
high_overlap_easy,0.752827525138855
high_overlap_easy,0.605661153793335
high_overlap_easy,0.8708237409591675
high_overlap_easy,0.8598745465278625
high_overlap_easy,0.8230935335159302
high_overlap_easy,0.7327472567558289
high_overlap_easy,0.8644471168518066
high_overlap_easy,0.8677372336387634
high_overlap_easy,0.7116889357566833
high_overlap_easy,0.6837102174758911
high_overlap_easy,0.7491277456283569
high_overlap_easy,0.6136635541915894
high_overlap_easy,0.9027438163757324
high_overlap_easy,0.8584296107292175
high_overlap_easy,0.8052774667739868
high_overlap_easy,0.7337168455123901
high_overlap_easy,0.8861615657806396
high_overlap_easy,0.9116652011871338
high_overlap_easy,0.9640557765960693
high_overlap_easy,0.8864685893058777
high_overlap_easy,0.9017146229743958
high_overlap_easy,0.7361223101615906
high_overlap_easy,0.6540290117263794
high_overlap_easy,0.6507867574691772
high_overlap_easy,0.8409236669540405
high_overlap_easy,0.654280424118042
high_overlap_easy,0.9422524571418762
high_overlap_easy,0.7745561003684998
high_overlap_easy,0.9147090911865234
high_overlap_easy,0.7938450574874878
high_overlap_easy,0.7049464583396912
high_overlap_easy,0.7115090489387512
high_overlap_easy,0.7146031856536865
high_overlap_easy,0.6576719284057617
high_overlap_easy,0.8268103003501892
high_overlap_easy,0.8718091249465942
high_overlap_easy,0.7672374248504639
high_overlap_easy,0.7413153648376465
high_overlap_easy,0.9250776767730713
high_overlap_easy,0.7515515089035034
high_overlap_easy,0.4859853982925415
high_overlap_easy,0.6686481833457947
high_overlap_easy,0.8147836327552795
high_overlap_easy,0.7781473994255066
high_overlap_easy,0.6413463950157166
high_overlap_easy,0.6181311011314392
high_overlap_easy,0.6402900815010071
high_overlap_easy,0.9001972079277039
high_overlap_easy,0.6734461188316345
high_overlap_easy,0.7149964570999146
high_overlap_easy,0.7962836027145386
high_overlap_easy,0.8482722043991089
high_overlap_easy,0.850369393825531
high_overlap_easy,0.8689688444137573
high_overlap_easy,0.8620638251304626
high_overlap_easy,0.7876682877540588
high_overlap_easy,0.8775659203529358
high_overlap_easy,0.935351550579071
high_overlap_easy,0.8918461203575134
high_overlap_easy,0.8813271522521973
high_overlap_easy,0.8235532641410828
high_overlap_easy,0.5115766525268555
high_overlap_easy,0.5416025519371033
high_overlap_easy,0.6631649136543274
high_overlap_easy,0.8766795992851257
high_overlap_easy,0.4826211631298065
high_overlap_easy,0.5534230470657349
high_overlap_easy,0.6997279524803162
high_overlap_easy,0.5546279549598694
high_overlap_easy,0.75285804271698
high_overlap_easy,0.4825112819671631
high_overlap_easy,0.5338915586471558
high_overlap_easy,0.493683785200119
high_overlap_easy,0.7344308495521545
high_overlap_easy,0.8911178112030029
high_overlap_easy,0.645684540271759
high_overlap_easy,0.7255475521087646
high_overlap_easy,0.6313350796699524
high_overlap_easy,0.6064518094062805
high_overlap_easy,0.7720627188682556
high_overlap_easy,0.761775016784668
high_overlap_easy,0.6494362950325012
high_overlap_easy,0.8122485280036926
high_overlap_easy,0.7466018795967102
high_overlap_easy,0.8180062174797058
high_overlap_easy,0.8998293280601501
high_overlap_easy,0.9242952466011047
high_overlap_easy,0.6896477937698364
high_overlap_easy,0.8423373699188232
high_overlap_easy,0.8072148561477661
high_overlap_easy,0.8465380668640137
high_overlap_easy,0.714255154132843
high_overlap_easy,0.8663097023963928
high_overlap_easy,0.8748791217803955
high_overlap_easy,0.7195693850517273
high_overlap_easy,0.61399245262146
high_overlap_easy,0.8853174448013306
high_overlap_easy,0.61919105052948
high_overlap_easy,0.8874520659446716
high_overlap_easy,0.7403703927993774
high_overlap_easy,0.8782921433448792
high_overlap_easy,0.850845217704773
high_overlap_easy,0.8153470754623413
high_overlap_easy,0.8730930685997009
high_overlap_easy,0.8672835826873779
high_overlap_easy,0.7524597644805908
high_overlap_easy,0.7214475870132446
high_overlap_easy,0.9093185067176819
high_overlap_easy,0.648465096950531
high_overlap_easy,0.7625580430030823
high_overlap_easy,0.6430836319923401
high_overlap_easy,0.9074767231941223
high_overlap_easy,0.7722277045249939
high_overlap_easy,0.8671693205833435
high_overlap_easy,0.7721599340438843
high_overlap_easy,0.8370347619056702
high_overlap_easy,0.8668978214263916
high_overlap_easy,0.8715149760246277
high_overlap_easy,0.7354085445404053
high_overlap_easy,0.5641778707504272
high_overlap_easy,0.7423859238624573
high_overlap_easy,0.7911880016326904
high_overlap_easy,0.5971516370773315
high_overlap_easy,0.9161343574523926
high_overlap_easy,0.6023598313331604
high_overlap_easy,0.6310032606124878
high_overlap_easy,0.8519260883331299
high_overlap_easy,0.8392534852027893
high_overlap_easy,0.8690894842147827
high_overlap_easy,0.6089202165603638
high_overlap_easy,0.5788624286651611
high_overlap_easy,0.7640740871429443
high_overlap_easy,0.7364498972892761
high_overlap_easy,0.5465375185012817
high_overlap_easy,0.4597206711769104
high_overlap_easy,0.9001325964927673
high_overlap_easy,0.7896155118942261
high_overlap_easy,0.6914797425270081
high_overlap_easy,0.8862452507019043
high_overlap_easy,0.896453857421875
high_overlap_easy,0.9283662438392639
high_overlap_easy,0.8343172073364258
high_overlap_easy,0.8178883194923401
high_overlap_easy,0.8331706523895264
high_overlap_easy,0.8415728211402893
high_overlap_easy,0.8197861313819885
high_overlap_easy,0.7958107590675354
high_overlap_easy,0.8335223197937012
high_overlap_easy,0.7021970748901367
high_overlap_easy,0.5626484751701355
high_overlap_easy,0.6980913877487183
high_overlap_easy,0.6284299492835999
high_overlap_easy,0.8391233086585999
high_overlap_easy,0.7002158761024475
high_overlap_easy,0.8445762991905212
high_overlap_easy,0.7822573781013489
high_overlap_easy,0.8443133234977722
high_overlap_easy,0.8397723436355591
high_overlap_easy,0.8991280198097229
high_overlap_easy,0.785935640335083
high_overlap_easy,0.6277912855148315
high_overlap_easy,0.8883379697799683
high_overlap_easy,0.8481214642524719
high_overlap_easy,0.7122707962989807
high_overlap_easy,0.6345946788787842
high_overlap_easy,0.7945934534072876
high_overlap_easy,0.8547183275222778
high_overlap_easy,0.8158336877822876
high_overlap_easy,0.811966061592102
high_overlap_easy,0.8162809610366821
high_overlap_easy,0.8553081750869751
high_overlap_easy,0.7114595770835876
high_overlap_easy,0.7365516424179077
high_overlap_easy,0.6530401110649109
high_overlap_easy,0.7273015379905701
high_overlap_easy,0.45018768310546875
high_overlap_easy,0.6761981844902039
high_overlap_easy,0.778653621673584
high_overlap_easy,0.8535008430480957
high_overlap_easy,0.8346916437149048
high_overlap_easy,0.8186510801315308
high_overlap_easy,0.7907928824424744
high_overlap_easy,0.840374231338501
high_overlap_easy,0.7203307151794434
high_overlap_easy,0.6337225437164307
high_overlap_easy,0.6129345297813416
high_overlap_easy,0.9301071763038635
high_overlap_easy,0.6234462857246399
high_overlap_easy,0.565532922744751
high_overlap_easy,0.780307412147522
high_overlap_easy,0.6789895296096802
high_overlap_easy,0.6262624263763428
high_overlap_easy,0.9060315489768982
high_overlap_easy,0.8783342838287354
high_overlap_easy,0.6864116191864014
high_overlap_easy,0.6239067316055298
high_overlap_easy,0.6864535212516785
high_overlap_easy,0.5626978874206543
high_overlap_easy,0.8787468671798706
high_overlap_easy,0.8032153248786926
high_overlap_easy,0.7106773853302002
high_overlap_easy,0.7146567702293396
high_overlap_easy,0.7405362129211426
high_overlap_easy,0.910355806350708
high_overlap_easy,0.8111913800239563
high_overlap_easy,0.5142267346382141
high_overlap_easy,0.7262388467788696
high_overlap_easy,0.7746394276618958
high_overlap_easy,0.8788601160049438
high_overlap_easy,0.8271735906600952
high_overlap_easy,0.669876754283905
high_overlap_easy,0.4785630702972412
high_overlap_easy,0.6451132297515869
high_overlap_easy,0.7979795336723328
high_overlap_easy,0.7642784714698792
high_overlap_easy,0.7080281376838684
high_overlap_easy,0.6107088327407837
high_overlap_easy,0.8902512788772583
high_overlap_easy,0.7962912321090698
high_overlap_easy,0.6157899498939514
high_overlap_easy,0.895270049571991
high_overlap_easy,0.8211631178855896
high_overlap_easy,0.8285752534866333
high_overlap_easy,0.7794471979141235
high_overlap_easy,0.7996285557746887
high_overlap_easy,0.7384227514266968
high_overlap_easy,0.6754864454269409
high_overlap_easy,0.6682112216949463
high_overlap_easy,0.8301459550857544
high_overlap_easy,0.8816738128662109
high_overlap_easy,0.5920504927635193
high_overlap_easy,0.8405977487564087
high_overlap_easy,0.8811959624290466
high_overlap_easy,0.7868244647979736
high_overlap_easy,0.6197930574417114
high_overlap_easy,0.806363582611084
high_overlap_easy,0.6209248900413513
high_overlap_easy,0.6605604887008667
high_overlap_easy,0.742110013961792
high_overlap_easy,0.7089098691940308
high_overlap_easy,0.8451469540596008
high_overlap_easy,0.682843029499054
high_overlap_easy,0.8072114586830139
high_overlap_easy,0.872146725654602
high_overlap_easy,0.6729259490966797
high_overlap_easy,0.7237658500671387
high_overlap_easy,0.7713747024536133
high_overlap_easy,0.8773924112319946
high_overlap_easy,0.8394023776054382
high_overlap_easy,0.9321963787078857
high_overlap_easy,0.7703158855438232
high_overlap_easy,0.7953768968582153
high_overlap_easy,0.6958163976669312
high_overlap_easy,0.8305981159210205
high_overlap_easy,0.9217157363891602
high_overlap_easy,0.7675445675849915
high_overlap_easy,0.8403425812721252
high_overlap_easy,0.8346984386444092
high_overlap_easy,0.5439077615737915
high_overlap_easy,0.4945544898509979
high_overlap_easy,0.5322521924972534
high_overlap_easy,0.5102890133857727
high_overlap_easy,0.8071022629737854
high_overlap_easy,0.8387437462806702
high_overlap_easy,0.6095320582389832
high_overlap_easy,0.891711950302124
high_overlap_easy,0.7272521257400513
high_overlap_easy,0.5968068242073059
high_overlap_easy,0.5273492932319641
high_overlap_easy,0.6059283018112183
high_overlap_easy,0.5458945035934448
high_overlap_easy,0.786838948726654
high_overlap_easy,0.9034039378166199
high_overlap_easy,0.8800827264785767
high_overlap_easy,0.6839224100112915
high_overlap_easy,0.6537969708442688
high_overlap_easy,0.5034643411636353
high_overlap_easy,0.79518061876297
high_overlap_easy,0.8815977573394775
high_overlap_easy,0.7895676493644714
high_overlap_easy,0.7360103726387024
high_overlap_easy,0.8125460147857666
high_overlap_easy,0.6371254324913025
high_overlap_easy,0.7280027866363525
high_overlap_easy,0.7209749817848206
high_overlap_easy,0.7866188883781433
high_overlap_easy,0.5353530645370483
high_overlap_easy,0.7437760829925537
high_overlap_easy,0.8242164850234985
high_overlap_easy,0.7285361289978027
high_overlap_easy,0.7598287463188171
high_overlap_easy,0.6761139035224915
high_overlap_easy,0.7640529870986938
high_overlap_easy,0.7069774866104126
high_overlap_easy,0.717685341835022
high_overlap_easy,0.6465731859207153
high_overlap_easy,0.7926532626152039
high_overlap_easy,0.8530555367469788
high_overlap_easy,0.6172170639038086
high_overlap_easy,0.5890253186225891
high_overlap_easy,0.8415119647979736
high_overlap_easy,0.8051724433898926
high_overlap_easy,0.8671608567237854
high_overlap_easy,0.9285936951637268
high_overlap_easy,0.9529878497123718
high_overlap_easy,0.8779886960983276
high_overlap_easy,0.780541181564331
high_overlap_easy,0.6226161122322083
high_overlap_easy,0.5730507373809814
high_overlap_easy,0.5926401615142822
high_overlap_easy,0.6744410991668701
high_overlap_easy,0.7377045750617981
high_overlap_easy,0.6041157841682434
high_overlap_easy,0.7137762308120728
high_overlap_easy,0.8453035354614258
high_overlap_easy,0.6609083414077759
high_overlap_easy,0.647061824798584
high_overlap_easy,0.729767382144928
high_overlap_easy,0.8308103084564209
high_overlap_easy,0.9541630148887634
high_overlap_easy,0.765595555305481
high_overlap_easy,0.6814412474632263
high_overlap_easy,0.7885252237319946
high_overlap_easy,0.8787353038787842
high_overlap_easy,0.7223840951919556
high_overlap_easy,0.8039417266845703
high_overlap_easy,0.7109521627426147
high_overlap_easy,0.6228427886962891
high_overlap_easy,0.7716013789176941
high_overlap_easy,0.9334699511528015
high_overlap_easy,0.8360018134117126
high_overlap_easy,0.6036170125007629
high_overlap_easy,0.8412877321243286
high_overlap_easy,0.8286641240119934
high_overlap_easy,0.8593741059303284
high_overlap_easy,0.7199084758758545
high_overlap_easy,0.8651950359344482
high_overlap_easy,0.7696439623832703
high_overlap_easy,0.7401316165924072
high_overlap_easy,0.7611418962478638
high_overlap_easy,0.6113415956497192
high_overlap_easy,0.7049955129623413
high_overlap_easy,0.6971778869628906
high_overlap_easy,0.6309739351272583
high_overlap_easy,0.7795496582984924
high_overlap_easy,0.7903881669044495
high_overlap_easy,0.8501970171928406
high_overlap_easy,0.5439996719360352
high_overlap_easy,0.6039534211158752
high_overlap_easy,0.6877062320709229
high_overlap_easy,0.6489108800888062
high_overlap_easy,0.8543636202812195
high_overlap_easy,0.8163070678710938
high_overlap_easy,0.7277200222015381
high_overlap_easy,0.8222439289093018
high_overlap_easy,0.8111463785171509
high_overlap_easy,0.6823650598526001
high_overlap_easy,0.6978053450584412
high_overlap_easy,0.749790370464325
high_overlap_easy,0.8026978969573975
high_overlap_easy,0.8477433323860168
high_overlap_easy,0.8781740665435791
high_overlap_easy,0.6544507145881653
high_overlap_easy,0.8320573568344116
high_overlap_easy,0.7687608003616333
high_overlap_easy,0.7142195105552673
high_overlap_easy,0.5740886330604553
high_overlap_easy,0.6335786581039429
high_overlap_easy,0.828101396560669
high_overlap_easy,0.752425491809845
high_overlap_easy,0.6802942752838135
high_overlap_easy,0.8912131190299988
high_overlap_easy,0.9568110108375549
high_overlap_easy,0.8874926567077637
high_overlap_easy,0.8792014122009277
high_overlap_easy,0.6960293054580688
high_overlap_easy,0.6862826943397522
high_overlap_easy,0.4855583608150482
high_overlap_easy,0.5988501310348511
high_overlap_easy,0.9487435817718506
high_overlap_easy,0.935002326965332
high_overlap_easy,0.8390262126922607
high_overlap_easy,0.8622226119041443
high_overlap_easy,0.9107906818389893
high_overlap_easy,0.8668355345726013
high_overlap_easy,0.6629147529602051
high_overlap_easy,0.5036135911941528
high_overlap_easy,0.8512681722640991
high_overlap_easy,0.8384938836097717
high_overlap_easy,0.9121923446655273
high_overlap_easy,0.8303084969520569
high_overlap_easy,0.6703128814697266
high_overlap_easy,0.7854039669036865
high_overlap_easy,0.721186101436615
high_overlap_easy,0.7477684020996094
high_overlap_easy,0.5917531251907349
high_overlap_easy,0.8483768105506897
high_overlap_easy,0.8041694164276123
high_overlap_easy,0.7889264822006226
high_overlap_easy,0.787085771560669
high_overlap_easy,0.9100797176361084
high_overlap_easy,0.907142162322998
high_overlap_easy,0.933666467666626
high_overlap_easy,0.7967294454574585
high_overlap_easy,0.8544207215309143
high_overlap_easy,0.8755446672439575
high_overlap_easy,0.6989436745643616
high_overlap_easy,0.730044424533844
high_overlap_easy,0.8860475420951843
high_overlap_easy,0.7563784718513489
high_overlap_easy,0.8977685570716858
high_overlap_easy,0.7830983400344849
high_overlap_easy,0.8143107891082764
high_overlap_easy,0.8354465961456299
high_overlap_easy,0.8393721580505371
high_overlap_easy,0.7360341548919678
high_overlap_easy,0.7038622498512268
high_overlap_easy,0.6774373054504395
high_overlap_easy,0.8173648118972778
high_overlap_easy,0.709351122379303
high_overlap_easy,0.7555809020996094
high_overlap_easy,0.7862933278083801
high_overlap_easy,0.8452062606811523
high_overlap_easy,0.6791458129882812
high_overlap_easy,0.8880480527877808
high_overlap_easy,0.7159513235092163
high_overlap_easy,0.7214813828468323
high_overlap_easy,0.8401811718940735
high_overlap_easy,0.7056941390037537
high_overlap_easy,0.6244468688964844
high_overlap_easy,0.8105615377426147
high_overlap_easy,0.6242092251777649
high_overlap_easy,0.7996603846549988
high_overlap_easy,0.5698066353797913
high_overlap_easy,0.616104245185852
high_overlap_easy,0.5915612578392029
high_overlap_easy,0.7907811403274536
high_overlap_easy,0.8512505292892456
high_overlap_easy,0.8430619239807129
high_overlap_easy,0.769939661026001
high_overlap_easy,0.881128191947937
high_overlap_easy,0.8669453263282776
high_overlap_easy,0.8312175869941711
high_overlap_easy,0.9363340139389038
high_overlap_easy,0.6353470683097839
high_overlap_easy,0.8632950782775879
high_overlap_easy,0.9390502572059631
high_overlap_easy,0.9148702025413513
high_overlap_easy,0.7591912150382996
high_overlap_easy,0.9209189414978027
high_overlap_easy,0.8421391248703003
high_overlap_easy,0.8936149477958679
high_overlap_easy,0.8788641691207886
high_overlap_easy,0.9044126272201538
high_overlap_easy,0.9406745433807373
high_overlap_easy,0.7592633962631226
high_overlap_easy,0.7280497550964355
high_overlap_easy,0.8975452780723572
high_overlap_easy,0.7621341943740845
high_overlap_easy,0.759899377822876
high_overlap_easy,0.640291690826416
high_overlap_easy,0.5554664134979248
high_overlap_easy,0.6799027919769287
high_overlap_easy,0.6322708129882812
high_overlap_easy,0.8341250419616699
high_overlap_easy,0.7468857169151306
high_overlap_easy,0.8469998240470886
high_overlap_easy,0.7782294750213623
high_overlap_easy,0.6114636063575745
high_overlap_easy,0.5498278141021729
high_overlap_easy,0.5564067959785461
high_overlap_easy,0.8938475847244263
high_overlap_easy,0.7958368062973022
high_overlap_easy,0.8559241890907288
high_overlap_easy,0.7771660089492798
high_overlap_easy,0.7794758081436157
high_overlap_easy,0.843805730342865
high_overlap_easy,0.6372386813163757
high_overlap_easy,0.732810378074646
high_overlap_easy,0.6169490218162537
high_overlap_easy,0.6901102066040039
high_overlap_easy,0.8033058047294617
high_overlap_easy,0.7582659721374512
high_overlap_easy,0.8405396342277527
high_overlap_easy,0.7915758490562439
high_overlap_easy,0.9000914096832275
high_overlap_easy,0.9250609278678894
high_overlap_easy,0.7955940365791321
high_overlap_easy,0.7707688808441162
high_overlap_easy,0.7826407551765442
high_overlap_easy,0.8684592247009277
high_overlap_easy,0.7862436771392822
high_overlap_easy,0.7506183981895447
high_overlap_easy,0.6433504223823547
high_overlap_easy,0.9048218727111816
high_overlap_easy,0.7715714573860168
high_overlap_easy,0.8339829444885254
high_overlap_easy,0.6367954015731812
high_overlap_easy,0.7708680629730225
high_overlap_easy,0.7713238000869751
high_overlap_easy,0.8186949491500854
high_overlap_easy,0.795242965221405
high_overlap_easy,0.8686656951904297
high_overlap_easy,0.9044614434242249
high_overlap_easy,0.8439120054244995
high_overlap_easy,0.6575719118118286
high_overlap_easy,0.6633450984954834
high_overlap_easy,0.7735189199447632
high_overlap_easy,0.7818215489387512
high_overlap_easy,0.847841739654541
high_overlap_easy,0.7555436491966248
high_overlap_easy,0.6515653729438782
high_overlap_easy,0.7352564930915833
high_overlap_easy,0.7891256809234619
high_overlap_easy,0.5072028040885925
high_overlap_easy,0.9074915647506714
high_overlap_easy,0.9084972739219666
high_overlap_easy,0.6921361684799194
high_overlap_easy,0.8756587505340576
high_overlap_easy,0.5430823564529419
high_overlap_easy,0.8674360513687134
high_overlap_easy,0.8920921087265015
high_overlap_easy,0.8567249774932861
high_overlap_easy,0.843224287033081
high_overlap_easy,0.8929117321968079
high_overlap_easy,0.7747021913528442
high_overlap_easy,0.7699414491653442
high_overlap_easy,0.8525516986846924
high_overlap_easy,0.8828786611557007
high_overlap_easy,0.9424931406974792
high_overlap_easy,0.9231865406036377
high_overlap_easy,0.8972071409225464
high_overlap_easy,0.6228427886962891
high_overlap_easy,0.9156156182289124
high_overlap_easy,0.7907546162605286
high_overlap_easy,0.8970266580581665
high_overlap_easy,0.7128652334213257
high_overlap_easy,0.7891201376914978
high_overlap_easy,0.5796471238136292
high_overlap_easy,0.858291506767273
high_overlap_easy,0.930882453918457
high_overlap_easy,0.9154510498046875
high_overlap_easy,0.6792481541633606
high_overlap_easy,0.6595584750175476
high_overlap_easy,0.6113861203193665
high_overlap_easy,0.9361886382102966
high_overlap_easy,0.9256833791732788
high_overlap_easy,0.9167757034301758
high_overlap_easy,0.8356368541717529
high_overlap_easy,0.8932808637619019
high_overlap_easy,0.7152555584907532
high_overlap_easy,0.8645557761192322
high_overlap_easy,0.7352142930030823
high_overlap_easy,0.5655842423439026
high_overlap_easy,0.9116628766059875
high_overlap_easy,0.7076327800750732
high_overlap_easy,0.8246740102767944
high_overlap_easy,0.6722335815429688
high_overlap_easy,0.8270407319068909
high_overlap_easy,0.8765653371810913
high_overlap_easy,0.920462965965271
high_overlap_easy,0.907346785068512
high_overlap_easy,0.4807145893573761
high_overlap_easy,0.8934667110443115
high_overlap_easy,0.7077179551124573
high_overlap_easy,0.6994929313659668
high_overlap_easy,0.6752275228500366
high_overlap_easy,0.9102672934532166
high_overlap_easy,0.6786369681358337
high_overlap_easy,0.930442214012146
high_overlap_easy,0.729541540145874
high_overlap_easy,0.7264024019241333
high_overlap_easy,0.796847403049469
high_overlap_easy,0.8397188782691956
high_overlap_easy,0.7831563353538513
high_overlap_easy,0.5981196761131287
high_overlap_easy,0.9069937467575073
high_overlap_easy,0.8993262052536011
high_overlap_easy,0.7576615810394287
high_overlap_easy,0.6768761873245239
high_overlap_easy,0.7183901071548462
high_overlap_easy,0.694210410118103
high_overlap_easy,0.9170860052108765
high_overlap_easy,0.6416000127792358
high_overlap_easy,0.7615218162536621
high_overlap_easy,0.6250084042549133
high_overlap_easy,0.5563600063323975
high_overlap_easy,0.8301780819892883
high_overlap_easy,0.893326997756958
high_overlap_easy,0.5348078608512878
high_overlap_easy,0.8854799866676331
high_overlap_easy,0.7801470756530762
high_overlap_easy,0.5672956705093384
high_overlap_easy,0.8930332660675049
high_overlap_easy,0.5821490287780762
high_overlap_easy,0.9344760775566101
high_overlap_easy,0.9175868034362793
high_overlap_easy,0.8486303091049194
high_overlap_easy,0.7038955092430115
high_overlap_easy,0.8605780005455017
high_overlap_easy,0.7120710015296936
high_overlap_easy,0.7436723709106445
high_overlap_easy,0.8562323451042175
high_overlap_easy,0.8743231296539307
high_overlap_easy,0.7793988585472107
high_overlap_easy,0.7671597003936768
high_overlap_easy,0.6983672976493835
high_overlap_easy,0.6100297570228577
high_overlap_easy,0.6706562638282776
high_overlap_easy,0.9118167161941528
high_overlap_easy,0.5681091547012329
high_overlap_easy,0.6567212343215942
high_overlap_easy,0.8097237944602966
high_overlap_easy,0.8062191605567932
high_overlap_easy,0.6521637439727783
high_overlap_easy,0.9297313094139099
high_overlap_easy,0.8672286868095398
high_overlap_easy,0.840338945388794
high_overlap_easy,0.7403494715690613
high_overlap_easy,0.6322120428085327
high_overlap_easy,0.7531771659851074
high_overlap_easy,0.7861136794090271
high_overlap_easy,0.5889514684677124
high_overlap_easy,0.7615591883659363
high_overlap_easy,0.48753565549850464
high_overlap_easy,0.7203197479248047
high_overlap_easy,0.6427723169326782
high_overlap_easy,0.9061999917030334
high_overlap_easy,0.7225107550621033
high_overlap_easy,0.7145208120346069
high_overlap_easy,0.5811187624931335
high_overlap_easy,0.806991696357727
high_overlap_easy,0.7695414423942566
high_overlap_easy,0.7700119018554688
high_overlap_easy,0.5553528070449829
high_overlap_easy,0.7934053540229797
high_overlap_easy,0.7633100152015686
high_overlap_easy,0.7112948298454285
high_overlap_easy,0.6436010599136353
high_overlap_easy,0.6957781910896301
high_overlap_easy,0.54557204246521
high_overlap_easy,0.7644593715667725
high_overlap_easy,0.5848715901374817
high_overlap_easy,0.7446660399436951
high_overlap_easy,0.802971363067627
high_overlap_easy,0.710540771484375
high_overlap_easy,0.7065191268920898
high_overlap_easy,0.8776836395263672
high_overlap_easy,0.6470484137535095
high_overlap_easy,0.5527702569961548
high_overlap_easy,0.634045422077179
high_overlap_easy,0.6890751123428345
high_overlap_easy,0.5365102291107178
high_overlap_easy,0.7207363247871399
high_overlap_easy,0.6096084117889404
high_overlap_easy,0.7588996887207031
high_overlap_easy,0.9223412275314331
high_overlap_easy,0.8923353552818298
high_overlap_easy,0.7433074116706848
high_overlap_easy,0.7615106701850891
high_overlap_easy,0.709973931312561
high_overlap_easy,0.7989839315414429
high_overlap_easy,0.8769884705543518
high_overlap_easy,0.7427130341529846
high_overlap_easy,0.7401376366615295
high_overlap_easy,0.6838061809539795
high_overlap_easy,0.7714664340019226
high_overlap_easy,0.7994425892829895
high_overlap_easy,0.7990065813064575
high_overlap_easy,0.8048376441001892
high_overlap_easy,0.7597123384475708
high_overlap_easy,0.6775838136672974
high_overlap_easy,0.8002936244010925
high_overlap_easy,0.8924920558929443
high_overlap_easy,0.7721190452575684
high_overlap_easy,0.841405987739563
high_overlap_easy,0.6946900486946106
high_overlap_easy,0.6797829866409302
high_overlap_easy,0.8457304835319519
high_overlap_easy,0.5886008143424988
high_overlap_easy,0.8977620601654053
high_overlap_easy,0.6530217528343201
high_overlap_easy,0.8580045700073242
high_overlap_easy,0.8430233597755432
high_overlap_easy,0.910984456539154
high_overlap_easy,0.6903737187385559
high_overlap_easy,0.8420194983482361
high_overlap_easy,0.7930177450180054
high_overlap_easy,0.8477481603622437
high_overlap_easy,0.8362942934036255
high_overlap_easy,0.6577725410461426
high_overlap_easy,0.7046587467193604
high_overlap_easy,0.7866683602333069
high_overlap_easy,0.8428972959518433
high_overlap_easy,0.8713270425796509
high_overlap_easy,0.8971245884895325
high_overlap_easy,0.8468742370605469
high_overlap_easy,0.843616247177124
high_overlap_easy,0.8972256183624268
high_overlap_easy,0.7000243663787842
high_overlap_easy,0.9296268224716187
high_overlap_easy,0.6403355598449707
high_overlap_easy,0.8350659608840942
high_overlap_easy,0.8372507095336914
high_overlap_easy,0.864090621471405
high_overlap_easy,0.8899049758911133
high_overlap_easy,0.8065989017486572
high_overlap_easy,0.7788114547729492
high_overlap_easy,0.8192347884178162
high_overlap_easy,0.7132914066314697
high_overlap_easy,0.7533224821090698
high_overlap_easy,0.7810618877410889
high_overlap_easy,0.83693927526474
high_overlap_easy,0.668276309967041
high_overlap_easy,0.6736442446708679
high_overlap_easy,0.8494985699653625
high_overlap_easy,0.7953346967697144
high_overlap_easy,0.5264480113983154
high_overlap_easy,0.8903332948684692
high_overlap_easy,0.8580266237258911
high_overlap_easy,0.8005639910697937
high_overlap_easy,0.7638585567474365
high_overlap_easy,0.8781096935272217
high_overlap_easy,0.8824194073677063
high_overlap_easy,0.9211816191673279
high_overlap_easy,0.6487538814544678
high_overlap_easy,0.7506164908409119
high_overlap_easy,0.8812724947929382
high_overlap_easy,0.7338400483131409
high_overlap_easy,0.788105309009552
high_overlap_easy,0.8008608818054199
high_overlap_easy,0.564108669757843
high_overlap_easy,0.7064431309700012
high_overlap_easy,0.9121447801589966
high_overlap_easy,0.594113290309906
high_overlap_easy,0.6516150832176208
high_overlap_easy,0.5349786281585693
high_overlap_easy,0.5250070095062256
high_overlap_easy,0.7064727544784546
high_overlap_easy,0.9005281925201416
high_overlap_easy,0.569839596748352
high_overlap_easy,0.6421353816986084
high_overlap_easy,0.8288946151733398
high_overlap_easy,0.5759004354476929
high_overlap_easy,0.6645524501800537
high_overlap_easy,0.6181592345237732
high_overlap_easy,0.693067729473114
high_overlap_easy,0.6501736640930176
high_overlap_easy,0.5361091494560242
high_overlap_easy,0.6916735768318176
high_overlap_easy,0.5351716876029968
high_overlap_easy,0.5973050594329834
high_overlap_easy,0.5006500482559204
high_overlap_easy,0.908003032207489
high_overlap_easy,0.9387703537940979
high_overlap_easy,0.8822425603866577
high_overlap_easy,0.8149906396865845
high_overlap_easy,0.7596450448036194
high_overlap_easy,0.8463652729988098
high_overlap_easy,0.8689035177230835
high_overlap_easy,0.8228273391723633
high_overlap_easy,0.7351037263870239
high_overlap_easy,0.9262284636497498
high_overlap_easy,0.8869640231132507
high_overlap_easy,0.891764223575592
high_overlap_easy,0.8723971247673035
high_overlap_easy,0.876616358757019
high_overlap_easy,0.6062725782394409
high_overlap_easy,0.7107117772102356
high_overlap_easy,0.9075316190719604
high_overlap_easy,0.879923403263092
high_overlap_easy,0.8763154745101929
high_overlap_easy,0.8869825601577759
high_overlap_easy,0.903411865234375
high_overlap_easy,0.9155571460723877
high_overlap_easy,0.85904860496521
high_overlap_easy,0.8995590209960938
high_overlap_easy,0.9222878217697144
high_overlap_easy,0.6441174149513245
high_overlap_easy,0.7642064690589905
high_overlap_easy,0.8990744948387146
high_overlap_easy,0.9074767231941223
high_overlap_easy,0.956264317035675
high_overlap_easy,0.8103624582290649
high_overlap_easy,0.6560954451560974
high_overlap_easy,0.8320886492729187
high_overlap_easy,0.9247902035713196
high_overlap_easy,0.7636522054672241
high_overlap_easy,0.8222931027412415
high_overlap_easy,0.8950313329696655
high_overlap_easy,0.9108247756958008
high_overlap_easy,0.7964724898338318
high_overlap_easy,0.7096026539802551
high_overlap_easy,0.8329735994338989
high_overlap_easy,0.5611609220504761
high_overlap_easy,0.5943050384521484
high_overlap_easy,0.708129346370697
high_overlap_easy,0.6329607367515564
high_overlap_easy,0.7330184578895569
high_overlap_easy,0.6748627424240112
high_overlap_easy,0.7060132026672363
high_overlap_easy,0.5330764651298523
high_overlap_easy,0.5625047087669373
high_overlap_easy,0.5678277015686035
high_overlap_easy,0.5636612176895142
high_overlap_easy,0.6400098204612732
high_overlap_easy,0.6016887426376343
high_overlap_easy,0.8286522626876831
high_overlap_easy,0.8588889241218567
high_overlap_easy,0.7698915004730225
high_overlap_easy,0.8084477186203003
high_overlap_easy,0.8026461005210876
high_overlap_easy,0.5888633728027344
high_overlap_easy,0.9050452709197998
high_overlap_easy,0.5096055269241333
high_overlap_easy,0.5713003873825073
high_overlap_easy,0.8665045499801636
high_overlap_easy,0.6317315101623535
high_overlap_easy,0.752808153629303
high_overlap_easy,0.46657294034957886
high_overlap_easy,0.7036115527153015
high_overlap_easy,0.7645947933197021
high_overlap_easy,0.7301763296127319
high_overlap_easy,0.6619407534599304
high_overlap_easy,0.7912477850914001
high_overlap_easy,0.8098970651626587
high_overlap_easy,0.8678052425384521
high_overlap_easy,0.8310865163803101
high_overlap_easy,0.764990508556366
high_overlap_easy,0.8618124723434448
high_overlap_easy,0.5580666065216064
high_overlap_easy,0.8774546980857849
high_overlap_easy,0.8511151075363159
high_overlap_easy,0.9062461256980896
high_overlap_easy,0.7829675674438477
high_overlap_easy,0.780363917350769
high_overlap_easy,0.7559700608253479
high_overlap_easy,0.6588606238365173
high_overlap_easy,0.6516886949539185
high_overlap_easy,0.6132117509841919
high_overlap_easy,0.5594212412834167
high_overlap_easy,0.6341568827629089
high_overlap_easy,0.531766414642334
high_overlap_easy,0.6871938705444336
high_overlap_easy,0.5686653852462769
high_overlap_easy,0.7441148161888123
high_overlap_easy,0.5913403630256653
high_overlap_easy,0.5590795874595642
high_overlap_easy,0.5505087375640869
high_overlap_easy,0.656125009059906
high_overlap_easy,0.8889633417129517
high_overlap_easy,0.7852432131767273
high_overlap_easy,0.5262783765792847
high_overlap_easy,0.8094594478607178
high_overlap_easy,0.6503293514251709
high_overlap_easy,0.7576885223388672
high_overlap_easy,0.7037773728370667
high_overlap_easy,0.5819586515426636
high_overlap_easy,0.6355136632919312
high_overlap_easy,0.6362653970718384
high_overlap_easy,0.7116217017173767
high_overlap_easy,0.5810810327529907
high_overlap_easy,0.7543849945068359
high_overlap_easy,0.7085670232772827
high_overlap_easy,0.6520816087722778
high_overlap_easy,0.5858954787254333
high_overlap_easy,0.5367832183837891
high_overlap_easy,0.7840441465377808
high_overlap_easy,0.9310228824615479
high_overlap_easy,0.7313863039016724
high_overlap_easy,0.5411326289176941
high_overlap_easy,0.5107548832893372
high_overlap_easy,0.5482107400894165
high_overlap_easy,0.795274019241333
high_overlap_easy,0.733677327632904
high_overlap_easy,0.7172237634658813
high_overlap_easy,0.7511734366416931
high_overlap_easy,0.860360324382782
high_overlap_easy,0.7473865747451782
high_overlap_easy,0.7055263519287109
high_overlap_easy,0.6293280720710754
high_overlap_easy,0.8040348887443542
high_overlap_easy,0.5660209655761719
high_overlap_easy,0.614019513130188
high_overlap_easy,0.5994530916213989
high_overlap_easy,0.5667456984519958
high_overlap_easy,0.5613064765930176
high_overlap_easy,0.6786800026893616
high_overlap_easy,0.8645889163017273
high_overlap_easy,0.9284041523933411
high_overlap_easy,0.7171893119812012
high_overlap_easy,0.9083454012870789
high_overlap_easy,0.8494049906730652
high_overlap_easy,0.9185723066329956
high_overlap_easy,0.5483623147010803
high_overlap_easy,0.7833091616630554
high_overlap_easy,0.828864574432373
high_overlap_easy,0.5827151536941528
high_overlap_easy,0.8662687540054321
high_overlap_easy,0.8089668154716492
high_overlap_easy,0.700349748134613
high_overlap_easy,0.838252067565918
high_overlap_easy,0.6517070531845093
high_overlap_easy,0.9287800192832947
high_overlap_easy,0.500919759273529
high_overlap_easy,0.9032232761383057
high_overlap_easy,0.8156321048736572
high_overlap_easy,0.6409689784049988
high_overlap_easy,0.8040409684181213
high_overlap_easy,0.6522353291511536
high_overlap_easy,0.7434521913528442
high_overlap_easy,0.667392373085022
high_overlap_easy,0.6730959415435791
high_overlap_easy,0.6147117018699646
high_overlap_easy,0.6706321239471436
high_overlap_easy,0.5965809226036072
high_overlap_easy,0.6572090983390808
high_overlap_easy,0.7299893498420715
high_overlap_easy,0.756011962890625
high_overlap_easy,0.9059342741966248
high_overlap_easy,0.7913013696670532
high_overlap_easy,0.7513542771339417
high_overlap_easy,0.8229246735572815
high_overlap_easy,0.7285117506980896
high_overlap_easy,0.5909016132354736
high_overlap_easy,0.7091044783592224
high_overlap_easy,0.7418773174285889
high_overlap_easy,0.8447519540786743
high_overlap_easy,0.6827238202095032
high_overlap_easy,0.7626709938049316
high_overlap_easy,0.9156485795974731
high_overlap_easy,0.9390502572059631
high_overlap_easy,0.8543346524238586
high_overlap_easy,0.5818907022476196
high_overlap_easy,0.7551263570785522
high_overlap_easy,0.6595343351364136
high_overlap_easy,0.7940484285354614
high_overlap_easy,0.868954598903656
high_overlap_easy,0.511803925037384
high_overlap_easy,0.6721768975257874
high_overlap_easy,0.874279797077179
high_overlap_easy,0.797044575214386
high_overlap_easy,0.7335435748100281
high_overlap_easy,0.9216798543930054
high_overlap_easy,0.8632950782775879
high_overlap_easy,0.9390502572059631
high_overlap_easy,0.9148702025413513
high_overlap_easy,0.5867102742195129
high_overlap_easy,0.6911903619766235
high_overlap_easy,0.7170131206512451
high_overlap_easy,0.7149964570999146
high_overlap_easy,0.6710774898529053
high_overlap_easy,0.8487700819969177
high_overlap_easy,0.6685488224029541
high_overlap_easy,0.7011958956718445
high_overlap_easy,0.6429837942123413
high_overlap_easy,0.9616833925247192
high_overlap_easy,0.8336730599403381
high_overlap_easy,0.9143046736717224
high_overlap_easy,0.885310709476471
high_overlap_easy,0.8338541388511658
high_overlap_easy,0.8584970831871033
high_overlap_easy,0.8897600769996643
high_overlap_easy,0.8436616659164429
high_overlap_easy,0.8263944387435913
high_overlap_easy,0.9345482587814331
high_overlap_easy,0.8728080987930298
high_overlap_easy,0.9399580359458923
high_overlap_easy,0.8343325853347778
high_overlap_easy,0.9130936861038208
high_overlap_easy,0.9250451922416687
high_overlap_easy,0.9238768815994263
high_overlap_easy,0.9778293967247009
high_overlap_easy,0.959309995174408
high_overlap_easy,0.9481613636016846
high_overlap_easy,0.7896846532821655
high_overlap_easy,0.9511207342147827
high_overlap_easy,0.9257652759552002
high_overlap_easy,0.8149926066398621
high_overlap_easy,0.9088726043701172
high_overlap_easy,0.9245023131370544
high_overlap_easy,0.9358323812484741
high_overlap_easy,0.9276732802391052
high_overlap_easy,0.893765389919281
high_overlap_easy,0.8943406343460083
high_overlap_easy,0.8537392020225525
high_overlap_easy,0.8028011322021484
high_overlap_easy,0.6435834765434265
high_overlap_easy,0.6779735088348389
high_overlap_easy,0.7462843060493469
high_overlap_easy,0.708252489566803
high_overlap_easy,0.8111435174942017
high_overlap_easy,0.824838399887085
high_overlap_easy,0.9164512157440186
high_overlap_easy,0.7487343549728394
high_overlap_easy,0.6217097043991089
high_overlap_easy,0.8368427753448486
high_overlap_easy,0.8583707809448242
high_overlap_easy,0.9093263149261475
high_overlap_easy,0.8163744211196899
high_overlap_easy,0.9216086864471436
high_overlap_easy,0.7468432188034058
high_overlap_easy,0.9029967784881592
high_overlap_easy,0.6228476762771606
high_overlap_easy,0.7827895879745483
high_overlap_easy,0.8184709548950195
high_overlap_easy,0.8373415470123291
high_overlap_easy,0.6658503413200378
high_overlap_easy,0.5585312843322754
high_overlap_easy,0.6388927698135376
high_overlap_easy,0.7065067887306213
high_overlap_easy,0.8249340057373047
high_overlap_easy,0.8965292572975159
high_overlap_easy,0.8565540909767151
high_overlap_easy,0.8344536423683167
high_overlap_easy,0.8061341643333435
high_overlap_easy,0.8437706828117371
high_overlap_easy,0.9334384202957153
high_overlap_easy,0.8620782494544983
high_overlap_easy,0.7758462429046631
high_overlap_easy,0.8815147876739502
high_overlap_easy,0.8396852016448975
high_overlap_easy,0.8844435214996338
high_overlap_easy,0.6150465607643127
high_overlap_easy,0.884619414806366
high_overlap_easy,0.9469680786132812
high_overlap_easy,0.9195870161056519
high_overlap_easy,0.896583080291748
high_overlap_easy,0.8848527073860168
high_overlap_easy,0.7257571816444397
high_overlap_easy,0.7862804532051086
high_overlap_easy,0.790973424911499
high_overlap_easy,0.8344117403030396
high_overlap_easy,0.7016605734825134
high_overlap_easy,0.6922224760055542
high_overlap_easy,0.7915316820144653
high_overlap_easy,0.6722508072853088
high_overlap_easy,0.7841026782989502
high_overlap_easy,0.7906558513641357
high_overlap_easy,0.5052785873413086
high_overlap_easy,0.7235903739929199
high_overlap_easy,0.5898988842964172
high_overlap_easy,0.8722355365753174
high_overlap_easy,0.6821877360343933
high_overlap_easy,0.879142701625824
high_overlap_easy,0.6548959612846375
high_overlap_easy,0.578528881072998
high_overlap_easy,0.7473963499069214
high_overlap_easy,0.6720387935638428
high_overlap_easy,0.7855377197265625
high_overlap_easy,0.6538795232772827
high_overlap_easy,0.5703487396240234
high_overlap_easy,0.9239881038665771
high_overlap_easy,0.9067630767822266
high_overlap_easy,0.9207096695899963
high_overlap_easy,0.7727366089820862
high_overlap_easy,0.7544644474983215
high_overlap_easy,0.68897944688797
high_overlap_easy,0.8274867534637451
high_overlap_easy,0.8354758620262146
high_overlap_easy,0.5442991852760315
high_overlap_easy,0.9090976715087891
high_overlap_easy,0.7812191247940063
high_overlap_easy,0.8746833801269531
high_overlap_easy,0.819893479347229
high_overlap_easy,0.8203161358833313
high_overlap_easy,0.9274101257324219
high_overlap_easy,0.893049418926239
high_overlap_easy,0.839043378829956
high_overlap_easy,0.6351475119590759
high_overlap_easy,0.8655228018760681
high_overlap_easy,0.8984982371330261
high_overlap_easy,0.9525922536849976
high_overlap_easy,0.7329519391059875
high_overlap_easy,0.9542503356933594
high_overlap_easy,0.9592368006706238
high_overlap_easy,0.9601466655731201
high_overlap_easy,0.9391356706619263
high_overlap_easy,0.9417677521705627
high_overlap_easy,0.9326195120811462
high_overlap_easy,0.9643776416778564
high_overlap_easy,0.9662079811096191
high_overlap_easy,0.9313576221466064
high_overlap_easy,0.96238112449646
high_overlap_easy,0.9292759299278259
high_overlap_easy,0.9325417280197144
high_overlap_easy,0.9298082590103149
high_overlap_easy,0.8541544675827026
high_overlap_easy,0.5760829448699951
high_overlap_easy,0.7090251445770264
high_overlap_easy,0.530556857585907
high_overlap_easy,0.5195071697235107
high_overlap_easy,0.903808057308197
high_overlap_easy,0.7974215149879456
high_overlap_easy,0.5929463505744934
high_overlap_easy,0.826008677482605
high_overlap_easy,0.8841835856437683
high_overlap_easy,0.9327734708786011
high_overlap_easy,0.8997747302055359
high_overlap_easy,0.8465787768363953
high_overlap_easy,0.8831227421760559
high_overlap_easy,0.9207206964492798
high_overlap_easy,0.9259043335914612
high_overlap_easy,0.9506438374519348
high_overlap_easy,0.9325734972953796
high_overlap_easy,0.8983213305473328
high_overlap_easy,0.6672487258911133
high_overlap_easy,0.6637232303619385
high_overlap_easy,0.7913910150527954
high_overlap_easy,0.5357123017311096
high_overlap_easy,0.7433444857597351
high_overlap_easy,0.8351621031761169
high_overlap_easy,0.9207082986831665
high_overlap_easy,0.748790442943573
high_overlap_easy,0.9031301736831665
high_overlap_easy,0.9351416230201721
high_overlap_easy,0.7878687381744385
high_overlap_easy,0.9479337334632874
high_overlap_easy,0.8830617666244507
high_overlap_easy,0.8148660659790039
high_overlap_easy,0.8170181512832642
high_overlap_easy,0.7183331251144409
high_overlap_easy,0.7918421626091003
high_overlap_easy,0.8783482313156128
high_overlap_easy,0.9426866173744202
high_overlap_easy,0.8963989615440369
high_overlap_easy,0.9067561626434326
high_overlap_easy,0.9140290021896362
high_overlap_easy,0.9562287926673889
high_overlap_easy,0.9494233727455139
high_overlap_easy,0.8293605446815491
high_overlap_easy,0.8298181891441345
high_overlap_easy,0.7986278533935547
high_overlap_easy,0.9563882946968079
high_overlap_easy,0.8982865810394287
high_overlap_easy,0.8145171403884888
high_overlap_easy,0.9103940725326538
high_overlap_easy,0.8942679166793823
high_overlap_easy,0.8930044174194336
high_overlap_easy,0.9708606004714966
high_overlap_easy,0.9625959396362305
high_overlap_easy,0.9553103446960449
high_overlap_easy,0.9310996532440186
high_overlap_easy,0.9584206342697144
high_overlap_easy,0.938213586807251
high_overlap_easy,0.948643684387207
high_overlap_easy,0.9520282745361328
high_overlap_easy,0.9276630878448486
high_overlap_easy,0.9669142365455627
high_overlap_easy,0.8726114630699158
high_overlap_easy,0.8239516615867615
high_overlap_easy,0.8003805875778198
high_overlap_easy,0.8930843472480774
high_overlap_easy,0.8256582021713257
high_overlap_easy,0.8566918969154358
high_overlap_easy,0.9409125447273254
high_overlap_easy,0.9397742748260498
high_overlap_easy,0.9231231212615967
high_overlap_easy,0.6358628869056702
high_overlap_easy,0.7799457907676697
high_overlap_easy,0.9149953126907349
high_overlap_easy,0.7846451997756958
high_overlap_easy,0.8788955211639404
high_overlap_easy,0.8873333930969238
high_overlap_easy,0.8996936678886414
high_overlap_easy,0.8533853888511658
high_overlap_easy,0.9090132117271423
high_overlap_easy,0.8622522950172424
high_overlap_easy,0.9052635431289673
high_overlap_easy,0.830996572971344
high_overlap_easy,0.814517080783844
high_overlap_easy,0.8957108855247498
high_overlap_easy,0.7533254027366638
high_overlap_easy,0.9378535747528076
high_overlap_easy,0.9080150127410889
high_overlap_easy,0.9331641793251038
high_overlap_easy,0.8592477440834045
high_overlap_easy,0.8549851775169373
high_overlap_easy,0.9201717972755432
high_overlap_easy,0.8680718541145325
high_overlap_easy,0.6306204795837402
high_overlap_easy,0.8287728428840637
high_overlap_easy,0.6096270680427551
high_overlap_easy,0.8038579821586609
high_overlap_easy,0.8001441359519958
high_overlap_easy,0.7707623839378357
high_overlap_easy,0.9049391746520996
high_overlap_easy,0.6755728125572205
high_overlap_easy,0.883388876914978
high_overlap_easy,0.9204189777374268
high_overlap_easy,0.8059998750686646
high_overlap_easy,0.8195375800132751
high_overlap_easy,0.8737751245498657
high_overlap_easy,0.8297910094261169
high_overlap_easy,0.5547894835472107
high_overlap_easy,0.6528347730636597
high_overlap_easy,0.6014832258224487
high_overlap_easy,0.662254810333252
high_overlap_easy,0.5236734747886658
high_overlap_easy,0.6192156076431274
high_overlap_easy,0.6647689938545227
high_overlap_easy,0.9238153696060181
high_overlap_easy,0.9356573224067688
high_overlap_easy,0.8926265835762024
high_overlap_easy,0.7524168491363525
high_overlap_easy,0.8729397654533386
high_overlap_easy,0.6998317837715149
high_overlap_easy,0.8473492860794067
high_overlap_easy,0.9543979167938232
high_overlap_easy,0.9281454086303711
high_overlap_easy,0.7994685173034668
high_overlap_easy,0.8999852538108826
high_overlap_easy,0.925130307674408
high_overlap_easy,0.963295042514801
high_overlap_easy,0.9400546550750732
high_overlap_easy,0.8339246511459351
high_overlap_easy,0.9290585517883301
high_overlap_easy,0.9130527377128601
high_overlap_easy,0.8633438348770142
high_overlap_easy,0.9210270643234253
high_overlap_easy,0.8996737003326416
high_overlap_easy,0.8768662810325623
high_overlap_easy,0.9009332060813904
high_overlap_easy,0.9227920174598694
high_overlap_easy,0.8879383206367493
high_overlap_easy,0.8928040266036987
high_overlap_easy,0.8307289481163025
high_overlap_easy,0.9335042238235474
high_overlap_easy,0.7270603775978088
high_overlap_easy,0.6245625615119934
high_overlap_easy,0.6051300168037415
high_overlap_easy,0.6959455609321594
high_overlap_easy,0.6942511796951294
high_overlap_easy,0.6436519622802734
high_overlap_easy,0.8818610906600952
high_overlap_easy,0.9142786264419556
high_overlap_easy,0.9257113337516785
high_overlap_easy,0.8252204060554504
high_overlap_easy,0.8931687474250793
high_overlap_easy,0.9404110908508301
high_overlap_easy,0.8986794352531433
high_overlap_easy,0.794303297996521
high_overlap_easy,0.7233976125717163
high_overlap_easy,0.9176149368286133
high_overlap_easy,0.9048358201980591
high_overlap_easy,0.8705897927284241
high_overlap_easy,0.8995203375816345
high_overlap_easy,0.9154528379440308
high_overlap_easy,0.9227544069290161
high_overlap_easy,0.8841205835342407
high_overlap_easy,0.712128221988678
high_overlap_easy,0.9174808263778687
high_overlap_easy,0.8673361539840698
high_overlap_easy,0.9099408984184265
high_overlap_easy,0.9201584458351135
high_overlap_easy,0.8201612830162048
high_overlap_easy,0.9288625121116638
high_overlap_easy,0.7495673894882202
high_overlap_easy,0.9033308625221252
high_overlap_easy,0.8659266233444214
high_overlap_easy,0.9284728169441223
high_overlap_easy,0.7985564470291138
high_overlap_easy,0.6893283724784851
high_overlap_easy,0.8993826508522034
high_overlap_easy,0.9490527510643005
high_overlap_easy,0.7473698854446411
high_overlap_easy,0.8659069538116455
high_overlap_easy,0.8894209861755371
high_overlap_easy,0.8806342482566833
high_overlap_easy,0.9031088352203369
high_overlap_easy,0.822394609451294
high_overlap_easy,0.7831505537033081
high_overlap_easy,0.8928263187408447
high_overlap_easy,0.6441607475280762
high_overlap_easy,0.8397057056427002
high_overlap_easy,0.7259241938591003
high_overlap_easy,0.7561672925949097
high_overlap_easy,0.7773089408874512
high_overlap_easy,0.8853822350502014
high_overlap_easy,0.8900266289710999
high_overlap_easy,0.8864530324935913
high_overlap_easy,0.8459739685058594
high_overlap_easy,0.909450888633728
high_overlap_easy,0.865092396736145
high_overlap_easy,0.9071626663208008
high_overlap_easy,0.9241257309913635
high_overlap_easy,0.9473842978477478
high_overlap_easy,0.8853049278259277
high_overlap_easy,0.9012753963470459
high_overlap_easy,0.7947973608970642
high_overlap_easy,0.7756479382514954
high_overlap_easy,0.8539490699768066
high_overlap_easy,0.9575709700584412
high_overlap_easy,0.9341006278991699
high_overlap_easy,0.8802602291107178
high_overlap_easy,0.901738166809082
high_overlap_easy,0.9318444132804871
high_overlap_easy,0.8994665145874023
high_overlap_easy,0.9422577023506165
high_overlap_easy,0.9375022649765015
high_overlap_easy,0.9109514355659485
high_overlap_easy,0.9127808809280396
high_overlap_easy,0.7322204113006592
high_overlap_easy,0.906975507736206
high_overlap_easy,0.9403871893882751
high_overlap_easy,0.727800190448761
high_overlap_easy,0.5987230539321899
high_overlap_easy,0.709534227848053
high_overlap_easy,0.8092418909072876
high_overlap_easy,0.6129096746444702
high_overlap_easy,0.6105654835700989
high_overlap_easy,0.9103609323501587
high_overlap_easy,0.8808653354644775
high_overlap_easy,0.9238734245300293
high_overlap_easy,0.9144275188446045
high_overlap_easy,0.849719762802124
high_overlap_easy,0.6642789840698242
high_overlap_easy,0.9408801198005676
high_overlap_easy,0.9088902473449707
high_overlap_easy,0.8338064551353455
high_overlap_easy,0.5834532380104065
high_overlap_easy,0.8630920648574829
high_overlap_easy,0.8384522199630737
high_overlap_easy,0.9034215211868286
high_overlap_easy,0.9059422612190247
high_overlap_easy,0.9098278880119324
high_overlap_easy,0.9620789289474487
high_overlap_easy,0.9401715993881226
high_overlap_easy,0.7073732018470764
high_overlap_easy,0.886847198009491
high_overlap_easy,0.8877952694892883
high_overlap_easy,0.941128134727478
high_overlap_easy,0.8139349818229675
high_overlap_easy,0.8827164173126221
high_overlap_easy,0.8862388134002686
high_overlap_easy,0.7281640768051147
high_overlap_easy,0.8113793134689331
high_overlap_easy,0.9244011640548706
high_overlap_easy,0.8873475790023804
high_overlap_easy,0.8836499452590942
high_overlap_easy,0.8172864317893982
high_overlap_easy,0.9500495195388794
high_overlap_easy,0.9378628730773926
high_overlap_easy,0.9522257447242737
high_overlap_easy,0.9290331602096558
high_overlap_easy,0.6248093843460083
high_overlap_easy,0.8633871078491211
high_overlap_easy,0.8774163722991943
high_overlap_easy,0.9515016078948975
high_overlap_easy,0.9421714544296265
high_overlap_easy,0.9327428936958313
high_overlap_easy,0.9497566819190979
high_overlap_easy,0.8882926106452942
high_overlap_easy,0.9081393480300903
high_overlap_easy,0.8735114336013794
high_overlap_easy,0.8946741819381714
high_overlap_easy,0.9120139479637146
high_overlap_easy,0.8639252185821533
high_overlap_easy,0.846342921257019
high_overlap_easy,0.9409059882164001
high_overlap_easy,0.9295443296432495
high_overlap_easy,0.8605435490608215
high_overlap_easy,0.8681256175041199
high_overlap_easy,0.7646591067314148
high_overlap_easy,0.6702274084091187
high_overlap_easy,0.6965333819389343
high_overlap_easy,0.7756391167640686
high_overlap_easy,0.7343268990516663
high_overlap_easy,0.6753676533699036
high_overlap_easy,0.8421531915664673
high_overlap_easy,0.7953750491142273
high_overlap_easy,0.9230506420135498
high_overlap_easy,0.7202004194259644
high_overlap_easy,0.5518377423286438
high_overlap_easy,0.7945516705513
high_overlap_easy,0.7165011763572693
high_overlap_easy,0.744697093963623
high_overlap_easy,0.8556057214736938
high_overlap_easy,0.7267578840255737
high_overlap_easy,0.8456844687461853
high_overlap_easy,0.47075241804122925
high_overlap_easy,0.7488512396812439
high_overlap_easy,0.6937109231948853
high_overlap_easy,0.5529576539993286
high_overlap_easy,0.5978962182998657
high_overlap_easy,0.7705774903297424
high_overlap_easy,0.8980305194854736
high_overlap_easy,0.6899762153625488
high_overlap_easy,0.8203766942024231
high_overlap_easy,0.6582378149032593
high_overlap_easy,0.5385118126869202
high_overlap_easy,0.5716204047203064
high_overlap_easy,0.6420310735702515
high_overlap_easy,0.7932049632072449
high_overlap_easy,0.9007132649421692
high_overlap_easy,0.756268322467804
high_overlap_easy,0.8632950782775879
high_overlap_easy,0.9390502572059631
high_overlap_easy,0.9148702025413513
high_overlap_easy,0.8713122010231018
high_overlap_easy,0.9368253350257874
high_overlap_easy,0.8997887969017029
high_overlap_easy,0.6966177225112915
high_overlap_easy,0.7134570479393005
high_overlap_easy,0.662585437297821
high_overlap_easy,0.6383996605873108
high_overlap_easy,0.7525713443756104
high_overlap_easy,0.6107304692268372
high_overlap_easy,0.525394856929779
high_overlap_easy,0.6149203777313232
high_overlap_easy,0.5715852975845337
high_overlap_easy,0.5170846581459045
high_overlap_easy,0.794083297252655
high_overlap_easy,0.5107126235961914
high_overlap_easy,0.692858874797821
high_overlap_easy,0.7384030818939209
high_overlap_easy,0.7302320599555969
high_overlap_easy,0.5657822489738464
high_overlap_easy,0.6340790390968323
high_overlap_easy,0.7908133864402771
high_overlap_easy,0.6761794090270996
high_overlap_easy,0.8274825215339661
high_overlap_easy,0.6546372175216675
high_overlap_easy,0.537666916847229
high_overlap_easy,0.6409881711006165
high_overlap_easy,0.7968853116035461
high_overlap_easy,0.6657326817512512
high_overlap_easy,0.7058535218238831
high_overlap_easy,0.685741662979126
high_overlap_easy,0.5109967589378357
high_overlap_easy,0.5696111917495728
high_overlap_easy,0.7065293192863464
high_overlap_easy,0.8841220140457153
high_overlap_easy,0.6092111468315125
high_overlap_easy,0.5720763206481934
high_overlap_easy,0.7410357594490051
high_overlap_easy,0.81661057472229
high_overlap_easy,0.7724126577377319
high_overlap_easy,0.817270040512085
high_overlap_easy,0.7591491937637329
high_overlap_easy,0.6192861199378967
high_overlap_easy,0.8949234485626221
high_overlap_easy,0.8586001992225647
high_overlap_easy,0.9442040324211121
high_overlap_easy,0.9653253555297852
high_overlap_easy,0.9151384234428406
high_overlap_easy,0.9511274099349976
high_overlap_easy,0.9141653180122375
high_overlap_easy,0.9257156252861023
high_overlap_easy,0.93324214220047
high_overlap_easy,0.8849655389785767
high_overlap_easy,0.9341855645179749
high_overlap_easy,0.9432203769683838
high_overlap_easy,0.9230350255966187
high_overlap_easy,0.8778368830680847
high_overlap_easy,0.935062050819397
high_overlap_easy,0.9242642521858215
high_overlap_easy,0.9405438899993896
high_overlap_easy,0.9448978900909424
high_overlap_easy,0.898624062538147
high_overlap_easy,0.8764877319335938
high_overlap_easy,0.924114465713501
high_overlap_easy,0.9343414902687073
high_overlap_easy,0.8873439431190491
high_overlap_easy,0.8001472353935242
high_overlap_easy,0.8760504722595215
high_overlap_easy,0.8129653930664062
high_overlap_easy,0.697787880897522
high_overlap_easy,0.9267833232879639
high_overlap_easy,0.9155150651931763
high_overlap_easy,0.8912371397018433
high_overlap_easy,0.9139223098754883
high_overlap_easy,0.9180701971054077
high_overlap_easy,0.8567604422569275
high_overlap_easy,0.8603579998016357
high_overlap_easy,0.8554902672767639
high_overlap_easy,0.9071570038795471
high_overlap_easy,0.9175642728805542
high_overlap_easy,0.8476161360740662
high_overlap_easy,0.8814362287521362
high_overlap_easy,0.9370951056480408
high_overlap_easy,0.8343822956085205
high_overlap_easy,0.7789555788040161
high_overlap_easy,0.9100922346115112
high_overlap_easy,0.8565218448638916
high_overlap_easy,0.8186105489730835
high_overlap_easy,0.917823076248169
high_overlap_easy,0.8448111414909363
high_overlap_easy,0.8940333724021912
high_overlap_easy,0.9211022257804871
high_overlap_easy,0.9357993006706238
high_overlap_easy,0.8891605734825134
high_overlap_easy,0.9103386402130127
high_overlap_easy,0.8144258856773376
high_overlap_easy,0.8913964033126831
high_overlap_easy,0.9161331653594971
high_overlap_easy,0.9166340827941895
high_overlap_easy,0.9258185625076294
high_overlap_easy,0.8576164245605469
high_overlap_easy,0.8761950731277466
high_overlap_easy,0.8317746520042419
high_overlap_easy,0.8448534607887268
high_overlap_easy,0.5172730684280396
high_overlap_easy,0.48341184854507446
high_overlap_easy,0.8818122744560242
high_overlap_easy,0.8983495831489563
high_overlap_easy,0.8715742230415344
high_overlap_easy,0.7971269488334656
high_overlap_easy,0.7194241881370544
high_overlap_easy,0.6986023187637329
high_overlap_easy,0.7429089546203613
high_overlap_easy,0.8702424168586731
high_overlap_easy,0.9262446761131287
high_overlap_easy,0.8052595257759094
high_overlap_easy,0.9184611439704895
high_overlap_easy,0.7892571091651917
high_overlap_easy,0.7757312655448914
high_overlap_easy,0.9091145396232605
high_overlap_easy,0.8481525182723999
high_overlap_easy,0.8650491833686829
high_overlap_easy,0.833202600479126
high_overlap_easy,0.9319257736206055
high_overlap_easy,0.7354524731636047
high_overlap_easy,0.7876855134963989
high_overlap_easy,0.933002769947052
high_overlap_easy,0.9150159358978271
high_overlap_easy,0.8607948422431946
high_overlap_easy,0.8492228984832764
high_overlap_easy,0.8531689643859863
high_overlap_easy,0.57284015417099
high_overlap_easy,0.892023503780365
high_overlap_easy,0.5240541696548462
high_overlap_easy,0.8572491407394409
high_overlap_easy,0.8545330166816711
high_overlap_easy,0.8929219841957092
high_overlap_easy,0.9092172384262085
high_overlap_easy,0.8333832025527954
high_overlap_easy,0.7963637113571167
high_overlap_easy,0.8932188749313354
high_overlap_easy,0.8406842947006226
high_overlap_easy,0.8880257606506348
high_overlap_easy,0.7551772594451904
high_overlap_easy,0.4624595642089844
high_overlap_easy,0.8058758974075317
high_overlap_easy,0.8552207350730896
high_overlap_easy,0.9173229336738586
high_overlap_easy,0.8652377724647522
high_overlap_easy,0.9109342694282532
high_overlap_easy,0.942141056060791
high_overlap_easy,0.9421020746231079
high_overlap_easy,0.8683516383171082
high_overlap_easy,0.7586333751678467
high_overlap_easy,0.7632441520690918
high_overlap_easy,0.8930767774581909
high_overlap_easy,0.7642583250999451
high_overlap_easy,0.8266915678977966
high_overlap_easy,0.868786096572876
high_overlap_easy,0.8793038725852966
high_overlap_easy,0.8895642161369324
high_overlap_easy,0.9080211520195007
high_overlap_easy,0.9465718269348145
high_overlap_easy,0.8853425979614258
high_overlap_easy,0.8779159784317017
high_overlap_easy,0.9141038656234741
high_overlap_easy,0.870969295501709
high_overlap_easy,0.9198122024536133
high_overlap_easy,0.9144222140312195
high_overlap_easy,0.8401282429695129
high_overlap_easy,0.6515821218490601
high_overlap_easy,0.5834750533103943
high_overlap_easy,0.6926752924919128
high_overlap_easy,0.8464323282241821
high_overlap_easy,0.8380481004714966
high_overlap_easy,0.6405377984046936
high_overlap_easy,0.7591912150382996
high_overlap_easy,0.7137176990509033
high_overlap_easy,0.8245865106582642
high_overlap_easy,0.7225731015205383
high_overlap_easy,0.6216022968292236
high_overlap_easy,0.9038974642753601
high_overlap_easy,0.8569440245628357
high_overlap_easy,0.8599482774734497
high_overlap_easy,0.8149275779724121
high_overlap_easy,0.8461641073226929
high_overlap_easy,0.6898265480995178
high_overlap_easy,0.698127269744873
high_overlap_easy,0.8465854525566101
high_overlap_easy,0.8561948537826538
high_overlap_easy,0.8568935394287109
high_overlap_easy,0.9299381971359253
high_overlap_easy,0.8447948694229126
high_overlap_easy,0.7377129793167114
high_overlap_easy,0.8452048301696777
high_overlap_easy,0.8430079817771912
high_overlap_easy,0.883762776851654
high_overlap_easy,0.7212657332420349
high_overlap_easy,0.8691174983978271
high_overlap_easy,0.8798452615737915
high_overlap_easy,0.9022769331932068
high_overlap_easy,0.9273251891136169
high_overlap_easy,0.8481707572937012
high_overlap_easy,0.8256558179855347
high_overlap_easy,0.8449559211730957
high_overlap_easy,0.6126695275306702
high_overlap_easy,0.6230252981185913
high_overlap_easy,0.675704300403595
high_overlap_easy,0.8876486420631409
high_overlap_easy,0.7927943468093872
high_overlap_easy,0.8373674154281616
high_overlap_easy,0.829423189163208
high_overlap_easy,0.8688094615936279
high_overlap_easy,0.6877193450927734
high_overlap_easy,0.8941774964332581
high_overlap_easy,0.9194478988647461
high_overlap_easy,0.6109342575073242
high_overlap_easy,0.7221105098724365
high_overlap_easy,0.9101867079734802
high_overlap_easy,0.6443999409675598
high_overlap_easy,0.5722789168357849
high_overlap_easy,0.8247182369232178
high_overlap_easy,0.9315425157546997
high_overlap_easy,0.8905586004257202
high_overlap_easy,0.7576854825019836
high_overlap_easy,0.9228593707084656
high_overlap_easy,0.9563325047492981
high_overlap_easy,0.8682225346565247
high_overlap_easy,0.8910434246063232
high_overlap_easy,0.72590172290802
high_overlap_easy,0.9128801226615906
high_overlap_easy,0.763413667678833
high_overlap_easy,0.9263650178909302
high_overlap_easy,0.9423746466636658
high_overlap_easy,0.8285528421401978
high_overlap_easy,0.9350156188011169
high_overlap_easy,0.9186843633651733
high_overlap_easy,0.8925812244415283
high_overlap_easy,0.9351046085357666
high_overlap_easy,0.83454430103302
high_overlap_easy,0.9346235394477844
high_overlap_easy,0.8947332501411438
high_overlap_easy,0.9040416479110718
high_overlap_easy,0.7110015153884888
high_overlap_easy,0.8866841793060303
high_overlap_easy,0.8751455545425415
high_overlap_easy,0.6922803521156311
high_overlap_easy,0.8935501575469971
high_overlap_easy,0.8227826356887817
high_overlap_easy,0.9057319760322571
high_overlap_easy,0.8856614232063293
high_overlap_easy,0.7078326344490051
high_overlap_easy,0.723444938659668
high_overlap_easy,0.8666778802871704
high_overlap_easy,0.8608161807060242
high_overlap_easy,0.8106721043586731
high_overlap_easy,0.8547247648239136
high_overlap_easy,0.9140946865081787
high_overlap_easy,0.8698813319206238
high_overlap_easy,0.9062710404396057
high_overlap_easy,0.957353949546814
high_overlap_easy,0.9631484746932983
high_overlap_easy,0.9253016710281372
high_overlap_easy,0.8062894344329834
high_overlap_easy,0.9249501824378967
high_overlap_easy,0.9202859997749329
high_overlap_easy,0.8009101748466492
high_overlap_easy,0.8028120994567871
high_overlap_easy,0.8233787417411804
high_overlap_easy,0.8129163384437561
high_overlap_easy,0.8694435358047485
high_overlap_easy,0.6749958992004395
high_overlap_easy,0.8430779576301575
high_overlap_easy,0.8758301138877869
high_overlap_easy,0.8911533355712891
high_overlap_easy,0.90010666847229
high_overlap_easy,0.8382797837257385
high_overlap_easy,0.9482549428939819
high_overlap_easy,0.9492484331130981
high_overlap_easy,0.932090163230896
high_overlap_easy,0.8957187533378601
high_overlap_easy,0.865781307220459
high_overlap_easy,0.9086562395095825
high_overlap_easy,0.8876875638961792
high_overlap_easy,0.9112364053726196
high_overlap_easy,0.8736900091171265
high_overlap_easy,0.8563216328620911
high_overlap_easy,0.9182610511779785
high_overlap_easy,0.5287872552871704
high_overlap_easy,0.5728765726089478
high_overlap_easy,0.8936398029327393
high_overlap_easy,0.9659611582756042
high_overlap_easy,0.9156472682952881
high_overlap_easy,0.8696893453598022
high_overlap_easy,0.8988852500915527
high_overlap_easy,0.9085059762001038
high_overlap_easy,0.9315081238746643
high_overlap_easy,0.9661164283752441
high_overlap_easy,0.85877925157547
high_overlap_easy,0.9290378093719482
high_overlap_easy,0.7899330854415894
high_overlap_easy,0.9136409759521484
high_overlap_easy,0.8712754249572754
high_overlap_easy,0.966312825679779
high_overlap_easy,0.8997395038604736
high_overlap_easy,0.8484683036804199
high_overlap_easy,0.6691392064094543
high_overlap_easy,0.9491193890571594
high_overlap_easy,0.9529505968093872
high_overlap_easy,0.950433611869812
high_overlap_easy,0.921525239944458
high_overlap_easy,0.9231091737747192
high_overlap_easy,0.9623929858207703
high_overlap_easy,0.9256640672683716
high_overlap_easy,0.9463732242584229
high_overlap_easy,0.9348166584968567
high_overlap_easy,0.9125818014144897
high_overlap_easy,0.6920271515846252
high_overlap_easy,0.9280197620391846
high_overlap_easy,0.9243696331977844
high_overlap_easy,0.9252060055732727
high_overlap_easy,0.9154644012451172
high_overlap_easy,0.8526882529258728
high_overlap_easy,0.8159893155097961
high_overlap_easy,0.7130021452903748
high_overlap_easy,0.8196462392807007
high_overlap_easy,0.7650806307792664
high_overlap_easy,0.7888716459274292
high_overlap_easy,0.7396165728569031
high_overlap_easy,0.607474148273468
high_overlap_easy,0.5970785617828369
high_overlap_easy,0.7206655144691467
high_overlap_easy,0.6418750286102295
high_overlap_easy,0.6856784224510193
high_overlap_easy,0.7462843060493469
high_overlap_easy,0.6779735088348389
high_overlap_easy,0.7367143034934998
high_overlap_easy,0.7008015513420105
high_overlap_easy,0.6650300025939941
high_overlap_easy,0.7867444753646851
high_overlap_easy,0.6074751615524292
high_overlap_easy,0.8914097547531128
high_overlap_easy,0.8319396376609802
high_overlap_easy,0.883108913898468
high_overlap_easy,0.8728691339492798
high_overlap_easy,0.9070239067077637
high_overlap_easy,0.8634949326515198
high_overlap_easy,0.8533526659011841
high_overlap_easy,0.8167625069618225
high_overlap_easy,0.926990807056427
high_overlap_easy,0.9118865728378296
high_overlap_easy,0.8178101778030396
high_overlap_easy,0.7506340742111206
high_overlap_easy,0.9306011199951172
high_overlap_easy,0.8602943420410156
high_overlap_easy,0.9042039513587952
high_overlap_easy,0.9032337665557861
high_overlap_easy,0.752475380897522
high_overlap_easy,0.8941996693611145
high_overlap_easy,0.9140722155570984
high_overlap_easy,0.8463401794433594
high_overlap_easy,0.6319339871406555
high_overlap_easy,0.9201849102973938
high_overlap_easy,0.8137308359146118
high_overlap_easy,0.870964765548706
high_overlap_easy,0.6865668296813965
high_overlap_easy,0.9248124361038208
high_overlap_easy,0.907480776309967
high_overlap_easy,0.9144546985626221
high_overlap_easy,0.8843357563018799
high_overlap_easy,0.8939309120178223
high_overlap_easy,0.8306801319122314
high_overlap_easy,0.909121572971344
high_overlap_easy,0.8526774048805237
high_overlap_easy,0.924126386642456
high_overlap_easy,0.8284969329833984
high_overlap_easy,0.9436153769493103
high_overlap_easy,0.9378648400306702
high_overlap_easy,0.8752445578575134
high_overlap_easy,0.9600629806518555
high_overlap_easy,0.8912696838378906
high_overlap_easy,0.6216022968292236
high_overlap_easy,0.8337759375572205
high_overlap_easy,0.8616231083869934
high_overlap_easy,0.926909327507019
high_overlap_easy,0.8741098642349243
high_overlap_easy,0.939887523651123
high_overlap_easy,0.9111049175262451
high_overlap_easy,0.869248628616333
high_overlap_easy,0.6618067622184753
high_overlap_easy,0.9357622861862183
high_overlap_easy,0.8900387287139893
high_overlap_easy,0.8831446766853333
high_overlap_easy,0.9515804648399353
high_overlap_easy,0.8467555046081543
high_overlap_easy,0.9017674326896667
high_overlap_easy,0.9594451189041138
high_overlap_easy,0.9478919506072998
high_overlap_easy,0.8747938275337219
high_overlap_easy,0.8782241344451904
high_overlap_easy,0.874864935874939
high_overlap_easy,0.9384973645210266
high_overlap_easy,0.8432031273841858
high_overlap_easy,0.858900249004364
high_overlap_easy,0.8954778909683228
high_overlap_easy,0.9046339392662048
high_overlap_easy,0.8868471384048462
high_overlap_easy,0.8661047220230103
high_overlap_easy,0.7987692356109619
high_overlap_easy,0.8998120427131653
high_overlap_easy,0.9109143018722534
high_overlap_easy,0.9504918456077576
high_overlap_easy,0.9409347772598267
high_overlap_easy,0.9228689670562744
high_overlap_easy,0.8759582042694092
high_overlap_easy,0.9441146850585938
high_overlap_easy,0.7499232292175293
high_overlap_easy,0.7757595777511597
high_overlap_easy,0.831626296043396
high_overlap_easy,0.8850495219230652
high_overlap_easy,0.8969873189926147
high_overlap_easy,0.9247502088546753
high_overlap_easy,0.838312029838562
high_overlap_easy,0.8157219290733337
high_overlap_easy,0.8821768760681152
high_overlap_easy,0.8908723592758179
high_overlap_easy,0.7140481472015381
high_overlap_easy,0.7177094221115112
high_overlap_easy,0.8251819014549255
high_overlap_easy,0.8943213820457458
high_overlap_easy,0.9059553146362305
high_overlap_easy,0.9185860753059387
high_overlap_easy,0.8819139003753662
high_overlap_easy,0.8403322100639343
high_overlap_easy,0.9427539706230164
high_overlap_easy,0.8678007125854492
high_overlap_easy,0.9101196527481079
high_overlap_easy,0.9168398976325989
high_overlap_easy,0.9037896394729614
high_overlap_easy,0.837959885597229
high_overlap_easy,0.8299300074577332
high_overlap_easy,0.920941948890686
high_overlap_easy,0.8687615394592285
high_overlap_easy,0.7352935075759888
high_overlap_easy,0.9008291959762573
high_overlap_easy,0.8097524642944336
high_overlap_easy,0.8561539053916931
high_overlap_easy,0.8449087738990784
high_overlap_easy,0.79103684425354
high_overlap_easy,0.9263449311256409
high_overlap_easy,0.8805937767028809
high_overlap_easy,0.8717129230499268
high_overlap_easy,0.8838733434677124
high_overlap_easy,0.8857080936431885
high_overlap_easy,0.5625139474868774
high_overlap_easy,0.7140128016471863
high_overlap_easy,0.8984454274177551
high_overlap_easy,0.909967303276062
high_overlap_easy,0.9222716689109802
high_overlap_easy,0.9655598998069763
high_overlap_easy,0.9606218934059143
high_overlap_easy,0.7964158654212952
high_overlap_easy,0.8477222919464111
high_overlap_easy,0.8675756454467773
high_overlap_easy,0.7683027386665344
high_overlap_easy,0.952608048915863
high_overlap_easy,0.9640275239944458
high_overlap_easy,0.9579213261604309
high_overlap_easy,0.8160650730133057
high_overlap_easy,0.9657719731330872
high_overlap_easy,0.9696984887123108
high_overlap_easy,0.8826276659965515
high_overlap_easy,0.7957731485366821
high_overlap_easy,0.8398036360740662
high_overlap_easy,0.873932957649231
high_overlap_easy,0.7027047872543335
high_overlap_easy,0.7485119700431824
high_overlap_easy,0.7842454314231873
high_overlap_easy,0.5058989524841309
high_overlap_easy,0.9015369415283203
high_overlap_easy,0.9488624930381775
high_overlap_easy,0.9406501054763794
high_overlap_easy,0.955917239189148
high_overlap_easy,0.9528558254241943
high_overlap_easy,0.9143557548522949
high_overlap_easy,0.9365411996841431
high_overlap_easy,0.8492050170898438
high_overlap_easy,0.9510987997055054
high_overlap_easy,0.9296521544456482
high_overlap_easy,0.8866126537322998
high_overlap_easy,0.7981704473495483
high_overlap_easy,0.8546202778816223
high_overlap_easy,0.9025515913963318
high_overlap_easy,0.9363986849784851
high_overlap_easy,0.9485450387001038
high_overlap_easy,0.9146445989608765
high_overlap_easy,0.9431211352348328
high_overlap_easy,0.9005886912345886
high_overlap_easy,0.8154101967811584
high_overlap_easy,0.922721266746521
high_overlap_easy,0.8322479724884033
high_overlap_easy,0.9183992147445679
high_overlap_easy,0.9046619534492493
high_overlap_easy,0.9304691553115845
high_overlap_easy,0.8768538236618042
high_overlap_easy,0.8864791989326477
high_overlap_easy,0.9546551704406738
high_overlap_easy,0.8842228651046753
high_overlap_easy,0.7791920900344849
high_overlap_easy,0.9017597436904907
high_overlap_easy,0.921988308429718
high_overlap_easy,0.8670290112495422
high_overlap_easy,0.8997443318367004
high_overlap_easy,0.9529727697372437
high_overlap_easy,0.9392523765563965
high_overlap_easy,0.696389377117157
high_overlap_easy,0.6896239519119263
high_overlap_easy,0.8384782075881958
high_overlap_easy,0.7451027631759644
high_overlap_easy,0.8622411489486694
high_overlap_easy,0.8506779670715332
high_overlap_easy,0.7570706009864807
high_overlap_easy,0.8872551321983337
high_overlap_easy,0.8566423058509827
high_overlap_easy,0.8593801259994507
high_overlap_easy,0.9198649525642395
high_overlap_easy,0.9262861013412476
high_overlap_easy,0.8585880398750305
high_overlap_easy,0.6895520687103271
high_overlap_easy,0.775964617729187
high_overlap_easy,0.7765957117080688
high_overlap_easy,0.8793976306915283
high_overlap_easy,0.8830957412719727
high_overlap_easy,0.5418840646743774
high_overlap_easy,0.7363656759262085
high_overlap_easy,0.9386038184165955
high_overlap_easy,0.8921891450881958
high_overlap_easy,0.8485185503959656
high_overlap_easy,0.8716056942939758
high_overlap_easy,0.515561580657959
high_overlap_easy,0.8970596194267273
high_overlap_easy,0.8876115083694458
high_overlap_easy,0.9042177200317383
high_overlap_easy,0.8606412410736084
high_overlap_easy,0.8286181092262268
high_overlap_easy,0.8940518498420715
high_overlap_easy,0.9127240777015686
high_overlap_easy,0.861190140247345
high_overlap_easy,0.6702017188072205
high_overlap_easy,0.8791017532348633
high_overlap_easy,0.8256508708000183
high_overlap_easy,0.8489059805870056
high_overlap_easy,0.9716585278511047
high_overlap_easy,0.7844855189323425
high_overlap_easy,0.8464949131011963
high_overlap_easy,0.9332166314125061
high_overlap_easy,0.909771203994751
high_overlap_easy,0.93373042345047
high_overlap_easy,0.8754608631134033
high_overlap_easy,0.9542667269706726
high_overlap_easy,0.9093876481056213
high_overlap_easy,0.8043439984321594
high_overlap_easy,0.8208856582641602
high_overlap_easy,0.8419861197471619
high_overlap_easy,0.8583195805549622
high_overlap_easy,0.9363563060760498
high_overlap_easy,0.9007617235183716
high_overlap_easy,0.9188251495361328
high_overlap_easy,0.9614274501800537
high_overlap_easy,0.9171743392944336
high_overlap_easy,0.8593273162841797
high_overlap_easy,0.8087893724441528
high_overlap_easy,0.9368314743041992
high_overlap_easy,0.8603301644325256
high_overlap_easy,0.901745080947876
high_overlap_easy,0.8810813426971436
high_overlap_easy,0.9136524796485901
high_overlap_easy,0.9306996464729309
high_overlap_easy,0.8991783261299133
high_overlap_easy,0.776856541633606
high_overlap_easy,0.8583918809890747
high_overlap_easy,0.8961842060089111
high_overlap_easy,0.8507070541381836
high_overlap_easy,0.9025034308433533
high_overlap_easy,0.8302143812179565
high_overlap_easy,0.9209880828857422
high_overlap_easy,0.9024739861488342
high_overlap_easy,0.8980879187583923
high_overlap_easy,0.9030234813690186
high_overlap_easy,0.8642392754554749
high_overlap_easy,0.9543778896331787
high_overlap_easy,0.8836975693702698
high_overlap_easy,0.935389518737793
high_overlap_easy,0.9560649394989014
high_overlap_easy,0.8951243758201599
high_overlap_easy,0.8962481617927551
high_overlap_easy,0.9143007397651672
high_overlap_easy,0.9036977887153625
high_overlap_easy,0.8870378136634827
high_overlap_easy,0.9156830906867981
high_overlap_easy,0.8838605880737305
high_overlap_easy,0.8248075246810913
high_overlap_easy,0.7481479644775391
high_overlap_easy,0.9590061902999878
high_overlap_easy,0.730635941028595
high_overlap_easy,0.8960130214691162
high_overlap_easy,0.9218815565109253
high_overlap_easy,0.908673882484436
high_overlap_easy,0.8767135143280029
high_overlap_easy,0.8853759765625
high_overlap_easy,0.9252291321754456
high_overlap_easy,0.8825808763504028
high_overlap_easy,0.903117299079895
high_overlap_easy,0.8681464195251465
high_overlap_easy,0.891379177570343
high_overlap_easy,0.6022596955299377
high_overlap_easy,0.8872901201248169
high_overlap_easy,0.9155653715133667
high_overlap_easy,0.8437258005142212
high_overlap_easy,0.897038996219635
high_overlap_easy,0.819844663143158
high_overlap_easy,0.8623328804969788
high_overlap_easy,0.8687381744384766
high_overlap_easy,0.9138273000717163
high_overlap_easy,0.8699011206626892
high_overlap_easy,0.9449899792671204
high_overlap_easy,0.8343095183372498
high_overlap_easy,0.8359611630439758
high_overlap_easy,0.9062857031822205
high_overlap_easy,0.7812027931213379
high_overlap_easy,0.9056766033172607
high_overlap_easy,0.6921714544296265
high_overlap_easy,0.9397115111351013
high_overlap_easy,0.9325899481773376
high_overlap_easy,0.9263370633125305
high_overlap_easy,0.6468642950057983
high_overlap_easy,0.9438127875328064
high_overlap_easy,0.9060018062591553
high_overlap_easy,0.966500997543335
high_overlap_easy,0.9445325136184692
high_overlap_easy,0.9476032257080078
high_overlap_easy,0.7591912150382996
high_overlap_easy,0.8141889572143555
high_overlap_easy,0.9228615164756775
high_overlap_easy,0.9385449886322021
high_overlap_easy,0.929175853729248
high_overlap_easy,0.7962202429771423
high_overlap_easy,0.9396260380744934
high_overlap_easy,0.9272868633270264
high_overlap_easy,0.9386134743690491
high_overlap_easy,0.8661192059516907
high_overlap_easy,0.849546492099762
high_overlap_easy,0.7826578617095947
high_overlap_easy,0.8691179752349854
high_overlap_easy,0.9142891764640808
high_overlap_easy,0.9049948453903198
high_overlap_easy,0.7877838611602783
high_overlap_easy,0.9181534051895142
high_overlap_easy,0.932225227355957
high_overlap_easy,0.8196605443954468
high_overlap_easy,0.6551819443702698
high_overlap_easy,0.9439089298248291
high_overlap_easy,0.8594732284545898
high_overlap_easy,0.8651376366615295
high_overlap_easy,0.5745670795440674
high_overlap_easy,0.9426529407501221
high_overlap_easy,0.9370471835136414
high_overlap_easy,0.9216538071632385
high_overlap_easy,0.9088464379310608
high_overlap_easy,0.9360952973365784
high_overlap_easy,0.9054581522941589
high_overlap_easy,0.659949779510498
high_overlap_easy,0.7402779459953308
high_overlap_easy,0.7096790671348572
high_overlap_easy,0.7099863290786743
high_overlap_easy,0.9169872999191284
high_overlap_easy,0.9368797540664673
high_overlap_easy,0.8418898582458496
high_overlap_easy,0.6425406336784363
high_overlap_easy,0.8834353685379028
high_overlap_easy,0.9386159181594849
high_overlap_easy,0.8972771763801575
high_overlap_easy,0.8885273337364197
high_overlap_easy,0.887988269329071
high_overlap_easy,0.6265552639961243
high_overlap_easy,0.8892621994018555
high_overlap_easy,0.9094557166099548
high_overlap_easy,0.8552719354629517
high_overlap_easy,0.8923118114471436
high_overlap_easy,0.8867785930633545
high_overlap_easy,0.8284353613853455
high_overlap_easy,0.9478602409362793
high_overlap_easy,0.8998621106147766
high_overlap_easy,0.944463312625885
high_overlap_easy,0.9184344410896301
high_overlap_easy,0.8867722153663635
high_overlap_easy,0.7576408982276917
high_overlap_easy,0.8848106861114502
high_overlap_easy,0.9071096181869507
high_overlap_easy,0.9542631506919861
high_overlap_easy,0.9357581734657288
high_overlap_easy,0.9241350293159485
high_overlap_easy,0.9287339448928833
high_overlap_easy,0.888351559638977
high_overlap_easy,0.8720552921295166
high_overlap_easy,0.8671924471855164
high_overlap_easy,0.5603392124176025
high_overlap_easy,0.5522663593292236
high_overlap_easy,0.8635575771331787
high_overlap_easy,0.838467538356781
high_overlap_easy,0.6480283141136169
high_overlap_easy,0.7851516008377075
high_overlap_easy,0.8406121134757996
high_overlap_easy,0.6419984698295593
high_overlap_easy,0.9582383036613464
high_overlap_easy,0.9535067081451416
high_overlap_easy,0.946074366569519
high_overlap_easy,0.9278225302696228
high_overlap_easy,0.8770840167999268
high_overlap_easy,0.9515315890312195
high_overlap_easy,0.645922064781189
high_overlap_easy,0.9097806215286255
high_overlap_easy,0.897345244884491
high_overlap_easy,0.8358427882194519
high_overlap_easy,0.880172073841095
high_overlap_easy,0.7778167128562927
high_overlap_easy,0.9272336363792419
high_overlap_easy,0.9196259379386902
high_overlap_easy,0.8411343097686768
high_overlap_easy,0.7943958044052124
high_overlap_easy,0.8231403827667236
high_overlap_easy,0.8803498148918152
high_overlap_easy,0.9331555366516113
high_overlap_easy,0.9264613389968872
high_overlap_easy,0.9326798915863037
high_overlap_easy,0.7477588653564453
high_overlap_easy,0.9249691367149353
high_overlap_easy,0.9480149149894714
high_overlap_easy,0.8079223036766052
high_overlap_easy,0.8682586550712585
high_overlap_easy,0.9355924725532532
high_overlap_easy,0.9347996115684509
high_overlap_easy,0.8365062475204468
high_overlap_easy,0.8718030452728271
high_overlap_easy,0.9030768275260925
high_overlap_easy,0.9075191020965576
high_overlap_easy,0.9304625391960144
high_overlap_easy,0.7821707725524902
high_overlap_easy,0.7831162214279175
high_overlap_easy,0.7603340744972229
high_overlap_easy,0.7818065881729126
high_overlap_easy,0.9013425707817078
high_overlap_easy,0.8158162236213684
high_overlap_easy,0.8083082437515259
high_overlap_easy,0.6041697263717651
high_overlap_easy,0.7947397828102112
high_overlap_easy,0.941569983959198
high_overlap_easy,0.8784341812133789
high_overlap_easy,0.8396459817886353
high_overlap_easy,0.9459301829338074
high_overlap_easy,0.9602338075637817
high_overlap_easy,0.9333090782165527
high_overlap_easy,0.9348787665367126
high_overlap_easy,0.9580301642417908
high_overlap_easy,0.8976007699966431
high_overlap_easy,0.8592429757118225
high_overlap_easy,0.8606793880462646
high_overlap_easy,0.6506566405296326
high_overlap_easy,0.9295361638069153
high_overlap_easy,0.941098153591156
high_overlap_easy,0.9456322193145752
high_overlap_easy,0.8883417248725891
high_overlap_easy,0.9253610372543335
high_overlap_easy,0.9384621977806091
high_overlap_easy,0.9451476335525513
high_overlap_easy,0.9367903470993042
high_overlap_easy,0.9487245082855225
high_overlap_easy,0.9000033736228943
high_overlap_easy,0.9155310988426208
high_overlap_easy,0.9536635279655457
high_overlap_easy,0.837957501411438
high_overlap_easy,0.7719329595565796
high_overlap_easy,0.8989893198013306
high_overlap_easy,0.8674338459968567
high_overlap_easy,0.9372848272323608
high_overlap_easy,0.8573305606842041
high_overlap_easy,0.9480676651000977
high_overlap_easy,0.8868615627288818
high_overlap_easy,0.8949876427650452
high_overlap_easy,0.8752046823501587
high_overlap_easy,0.906845211982727
high_overlap_easy,0.8838443756103516
high_overlap_easy,0.8733170032501221
high_overlap_easy,0.9305528402328491
high_overlap_easy,0.8923213481903076
high_overlap_easy,0.920682966709137
high_overlap_easy,0.5554413795471191
high_overlap_easy,0.8486266136169434
high_overlap_easy,0.7263134717941284
high_overlap_easy,0.6958841681480408
high_overlap_easy,0.6906272768974304
high_overlap_easy,0.46171173453330994
high_overlap_easy,0.8294471502304077
high_overlap_easy,0.8063675165176392
high_overlap_easy,0.7417300939559937
high_overlap_easy,0.8559866547584534
high_overlap_easy,0.939888060092926
high_overlap_easy,0.9757353067398071
high_overlap_easy,0.9665268659591675
high_overlap_easy,0.9435220956802368
high_overlap_easy,0.9459546208381653
high_overlap_easy,0.8149654865264893
high_overlap_easy,0.8196837902069092
high_overlap_easy,0.8918014168739319
high_overlap_easy,0.887360155582428
high_overlap_easy,0.8703590631484985
high_overlap_easy,0.8428012132644653
high_overlap_easy,0.815899133682251
high_overlap_easy,0.8792701363563538
high_overlap_easy,0.6757743954658508
high_overlap_easy,0.9226911067962646
high_overlap_easy,0.9124265313148499
high_overlap_easy,0.8865064382553101
high_overlap_easy,0.9341462850570679
high_overlap_easy,0.8488004207611084
high_overlap_easy,0.9392484426498413
high_overlap_easy,0.9363263845443726
high_overlap_easy,0.9672129154205322
high_overlap_easy,0.8784697651863098
high_overlap_easy,0.920183002948761
high_overlap_easy,0.6010764837265015
high_overlap_easy,0.6477228403091431
high_overlap_easy,0.9237754344940186
high_overlap_easy,0.8303634524345398
high_overlap_easy,0.834262490272522
high_overlap_easy,0.7169173955917358
high_overlap_easy,0.6429132223129272
high_overlap_easy,0.915148138999939
high_overlap_easy,0.531106173992157
high_overlap_easy,0.6045669317245483
high_overlap_easy,0.7090261578559875
high_overlap_easy,0.9473202228546143
high_overlap_easy,0.7058035135269165
high_overlap_easy,0.798957347869873
high_overlap_easy,0.9075037240982056
high_overlap_easy,0.6402600407600403
high_overlap_easy,0.905987024307251
high_overlap_easy,0.846713125705719
high_overlap_easy,0.8632581830024719
high_overlap_easy,0.72931307554245
high_overlap_easy,0.8590137362480164
high_overlap_easy,0.8827190399169922
high_overlap_easy,0.5055161714553833
high_overlap_easy,0.9004656672477722
high_overlap_easy,0.8549422025680542
high_overlap_easy,0.7722193002700806
high_overlap_easy,0.9291766881942749
high_overlap_easy,0.7798863649368286
high_overlap_easy,0.9014642238616943
high_overlap_easy,0.7772265672683716
high_overlap_easy,0.8593405485153198
high_overlap_easy,0.9302579760551453
high_overlap_easy,0.9648851156234741
high_overlap_easy,0.9181095361709595
high_overlap_easy,0.8990274667739868
high_overlap_easy,0.6885121464729309
high_overlap_easy,0.9419089555740356
high_overlap_easy,0.9347952008247375
high_overlap_easy,0.885045051574707
high_overlap_easy,0.9419233202934265
high_overlap_easy,0.9460632801055908
high_overlap_easy,0.8961714506149292
high_overlap_easy,0.8978534936904907
high_overlap_easy,0.6030733585357666
high_overlap_easy,0.8020510077476501
high_overlap_easy,0.8823244571685791
high_overlap_easy,0.8907397985458374
high_overlap_easy,0.9313586950302124
high_overlap_easy,0.9195871353149414
high_overlap_easy,0.5814815759658813
high_overlap_easy,0.9702147245407104
high_overlap_easy,0.9316854476928711
high_overlap_easy,0.8989065289497375
high_overlap_easy,0.694542646408081
high_overlap_easy,0.9298081994056702
high_overlap_easy,0.7886902093887329
high_overlap_easy,0.9026188850402832
high_overlap_easy,0.9526578783988953
high_overlap_easy,0.7591912150382996
high_overlap_easy,0.9350643157958984
high_overlap_easy,0.9568699598312378
high_overlap_easy,0.8405749201774597
high_overlap_easy,0.9276188015937805
high_overlap_easy,0.863993763923645
high_overlap_easy,0.8857904672622681
high_overlap_easy,0.622994601726532
high_overlap_easy,0.8244786262512207
high_overlap_easy,0.8832458853721619
high_overlap_easy,0.63359534740448
high_overlap_easy,0.9216016530990601
high_overlap_easy,0.9630782008171082
high_overlap_easy,0.9570161700248718
high_overlap_easy,0.8580359816551208
high_overlap_easy,0.8080365657806396
high_overlap_easy,0.9352993965148926
high_overlap_easy,0.9347801804542542
high_overlap_easy,0.9104403257369995
high_overlap_easy,0.9430664777755737
high_overlap_easy,0.9408125877380371
high_overlap_easy,0.9136279225349426
high_overlap_easy,0.9226506352424622
high_overlap_easy,0.867051362991333
high_overlap_easy,0.8945876359939575
high_overlap_easy,0.9328464269638062
high_overlap_easy,0.8828769326210022
high_overlap_easy,0.8794072866439819
high_overlap_easy,0.8649383783340454
high_overlap_easy,0.9400811791419983
high_overlap_easy,0.8934458494186401
high_overlap_easy,0.93321692943573
high_overlap_easy,0.8412262201309204
high_overlap_easy,0.9072391986846924
high_overlap_easy,0.9414181113243103
high_overlap_easy,0.9119601249694824
high_overlap_easy,0.9151316285133362
high_overlap_easy,0.9043753147125244
high_overlap_easy,0.9440659880638123
high_overlap_easy,0.917633593082428
high_overlap_easy,0.9612942337989807
high_overlap_easy,0.8594062924385071
high_overlap_easy,0.8843815922737122
high_overlap_easy,0.9508420825004578
high_overlap_easy,0.9225225448608398
high_overlap_easy,0.912416934967041
high_overlap_easy,0.8674482703208923
high_overlap_easy,0.9234520792961121
high_overlap_easy,0.769972026348114
high_overlap_easy,0.9222453832626343
high_overlap_easy,0.9077723622322083
high_overlap_easy,0.8319451212882996
high_overlap_easy,0.7890722751617432
high_overlap_easy,0.7756952047348022
high_overlap_easy,0.7903009653091431
high_overlap_easy,0.9500302076339722
high_overlap_easy,0.9604814648628235
high_overlap_easy,0.6167998909950256
high_overlap_easy,0.6194286346435547
high_overlap_easy,0.9230381846427917
high_overlap_easy,0.8038557171821594
high_overlap_easy,0.9439703226089478
high_overlap_easy,0.9259172677993774
high_overlap_easy,0.9394540786743164
high_overlap_easy,0.9377584457397461
high_overlap_easy,0.9348676204681396
high_overlap_easy,0.7925201654434204
high_overlap_easy,0.8690150380134583
high_overlap_easy,0.8354567289352417
high_overlap_easy,0.8086990118026733
high_overlap_easy,0.8713747262954712
high_overlap_easy,0.7089288830757141
high_overlap_easy,0.8966480493545532
high_overlap_easy,0.8546125888824463
high_overlap_easy,0.6643209457397461
high_overlap_easy,0.9428164958953857
high_overlap_easy,0.6804919242858887
high_overlap_easy,0.752113938331604
high_overlap_easy,0.7443645000457764
high_overlap_easy,0.7441105842590332
high_overlap_easy,0.7432441711425781
high_overlap_easy,0.6544443368911743
high_overlap_easy,0.7086681127548218
high_overlap_easy,0.6774189472198486
high_overlap_easy,0.8551986813545227
high_overlap_easy,0.8202896118164062
high_overlap_easy,0.7220659255981445
high_overlap_easy,0.8679912090301514
high_overlap_easy,0.7998188734054565
high_overlap_easy,0.8747187256813049
high_overlap_easy,0.8408417701721191
high_overlap_easy,0.6395922303199768
high_overlap_easy,0.8694581985473633
high_overlap_easy,0.7894888520240784
high_overlap_easy,0.8167858123779297
high_overlap_easy,0.8348201513290405
high_overlap_easy,0.7853009700775146
high_overlap_easy,0.8084158301353455
high_overlap_easy,0.7175531983375549
high_overlap_easy,0.6500055193901062
high_overlap_easy,0.9191960692405701
high_overlap_easy,0.7201732397079468
high_overlap_easy,0.7125685811042786
high_overlap_easy,0.7066124081611633
high_overlap_easy,0.6440594792366028
high_overlap_easy,0.6567530035972595
high_overlap_easy,0.6003770232200623
high_overlap_easy,0.8076465725898743
high_overlap_easy,0.49523037672042847
high_overlap_easy,0.8997887969017029
high_overlap_easy,0.9368253350257874
high_overlap_easy,0.8713122010231018
high_overlap_easy,0.8458501100540161
high_overlap_easy,0.7127441763877869
high_overlap_easy,0.6103946566581726
high_overlap_easy,0.9136232137680054
high_overlap_easy,0.5710494518280029
high_overlap_easy,0.60642409324646
high_overlap_easy,0.8047646284103394
high_overlap_easy,0.7842539548873901
high_overlap_easy,0.6827304363250732
high_overlap_easy,0.7688195109367371
high_overlap_easy,0.6568569540977478
high_overlap_easy,0.6469253897666931
high_overlap_easy,0.6516902446746826
high_overlap_easy,0.943870484828949
high_overlap_easy,0.9208996295928955
high_overlap_easy,0.9238625168800354
high_overlap_easy,0.9320946931838989
high_overlap_easy,0.9709520936012268
high_overlap_easy,0.9560526013374329
high_overlap_easy,0.9574391841888428
high_overlap_easy,0.9389146566390991
high_overlap_easy,0.9572470188140869
high_overlap_easy,0.9559500813484192
high_overlap_easy,0.9644174575805664
high_overlap_easy,0.9115505218505859
high_overlap_easy,0.9390558004379272
high_overlap_easy,0.9003770351409912
high_overlap_easy,0.900165319442749
high_overlap_easy,0.8393452167510986
high_overlap_easy,0.8995007872581482
high_overlap_easy,0.8489437103271484
high_overlap_easy,0.5628418326377869
high_overlap_easy,0.6186264753341675
high_overlap_easy,0.7078274488449097
high_overlap_easy,0.8471499681472778
high_overlap_easy,0.8659299612045288
high_overlap_easy,0.7220903038978577
high_overlap_easy,0.7654134035110474
high_overlap_easy,0.4807735085487366
high_overlap_easy,0.7236378192901611
high_overlap_easy,0.6810429692268372
high_overlap_easy,0.8980305194854736
high_overlap_easy,0.672572910785675
high_overlap_easy,0.622066080570221
high_overlap_easy,0.7508377432823181
high_overlap_easy,0.7449631690979004
high_overlap_easy,0.8486239314079285
high_overlap_easy,0.895318865776062
high_overlap_easy,0.7954457402229309
high_overlap_easy,0.7103397250175476
high_overlap_easy,0.832665205001831
high_overlap_easy,0.7511751055717468
high_overlap_easy,0.8435401320457458
high_overlap_easy,0.7177348136901855
high_overlap_easy,0.7375044226646423
high_overlap_easy,0.7446279525756836
high_overlap_easy,0.6641650795936584
high_overlap_easy,0.6871381998062134
high_overlap_easy,0.7297248840332031
high_overlap_easy,0.8147603273391724
high_overlap_easy,0.5684269666671753
high_overlap_easy,0.8745829463005066
high_overlap_easy,0.6564245820045471
high_overlap_easy,0.7543420195579529
high_overlap_easy,0.5572571158409119
high_overlap_easy,0.6807527542114258
high_overlap_easy,0.7836410403251648
high_overlap_easy,0.4477517306804657
high_overlap_easy,0.6697813868522644
high_overlap_easy,0.7943457365036011
high_overlap_easy,0.44135424494743347
high_overlap_easy,0.8156546354293823
high_overlap_easy,0.8514845371246338
high_overlap_easy,0.540372908115387
high_overlap_easy,0.47836822271347046
high_overlap_easy,0.5370731353759766
high_overlap_easy,0.5849583148956299
high_overlap_easy,0.46476760506629944
high_overlap_easy,0.5924322605133057
high_overlap_easy,0.5203748345375061
high_overlap_easy,0.8103775382041931
high_overlap_easy,0.42983266711235046
high_overlap_easy,0.6977431178092957
high_overlap_easy,0.7216851115226746
high_overlap_easy,0.7696161270141602
high_overlap_easy,0.7790371179580688
high_overlap_easy,0.8437243700027466
high_overlap_easy,0.8571915030479431
high_overlap_easy,0.8223335146903992
high_overlap_easy,0.48112568259239197
high_overlap_easy,0.529186487197876
high_overlap_easy,0.6856701374053955
high_overlap_easy,0.5540611743927002
high_overlap_easy,0.6669175624847412
high_overlap_easy,0.5648245215415955
high_overlap_easy,0.7225869297981262
high_overlap_easy,0.5187552571296692
high_overlap_easy,0.5519687533378601
high_overlap_easy,0.49461662769317627
high_overlap_easy,0.8260408043861389
high_overlap_easy,0.7771990895271301
high_overlap_easy,0.6782729625701904
high_overlap_easy,0.7106763124465942
high_overlap_easy,0.7073202133178711
high_overlap_easy,0.716561496257782
high_overlap_easy,0.5351421236991882
high_overlap_easy,0.5660756826400757
high_overlap_easy,0.6837111115455627
high_overlap_easy,0.7004444599151611
high_overlap_easy,0.712826132774353
high_overlap_easy,0.7082085609436035
high_overlap_easy,0.46405303478240967
high_overlap_easy,0.7655165195465088
high_overlap_easy,0.6831044554710388
high_overlap_easy,0.7228492498397827
high_overlap_easy,0.7397407293319702
high_overlap_easy,0.6802205443382263
high_overlap_easy,0.8817666172981262
high_overlap_easy,0.8131831884384155
high_overlap_easy,0.7504216432571411
high_overlap_easy,0.6761994361877441
high_overlap_easy,0.7508957386016846
high_overlap_easy,0.8079726099967957
high_overlap_easy,0.6664831638336182
high_overlap_easy,0.7167183756828308
high_overlap_easy,0.7464233040809631
high_overlap_easy,0.8011007308959961
high_overlap_easy,0.7218968868255615
high_overlap_easy,0.8013471364974976
high_overlap_easy,0.7172344326972961
high_overlap_easy,0.8013162612915039
high_overlap_easy,0.753108024597168
high_overlap_easy,0.7881758213043213
high_overlap_easy,0.6765831708908081
high_overlap_easy,0.8101529479026794
high_overlap_easy,0.7669923305511475
high_overlap_easy,0.7262933254241943
high_overlap_easy,0.7419136166572571
high_overlap_easy,0.7649674415588379
high_overlap_easy,0.6117226481437683
high_overlap_easy,0.6713843941688538
high_overlap_easy,0.691474974155426
high_overlap_easy,0.6288048624992371
high_overlap_easy,0.6780214309692383
high_overlap_easy,0.6341230869293213
high_overlap_easy,0.5789473652839661
high_overlap_easy,0.7695749402046204
high_overlap_easy,0.7740790843963623
high_overlap_easy,0.7191245555877686
high_overlap_easy,0.785100519657135
high_overlap_easy,0.7337460517883301
high_overlap_easy,0.8118560910224915
high_overlap_easy,0.5557133555412292
high_overlap_easy,0.5357202291488647
high_overlap_easy,0.5703884363174438
high_overlap_easy,0.7837499380111694
high_overlap_easy,0.8782618045806885
high_overlap_easy,0.8495519757270813
high_overlap_easy,0.7626364827156067
high_overlap_easy,0.803834080696106
high_overlap_easy,0.8168576955795288
high_overlap_easy,0.8695924878120422
high_overlap_easy,0.813710629940033
high_overlap_easy,0.8998898267745972
high_overlap_easy,0.7285117506980896
high_overlap_easy,0.6418259143829346
high_overlap_easy,0.5592057704925537
high_overlap_easy,0.8911524415016174
high_overlap_easy,0.7922515273094177
high_overlap_easy,0.7208220362663269
high_overlap_easy,0.5232018828392029
high_overlap_easy,0.6969694495201111
high_overlap_easy,0.7089345455169678
high_overlap_easy,0.6823534965515137
high_overlap_easy,0.6309391260147095
high_overlap_easy,0.8450909852981567
high_overlap_easy,0.8478649854660034
high_overlap_easy,0.776574432849884
high_overlap_easy,0.8644619584083557
high_overlap_easy,0.9034854769706726
high_overlap_easy,0.6372125148773193
high_overlap_easy,0.642565131187439
high_overlap_easy,0.6483636498451233
high_overlap_easy,0.8209735751152039
high_overlap_easy,0.7090362906455994
high_overlap_easy,0.8416390419006348
high_overlap_easy,0.7534404993057251
high_overlap_easy,0.840483546257019
high_overlap_easy,0.838337242603302
high_overlap_easy,0.7548717856407166
high_overlap_easy,0.6098581552505493
high_overlap_easy,0.7113230228424072
high_overlap_easy,0.8320066332817078
high_overlap_easy,0.8680233359336853
high_overlap_easy,0.7545300126075745
high_overlap_easy,0.8583037853240967
high_overlap_easy,0.801501989364624
high_overlap_easy,0.6485483050346375
high_overlap_easy,0.8423427939414978
high_overlap_easy,0.6619554162025452
high_overlap_easy,0.7934054732322693
high_overlap_easy,0.8317511677742004
high_overlap_easy,0.8943551778793335
high_overlap_easy,0.8004679679870605
high_overlap_easy,0.7642741799354553
high_overlap_easy,0.7787321209907532
high_overlap_easy,0.8422765135765076
high_overlap_easy,0.710141122341156
high_overlap_easy,0.7016561627388
high_overlap_easy,0.8064221739768982
high_overlap_easy,0.650102972984314
high_overlap_easy,0.6551772952079773
high_overlap_easy,0.6425365805625916
high_overlap_easy,0.7736951112747192
high_overlap_easy,0.8348560333251953
high_overlap_easy,0.5715969800949097
high_overlap_easy,0.5671883225440979
high_overlap_easy,0.8431077003479004
high_overlap_easy,0.8200472593307495
high_overlap_easy,0.7764747142791748
high_overlap_easy,0.754022479057312
high_overlap_easy,0.7726272344589233
high_overlap_easy,0.5708420872688293
high_overlap_easy,0.777461051940918
high_overlap_easy,0.6966252326965332
high_overlap_easy,0.7903393507003784
high_overlap_easy,0.8120638728141785
high_overlap_easy,0.8553406596183777
high_overlap_easy,0.7907981276512146
high_overlap_easy,0.7085759043693542
high_overlap_easy,0.8000019788742065
high_overlap_easy,0.7805497050285339
high_overlap_easy,0.7589775919914246
high_overlap_easy,0.6472102999687195
high_overlap_easy,0.7212567925453186
high_overlap_easy,0.7091652750968933
high_overlap_easy,0.6795473098754883
high_overlap_easy,0.7302426695823669
high_overlap_easy,0.6385430097579956
high_overlap_easy,0.6254798769950867
high_overlap_easy,0.9155827760696411
high_overlap_easy,0.8011245727539062
high_overlap_easy,0.8012303113937378
high_overlap_easy,0.7795809507369995
high_overlap_easy,0.8117916584014893
high_overlap_easy,0.8297696113586426
high_overlap_easy,0.8080663681030273
high_overlap_easy,0.6087328195571899
high_overlap_easy,0.8859512209892273
high_overlap_easy,0.8013020753860474
high_overlap_easy,0.5916529297828674
high_overlap_easy,0.7476273775100708
high_overlap_easy,0.6748780608177185
high_overlap_easy,0.6437044739723206
high_overlap_easy,0.7608343362808228
high_overlap_easy,0.6698755621910095
high_overlap_easy,0.9210391044616699
high_overlap_easy,0.548424243927002
high_overlap_easy,0.8266606330871582
high_overlap_easy,0.6241908073425293
high_overlap_easy,0.8056749105453491
high_overlap_easy,0.8643130660057068
high_overlap_easy,0.5491735935211182
high_overlap_easy,0.671506941318512
high_overlap_easy,0.6143048405647278
high_overlap_easy,0.9097834229469299
high_overlap_easy,0.8439900279045105
high_overlap_easy,0.7730625867843628
high_overlap_easy,0.6925190091133118
high_overlap_easy,0.7851516008377075
high_overlap_easy,0.7506703734397888
high_overlap_easy,0.6430463790893555
high_overlap_easy,0.7007351517677307
high_overlap_easy,0.7202498912811279
high_overlap_easy,0.58670574426651
high_overlap_easy,0.7663286328315735
high_overlap_easy,0.48984280228614807
high_overlap_easy,0.7791516184806824
high_overlap_easy,0.6361691355705261
high_overlap_easy,0.682556688785553
high_overlap_easy,0.7773913741111755
high_overlap_easy,0.8589600324630737
high_overlap_easy,0.7928425669670105
high_overlap_easy,0.8658086657524109
high_overlap_easy,0.7133815884590149
high_overlap_easy,0.7391783595085144
high_overlap_easy,0.7943965196609497
high_overlap_easy,0.7465500235557556
high_overlap_easy,0.8412426710128784
high_overlap_easy,0.8583037257194519
high_overlap_easy,0.7927436828613281
high_overlap_easy,0.6939414739608765
high_overlap_easy,0.7305373549461365
high_overlap_easy,0.7662849426269531
high_overlap_easy,0.8047596216201782
high_overlap_easy,0.7901139855384827
high_overlap_easy,0.7232887148857117
high_overlap_easy,0.6961889266967773
high_overlap_easy,0.7593130469322205
high_overlap_easy,0.8434140086174011
high_overlap_easy,0.6308581829071045
high_overlap_easy,0.7684857845306396
high_overlap_easy,0.8494086861610413
high_overlap_easy,0.6236850023269653
high_overlap_easy,0.8389855623245239
high_overlap_easy,0.8640313744544983
high_overlap_easy,0.7894582152366638
high_overlap_easy,0.8571956157684326
high_overlap_easy,0.8114668726921082
high_overlap_easy,0.7753450274467468
high_overlap_easy,0.8195017576217651
high_overlap_easy,0.8590439558029175
high_overlap_easy,0.8336378931999207
high_overlap_easy,0.8559772372245789
high_overlap_easy,0.7667052149772644
high_overlap_easy,0.7513018846511841
high_overlap_easy,0.8435524106025696
high_overlap_easy,0.7832790613174438
high_overlap_easy,0.7968466877937317
high_overlap_easy,0.8396649360656738
high_overlap_easy,0.8520851135253906
high_overlap_easy,0.7929283380508423
high_overlap_easy,0.8419352173805237
high_overlap_easy,0.6182959079742432
high_overlap_easy,0.7223737239837646
high_overlap_easy,0.6500579714775085
high_overlap_easy,0.6897045969963074
high_overlap_easy,0.7659220695495605
high_overlap_easy,0.8715347051620483
high_overlap_easy,0.772449791431427
high_overlap_easy,0.7486374974250793
high_overlap_easy,0.7271745800971985
high_overlap_easy,0.8740410208702087
high_overlap_easy,0.7772217392921448
high_overlap_easy,0.7831384539604187
high_overlap_easy,0.8753229379653931
high_overlap_easy,0.9271654486656189
high_overlap_easy,0.5016329884529114
high_overlap_easy,0.6169073581695557
high_overlap_easy,0.5916818380355835
high_overlap_easy,0.8294696807861328
high_overlap_easy,0.5311791300773621
high_overlap_easy,0.686945378780365
high_overlap_easy,0.8196571469306946
high_overlap_easy,0.6207404732704163
high_overlap_easy,0.9151750802993774
high_overlap_easy,0.8422515392303467
high_overlap_easy,0.554141104221344
high_overlap_easy,0.5475563406944275
high_overlap_easy,0.7449499368667603
high_overlap_easy,0.8742139339447021
high_overlap_easy,0.8330663442611694
high_overlap_easy,0.8366405963897705
high_overlap_easy,0.675475537776947
high_overlap_easy,0.6040767431259155
high_overlap_easy,0.9094420075416565
high_overlap_easy,0.7349647283554077
high_overlap_easy,0.7607738375663757
high_overlap_easy,0.6843644976615906
high_overlap_easy,0.8016103506088257
high_overlap_easy,0.7545816898345947
high_overlap_easy,0.6168594360351562
high_overlap_easy,0.6521877646446228
high_overlap_easy,0.870276927947998
high_overlap_easy,0.5649462342262268
high_overlap_easy,0.7672747373580933
high_overlap_easy,0.7582983374595642
high_overlap_easy,0.7205409407615662
high_overlap_easy,0.6360968947410583
high_overlap_easy,0.6710178852081299
high_overlap_easy,0.5517765283584595
high_overlap_easy,0.7631914615631104
high_overlap_easy,0.7516908049583435
high_overlap_easy,0.6640027165412903
high_overlap_easy,0.6939671039581299
high_overlap_easy,0.8702147603034973
high_overlap_easy,0.8850610852241516
high_overlap_easy,0.6694366335868835
high_overlap_easy,0.7693303823471069
high_overlap_easy,0.6329103112220764
high_overlap_easy,0.5333830118179321
high_overlap_easy,0.844582200050354
high_overlap_easy,0.8011885285377502
high_overlap_easy,0.9118872284889221
high_overlap_easy,0.7971423864364624
high_overlap_easy,0.7700850367546082
high_overlap_easy,0.7349866628646851
high_overlap_easy,0.8457902073860168
high_overlap_easy,0.7781668901443481
high_overlap_easy,0.669688880443573
high_overlap_easy,0.6531998515129089
high_overlap_easy,0.594247043132782
high_overlap_easy,0.6000682711601257
high_overlap_easy,0.5483192205429077
high_overlap_easy,0.6513162851333618
high_overlap_easy,0.8318085670471191
high_overlap_easy,0.8911635875701904
high_overlap_easy,0.7706835269927979
high_overlap_easy,0.8825081586837769
high_overlap_easy,0.8030832409858704
high_overlap_easy,0.7369373440742493
high_overlap_easy,0.7361738681793213
high_overlap_easy,0.7906728982925415
high_overlap_easy,0.62196946144104
high_overlap_easy,0.6684867739677429
high_overlap_easy,0.7150954008102417
high_overlap_easy,0.8931018114089966
high_overlap_easy,0.7015216946601868
high_overlap_easy,0.9332082867622375
high_overlap_easy,0.6610686779022217
high_overlap_easy,0.9120396971702576
high_overlap_easy,0.6525201797485352
high_overlap_easy,0.4918559789657593
high_overlap_easy,0.9137843251228333
high_overlap_easy,0.7982200384140015
high_overlap_easy,0.8201399445533752
high_overlap_easy,0.5838564038276672
high_overlap_easy,0.6776933670043945
high_overlap_easy,0.7844968438148499
high_overlap_easy,0.8347224593162537
high_overlap_easy,0.706531286239624
high_overlap_easy,0.8585026860237122
high_overlap_easy,0.5614550113677979
high_overlap_easy,0.6564471125602722
high_overlap_easy,0.6567934155464172
high_overlap_easy,0.6518864035606384
high_overlap_easy,0.5353140830993652
high_overlap_easy,0.49499619007110596
high_overlap_easy,0.49969643354415894
high_overlap_easy,0.7111499309539795
high_overlap_easy,0.7421965003013611
high_overlap_easy,0.8676554560661316
high_overlap_easy,0.800471305847168
high_overlap_easy,0.8591024875640869
high_overlap_easy,0.8710535764694214
high_overlap_easy,0.8279783725738525
high_overlap_easy,0.779868483543396
high_overlap_easy,0.7939578294754028
high_overlap_easy,0.6925642490386963
high_overlap_easy,0.927270770072937
high_overlap_easy,0.8508904576301575
high_overlap_easy,0.8395519852638245
high_overlap_easy,0.6687425971031189
high_overlap_easy,0.7489371299743652
high_overlap_easy,0.7488256692886353
high_overlap_easy,0.7310106754302979
high_overlap_easy,0.6851409077644348
high_overlap_easy,0.5986332297325134
high_overlap_easy,0.602874755859375
high_overlap_easy,0.6509154438972473
high_overlap_easy,0.6610972285270691
high_overlap_easy,0.5968222618103027
high_overlap_easy,0.6227209568023682
high_overlap_easy,0.6594545841217041
high_overlap_easy,0.9295541048049927
high_overlap_easy,0.4990825951099396
high_overlap_easy,0.799751877784729
high_overlap_easy,0.7954611778259277
high_overlap_easy,0.7842539548873901
high_overlap_easy,0.6719579696655273
high_overlap_easy,0.4737398326396942
high_overlap_easy,0.5132387280464172
high_overlap_easy,0.4779523015022278
high_overlap_easy,0.8172822594642639
high_overlap_easy,0.5337169766426086
high_overlap_easy,0.841875433921814
high_overlap_easy,0.8822668194770813
high_overlap_easy,0.8568413257598877
high_overlap_easy,0.7869348526000977
high_overlap_easy,0.8238828778266907
high_overlap_easy,0.704849123954773
high_overlap_easy,0.8481570482254028
high_overlap_easy,0.766339898109436
high_overlap_easy,0.6276266574859619
high_overlap_easy,0.7409036755561829
high_overlap_easy,0.8075395822525024
high_overlap_easy,0.7890263795852661
high_overlap_easy,0.9094613194465637
high_overlap_easy,0.6693706512451172
high_overlap_easy,0.6110368967056274
high_overlap_easy,0.8059500455856323
high_overlap_easy,0.5193500518798828
high_overlap_easy,0.555060863494873
high_overlap_easy,0.6175666451454163
high_overlap_easy,0.6895520687103271
high_overlap_easy,0.9008514881134033
high_overlap_easy,0.5373126268386841
high_overlap_easy,0.8346877098083496
high_overlap_easy,0.7957643866539001
high_overlap_easy,0.7839751839637756
high_overlap_easy,0.7893292307853699
high_overlap_easy,0.7817633152008057
high_overlap_easy,0.6516391634941101
high_overlap_easy,0.7664303779602051
high_overlap_easy,0.7926411628723145
high_overlap_easy,0.9015631079673767
high_overlap_easy,0.6383990049362183
high_overlap_easy,0.7399945855140686
high_overlap_easy,0.7584202289581299
high_overlap_easy,0.7898620963096619
high_overlap_easy,0.810761570930481
high_overlap_easy,0.8774318695068359
high_overlap_easy,0.8184359073638916
high_overlap_easy,0.7178975939750671
high_overlap_easy,0.8938941955566406
high_overlap_easy,0.7670565247535706
high_overlap_easy,0.6996747255325317
high_overlap_easy,0.8407790064811707
high_overlap_easy,0.792870283126831
high_overlap_easy,0.6872186064720154
high_overlap_easy,0.7155250310897827
high_overlap_easy,0.8140819668769836
high_overlap_easy,0.69792640209198
high_overlap_easy,0.831346869468689
high_overlap_easy,0.8635251522064209
high_overlap_easy,0.7144714593887329
high_overlap_easy,0.8569275140762329
high_overlap_easy,0.6301039457321167
high_overlap_easy,0.8433466553688049
high_overlap_easy,0.774060845375061
high_overlap_easy,0.7661223411560059
high_overlap_easy,0.8275262117385864
high_overlap_easy,0.8558861017227173
high_overlap_easy,0.8072682619094849
high_overlap_easy,0.7731105089187622
high_overlap_easy,0.858900249004364
high_overlap_easy,0.8298885822296143
high_overlap_easy,0.790053129196167
high_overlap_easy,0.7545618414878845
high_overlap_easy,0.8500071167945862
high_overlap_easy,0.7829841375350952
high_overlap_easy,0.9275133609771729
high_overlap_easy,0.7550405859947205
high_overlap_easy,0.6472233533859253
high_overlap_easy,0.7137482166290283
high_overlap_easy,0.6872884631156921
high_overlap_easy,0.8644716739654541
high_overlap_easy,0.8934609889984131
high_overlap_easy,0.47453024983406067
high_overlap_easy,0.6994321346282959
high_overlap_easy,0.7301887273788452
high_overlap_easy,0.8929917812347412
high_overlap_easy,0.7764318585395813
high_overlap_easy,0.9287512302398682
high_overlap_easy,0.5905168652534485
high_overlap_easy,0.7299231290817261
high_overlap_easy,0.7582360506057739
high_overlap_easy,0.8805423974990845
high_overlap_easy,0.8293652534484863
high_overlap_easy,0.7385042905807495
high_overlap_easy,0.8630092740058899
high_overlap_easy,0.6016554236412048
high_overlap_easy,0.5785776376724243
high_overlap_easy,0.8318937420845032
high_overlap_easy,0.8072299957275391
high_overlap_easy,0.8205082416534424
high_overlap_easy,0.740997314453125
high_overlap_easy,0.8381128311157227
high_overlap_easy,0.5354757905006409
high_overlap_easy,0.7031484246253967
high_overlap_easy,0.9009079933166504
high_overlap_easy,0.7446582317352295
high_overlap_easy,0.7787444591522217
high_overlap_easy,0.8328894972801208
high_overlap_easy,0.8175618648529053
high_overlap_easy,0.8716068863868713
high_overlap_easy,0.7943738102912903
high_overlap_easy,0.5576640963554382
high_overlap_easy,0.7704108953475952
high_overlap_easy,0.831593930721283
high_overlap_easy,0.8097213506698608
high_overlap_easy,0.7311572432518005
high_overlap_easy,0.5933638215065002
high_overlap_easy,0.7563138008117676
high_overlap_easy,0.7338134050369263
high_overlap_easy,0.8978022336959839
high_overlap_easy,0.814839243888855
high_overlap_easy,0.6799088716506958
high_overlap_easy,0.850224494934082
high_overlap_easy,0.7769153714179993
high_overlap_easy,0.5639674663543701
high_overlap_easy,0.8603476285934448
high_overlap_easy,0.8626704216003418
high_overlap_easy,0.8587145805358887
high_overlap_easy,0.797497570514679
high_overlap_easy,0.8458071351051331
high_overlap_easy,0.8208650946617126
high_overlap_easy,0.7289302945137024
high_overlap_easy,0.4820549488067627
high_overlap_easy,0.8146542906761169
high_overlap_easy,0.8381294012069702
high_overlap_easy,0.7378479242324829
high_overlap_easy,0.46381676197052
high_overlap_easy,0.5724862217903137
high_overlap_easy,0.6372359395027161
high_overlap_easy,0.7700119018554688
high_overlap_easy,0.8362810015678406
high_overlap_easy,0.608737587928772
high_overlap_easy,0.8734373450279236
high_overlap_easy,0.7998188734054565
high_overlap_easy,0.8360680937767029
high_overlap_easy,0.6670105457305908
high_overlap_easy,0.6178370118141174
high_overlap_easy,0.46971651911735535
high_overlap_easy,0.49473100900650024
high_overlap_easy,0.5194522738456726
high_overlap_easy,0.7894888520240784
high_overlap_easy,0.6869335770606995
high_overlap_easy,0.4799509346485138
high_overlap_easy,0.47293800115585327
high_overlap_easy,0.6178353428840637
high_overlap_easy,0.8021748065948486
high_overlap_easy,0.6352289915084839
high_overlap_easy,0.7015413045883179
high_overlap_easy,0.6952695846557617
high_overlap_easy,0.5581219792366028
high_overlap_easy,0.7911797165870667
high_overlap_easy,0.6754941940307617
high_overlap_easy,0.5423722267150879
high_overlap_easy,0.7618325352668762
high_overlap_easy,0.5889362692832947
high_overlap_easy,0.9202168583869934
high_overlap_easy,0.6370651721954346
high_overlap_easy,0.7668729424476624
high_overlap_easy,0.8094040751457214
high_overlap_easy,0.6688003540039062
high_overlap_easy,0.7114802002906799
high_overlap_easy,0.6391919255256653
high_overlap_easy,0.7461479306221008
high_overlap_easy,0.5097238421440125
high_overlap_easy,0.7122337222099304
high_overlap_easy,0.57721346616745
high_overlap_easy,0.665141224861145
high_overlap_easy,0.6539869904518127
high_overlap_easy,0.5123023390769958
high_overlap_easy,0.7092875242233276
high_overlap_easy,0.6719354391098022
high_overlap_easy,0.6446757316589355
high_overlap_easy,0.4986332654953003
high_overlap_easy,0.8142030835151672
high_overlap_easy,0.714231014251709
high_overlap_easy,0.6681617498397827
high_overlap_easy,0.6949509978294373
high_overlap_easy,0.7591583728790283
high_overlap_easy,0.8141885995864868
high_overlap_easy,0.6418799757957458
high_overlap_easy,0.5950426459312439
high_overlap_easy,0.5834525227546692
high_overlap_easy,0.7137603759765625
high_overlap_easy,0.7644027471542358
high_overlap_easy,0.8397893905639648
high_overlap_easy,0.8346376419067383
high_overlap_easy,0.8719247579574585
high_overlap_easy,0.7657299041748047
high_overlap_easy,0.6843253970146179
high_overlap_easy,0.6212196946144104
high_overlap_easy,0.6466385722160339
high_overlap_easy,0.6486914157867432
high_overlap_easy,0.5668281316757202
high_overlap_easy,0.7290289998054504
high_overlap_easy,0.7687845230102539
high_overlap_easy,0.6451692581176758
high_overlap_easy,0.6066796183586121
high_overlap_easy,0.6093631386756897
high_overlap_easy,0.7444984912872314
high_overlap_easy,0.7842046618461609
high_overlap_easy,0.6898687481880188
high_overlap_easy,0.6113144755363464
high_overlap_easy,0.7820649743080139
high_overlap_easy,0.7092424631118774
high_overlap_easy,0.7074921727180481
high_overlap_easy,0.6348125338554382
high_overlap_easy,0.649345874786377
high_overlap_easy,0.6381046175956726
high_overlap_easy,0.9256484508514404
high_overlap_easy,0.7594062685966492
high_overlap_easy,0.7270506620407104
high_overlap_easy,0.6630706787109375
high_overlap_easy,0.8546910285949707
high_overlap_easy,0.9020512700080872
high_overlap_easy,0.8263833522796631
high_overlap_easy,0.8471970558166504
high_overlap_easy,0.8110610246658325
high_overlap_easy,0.7563162446022034
high_overlap_easy,0.7661820650100708
high_overlap_easy,0.7479263544082642
high_overlap_easy,0.7947521209716797
high_overlap_easy,0.7613809704780579
high_overlap_easy,0.783440113067627
high_overlap_easy,0.7626509666442871
high_overlap_easy,0.8923546671867371
high_overlap_easy,0.7754180431365967
high_overlap_easy,0.9269976615905762
high_overlap_easy,0.8662385940551758
high_overlap_easy,0.8425740003585815
high_overlap_easy,0.8471304178237915
high_overlap_easy,0.8276183009147644
high_overlap_easy,0.8929420709609985
high_overlap_easy,0.7786200046539307
high_overlap_easy,0.8038967847824097
high_overlap_easy,0.6516848802566528
high_overlap_easy,0.8710098266601562
high_overlap_easy,0.9000775814056396
high_overlap_easy,0.8079500198364258
high_overlap_easy,0.8696528673171997
high_overlap_easy,0.8818431496620178
high_overlap_easy,0.7434458136558533
high_overlap_easy,0.7129150629043579
high_overlap_easy,0.873695433139801
high_overlap_easy,0.8843753337860107
high_overlap_easy,0.7985177636146545
high_overlap_easy,0.7793672680854797
high_overlap_easy,0.7803685665130615
high_overlap_easy,0.6830122470855713
high_overlap_easy,0.7126240730285645
high_overlap_easy,0.781866192817688
high_overlap_easy,0.6530523300170898
high_overlap_easy,0.7482298612594604
high_overlap_easy,0.85930997133255
high_overlap_easy,0.8267466425895691
high_overlap_easy,0.8516612648963928
high_overlap_easy,0.8526138663291931
high_overlap_easy,0.788378119468689
high_overlap_easy,0.7382679581642151
high_overlap_easy,0.7200630903244019
high_overlap_easy,0.8332448601722717
high_overlap_easy,0.8459067940711975
high_overlap_easy,0.7716684341430664
high_overlap_easy,0.6424610614776611
high_overlap_easy,0.7558305263519287
high_overlap_easy,0.7341240048408508
high_overlap_easy,0.7888624668121338
high_overlap_easy,0.7759454846382141
high_overlap_easy,0.552136242389679
high_overlap_easy,0.7414463758468628
high_overlap_easy,0.8346718549728394
high_overlap_easy,0.7094324827194214
high_overlap_easy,0.7109751105308533
high_overlap_easy,0.7040205597877502
high_overlap_easy,0.7634992003440857
high_overlap_easy,0.8291146755218506
high_overlap_easy,0.752622127532959
high_overlap_easy,0.7137277126312256
high_overlap_easy,0.6598473191261292
high_overlap_easy,0.49609997868537903
high_overlap_easy,0.7527055740356445
high_overlap_easy,0.687404453754425
high_overlap_easy,0.7661773562431335
high_overlap_easy,0.814825177192688
high_overlap_easy,0.6482291221618652
high_overlap_easy,0.7136220932006836
high_overlap_easy,0.8184516429901123
high_overlap_easy,0.8078821897506714
high_overlap_easy,0.7739301323890686
high_overlap_easy,0.4778965413570404
high_overlap_easy,0.7079583406448364
high_overlap_easy,0.6429774761199951
high_overlap_easy,0.6682677865028381
high_overlap_easy,0.7404233813285828
high_overlap_easy,0.6149346232414246
high_overlap_easy,0.6914399862289429
high_overlap_easy,0.6336066722869873
high_overlap_easy,0.7447308301925659
high_overlap_easy,0.5236376523971558
high_overlap_easy,0.4685044288635254
high_overlap_easy,0.5308840870857239
high_overlap_easy,0.7483805418014526
high_overlap_easy,0.8107702136039734
high_overlap_easy,0.6617512106895447
high_overlap_easy,0.8195180296897888
high_overlap_easy,0.5820761322975159
high_overlap_easy,0.7155869603157043
high_overlap_easy,0.8062117099761963
high_overlap_easy,0.6793050169944763
high_overlap_easy,0.8582393527030945
high_overlap_easy,0.7836798429489136
high_overlap_easy,0.6613207459449768
high_overlap_easy,0.8690894842147827
high_overlap_easy,0.8541228175163269
high_overlap_easy,0.832190215587616
high_overlap_easy,0.6398420929908752
high_overlap_easy,0.6721946001052856
high_overlap_easy,0.497203528881073
high_overlap_easy,0.6466851234436035
high_overlap_easy,0.780987024307251
high_overlap_easy,0.8368228077888489
high_overlap_easy,0.87749844789505
high_overlap_easy,0.6978087425231934
high_overlap_easy,0.7685032486915588
high_overlap_easy,0.5000025629997253
high_overlap_easy,0.5577201247215271
high_overlap_easy,0.6036706566810608
high_overlap_easy,0.556388258934021
high_overlap_easy,0.5296800136566162
high_overlap_easy,0.7303969860076904
high_overlap_easy,0.6800945997238159
high_overlap_easy,0.7366273999214172
high_overlap_easy,0.8683559894561768
high_overlap_easy,0.7204489707946777
high_overlap_easy,0.6268898844718933
high_overlap_easy,0.6902279853820801
high_overlap_easy,0.6595903038978577
high_overlap_easy,0.5527915358543396
high_overlap_easy,0.7437386512756348
high_overlap_easy,0.6704670190811157
high_overlap_easy,0.5587753057479858
high_overlap_easy,0.6604721546173096
high_overlap_easy,0.5270596742630005
high_overlap_easy,0.7786027193069458
high_overlap_easy,0.5060955286026001
high_overlap_easy,0.5800062417984009
high_overlap_easy,0.5578856468200684
high_overlap_easy,0.5950002074241638
high_overlap_easy,0.7944635152816772
high_overlap_easy,0.7888102531433105
high_overlap_easy,0.616815984249115
high_overlap_easy,0.6412602663040161
high_overlap_easy,0.5120471119880676
high_overlap_easy,0.5562242269515991
high_overlap_easy,0.794431746006012
high_overlap_easy,0.7705498933792114
high_overlap_easy,0.7206214070320129
high_overlap_easy,0.9392411708831787
high_overlap_easy,0.7302098274230957
high_overlap_easy,0.7138652205467224
high_overlap_easy,0.7425041198730469
high_overlap_easy,0.772331178188324
high_overlap_easy,0.7341599464416504
high_overlap_easy,0.7424649596214294
high_overlap_easy,0.7789862751960754
high_overlap_easy,0.8261140584945679
high_overlap_easy,0.8266797661781311
high_overlap_easy,0.8461564779281616
high_overlap_easy,0.7302709221839905
high_overlap_easy,0.7224321365356445
high_overlap_easy,0.5596311092376709
high_overlap_easy,0.6043987274169922
high_overlap_easy,0.785346508026123
high_overlap_easy,0.6733551621437073
high_overlap_easy,0.7963558435440063
high_overlap_easy,0.8271855711936951
high_overlap_easy,0.7444634437561035
high_overlap_easy,0.6498336791992188
high_overlap_easy,0.7885140776634216
high_overlap_easy,0.650741696357727
high_overlap_easy,0.7982590198516846
high_overlap_easy,0.7585017681121826
high_overlap_easy,0.7675603628158569
high_overlap_easy,0.6679468154907227
high_overlap_easy,0.6361605525016785
high_overlap_easy,0.6789981126785278
high_overlap_easy,0.7254732251167297
high_overlap_easy,0.5381201505661011
high_overlap_easy,0.7759854197502136
high_overlap_easy,0.6891626119613647
high_overlap_easy,0.8576541543006897
high_overlap_easy,0.8635225296020508
high_overlap_easy,0.7461435198783875
high_overlap_easy,0.6117258071899414
high_overlap_easy,0.875699520111084
high_overlap_easy,0.7222146987915039
high_overlap_easy,0.6263958215713501
high_overlap_easy,0.5878546237945557
high_overlap_easy,0.7528628706932068
high_overlap_easy,0.5678834915161133
high_overlap_easy,0.7223670482635498
high_overlap_easy,0.6310787200927734
high_overlap_easy,0.659741222858429
high_overlap_easy,0.5971439480781555
high_overlap_easy,0.6097440719604492
high_overlap_easy,0.7563729286193848
high_overlap_easy,0.500859797000885
high_overlap_easy,0.545411229133606
high_overlap_easy,0.5343537330627441
high_overlap_easy,0.6869723796844482
high_overlap_easy,0.7125526666641235
high_overlap_easy,0.5267458558082581
high_overlap_easy,0.5952537059783936
high_overlap_easy,0.6271584033966064
high_overlap_easy,0.6912709474563599
high_overlap_easy,0.5806340575218201
high_overlap_easy,0.6683889627456665
high_overlap_easy,0.5313016772270203
high_overlap_easy,0.5263803601264954
high_overlap_easy,0.6531295776367188
high_overlap_easy,0.6269731521606445
high_overlap_easy,0.6059786677360535
high_overlap_easy,0.7926744818687439
high_overlap_easy,0.46487924456596375
high_overlap_easy,0.8594921827316284
high_overlap_easy,0.6281145811080933
high_overlap_easy,0.7215309143066406
high_overlap_easy,0.6078148484230042
high_overlap_easy,0.7117459774017334
high_overlap_easy,0.8215277791023254
high_overlap_easy,0.4608898162841797
high_overlap_easy,0.7327472567558289
high_overlap_easy,0.746172308921814
high_overlap_easy,0.592524528503418
high_overlap_easy,0.716804027557373
high_overlap_easy,0.925737202167511
high_overlap_easy,0.7393485307693481
high_overlap_easy,0.6028193831443787
high_overlap_easy,0.7804883718490601
high_overlap_easy,0.49409639835357666
high_overlap_easy,0.5120394825935364
high_overlap_easy,0.5540261268615723
high_overlap_easy,0.6551490426063538
high_overlap_easy,0.7998830080032349
high_overlap_easy,0.621770441532135
high_overlap_easy,0.628339946269989
high_overlap_easy,0.5434319376945496
high_overlap_easy,0.6408346891403198
high_overlap_easy,0.6628089547157288
high_overlap_easy,0.7651662230491638
high_overlap_easy,0.5368723273277283
high_overlap_easy,0.5488038063049316
high_overlap_easy,0.566405713558197
high_overlap_easy,0.840981125831604
high_overlap_easy,0.740280032157898
high_overlap_easy,0.5845905542373657
high_overlap_easy,0.6380178332328796
high_overlap_easy,0.7245566248893738
high_overlap_easy,0.7259159088134766
high_overlap_easy,0.5176308751106262
high_overlap_easy,0.8428946733474731
high_overlap_easy,0.7189580798149109
high_overlap_easy,0.47476714849472046
high_overlap_easy,0.6922650933265686
high_overlap_easy,0.8337305784225464
high_overlap_easy,0.868837833404541
high_overlap_easy,0.7362733483314514
high_overlap_easy,0.6372339725494385
high_overlap_easy,0.5269263386726379
high_overlap_easy,0.45890238881111145
high_overlap_easy,0.7396020889282227
high_overlap_easy,0.6834617257118225
high_overlap_easy,0.6703801155090332
high_overlap_easy,0.6244855523109436
high_overlap_easy,0.6320768594741821
high_overlap_easy,0.8381580114364624
high_overlap_easy,0.6484917402267456
high_overlap_easy,0.8424161672592163
high_overlap_easy,0.717685341835022
high_overlap_easy,0.6383508443832397
high_overlap_easy,0.758299708366394
high_overlap_easy,0.8722396492958069
high_overlap_easy,0.8140153288841248
high_overlap_easy,0.6560323238372803
high_overlap_easy,0.8005304336547852
high_overlap_easy,0.8579745292663574
high_overlap_easy,0.849991500377655
high_overlap_easy,0.880011796951294
high_overlap_easy,0.9292507171630859
high_overlap_easy,0.8620455265045166
high_overlap_easy,0.7388123273849487
high_overlap_easy,0.8415915369987488
high_overlap_easy,0.9130403399467468
high_overlap_easy,0.8795262575149536
high_overlap_easy,0.5707259178161621
high_overlap_easy,0.8754521608352661
high_overlap_easy,0.9151677489280701
high_overlap_easy,0.780040442943573
high_overlap_easy,0.7504916191101074
high_overlap_easy,0.7009060382843018
high_overlap_easy,0.8649989366531372
high_overlap_easy,0.9295272827148438
high_overlap_easy,0.9123111963272095
high_overlap_easy,0.8382588028907776
high_overlap_easy,0.7752448916435242
high_overlap_easy,0.8919628262519836
high_overlap_easy,0.9035355448722839
high_overlap_easy,0.6860160827636719
high_overlap_easy,0.7118797898292542
high_overlap_easy,0.710445761680603
high_overlap_easy,0.6714694499969482
high_overlap_easy,0.7402806282043457
high_overlap_easy,0.7030727863311768
high_overlap_easy,0.8298037052154541
high_overlap_easy,0.8489595651626587
high_overlap_easy,0.7215003371238708
high_overlap_easy,0.8278076648712158
high_overlap_easy,0.7733919620513916
high_overlap_easy,0.7866984605789185
high_overlap_easy,0.8025442361831665
high_overlap_easy,0.8519484996795654
high_overlap_easy,0.872624933719635
high_overlap_easy,0.7436776161193848
high_overlap_easy,0.8445773720741272
high_overlap_easy,0.8516374230384827
high_overlap_easy,0.7574962377548218
high_overlap_easy,0.6731125116348267
high_overlap_easy,0.6370951533317566
high_overlap_easy,0.6037371158599854
high_overlap_easy,0.5217208862304688
high_overlap_easy,0.5411363840103149
high_overlap_easy,0.824901282787323
high_overlap_easy,0.8682413101196289
high_overlap_easy,0.9124903678894043
high_overlap_easy,0.8403686285018921
high_overlap_easy,0.8720183372497559
high_overlap_easy,0.7070432901382446
high_overlap_easy,0.7945109009742737
high_overlap_easy,0.8686702847480774
high_overlap_easy,0.8359143733978271
high_overlap_easy,0.9041659832000732
high_overlap_easy,0.6894633173942566
high_overlap_easy,0.7629615664482117
high_overlap_easy,0.8306118249893188
high_overlap_easy,0.7901595234870911
high_overlap_easy,0.7509742975234985
high_overlap_easy,0.5723873376846313
high_overlap_easy,0.6724554300308228
high_overlap_easy,0.5608491897583008
high_overlap_easy,0.69014972448349
high_overlap_easy,0.8632122874259949
high_overlap_easy,0.7710514664649963
high_overlap_easy,0.7722549438476562
high_overlap_easy,0.7249054908752441
high_overlap_easy,0.8449184894561768
high_overlap_easy,0.8628106713294983
high_overlap_easy,0.8749455809593201
high_overlap_easy,0.7933391332626343
high_overlap_easy,0.6997082829475403
high_overlap_easy,0.7794856429100037
high_overlap_easy,0.844519853591919
high_overlap_easy,0.5353335738182068
high_overlap_easy,0.8665494322776794
high_overlap_easy,0.7294470071792603
high_overlap_easy,0.9278810024261475
high_overlap_easy,0.8387510776519775
high_overlap_easy,0.8207889199256897
high_overlap_easy,0.9218987226486206
high_overlap_easy,0.6042417287826538
high_overlap_easy,0.7921815514564514
high_overlap_easy,0.6967250108718872
high_overlap_easy,0.7760039567947388
high_overlap_easy,0.829633355140686
high_overlap_easy,0.6621003746986389
high_overlap_easy,0.5937818884849548
high_overlap_easy,0.8361397385597229
high_overlap_easy,0.6462962031364441
high_overlap_easy,0.6688023209571838
high_overlap_easy,0.6533887386322021
high_overlap_easy,0.6609282493591309
high_overlap_easy,0.8707759380340576
high_overlap_easy,0.5606899261474609
high_overlap_easy,0.6533821225166321
high_overlap_easy,0.789726972579956
high_overlap_easy,0.5866761803627014
high_overlap_easy,0.6352436542510986
high_overlap_easy,0.7156916260719299
high_overlap_easy,0.8497031927108765
high_overlap_easy,0.8663128614425659
high_overlap_easy,0.7341103553771973
high_overlap_easy,0.7798681259155273
high_overlap_easy,0.8543911576271057
high_overlap_easy,0.8369938731193542
high_overlap_easy,0.722698450088501
high_overlap_easy,0.8123863339424133
high_overlap_easy,0.8216390609741211
high_overlap_easy,0.84597247838974
high_overlap_easy,0.7706817984580994
high_overlap_easy,0.8007264733314514
high_overlap_easy,0.6130197644233704
high_overlap_easy,0.8541969060897827
high_overlap_easy,0.6911048293113708
high_overlap_easy,0.6672956347465515
high_overlap_easy,0.6880494356155396
high_overlap_easy,0.7054780721664429
high_overlap_easy,0.7135648727416992
high_overlap_easy,0.6698464751243591
high_overlap_easy,0.505562424659729
high_overlap_easy,0.8010766506195068
high_overlap_easy,0.6050654053688049
high_overlap_easy,0.6913339495658875
high_overlap_easy,0.6806620359420776
high_overlap_easy,0.8366401791572571
high_overlap_easy,0.5295445322990417
high_overlap_easy,0.7297536134719849
high_overlap_easy,0.9354771971702576
high_overlap_easy,0.8315378427505493
high_overlap_easy,0.8250204920768738
high_overlap_easy,0.8608365058898926
high_overlap_easy,0.7186954617500305
high_overlap_easy,0.7374891638755798
high_overlap_easy,0.7394671440124512
high_overlap_easy,0.8606411218643188
high_overlap_easy,0.8415051698684692
high_overlap_easy,0.780414879322052
high_overlap_easy,0.7163209319114685
high_overlap_easy,0.7279110550880432
high_overlap_easy,0.7678453922271729
high_overlap_easy,0.7543152570724487
high_overlap_easy,0.7675533890724182
high_overlap_easy,0.8756373524665833
high_overlap_easy,0.7997612953186035
high_overlap_easy,0.8398776054382324
high_overlap_easy,0.7827368378639221
high_overlap_easy,0.8207290172576904
high_overlap_easy,0.6145146489143372
high_overlap_easy,0.7053109407424927
high_overlap_easy,0.7739397287368774
high_overlap_easy,0.8276920318603516
high_overlap_easy,0.850756049156189
high_overlap_easy,0.9008821249008179
high_overlap_easy,0.6369359493255615
high_overlap_easy,0.6880641579627991
high_overlap_easy,0.8329871296882629
high_overlap_easy,0.8453014492988586
high_overlap_easy,0.6440744400024414
high_overlap_easy,0.8310731053352356
high_overlap_easy,0.557169497013092
high_overlap_easy,0.7730390429496765
high_overlap_easy,0.7780871391296387
high_overlap_easy,0.8324321508407593
high_overlap_easy,0.7185748815536499
high_overlap_easy,0.8915767669677734
high_overlap_easy,0.7364072799682617
high_overlap_easy,0.7185745239257812
high_overlap_easy,0.7883990406990051
high_overlap_easy,0.7873744964599609
high_overlap_easy,0.8449357151985168
high_overlap_easy,0.6781986951828003
high_overlap_easy,0.7637937068939209
high_overlap_easy,0.833031415939331
high_overlap_easy,0.9101364016532898
high_overlap_easy,0.7965438365936279
high_overlap_easy,0.8897092342376709
high_overlap_easy,0.6828070282936096
high_overlap_easy,0.8303847312927246
high_overlap_easy,0.8219929933547974
high_overlap_easy,0.7112672328948975
high_overlap_easy,0.7676622271537781
high_overlap_easy,0.6728904247283936
high_overlap_easy,0.5419013500213623
high_overlap_easy,0.7014274001121521
high_overlap_easy,0.5753707885742188
high_overlap_easy,0.8248683214187622
high_overlap_easy,0.8815962076187134
high_overlap_easy,0.8450515270233154
high_overlap_easy,0.8295926451683044
high_overlap_easy,0.5621985197067261
high_overlap_easy,0.7163138389587402
high_overlap_easy,0.7614750266075134
high_overlap_easy,0.5596361756324768
high_overlap_easy,0.7351440787315369
high_overlap_easy,0.6543291211128235
high_overlap_easy,0.5031630396842957
high_overlap_easy,0.7816033363342285
high_overlap_easy,0.433059424161911
high_overlap_easy,0.685560941696167
high_overlap_easy,0.7674556374549866
high_overlap_easy,0.724551260471344
high_overlap_easy,0.8284802436828613
high_overlap_easy,0.7140908241271973
high_overlap_easy,0.8883731365203857
high_overlap_easy,0.6244314312934875
high_overlap_easy,0.5368679761886597
high_overlap_easy,0.4664773643016815
high_overlap_easy,0.7616276144981384
high_overlap_easy,0.7408447265625
high_overlap_easy,0.6070035696029663
high_overlap_easy,0.544179379940033
high_overlap_easy,0.6927894353866577
high_overlap_easy,0.7897878289222717
high_overlap_easy,0.8606945872306824
high_overlap_easy,0.8193145394325256
high_overlap_easy,0.7421834468841553
high_overlap_easy,0.6983827352523804
high_overlap_easy,0.7620418667793274
high_overlap_easy,0.7663208246231079
high_overlap_easy,0.8271487355232239
high_overlap_easy,0.858343780040741
high_overlap_easy,0.7030089497566223
high_overlap_easy,0.8062500953674316
high_overlap_easy,0.7161343693733215
high_overlap_easy,0.7703731656074524
high_overlap_easy,0.833913266658783
high_overlap_easy,0.8314374089241028
high_overlap_easy,0.8180070519447327
high_overlap_easy,0.8349656462669373
high_overlap_easy,0.6498890519142151
high_overlap_easy,0.8000704050064087
high_overlap_easy,0.8545331358909607
high_overlap_easy,0.628312349319458
high_overlap_easy,0.7510181069374084
high_overlap_easy,0.7889295816421509
high_overlap_easy,0.7996506094932556
high_overlap_easy,0.747337818145752
high_overlap_easy,0.4393855035305023
high_overlap_easy,0.6557087302207947
high_overlap_easy,0.7589825391769409
high_overlap_easy,0.6661822199821472
high_overlap_easy,0.7631059288978577
high_overlap_easy,0.5663000345230103
high_overlap_easy,0.5927759408950806
high_overlap_easy,0.8361333608627319
high_overlap_easy,0.7292782068252563
high_overlap_easy,0.814904510974884
high_overlap_easy,0.7818626761436462
high_overlap_easy,0.6295831799507141
high_overlap_easy,0.7839028239250183
high_overlap_easy,0.7750024199485779
high_overlap_easy,0.8205662369728088
high_overlap_easy,0.8303799033164978
high_overlap_easy,0.4880470931529999
high_overlap_easy,0.8831498026847839
high_overlap_easy,0.7020954489707947
high_overlap_easy,0.7851661443710327
high_overlap_easy,0.8303284049034119
high_overlap_easy,0.7942532300949097
high_overlap_easy,0.8570245504379272
high_overlap_easy,0.7776650786399841
high_overlap_easy,0.8799257278442383
high_overlap_easy,0.8311769962310791
high_overlap_easy,0.8762438297271729
high_overlap_easy,0.8525809049606323
high_overlap_easy,0.7547914385795593
high_overlap_easy,0.8183744549751282
high_overlap_easy,0.8113765120506287
high_overlap_easy,0.8601914644241333
high_overlap_easy,0.7962422370910645
high_overlap_easy,0.8054988980293274
high_overlap_easy,0.7978696823120117
high_overlap_easy,0.8886677026748657
high_overlap_easy,0.8940582871437073
high_overlap_easy,0.8813779354095459
high_overlap_easy,0.8174630999565125
high_overlap_easy,0.8965331315994263
high_overlap_easy,0.8325790762901306
high_overlap_easy,0.8430588245391846
high_overlap_easy,0.8848663568496704
high_overlap_easy,0.8525456786155701
high_overlap_easy,0.7198251485824585
high_overlap_easy,0.6153486967086792
high_overlap_easy,0.8479644656181335
high_overlap_easy,0.7726279497146606
high_overlap_easy,0.7406587600708008
high_overlap_easy,0.7375873327255249
high_overlap_easy,0.9160434007644653
high_overlap_easy,0.4621290862560272
high_overlap_easy,0.8904417157173157
high_overlap_easy,0.8296911716461182
high_overlap_easy,0.5079830884933472
high_overlap_easy,0.6766617298126221
high_overlap_easy,0.7141059041023254
high_overlap_easy,0.6553242802619934
high_overlap_easy,0.7154189348220825
high_overlap_easy,0.7936017513275146
high_overlap_easy,0.7164269685745239
high_overlap_easy,0.845299243927002
high_overlap_easy,0.9166602492332458
high_overlap_easy,0.8422034978866577
high_overlap_easy,0.8210890293121338
high_overlap_easy,0.6437509059906006
high_overlap_easy,0.5990445613861084
high_overlap_easy,0.7094873189926147
high_overlap_easy,0.8129984140396118
high_overlap_easy,0.807601809501648
high_overlap_easy,0.8531721830368042
high_overlap_easy,0.8586698174476624
high_overlap_easy,0.7416606545448303
high_overlap_easy,0.8327497839927673
high_overlap_easy,0.776874303817749
high_overlap_easy,0.8407558798789978
high_overlap_easy,0.8794354796409607
high_overlap_easy,0.6301358938217163
high_overlap_easy,0.8558250665664673
high_overlap_easy,0.9216797351837158
high_overlap_easy,0.8543149828910828
high_overlap_easy,0.8052476644515991
high_overlap_easy,0.6232179999351501
high_overlap_easy,0.724854588508606
high_overlap_easy,0.7004507780075073
high_overlap_easy,0.6926440000534058
high_overlap_easy,0.6790125370025635
high_overlap_easy,0.7478593587875366
high_overlap_easy,0.7723376750946045
high_overlap_easy,0.8452712297439575
high_overlap_easy,0.8610019683837891
high_overlap_easy,0.7731022834777832
high_overlap_easy,0.5348341464996338
high_overlap_easy,0.7743803858757019
high_overlap_easy,0.5529643893241882
high_overlap_easy,0.669634997844696
high_overlap_easy,0.8613821864128113
high_overlap_easy,0.790107786655426
high_overlap_easy,0.7365615367889404
high_overlap_easy,0.7858352065086365
high_overlap_easy,0.6243082880973816
high_overlap_easy,0.803554892539978
high_overlap_easy,0.6040622591972351
high_overlap_easy,0.799333930015564
high_overlap_easy,0.7282373905181885
high_overlap_easy,0.507580041885376
high_overlap_easy,0.8286831974983215
high_overlap_easy,0.6998862028121948
high_overlap_easy,0.6288894414901733
high_overlap_easy,0.6994918584823608
high_overlap_easy,0.7552673816680908
high_overlap_easy,0.6276828050613403
high_overlap_easy,0.8492228984832764
high_overlap_easy,0.8173182010650635
high_overlap_easy,0.8834831118583679
high_overlap_easy,0.8145357370376587
high_overlap_easy,0.7904098629951477
high_overlap_easy,0.5377246737480164
high_overlap_easy,0.8658803701400757
high_overlap_easy,0.657319962978363
high_overlap_easy,0.5594918131828308
high_overlap_easy,0.560431957244873
high_overlap_easy,0.577808141708374
high_overlap_easy,0.5892168879508972
high_overlap_easy,0.8483597040176392
high_overlap_easy,0.7232334613800049
high_overlap_easy,0.843805730342865
high_overlap_easy,0.6110661625862122
high_overlap_easy,0.5656968355178833
high_overlap_easy,0.6478464007377625
high_overlap_easy,0.7603839635848999
high_overlap_easy,0.7387129068374634
high_overlap_easy,0.7418607473373413
high_overlap_easy,0.7099418044090271
high_overlap_easy,0.4844411611557007
high_overlap_easy,0.6400113701820374
high_overlap_easy,0.6697457432746887
high_overlap_easy,0.541561484336853
high_overlap_easy,0.6466237306594849
high_overlap_easy,0.7903766632080078
high_overlap_easy,0.6300379633903503
high_overlap_easy,0.6132580041885376
high_overlap_easy,0.6799622774124146
high_overlap_easy,0.8294384479522705
high_overlap_easy,0.7251958250999451
high_overlap_easy,0.4795414209365845
high_overlap_easy,0.7095534801483154
high_overlap_easy,0.7308224439620972
high_overlap_easy,0.5150854587554932
high_overlap_easy,0.5224373936653137
high_overlap_easy,0.7250900864601135
high_overlap_easy,0.6308496594429016
high_overlap_easy,0.6355398893356323
high_overlap_easy,0.7540669441223145
high_overlap_easy,0.7092771530151367
high_overlap_easy,0.5209082961082458
high_overlap_easy,0.7040345072746277
high_overlap_easy,0.7264314293861389
high_overlap_easy,0.6110985279083252
high_overlap_easy,0.6460065245628357
high_overlap_easy,0.7461012601852417
high_overlap_easy,0.9024311304092407
high_overlap_easy,0.6273716688156128
high_overlap_easy,0.5429915189743042
high_overlap_easy,0.5311205983161926
high_overlap_easy,0.6559171080589294
high_overlap_easy,0.8602590560913086
high_overlap_easy,0.8327854871749878
high_overlap_easy,0.790901780128479
high_overlap_easy,0.8054033517837524
high_overlap_easy,0.7967097759246826
high_overlap_easy,0.4547012448310852
high_overlap_easy,0.8051141500473022
high_overlap_easy,0.5420708060264587
high_overlap_easy,0.540054202079773
high_overlap_easy,0.6658468842506409
high_overlap_easy,0.6122531890869141
high_overlap_easy,0.6013337969779968
high_overlap_easy,0.7077212333679199
high_overlap_easy,0.6099334955215454
high_overlap_easy,0.6794490814208984
high_overlap_easy,0.568230390548706
high_overlap_easy,0.5689041018486023
high_overlap_easy,0.6350583434104919
high_overlap_easy,0.8097070455551147
high_overlap_easy,0.6520626544952393
high_overlap_easy,0.5868850350379944
high_overlap_easy,0.6194556951522827
high_overlap_easy,0.4269731044769287
high_overlap_easy,0.6658564209938049
high_overlap_easy,0.5491896867752075
high_overlap_easy,0.7246187925338745
high_overlap_easy,0.7307042479515076
high_overlap_easy,0.6065594553947449
high_overlap_easy,0.6483210325241089
high_overlap_easy,0.48901596665382385
high_overlap_easy,0.6155936121940613
high_overlap_easy,0.6562300324440002
high_overlap_easy,0.7374286651611328
high_overlap_easy,0.7320010662078857
high_overlap_easy,0.4699344038963318
high_overlap_easy,0.46176716685295105
high_overlap_easy,0.6719905138015747
high_overlap_easy,0.8473013043403625
high_overlap_easy,0.6379081010818481
high_overlap_easy,0.6334236860275269
high_overlap_easy,0.5439717173576355
high_overlap_easy,0.6859793066978455
high_overlap_easy,0.7145180106163025
high_overlap_easy,0.7938336730003357
high_overlap_easy,0.7535553574562073
high_overlap_easy,0.4700695872306824
high_overlap_easy,0.6314973831176758
high_overlap_easy,0.6468700170516968
high_overlap_easy,0.7736146450042725
high_overlap_easy,0.8585965633392334
high_overlap_easy,0.7299250364303589
high_overlap_easy,0.6612130999565125
high_overlap_easy,0.8173648118972778
high_overlap_easy,0.839958906173706
high_overlap_easy,0.7555809020996094
high_overlap_easy,0.5947368741035461
high_overlap_easy,0.6329586505889893
high_overlap_easy,0.4932156205177307
high_overlap_easy,0.6679297089576721
high_overlap_easy,0.8682510852813721
high_overlap_easy,0.5289852023124695
high_overlap_easy,0.7379830479621887
high_overlap_easy,0.840962290763855
high_overlap_easy,0.8669655919075012
high_overlap_easy,0.6635132431983948
high_overlap_easy,0.44022005796432495
high_overlap_easy,0.5849621891975403
high_overlap_easy,0.796627938747406
high_overlap_easy,0.8039402961730957
high_overlap_easy,0.6090448498725891
high_overlap_easy,0.8103624582290649
high_overlap_easy,0.8541055917739868
high_overlap_easy,0.7658153772354126
high_overlap_easy,0.8165524005889893
high_overlap_easy,0.8471364974975586
high_overlap_easy,0.8243575096130371
high_overlap_easy,0.5092798471450806
high_overlap_easy,0.6018377542495728
high_overlap_easy,0.6692705154418945
high_overlap_easy,0.7832529544830322
high_overlap_easy,0.6609312295913696
high_overlap_easy,0.6263138651847839
high_overlap_easy,0.747602641582489
high_overlap_easy,0.8692834377288818
high_overlap_easy,0.7091743350028992
high_overlap_easy,0.8055192232131958
high_overlap_easy,0.792203426361084
high_overlap_easy,0.7883102893829346
high_overlap_easy,0.8307049870491028
high_overlap_easy,0.7442820072174072
high_overlap_easy,0.583511233329773
high_overlap_easy,0.509354293346405
high_overlap_easy,0.6453389525413513
high_overlap_easy,0.6653490662574768
high_overlap_easy,0.5957414507865906
high_overlap_easy,0.7721978425979614
high_overlap_easy,0.8539804220199585
high_overlap_easy,0.8547828197479248
high_overlap_easy,0.7421372532844543
high_overlap_easy,0.6773741245269775
high_overlap_easy,0.6094323992729187
high_overlap_easy,0.809748649597168
high_overlap_easy,0.8636900186538696
high_overlap_easy,0.8977810144424438
high_overlap_easy,0.8241505026817322
high_overlap_easy,0.8358636498451233
high_overlap_easy,0.8823902010917664
high_overlap_easy,0.8140397071838379
high_overlap_easy,0.9110456705093384
high_overlap_easy,0.7427615523338318
high_overlap_easy,0.7811814546585083
high_overlap_easy,0.9031673669815063
high_overlap_easy,0.8440985083580017
high_overlap_easy,0.7509909272193909
high_overlap_easy,0.7756593823432922
high_overlap_easy,0.7656296491622925
high_overlap_easy,0.8577659726142883
high_overlap_easy,0.8829367160797119
high_overlap_easy,0.7749413251876831
high_overlap_easy,0.8036227822303772
high_overlap_easy,0.8060873746871948
high_overlap_easy,0.7877851128578186
high_overlap_easy,0.8223367929458618
high_overlap_easy,0.8438618183135986
high_overlap_easy,0.7383769750595093
high_overlap_easy,0.7593135833740234
high_overlap_easy,0.8782418966293335
high_overlap_easy,0.4591207504272461
high_overlap_easy,0.6846134662628174
high_overlap_easy,0.7540535926818848
high_overlap_easy,0.6914387345314026
high_overlap_easy,0.6191791892051697
high_overlap_easy,0.8468458652496338
high_overlap_easy,0.6232874989509583
high_overlap_easy,0.8140798211097717
high_overlap_easy,0.5375004410743713
high_overlap_easy,0.577889621257782
high_overlap_easy,0.6198973655700684
high_overlap_easy,0.6500993371009827
high_overlap_easy,0.7085810303688049
high_overlap_easy,0.7163084745407104
high_overlap_easy,0.858078122138977
high_overlap_easy,0.7275881767272949
high_overlap_easy,0.7966079115867615
high_overlap_easy,0.7559424042701721
high_overlap_easy,0.7941463589668274
high_overlap_easy,0.7727845311164856
high_overlap_easy,0.758855402469635
high_overlap_easy,0.683358371257782
high_overlap_easy,0.8511161804199219
high_overlap_easy,0.7887260913848877
high_overlap_easy,0.8217163681983948
high_overlap_easy,0.7219448089599609
high_overlap_easy,0.7810332775115967
high_overlap_easy,0.9396089911460876
high_overlap_easy,0.8689819574356079
high_overlap_easy,0.7421004772186279
high_overlap_easy,0.8009217381477356
high_overlap_easy,0.8457648158073425
high_overlap_easy,0.7813065648078918
high_overlap_easy,0.7714974284172058
high_overlap_easy,0.7126859426498413
high_overlap_easy,0.8726086020469666
high_overlap_easy,0.9109165668487549
high_overlap_easy,0.7888158559799194
high_overlap_easy,0.6752386689186096
high_overlap_easy,0.7317389845848083
high_overlap_easy,0.7615715861320496
high_overlap_easy,0.7324466705322266
high_overlap_easy,0.7905611991882324
high_overlap_easy,0.652125358581543
high_overlap_easy,0.7997220754623413
high_overlap_easy,0.5679007172584534
high_overlap_easy,0.5101938247680664
high_overlap_easy,0.6123645901679993
high_overlap_easy,0.7744045257568359
high_overlap_easy,0.6080856323242188
high_overlap_easy,0.8170415163040161
high_overlap_easy,0.7155869007110596
high_overlap_easy,0.5777121782302856
high_overlap_easy,0.6235608458518982
high_overlap_easy,0.6522657871246338
high_overlap_easy,0.7321111559867859
high_overlap_easy,0.796663761138916
high_overlap_easy,0.5494810938835144
high_overlap_easy,0.6711984872817993
high_overlap_easy,0.46480119228363037
high_overlap_easy,0.6468671560287476
high_overlap_easy,0.8641557693481445
high_overlap_easy,0.6560909152030945
high_overlap_easy,0.5884145498275757
high_overlap_easy,0.6509775519371033
high_overlap_easy,0.6809933185577393
high_overlap_easy,0.8123252391815186
high_overlap_easy,0.6438495516777039
high_overlap_easy,0.8286136984825134
high_overlap_easy,0.5488874316215515
high_overlap_easy,0.607397735118866
high_overlap_easy,0.698444664478302
high_overlap_easy,0.6440906524658203
high_overlap_easy,0.5317447185516357
high_overlap_easy,0.5916740298271179
high_overlap_easy,0.7382396459579468
high_overlap_easy,0.8694581985473633
high_overlap_easy,0.7423465847969055
high_overlap_easy,0.48415407538414
high_overlap_easy,0.7002670168876648
high_overlap_easy,0.8680718541145325
high_overlap_easy,0.8059998750686646
high_overlap_easy,0.7414885759353638
high_overlap_easy,0.7625156044960022
high_overlap_easy,0.7643299698829651
high_overlap_easy,0.5204921364784241
high_overlap_easy,0.8401719927787781
high_overlap_easy,0.6288793087005615
high_overlap_easy,0.6820376515388489
high_overlap_easy,0.5934507250785828
high_overlap_easy,0.5496810674667358
high_overlap_easy,0.5966988801956177
high_overlap_easy,0.5203877687454224
high_overlap_easy,0.8129846453666687
high_overlap_easy,0.7486041784286499
high_overlap_easy,0.8577499389648438
high_overlap_easy,0.7681310772895813
high_overlap_easy,0.8260371088981628
high_overlap_easy,0.8715952038764954
high_overlap_easy,0.7997047901153564
high_overlap_easy,0.492204874753952
high_overlap_easy,0.6609594821929932
high_overlap_easy,0.8442748188972473
high_overlap_easy,0.6285508275032043
high_overlap_easy,0.6605313420295715
high_overlap_easy,0.8238526582717896
high_overlap_easy,0.738685131072998
high_overlap_easy,0.8028315305709839
high_overlap_easy,0.825454592704773
high_overlap_easy,0.5283862352371216
high_overlap_easy,0.6308489441871643
high_overlap_easy,0.6049715876579285
high_overlap_easy,0.7964871525764465
high_overlap_easy,0.822461724281311
high_overlap_easy,0.7552822232246399
high_overlap_easy,0.5542495250701904
high_overlap_easy,0.8802899718284607
high_overlap_easy,0.7833071351051331
high_overlap_easy,0.8962767720222473
high_overlap_easy,0.8568933606147766
high_overlap_easy,0.8865433931350708
high_overlap_easy,0.6285880208015442
high_overlap_easy,0.7644754648208618
high_overlap_easy,0.6024181842803955
high_overlap_easy,0.7276636958122253
high_overlap_easy,0.7979753017425537
high_overlap_easy,0.8467814922332764
high_overlap_easy,0.7945054173469543
high_overlap_easy,0.7509355545043945
high_overlap_easy,0.6925709247589111
high_overlap_easy,0.6453425884246826
high_overlap_easy,0.828561007976532
high_overlap_easy,0.8820378184318542
high_overlap_easy,0.7511810660362244
high_overlap_easy,0.6926341652870178
high_overlap_easy,0.6391779184341431
high_overlap_easy,0.7449803948402405
high_overlap_easy,0.8347446322441101
high_overlap_easy,0.7409974336624146
high_overlap_easy,0.7560720443725586
high_overlap_easy,0.7144930362701416
high_overlap_easy,0.8727168440818787
high_overlap_easy,0.8399587273597717
high_overlap_easy,0.5442984700202942
high_overlap_easy,0.7203754186630249
high_overlap_easy,0.7730258107185364
high_overlap_easy,0.810218870639801
high_overlap_easy,0.7328600883483887
high_overlap_easy,0.7152254581451416
high_overlap_easy,0.8203538656234741
high_overlap_easy,0.775367021560669
high_overlap_easy,0.7955984473228455
high_overlap_easy,0.8376792669296265
high_overlap_easy,0.7169851064682007
high_overlap_easy,0.8401048183441162
high_overlap_easy,0.7387098073959351
high_overlap_easy,0.8183596134185791
high_overlap_easy,0.798223078250885
high_overlap_easy,0.8893474340438843
high_overlap_easy,0.804990828037262
high_overlap_easy,0.686429500579834
high_overlap_easy,0.7766400575637817
high_overlap_easy,0.833381712436676
high_overlap_easy,0.8891291618347168
high_overlap_easy,0.7790519595146179
high_overlap_easy,0.8586704730987549
high_overlap_easy,0.8464041948318481
high_overlap_easy,0.9142516851425171
high_overlap_easy,0.9189479947090149
high_overlap_easy,0.7937850952148438
high_overlap_easy,0.7265142798423767
high_overlap_easy,0.7958289384841919
high_overlap_easy,0.8717216849327087
high_overlap_easy,0.831191897392273
high_overlap_easy,0.863979160785675
high_overlap_easy,0.8450708389282227
high_overlap_easy,0.5213974714279175
high_overlap_easy,0.7933344841003418
high_overlap_easy,0.7851558327674866
high_overlap_easy,0.7268296480178833
high_overlap_easy,0.821186363697052
high_overlap_easy,0.886756420135498
high_overlap_easy,0.9256918430328369
high_overlap_easy,0.8873711824417114
high_overlap_easy,0.676194965839386
high_overlap_easy,0.5764274001121521
high_overlap_easy,0.6689878702163696
high_overlap_easy,0.8706979751586914
high_overlap_easy,0.588519811630249
high_overlap_easy,0.7610663175582886
high_overlap_easy,0.7577866315841675
high_overlap_easy,0.8047047257423401
high_overlap_easy,0.5822928547859192
high_overlap_easy,0.7773832082748413
high_overlap_easy,0.8265169262886047
high_overlap_easy,0.8420432806015015
high_overlap_easy,0.8149928450584412
high_overlap_easy,0.9293778538703918
high_overlap_easy,0.8605791926383972
high_overlap_easy,0.876704752445221
high_overlap_easy,0.8198487758636475
high_overlap_easy,0.7423746585845947
high_overlap_easy,0.8229755163192749
high_overlap_easy,0.6185376644134521
high_overlap_easy,0.8156245350837708
high_overlap_easy,0.7983583807945251
high_overlap_easy,0.8895485401153564
high_overlap_easy,0.7234766483306885
high_overlap_easy,0.751582145690918
high_overlap_easy,0.8039290904998779
high_overlap_easy,0.8161265850067139
high_overlap_easy,0.7953115701675415
high_overlap_easy,0.8311800360679626
high_overlap_easy,0.6407126188278198
high_overlap_easy,0.7935971021652222
high_overlap_easy,0.7965620160102844
high_overlap_easy,0.8366588950157166
high_overlap_easy,0.7854410409927368
high_overlap_easy,0.8240066170692444
high_overlap_easy,0.8101363778114319
high_overlap_easy,0.8392752408981323
high_overlap_easy,0.7507096529006958
high_overlap_easy,0.769347608089447
high_overlap_easy,0.8045690059661865
high_overlap_easy,0.8153289556503296
high_overlap_easy,0.8044425249099731
high_overlap_easy,0.8981560468673706
high_overlap_easy,0.5862409472465515
high_overlap_easy,0.4848922789096832
high_overlap_easy,0.7147966027259827
high_overlap_easy,0.7831023931503296
high_overlap_easy,0.7717118859291077
high_overlap_easy,0.8412389159202576
high_overlap_easy,0.8412534594535828
high_overlap_easy,0.8478296995162964
high_overlap_easy,0.7694269418716431
high_overlap_easy,0.8575782775878906
high_overlap_easy,0.7405510544776917
high_overlap_easy,0.6919800639152527
high_overlap_easy,0.6322888731956482
high_overlap_easy,0.6781730055809021
high_overlap_easy,0.8048083782196045
high_overlap_easy,0.8737107515335083
high_overlap_easy,0.6766757965087891
high_overlap_easy,0.8111249208450317
high_overlap_easy,0.8000491261482239
high_overlap_easy,0.627800703048706
high_overlap_easy,0.9041885733604431
high_overlap_easy,0.6320127844810486
high_overlap_easy,0.8984721899032593
high_overlap_easy,0.821448564529419
high_overlap_easy,0.78629469871521
high_overlap_easy,0.7876628637313843
high_overlap_easy,0.6044814586639404
high_overlap_easy,0.7788471579551697
high_overlap_easy,0.8725646734237671
high_overlap_easy,0.4786151051521301
high_overlap_easy,0.6136401295661926
high_overlap_easy,0.7254970669746399
high_overlap_easy,0.7700709700584412
high_overlap_easy,0.8134034276008606
high_overlap_easy,0.6985593438148499
high_overlap_easy,0.7111847996711731
high_overlap_easy,0.6687867641448975
high_overlap_easy,0.7722855806350708
high_overlap_easy,0.5586517453193665
high_overlap_easy,0.5136414170265198
high_overlap_easy,0.6809988021850586
high_overlap_easy,0.7222113609313965
high_overlap_easy,0.600178599357605
high_overlap_easy,0.4974351227283478
high_overlap_easy,0.7875795364379883
high_overlap_easy,0.813855767250061
high_overlap_easy,0.8466174006462097
high_overlap_easy,0.5552850365638733
high_overlap_easy,0.8423341512680054
high_overlap_easy,0.7936463952064514
high_overlap_easy,0.8851156830787659
high_overlap_easy,0.905505895614624
high_overlap_easy,0.8911721110343933
high_overlap_easy,0.655890703201294
high_overlap_easy,0.6469871997833252
high_overlap_easy,0.6224795579910278
high_overlap_easy,0.5285677909851074
high_overlap_easy,0.7754338979721069
high_overlap_easy,0.691902220249176
high_overlap_easy,0.7057746648788452
high_overlap_easy,0.5805832743644714
high_overlap_easy,0.6179344654083252
high_overlap_easy,0.7932560443878174
high_overlap_easy,0.642065703868866
high_overlap_easy,0.7957219481468201
high_overlap_easy,0.7651211023330688
high_overlap_easy,0.6784380674362183
high_overlap_easy,0.533358633518219
high_overlap_easy,0.7510629892349243
high_overlap_easy,0.5737452507019043
high_overlap_easy,0.6118860840797424
high_overlap_easy,0.6519520878791809
high_overlap_easy,0.7684140205383301
high_overlap_easy,0.7582461833953857
high_overlap_easy,0.7183405160903931
high_overlap_easy,0.9101006388664246
high_overlap_easy,0.8464003801345825
high_overlap_easy,0.7700839638710022
high_overlap_easy,0.446800172328949
high_overlap_easy,0.5440117716789246
high_overlap_easy,0.7321639060974121
high_overlap_easy,0.5199843645095825
high_overlap_easy,0.6101444959640503
high_overlap_easy,0.5186454057693481
high_overlap_easy,0.5527942180633545
high_overlap_easy,0.6780046820640564
high_overlap_easy,0.5280869007110596
high_overlap_easy,0.5320020318031311
high_overlap_easy,0.8015673160552979
high_overlap_easy,0.8901578187942505
high_overlap_easy,0.7051848769187927
high_overlap_easy,0.7687624096870422
high_overlap_easy,0.8412190079689026
high_overlap_easy,0.48742207884788513
high_overlap_easy,0.6775129437446594
high_overlap_easy,0.7443211078643799
high_overlap_easy,0.8122743368148804
high_overlap_easy,0.6240689158439636
high_overlap_easy,0.9274377226829529
high_overlap_easy,0.6103130578994751
high_overlap_easy,0.8927136063575745
high_overlap_easy,0.7308660745620728
high_overlap_easy,0.693665623664856
high_overlap_easy,0.7551772594451904
high_overlap_easy,0.8349606394767761
high_overlap_easy,0.5884901285171509
high_overlap_easy,0.6572641134262085
high_overlap_easy,0.8144258856773376
high_overlap_easy,0.7160162925720215
high_overlap_easy,0.7846273183822632
high_overlap_easy,0.591574490070343
high_overlap_easy,0.7779561877250671
high_overlap_easy,0.6802438497543335
high_overlap_easy,0.8101741075515747
high_overlap_easy,0.9220236539840698
high_overlap_easy,0.8742521405220032
high_overlap_easy,0.8689108490943909
high_overlap_easy,0.8268231749534607
high_overlap_easy,0.8448111414909363
high_overlap_easy,0.8274676203727722
high_overlap_easy,0.7208300828933716
high_overlap_easy,0.7473019957542419
high_overlap_easy,0.4941710829734802
high_overlap_easy,0.682252049446106
high_overlap_easy,0.7002170085906982
high_overlap_easy,0.8314808011054993
high_overlap_easy,0.85975182056427
high_overlap_easy,0.7998265624046326
high_overlap_easy,0.6812821626663208
high_overlap_easy,0.7833725214004517
high_overlap_easy,0.6555265784263611
high_overlap_easy,0.7819271087646484
high_overlap_easy,0.5856308341026306
high_overlap_easy,0.8048977851867676
high_overlap_easy,0.808418869972229
high_overlap_easy,0.8017634153366089
high_overlap_easy,0.639729380607605
high_overlap_easy,0.9139223098754883
high_overlap_easy,0.8204824924468994
high_overlap_easy,0.8843841552734375
high_overlap_easy,0.665892481803894
high_overlap_easy,0.8228930830955505
high_overlap_easy,0.8087442517280579
high_overlap_easy,0.7177032828330994
high_overlap_easy,0.8859360218048096
high_overlap_easy,0.8415785431861877
high_overlap_easy,0.8705258965492249
high_overlap_easy,0.7888908386230469
high_overlap_easy,0.6535730957984924
high_overlap_easy,0.6313692331314087
high_overlap_easy,0.867888331413269
high_overlap_easy,0.7840818762779236
high_overlap_easy,0.6718193888664246
high_overlap_easy,0.7983263731002808
high_overlap_easy,0.7375736236572266
high_overlap_easy,0.5980610847473145
high_overlap_easy,0.6040451526641846
high_overlap_easy,0.6752569079399109
high_overlap_easy,0.7324777245521545
high_overlap_easy,0.674082338809967
high_overlap_easy,0.712360143661499
high_overlap_easy,0.7248618602752686
high_overlap_easy,0.848976194858551
high_overlap_easy,0.888795018196106
high_overlap_easy,0.7443363666534424
high_overlap_easy,0.702251672744751
high_overlap_easy,0.7525843977928162
high_overlap_easy,0.823272168636322
high_overlap_easy,0.9018043279647827
high_overlap_easy,0.6441434025764465
high_overlap_easy,0.8822239637374878
high_overlap_easy,0.828635573387146
high_overlap_easy,0.7989727258682251
high_overlap_easy,0.779388964176178
high_overlap_easy,0.8001299500465393
high_overlap_easy,0.6606863141059875
high_overlap_easy,0.9063830971717834
high_overlap_easy,0.8267512917518616
high_overlap_easy,0.5210962891578674
high_overlap_easy,0.5598919987678528
high_overlap_easy,0.6497580409049988
high_overlap_easy,0.8676313161849976
high_overlap_easy,0.7029608488082886
high_overlap_easy,0.7665791511535645
high_overlap_easy,0.7433536052703857
high_overlap_easy,0.7510137557983398
high_overlap_easy,0.754764974117279
high_overlap_easy,0.8503586053848267
high_overlap_easy,0.8991891741752625
high_overlap_easy,0.8305494785308838
high_overlap_easy,0.7384518384933472
high_overlap_easy,0.5627776384353638
high_overlap_easy,0.7550527453422546
high_overlap_easy,0.8763649463653564
high_overlap_easy,0.7363895177841187
high_overlap_easy,0.7247324585914612
high_overlap_easy,0.7845636010169983
high_overlap_easy,0.6361371874809265
high_overlap_easy,0.8320940732955933
high_overlap_easy,0.6054396629333496
high_overlap_easy,0.7807866334915161
high_overlap_easy,0.6244263052940369
high_overlap_easy,0.8317724466323853
high_overlap_easy,0.7424768209457397
high_overlap_easy,0.7306730151176453
high_overlap_easy,0.752522349357605
high_overlap_easy,0.6241857409477234
high_overlap_easy,0.6339729428291321
high_overlap_easy,0.5223555564880371
high_overlap_easy,0.5853782296180725
high_overlap_easy,0.7790293097496033
high_overlap_easy,0.8954632878303528
high_overlap_easy,0.8133375644683838
high_overlap_easy,0.8977125883102417
high_overlap_easy,0.8584018349647522
high_overlap_easy,0.8515253663063049
high_overlap_easy,0.8488737344741821
high_overlap_easy,0.9078025221824646
high_overlap_easy,0.8552988171577454
high_overlap_easy,0.7870450615882874
high_overlap_easy,0.6418626308441162
high_overlap_easy,0.7310707569122314
high_overlap_easy,0.8491409420967102
high_overlap_easy,0.8268736004829407
high_overlap_easy,0.8155955672264099
high_overlap_easy,0.8227158784866333
high_overlap_easy,0.8549841046333313
high_overlap_easy,0.7895172834396362
high_overlap_easy,0.8870216608047485
high_overlap_easy,0.7851320505142212
high_overlap_easy,0.7786111831665039
high_overlap_easy,0.5666525959968567
high_overlap_easy,0.8711184859275818
high_overlap_easy,0.832587718963623
high_overlap_easy,0.7945659160614014
high_overlap_easy,0.8612117767333984
high_overlap_easy,0.8345009684562683
high_overlap_easy,0.7087684869766235
high_overlap_easy,0.6914048790931702
high_overlap_easy,0.8666326999664307
high_overlap_easy,0.8936663866043091
high_overlap_easy,0.7367386221885681
high_overlap_easy,0.8578170537948608
high_overlap_easy,0.5510929226875305
high_overlap_easy,0.844519853591919
high_overlap_easy,0.826505184173584
high_overlap_easy,0.8686656951904297
high_overlap_easy,0.8154541850090027
high_overlap_easy,0.7537478804588318
high_overlap_easy,0.7912098169326782
high_overlap_easy,0.7243491411209106
high_overlap_easy,0.6257424354553223
high_overlap_easy,0.7133399844169617
high_overlap_easy,0.779390275478363
high_overlap_easy,0.8403880596160889
high_overlap_easy,0.8083052635192871
high_overlap_easy,0.7988440990447998
high_overlap_easy,0.8350103497505188
high_overlap_easy,0.7883371114730835
high_overlap_easy,0.9100378155708313
high_overlap_easy,0.7896846532821655
high_overlap_easy,0.871044397354126
high_overlap_easy,0.9130573272705078
high_overlap_easy,0.9319038987159729
high_overlap_easy,0.8795310258865356
high_overlap_easy,0.8665523529052734
high_overlap_easy,0.827351987361908
high_overlap_easy,0.8284949660301208
high_overlap_easy,0.6820922493934631
high_overlap_easy,0.8536248803138733
high_overlap_easy,0.6529918909072876
high_overlap_easy,0.8518732786178589
high_overlap_easy,0.7147654891014099
high_overlap_easy,0.8196656703948975
high_overlap_easy,0.6664456725120544
high_overlap_easy,0.8336787819862366
high_overlap_easy,0.7091385126113892
high_overlap_easy,0.7346284985542297
high_overlap_easy,0.5941807627677917
high_overlap_easy,0.6940236687660217
high_overlap_easy,0.7718474864959717
high_overlap_easy,0.4885164499282837
high_overlap_easy,0.7327173352241516
high_overlap_easy,0.7291074991226196
high_overlap_easy,0.7160134315490723
high_overlap_easy,0.6431263089179993
high_overlap_easy,0.4622839093208313
high_overlap_easy,0.8333945870399475
high_overlap_easy,0.8542282581329346
high_overlap_easy,0.8796157836914062
high_overlap_easy,0.7255818843841553
high_overlap_easy,0.6842067837715149
high_overlap_easy,0.6040629148483276
high_overlap_easy,0.6819156408309937
high_overlap_easy,0.5901551842689514
high_overlap_easy,0.8395119905471802
high_overlap_easy,0.7181819081306458
high_overlap_easy,0.7635034918785095
high_overlap_easy,0.89112389087677
high_overlap_easy,0.8475263118743896
high_overlap_easy,0.8179711699485779
high_overlap_easy,0.8554440140724182
high_overlap_easy,0.741919219493866
high_overlap_easy,0.8570676445960999
high_overlap_easy,0.6426779627799988
high_overlap_easy,0.719874918460846
high_overlap_easy,0.7725228071212769
high_overlap_easy,0.819118082523346
high_overlap_easy,0.8736936450004578
high_overlap_easy,0.8283793330192566
high_overlap_easy,0.8305048942565918
high_overlap_easy,0.8403154611587524
high_overlap_easy,0.6419320106506348
high_overlap_easy,0.6650853157043457
high_overlap_easy,0.7679682970046997
high_overlap_easy,0.6756435632705688
high_overlap_easy,0.8896771669387817
high_overlap_easy,0.8107497096061707
high_overlap_easy,0.8702723979949951
high_overlap_easy,0.7186420559883118
high_overlap_easy,0.8611904382705688
high_overlap_easy,0.5652050375938416
high_overlap_easy,0.5680544972419739
high_overlap_easy,0.8611713647842407
high_overlap_easy,0.8607078790664673
high_overlap_easy,0.6683061718940735
high_overlap_easy,0.7164169549942017
high_overlap_easy,0.5961610674858093
high_overlap_easy,0.7760376334190369
high_overlap_easy,0.5821953415870667
high_overlap_easy,0.6941078901290894
high_overlap_easy,0.8283941745758057
high_overlap_easy,0.6297315359115601
high_overlap_easy,0.7712598443031311
high_overlap_easy,0.7961121797561646
high_overlap_easy,0.6227996349334717
high_overlap_easy,0.6939585208892822
high_overlap_easy,0.8886581659317017
high_overlap_easy,0.7869759798049927
high_overlap_easy,0.9306696057319641
high_overlap_easy,0.7050031423568726
high_overlap_easy,0.7998045086860657
high_overlap_easy,0.7347158193588257
high_overlap_easy,0.6977512836456299
high_overlap_easy,0.4281998872756958
high_overlap_easy,0.7420162558555603
high_overlap_easy,0.7495747804641724
high_overlap_easy,0.8259261250495911
high_overlap_easy,0.8677282929420471
high_overlap_easy,0.5476595759391785
high_overlap_easy,0.9414322376251221
high_overlap_easy,0.7913143634796143
high_overlap_easy,0.6748443245887756
high_overlap_easy,0.7408645153045654
high_overlap_easy,0.7449420094490051
high_overlap_easy,0.7234468460083008
high_overlap_easy,0.7302131652832031
high_overlap_easy,0.8258703947067261
high_overlap_easy,0.48241227865219116
high_overlap_easy,0.6864689588546753
high_overlap_easy,0.6943199038505554
high_overlap_easy,0.7502438426017761
high_overlap_easy,0.8460707664489746
high_overlap_easy,0.8748044967651367
high_overlap_easy,0.6597180962562561
high_overlap_easy,0.9048632979393005
high_overlap_easy,0.7876047492027283
high_overlap_easy,0.7688120007514954
high_overlap_easy,0.7307103872299194
high_overlap_easy,0.7348366379737854
high_overlap_easy,0.8320592641830444
high_overlap_easy,0.5426806807518005
high_overlap_easy,0.678535521030426
high_overlap_easy,0.6154664754867554
high_overlap_easy,0.7906083464622498
high_overlap_easy,0.8193439841270447
high_overlap_easy,0.8482031226158142
high_overlap_easy,0.6495503783226013
high_overlap_easy,0.7473016381263733
high_overlap_easy,0.88932204246521
high_overlap_easy,0.7138932943344116
high_overlap_easy,0.8381736278533936
high_overlap_easy,0.8067701458930969
high_overlap_easy,0.7617179751396179
high_overlap_easy,0.801257848739624
high_overlap_easy,0.5954983830451965
high_overlap_easy,0.7517714500427246
high_overlap_easy,0.7604526877403259
high_overlap_easy,0.726320207118988
high_overlap_easy,0.611355721950531
high_overlap_easy,0.6589300036430359
high_overlap_easy,0.5415147542953491
high_overlap_easy,0.8019319772720337
high_overlap_easy,0.7947260737419128
high_overlap_easy,0.7504091262817383
high_overlap_easy,0.7479627728462219
high_overlap_easy,0.7027601003646851
high_overlap_easy,0.745658814907074
high_overlap_easy,0.6462942957878113
high_overlap_easy,0.49718689918518066
high_overlap_easy,0.5624807476997375
high_overlap_easy,0.6823892593383789
high_overlap_easy,0.8804199695587158
high_overlap_easy,0.7686207890510559
high_overlap_easy,0.7226953506469727
high_overlap_easy,0.7773792743682861
high_overlap_easy,0.7794187068939209
high_overlap_easy,0.7530002593994141
high_overlap_easy,0.5903927683830261
high_overlap_easy,0.5279227495193481
high_overlap_easy,0.7428720593452454
high_overlap_easy,0.5755136013031006
high_overlap_easy,0.6263524293899536
high_overlap_easy,0.6289131045341492
high_overlap_easy,0.7675911784172058
high_overlap_easy,0.6504601240158081
high_overlap_easy,0.6725794672966003
high_overlap_easy,0.5259892344474792
high_overlap_easy,0.6488462686538696
high_overlap_easy,0.6793308854103088
high_overlap_easy,0.7681796550750732
high_overlap_easy,0.7036743760108948
high_overlap_easy,0.6831966042518616
high_overlap_easy,0.6315039992332458
high_overlap_easy,0.6547437310218811
high_overlap_easy,0.4916076958179474
high_overlap_easy,0.7689677476882935
high_overlap_easy,0.5345024466514587
high_overlap_easy,0.6036655902862549
high_overlap_easy,0.5385916829109192
high_overlap_easy,0.7165952920913696
high_overlap_easy,0.7717280983924866
high_overlap_easy,0.7030996084213257
high_overlap_easy,0.6547437310218811
high_overlap_easy,0.4916076958179474
high_overlap_easy,0.7689677476882935
high_overlap_easy,0.5345024466514587
high_overlap_easy,0.6036655902862549
high_overlap_easy,0.5385916829109192
high_overlap_easy,0.7165952920913696
high_overlap_easy,0.7717280983924866
high_overlap_easy,0.7030996084213257
high_overlap_easy,0.6547437310218811
high_overlap_easy,0.7476653456687927
high_overlap_easy,0.9088216423988342
high_overlap_easy,0.6547437310218811
high_overlap_easy,0.7476653456687927
high_overlap_easy,0.9088216423988342
high_overlap_easy,0.6547437310218811
high_overlap_easy,0.800296425819397
high_overlap_easy,0.9088216423988342
high_overlap_easy,0.39222559332847595
high_overlap_easy,0.5589122176170349
high_overlap_easy,0.8785188794136047
high_overlap_easy,0.5551180839538574
high_overlap_easy,0.6014029383659363
high_overlap_easy,0.5182441473007202
high_overlap_easy,0.5834648013114929
high_overlap_easy,0.7390117645263672
high_overlap_easy,0.7641550898551941
high_overlap_easy,0.6943573355674744
high_overlap_easy,0.7338661551475525
high_overlap_easy,0.6566014289855957
high_overlap_easy,0.8249311447143555
high_overlap_easy,0.5172475576400757
high_overlap_easy,0.8613405227661133
high_overlap_easy,0.7281739115715027
high_overlap_easy,0.779197633266449
high_overlap_easy,0.7627913355827332
high_overlap_easy,0.856108546257019
high_overlap_easy,0.8292577266693115
high_overlap_easy,0.61380934715271
high_overlap_easy,0.904643714427948
high_overlap_easy,0.6869519352912903
high_overlap_easy,0.7414546608924866
high_overlap_easy,0.8049692511558533
high_overlap_easy,0.7784106135368347
high_overlap_easy,0.562240481376648
high_overlap_easy,0.857749342918396
high_overlap_easy,0.5200483202934265
high_overlap_easy,0.7268424034118652
high_overlap_easy,0.49873584508895874
high_overlap_easy,0.8584502935409546
high_overlap_easy,0.7472281455993652
high_overlap_easy,0.5274618268013
high_overlap_easy,0.5425466895103455
high_overlap_easy,0.6162657737731934
high_overlap_easy,0.5740401148796082
high_overlap_easy,0.7984135746955872
high_overlap_easy,0.8315643668174744
high_overlap_easy,0.8668924570083618
high_overlap_easy,0.46995723247528076
high_overlap_easy,0.6888622641563416
high_overlap_easy,0.7795469760894775
high_overlap_easy,0.7853009700775146
high_overlap_easy,0.6996303200721741
high_overlap_easy,0.7900034189224243
high_overlap_easy,0.7758087515830994
high_overlap_easy,0.8494688272476196
high_overlap_easy,0.8430126905441284
high_overlap_easy,0.8920876383781433
high_overlap_easy,0.7070124745368958
high_overlap_easy,0.886642336845398
high_overlap_easy,0.7468154430389404
high_overlap_easy,0.4724173843860626
high_overlap_easy,0.629938542842865
high_overlap_easy,0.8401265740394592
high_overlap_easy,0.4503503441810608
high_overlap_easy,0.5877465605735779
high_overlap_easy,0.7757623791694641
high_overlap_easy,0.5029199123382568
high_overlap_easy,0.5350818037986755
high_overlap_easy,0.6657854914665222
high_overlap_easy,0.6869170069694519
high_overlap_easy,0.8390097618103027
high_overlap_easy,0.929561197757721
high_overlap_easy,0.8853697180747986
high_overlap_easy,0.8641819953918457
high_overlap_easy,0.8833861947059631
high_overlap_easy,0.6313895583152771
high_overlap_easy,0.6914659142494202
high_overlap_easy,0.7830101847648621
high_overlap_easy,0.511704683303833
high_overlap_easy,0.6822299957275391
high_overlap_easy,0.5372285842895508
high_overlap_easy,0.6333068609237671
high_overlap_easy,0.5216048359870911
high_overlap_easy,0.736591637134552
high_overlap_easy,0.8197464942932129
high_overlap_easy,0.8946236968040466
high_overlap_easy,0.8325085639953613
high_overlap_easy,0.8322417736053467
high_overlap_easy,0.787699818611145
high_overlap_easy,0.7165110111236572
high_overlap_easy,0.7966347336769104
high_overlap_easy,0.7656182646751404
high_overlap_easy,0.830409824848175
high_overlap_easy,0.7956169843673706
high_overlap_easy,0.8858473896980286
high_overlap_easy,0.9042872190475464
high_overlap_easy,0.8122828602790833
high_overlap_easy,0.8248512744903564
high_overlap_easy,0.8293787837028503
high_overlap_easy,0.8371760845184326
high_overlap_easy,0.8763443231582642
high_overlap_easy,0.7849987745285034
high_overlap_easy,0.8648548722267151
high_overlap_easy,0.8854163885116577
high_overlap_easy,0.9361196160316467
high_overlap_easy,0.8420259952545166
high_overlap_easy,0.6146683096885681
high_overlap_easy,0.8428388833999634
high_overlap_easy,0.8761537075042725
high_overlap_easy,0.7943212389945984
high_overlap_easy,0.5954654812812805
high_overlap_easy,0.8790691494941711
high_overlap_easy,0.9021701216697693
high_overlap_easy,0.8173749446868896
high_overlap_easy,0.7957367300987244
high_overlap_easy,0.5898494124412537
high_overlap_easy,0.7844618558883667
high_overlap_easy,0.8281717300415039
high_overlap_easy,0.70946204662323
high_overlap_easy,0.7600756883621216
high_overlap_easy,0.8048638701438904
high_overlap_easy,0.862120509147644
high_overlap_easy,0.7576523423194885
high_overlap_easy,0.6393136382102966
high_overlap_easy,0.6173368692398071
high_overlap_easy,0.7562593221664429
high_overlap_easy,0.7598876953125
high_overlap_easy,0.8924971222877502
high_overlap_easy,0.8124275803565979
high_overlap_easy,0.6862428188323975
high_overlap_easy,0.8570538759231567
high_overlap_easy,0.6859802007675171
high_overlap_easy,0.6304795742034912
high_overlap_easy,0.7841619253158569
high_overlap_easy,0.5902631282806396
high_overlap_easy,0.7209728360176086
high_overlap_easy,0.5407885313034058
high_overlap_easy,0.6373710632324219
high_overlap_easy,0.6245630979537964
high_overlap_easy,0.681405246257782
high_overlap_easy,0.6956586837768555
high_overlap_easy,0.60992431640625
high_overlap_easy,0.5736846923828125
high_overlap_easy,0.6518145203590393
high_overlap_easy,0.6739921569824219
high_overlap_easy,0.7216541767120361
high_overlap_easy,0.5669606924057007
high_overlap_easy,0.7325356006622314
high_overlap_easy,0.761928379535675
high_overlap_easy,0.6009310483932495
high_overlap_easy,0.6826756596565247
high_overlap_easy,0.913976788520813
high_overlap_easy,0.8282142877578735
high_overlap_easy,0.7751657366752625
high_overlap_easy,0.8008928298950195
high_overlap_easy,0.840990424156189
high_overlap_easy,0.737653374671936
high_overlap_easy,0.7710568904876709
high_overlap_easy,0.8041397929191589
high_overlap_easy,0.7801279425621033
high_overlap_easy,0.8617860674858093
high_overlap_easy,0.7582455277442932
high_overlap_easy,0.7297383546829224
high_overlap_easy,0.71511310338974
high_overlap_easy,0.4546225666999817
high_overlap_easy,0.7513769865036011
high_overlap_easy,0.8773002624511719
high_overlap_easy,0.7499087452888489
high_overlap_easy,0.6223635673522949
high_overlap_easy,0.6869369149208069
high_overlap_easy,0.7794592380523682
high_overlap_easy,0.7246633768081665
high_overlap_easy,0.8450245261192322
high_overlap_easy,0.731891393661499
high_overlap_easy,0.8058689832687378
high_overlap_easy,0.7758919596672058
high_overlap_easy,0.7730178833007812
high_overlap_easy,0.7340385913848877
high_overlap_easy,0.8786559104919434
high_overlap_easy,0.774482011795044
high_overlap_easy,0.7460331916809082
high_overlap_easy,0.6706274747848511
high_overlap_easy,0.7942931652069092
high_overlap_easy,0.5771592855453491
high_overlap_easy,0.5461006164550781
high_overlap_easy,0.7625605463981628
high_overlap_easy,0.7038116455078125
high_overlap_easy,0.4988502264022827
high_overlap_easy,0.6531925797462463
high_overlap_easy,0.8069548606872559
high_overlap_easy,0.684605598449707
high_overlap_easy,0.7488845586776733
high_overlap_easy,0.6125293374061584
high_overlap_easy,0.7449771165847778
high_overlap_easy,0.644994854927063
high_overlap_easy,0.7153465747833252
high_overlap_easy,0.7549905180931091
high_overlap_easy,0.7996339797973633
high_overlap_easy,0.6721881031990051
high_overlap_easy,0.8088983297348022
high_overlap_easy,0.7673229575157166
high_overlap_easy,0.6946311593055725
high_overlap_easy,0.5874977707862854
high_overlap_easy,0.4894796907901764
high_overlap_easy,0.5729225277900696
high_overlap_easy,0.790132462978363
high_overlap_easy,0.7398757934570312
high_overlap_easy,0.5460256934165955
high_overlap_easy,0.5787094235420227
high_overlap_easy,0.7392441034317017
high_overlap_easy,0.7992516160011292
high_overlap_easy,0.5215528011322021
high_overlap_easy,0.6225442290306091
high_overlap_easy,0.6786338090896606
high_overlap_easy,0.7681770920753479
high_overlap_easy,0.8807486891746521
high_overlap_easy,0.7666810154914856
high_overlap_easy,0.788177490234375
high_overlap_easy,0.6115595102310181
high_overlap_easy,0.8804622292518616
high_overlap_easy,0.9018867611885071
high_overlap_easy,0.8874409198760986
high_overlap_easy,0.5669282078742981
high_overlap_easy,0.5892935395240784
high_overlap_easy,0.8532847762107849
high_overlap_easy,0.8237183094024658
high_overlap_easy,0.7941678166389465
high_overlap_easy,0.7810618877410889
high_overlap_easy,0.8045889139175415
high_overlap_easy,0.7132057547569275
high_overlap_easy,0.5716460943222046
high_overlap_easy,0.610405445098877
high_overlap_easy,0.5597658157348633
high_overlap_easy,0.6374284029006958
high_overlap_easy,0.7916646599769592
high_overlap_easy,0.7836660742759705
high_overlap_easy,0.7595282793045044
high_overlap_easy,0.6026067137718201
high_overlap_easy,0.6115788221359253
high_overlap_easy,0.7604983448982239
high_overlap_easy,0.8249594569206238
high_overlap_easy,0.7725905179977417
high_overlap_easy,0.7335106134414673
high_overlap_easy,0.803327202796936
high_overlap_easy,0.6592674851417542
high_overlap_easy,0.709922730922699
high_overlap_easy,0.763766884803772
high_overlap_easy,0.7788102626800537
high_overlap_easy,0.7448743581771851
high_overlap_easy,0.7521507143974304
high_overlap_easy,0.85558021068573
high_overlap_easy,0.8869399428367615
high_overlap_easy,0.9059857130050659
high_overlap_easy,0.6561658382415771
high_overlap_easy,0.5836955308914185
high_overlap_easy,0.7380632162094116
high_overlap_easy,0.5779290199279785
high_overlap_easy,0.8419923782348633
high_overlap_easy,0.8108721971511841
high_overlap_easy,0.7996811866760254
high_overlap_easy,0.6261275410652161
high_overlap_easy,0.8293605446815491
high_overlap_easy,0.4784553647041321
high_overlap_easy,0.9124676585197449
high_overlap_easy,0.6884301900863647
high_overlap_easy,0.7072086334228516
high_overlap_easy,0.7950009107589722
high_overlap_easy,0.7983943223953247
high_overlap_easy,0.7276458740234375
high_overlap_easy,0.904933512210846
high_overlap_easy,0.8690212368965149
high_overlap_easy,0.8848932385444641
high_overlap_easy,0.8386139273643494
high_overlap_easy,0.8922591805458069
high_overlap_easy,0.8556082248687744
high_overlap_easy,0.9322447180747986
high_overlap_easy,0.8960031270980835
high_overlap_easy,0.8080399036407471
high_overlap_easy,0.9215182065963745
high_overlap_easy,0.6862860918045044
high_overlap_easy,0.7321903705596924
high_overlap_easy,0.8269439935684204
high_overlap_easy,0.6891834139823914
high_overlap_easy,0.7056362628936768
high_overlap_easy,0.7968213558197021
high_overlap_easy,0.6000530123710632
high_overlap_easy,0.7116218209266663
high_overlap_easy,0.7699037194252014
high_overlap_easy,0.8144925832748413
high_overlap_easy,0.8820266723632812
high_overlap_easy,0.8015463948249817
high_overlap_easy,0.8474883437156677
high_overlap_easy,0.5342863202095032
high_overlap_easy,0.5049192309379578
high_overlap_easy,0.4879838824272156
high_overlap_easy,0.6490597724914551
high_overlap_easy,0.5393708944320679
high_overlap_easy,0.5223509669303894
high_overlap_easy,0.8358156681060791
high_overlap_easy,0.8093388676643372
high_overlap_easy,0.7516618967056274
high_overlap_easy,0.8212100267410278
high_overlap_easy,0.7393792271614075
high_overlap_easy,0.8905542492866516
high_overlap_easy,0.825969934463501
high_overlap_easy,0.837726891040802
high_overlap_easy,0.8877121210098267
high_overlap_easy,0.8188860416412354
high_overlap_easy,0.6863418221473694
high_overlap_easy,0.7942654490470886
high_overlap_easy,0.773451566696167
high_overlap_easy,0.641051709651947
high_overlap_easy,0.8487504720687866
high_overlap_easy,0.7595450282096863
high_overlap_easy,0.7164165377616882
high_overlap_easy,0.7480795383453369
high_overlap_easy,0.8326735496520996
high_overlap_easy,0.889320969581604
high_overlap_easy,0.8119907975196838
high_overlap_easy,0.6059372425079346
high_overlap_easy,0.6115833520889282
high_overlap_easy,0.7560555934906006
high_overlap_easy,0.7181258797645569
high_overlap_easy,0.6404485702514648
high_overlap_easy,0.8065258264541626
high_overlap_easy,0.9160428047180176
high_overlap_easy,0.8860668540000916
high_overlap_easy,0.7817827463150024
high_overlap_easy,0.7214679718017578
high_overlap_easy,0.6938538551330566
high_overlap_easy,0.7641366124153137
high_overlap_easy,0.7345032691955566
high_overlap_easy,0.6656439304351807
high_overlap_easy,0.7840514183044434
high_overlap_easy,0.6604799628257751
high_overlap_easy,0.8609308004379272
high_overlap_easy,0.7262387275695801
high_overlap_easy,0.8456302881240845
high_overlap_easy,0.7837586402893066
high_overlap_easy,0.782565712928772
high_overlap_easy,0.6018918752670288
high_overlap_easy,0.5757541656494141
high_overlap_easy,0.5829391479492188
high_overlap_easy,0.6423832774162292
high_overlap_easy,0.5947064161300659
high_overlap_easy,0.8629432320594788
high_overlap_easy,0.6640564799308777
high_overlap_easy,0.6855560541152954
high_overlap_easy,0.5615221261978149
high_overlap_easy,0.7202601432800293
high_overlap_easy,0.5765167474746704
high_overlap_easy,0.5297996401786804
high_overlap_easy,0.7546923160552979
high_overlap_easy,0.8307024240493774
high_overlap_easy,0.9011807441711426
high_overlap_easy,0.7040066123008728
high_overlap_easy,0.7794660925865173
high_overlap_easy,0.8333982229232788
high_overlap_easy,0.8222837448120117
high_overlap_easy,0.7763832211494446
high_overlap_easy,0.8127790093421936
high_overlap_easy,0.7638457417488098
high_overlap_easy,0.7033447623252869
high_overlap_easy,0.9175487160682678
high_overlap_easy,0.8197791576385498
high_overlap_easy,0.8705852627754211
high_overlap_easy,0.8694674968719482
high_overlap_easy,0.8335465788841248
high_overlap_easy,0.8334749937057495
high_overlap_easy,0.6461858153343201
high_overlap_easy,0.7954847812652588
high_overlap_easy,0.6173176169395447
high_overlap_easy,0.49831444025039673
high_overlap_easy,0.7878574728965759
high_overlap_easy,0.7024422883987427
high_overlap_easy,0.683247447013855
high_overlap_easy,0.6843842267990112
high_overlap_easy,0.4763253331184387
high_overlap_easy,0.7426784634590149
high_overlap_easy,0.6450494527816772
high_overlap_easy,0.6121314764022827
high_overlap_easy,0.6154864430427551
high_overlap_easy,0.6632689237594604
high_overlap_easy,0.6798726320266724
high_overlap_easy,0.6554272174835205
high_overlap_easy,0.5824485421180725
high_overlap_easy,0.8564340472221375
high_overlap_easy,0.5207743048667908
high_overlap_easy,0.6131478548049927
high_overlap_easy,0.5780689120292664
high_overlap_easy,0.8313696980476379
high_overlap_easy,0.8102564215660095
high_overlap_easy,0.8662133812904358
high_overlap_easy,0.693840742111206
high_overlap_easy,0.7749348282814026
high_overlap_easy,0.6344064474105835
high_overlap_easy,0.6011164784431458
high_overlap_easy,0.5116620659828186
high_overlap_easy,0.6854402422904968
high_overlap_easy,0.7811936140060425
high_overlap_easy,0.7129889726638794
high_overlap_easy,0.6033680438995361
high_overlap_easy,0.7334479093551636
high_overlap_easy,0.9337504506111145
high_overlap_easy,0.7039728164672852
high_overlap_easy,0.8869233727455139
high_overlap_easy,0.8663794994354248
high_overlap_easy,0.7461221814155579
high_overlap_easy,0.7476900815963745
high_overlap_easy,0.6900562047958374
high_overlap_easy,0.7960090041160583
high_overlap_easy,0.7335677146911621
high_overlap_easy,0.61709064245224
high_overlap_easy,0.8676573038101196
high_overlap_easy,0.7294536232948303
high_overlap_easy,0.8097575306892395
high_overlap_easy,0.7519268989562988
high_overlap_easy,0.5277884006500244
high_overlap_easy,0.8156498074531555
high_overlap_easy,0.8414000272750854
high_overlap_easy,0.6991111636161804
high_overlap_easy,0.436722069978714
high_overlap_easy,0.7085928916931152
high_overlap_easy,0.7160481214523315
high_overlap_easy,0.8662071228027344
high_overlap_easy,0.6548271179199219
high_overlap_easy,0.9217531085014343
high_overlap_easy,0.8832241296768188
high_overlap_easy,0.884609580039978
high_overlap_easy,0.6996607780456543
high_overlap_easy,0.810732364654541
high_overlap_easy,0.6990988850593567
high_overlap_easy,0.8063067197799683
high_overlap_easy,0.5545119643211365
high_overlap_easy,0.705004096031189
high_overlap_easy,0.5934311747550964
high_overlap_easy,0.7621046304702759
high_overlap_easy,0.6643478274345398
high_overlap_easy,0.6810088157653809
high_overlap_easy,0.6253530979156494
high_overlap_easy,0.4903576672077179
high_overlap_easy,0.8379178643226624
high_overlap_easy,0.7957687973976135
high_overlap_easy,0.8265793919563293
high_overlap_easy,0.46682363748550415
high_overlap_easy,0.68804931640625
high_overlap_easy,0.841572642326355
high_overlap_easy,0.6471614837646484
high_overlap_easy,0.7737970948219299
high_overlap_easy,0.7960802316665649
high_overlap_easy,0.7407419681549072
high_overlap_easy,0.772053062915802
high_overlap_easy,0.7538452744483948
high_overlap_easy,0.6320277452468872
high_overlap_easy,0.8075666427612305
high_overlap_easy,0.8118571043014526
high_overlap_easy,0.8851912021636963
high_overlap_easy,0.7921360731124878
high_overlap_easy,0.8427345752716064
high_overlap_easy,0.8900406360626221
high_overlap_easy,0.6881095767021179
high_overlap_easy,0.8326098918914795
high_overlap_easy,0.8517274856567383
high_overlap_easy,0.898688793182373
high_overlap_easy,0.8305926322937012
high_overlap_easy,0.8946947455406189
high_overlap_easy,0.7795259356498718
high_overlap_easy,0.7302801012992859
high_overlap_easy,0.6453953981399536
high_overlap_easy,0.5365514159202576
high_overlap_easy,0.7463858723640442
high_overlap_easy,0.8400204181671143
high_overlap_easy,0.7325246930122375
high_overlap_easy,0.8197011947631836
high_overlap_easy,0.8396784663200378
high_overlap_easy,0.8294366598129272
high_overlap_easy,0.6750179529190063
high_overlap_easy,0.8164305090904236
high_overlap_easy,0.7476280331611633
high_overlap_easy,0.8448261618614197
high_overlap_easy,0.8879212737083435
high_overlap_easy,0.8913247585296631
high_overlap_easy,0.7051087021827698
high_overlap_easy,0.8269377946853638
high_overlap_easy,0.8700436353683472
high_overlap_easy,0.8280626535415649
high_overlap_easy,0.5816816687583923
high_overlap_easy,0.5681143999099731
high_overlap_easy,0.635722815990448
high_overlap_easy,0.690837025642395
high_overlap_easy,0.6122972965240479
high_overlap_easy,0.7375832200050354
high_overlap_easy,0.8031835556030273
high_overlap_easy,0.8210529685020447
high_overlap_easy,0.7289733290672302
high_overlap_easy,0.9101236462593079
high_overlap_easy,0.8551012277603149
high_overlap_easy,0.6375672817230225
high_overlap_easy,0.6828516721725464
high_overlap_easy,0.634074330329895
high_overlap_easy,0.5081349015235901
high_overlap_easy,0.5261706709861755
high_overlap_easy,0.6881104707717896
high_overlap_easy,0.6827657222747803
high_overlap_easy,0.8123672008514404
high_overlap_easy,0.7268164157867432
high_overlap_easy,0.539730966091156
high_overlap_easy,0.7182161808013916
high_overlap_easy,0.583092212677002
high_overlap_easy,0.5831390619277954
high_overlap_easy,0.7237460017204285
high_overlap_easy,0.7124320864677429
high_overlap_easy,0.6072764992713928
high_overlap_easy,0.6946452260017395
high_overlap_easy,0.854982852935791
high_overlap_easy,0.5431005954742432
high_overlap_easy,0.5156398415565491
high_overlap_easy,0.8326101899147034
high_overlap_easy,0.7689197659492493
high_overlap_easy,0.6967295408248901
high_overlap_easy,0.6776284575462341
high_overlap_easy,0.5300191640853882
high_overlap_easy,0.6273053884506226
high_overlap_easy,0.7771016359329224
high_overlap_easy,0.6636336445808411
high_overlap_easy,0.787896454334259
high_overlap_easy,0.4867714047431946
high_overlap_easy,0.9384569525718689
high_overlap_easy,0.8699701428413391
high_overlap_easy,0.5855688452720642
high_overlap_easy,0.8086698055267334
high_overlap_easy,0.5448867082595825
high_overlap_easy,0.5450284481048584
high_overlap_easy,0.5483119487762451
high_overlap_easy,0.6623613834381104
high_overlap_easy,0.8435616493225098
high_overlap_easy,0.7642202377319336
high_overlap_easy,0.8480847477912903
high_overlap_easy,0.7722197771072388
high_overlap_easy,0.6225870847702026
high_overlap_easy,0.7690342664718628
high_overlap_easy,0.8678625226020813
high_overlap_easy,0.8176077604293823
high_overlap_easy,0.455039918422699
high_overlap_easy,0.4678117036819458
high_overlap_easy,0.7608162760734558
high_overlap_easy,0.6557818651199341
high_overlap_easy,0.5415976643562317
high_overlap_easy,0.9273733496665955
high_overlap_easy,0.5026592016220093
high_overlap_easy,0.7202206254005432
high_overlap_easy,0.6343541741371155
high_overlap_easy,0.8389768600463867
high_overlap_easy,0.7152694463729858
high_overlap_easy,0.7210949063301086
high_overlap_easy,0.6804732084274292
high_overlap_easy,0.5828115940093994
high_overlap_easy,0.8492884635925293
high_overlap_easy,0.8661995530128479
high_overlap_easy,0.741563081741333
high_overlap_easy,0.7046419978141785
high_overlap_easy,0.5083460807800293
high_overlap_easy,0.6306710243225098
high_overlap_easy,0.5078864693641663
high_overlap_easy,0.626512885093689
high_overlap_easy,0.5547608137130737
high_overlap_easy,0.5934796333312988
high_overlap_easy,0.564821720123291
high_overlap_easy,0.8463732600212097
high_overlap_easy,0.8228051662445068
high_overlap_easy,0.6076065897941589
high_overlap_easy,0.8356196880340576
high_overlap_easy,0.7256032228469849
high_overlap_easy,0.8211671113967896
high_overlap_easy,0.8717746734619141
high_overlap_easy,0.6511334180831909
high_overlap_easy,0.8059758543968201
high_overlap_easy,0.7804623246192932
high_overlap_easy,0.8899979591369629
high_overlap_easy,0.8217439651489258
high_overlap_easy,0.6982547640800476
high_overlap_easy,0.46944090723991394
high_overlap_easy,0.7805449366569519
high_overlap_easy,0.7921508550643921
high_overlap_easy,0.8460924029350281
high_overlap_easy,0.8955153822898865
high_overlap_easy,0.8934987783432007
high_overlap_easy,0.7223384976387024
high_overlap_easy,0.8986679911613464
high_overlap_easy,0.8883106708526611
high_overlap_easy,0.8472080826759338
high_overlap_easy,0.7404031753540039
high_overlap_easy,0.835643470287323
high_overlap_easy,0.8515115976333618
high_overlap_easy,0.820107102394104
high_overlap_easy,0.8188503384590149
high_overlap_easy,0.8173927068710327
high_overlap_easy,0.7354505658149719
high_overlap_easy,0.8386719226837158
high_overlap_easy,0.6711122989654541
high_overlap_easy,0.7596083879470825
high_overlap_easy,0.8343954682350159
high_overlap_easy,0.8705049157142639
high_overlap_easy,0.8732155561447144
high_overlap_easy,0.8909952044487
high_overlap_easy,0.9135274291038513
high_overlap_easy,0.873386800289154
high_overlap_easy,0.7020455598831177
high_overlap_easy,0.7447414398193359
high_overlap_easy,0.5611928701400757
high_overlap_easy,0.5666495561599731
high_overlap_easy,0.7039139270782471
high_overlap_easy,0.7869075536727905
high_overlap_easy,0.8079460859298706
high_overlap_easy,0.5293768644332886
high_overlap_easy,0.7888033390045166
high_overlap_easy,0.6805539131164551
high_overlap_easy,0.8159359693527222
high_overlap_easy,0.8234761357307434
high_overlap_easy,0.7609350681304932
high_overlap_easy,0.6289247274398804
high_overlap_easy,0.8399644494056702
high_overlap_easy,0.7843523025512695
high_overlap_easy,0.8829312324523926
high_overlap_easy,0.8041738271713257
high_overlap_easy,0.810127854347229
high_overlap_easy,0.653538703918457
high_overlap_easy,0.8168244361877441
high_overlap_easy,0.7209264039993286
high_overlap_easy,0.7243748903274536
high_overlap_easy,0.6417537927627563
high_overlap_easy,0.7504088878631592
high_overlap_easy,0.7544094324111938
high_overlap_easy,0.8898390531539917
high_overlap_easy,0.7405768632888794
high_overlap_easy,0.6118028163909912
high_overlap_easy,0.8597254753112793
high_overlap_easy,0.8972196578979492
high_overlap_easy,0.7357401847839355
high_overlap_easy,0.7923104763031006
high_overlap_easy,0.6478710174560547
high_overlap_easy,0.7657292485237122
high_overlap_easy,0.7714132070541382
high_overlap_easy,0.5036712884902954
high_overlap_easy,0.5864957571029663
high_overlap_easy,0.6441185474395752
high_overlap_easy,0.45042672753334045
high_overlap_easy,0.5594682693481445
high_overlap_easy,0.6418800950050354
high_overlap_easy,0.7911139130592346
high_overlap_easy,0.5626628398895264
high_overlap_easy,0.6078510880470276
high_overlap_easy,0.8151426315307617
high_overlap_easy,0.5934600830078125
high_overlap_easy,0.593770444393158
high_overlap_easy,0.5082117915153503
high_overlap_easy,0.7136953473091125
high_overlap_easy,0.7079443335533142
high_overlap_easy,0.6689908504486084
high_overlap_easy,0.6125561594963074
high_overlap_easy,0.6210033297538757
high_overlap_easy,0.5192488431930542
high_overlap_easy,0.806888997554779
high_overlap_easy,0.783907949924469
high_overlap_easy,0.6996169090270996
high_overlap_easy,0.5822421908378601
high_overlap_easy,0.7893708348274231
high_overlap_easy,0.5633677244186401
high_overlap_easy,0.4714123010635376
high_overlap_easy,0.5888643860816956
high_overlap_easy,0.6130095720291138
high_overlap_easy,0.5125790238380432
high_overlap_easy,0.47476819157600403
high_overlap_easy,0.8179569840431213
high_overlap_easy,0.701330840587616
high_overlap_easy,0.7496813535690308
high_overlap_easy,0.7906299829483032
high_overlap_easy,0.5575140118598938
high_overlap_easy,0.6312001943588257
high_overlap_easy,0.6651144027709961
high_overlap_easy,0.5813981890678406
high_overlap_easy,0.7378597855567932
high_overlap_easy,0.7976294159889221
high_overlap_easy,0.6351505517959595
high_overlap_easy,0.5545123219490051
high_overlap_easy,0.4598795771598816
high_overlap_easy,0.5370601415634155
high_overlap_easy,0.5520036220550537
high_overlap_easy,0.839043378829956
high_overlap_easy,0.5308424234390259
high_overlap_easy,0.8057575225830078
high_overlap_easy,0.8186106085777283
high_overlap_easy,0.8321090936660767
high_overlap_easy,0.8120476007461548
high_overlap_easy,0.7983573079109192
high_overlap_easy,0.64536452293396
high_overlap_easy,0.6612750291824341
high_overlap_easy,0.7545248866081238
high_overlap_easy,0.8918741941452026
high_overlap_easy,0.686554491519928
high_overlap_easy,0.6392107605934143
high_overlap_easy,0.7200698256492615
high_overlap_easy,0.7030957937240601
high_overlap_easy,0.770162045955658
high_overlap_easy,0.7834233045578003
high_overlap_easy,0.7904812097549438
high_overlap_easy,0.889377772808075
high_overlap_easy,0.8438917398452759
high_overlap_easy,0.8288428783416748
high_overlap_easy,0.8207746744155884
high_overlap_easy,0.7281844615936279
high_overlap_easy,0.73866868019104
high_overlap_easy,0.9397252798080444
high_overlap_easy,0.6694878935813904
high_overlap_easy,0.7597782611846924
high_overlap_easy,0.6985042095184326
high_overlap_easy,0.7390962839126587
high_overlap_easy,0.5945547819137573
high_overlap_easy,0.6005347967147827
high_overlap_easy,0.7271099090576172
high_overlap_easy,0.7172648906707764
high_overlap_easy,0.8780400156974792
high_overlap_easy,0.8639017343521118
high_overlap_easy,0.8532140254974365
high_overlap_easy,0.8749566674232483
high_overlap_easy,0.7248354554176331
high_overlap_easy,0.7246960401535034
high_overlap_easy,0.8096591234207153
high_overlap_easy,0.8585774302482605
high_overlap_easy,0.795244574546814
high_overlap_easy,0.8420591950416565
high_overlap_easy,0.8187124729156494
high_overlap_easy,0.7651951313018799
high_overlap_easy,0.7660298347473145
high_overlap_easy,0.7013687491416931
high_overlap_easy,0.5544589757919312
high_overlap_easy,0.47367164492607117
high_overlap_easy,0.8275442719459534
high_overlap_easy,0.7530447244644165
high_overlap_easy,0.7331942319869995
high_overlap_easy,0.5265141725540161
high_overlap_easy,0.7841761112213135
high_overlap_easy,0.7259010076522827
high_overlap_easy,0.8429486751556396
high_overlap_easy,0.8635270595550537
high_overlap_easy,0.8625006675720215
high_overlap_easy,0.7435833811759949
high_overlap_easy,0.651121199131012
high_overlap_easy,0.7619608640670776
high_overlap_easy,0.6438632011413574
high_overlap_easy,0.8278478384017944
high_overlap_easy,0.717758297920227
high_overlap_easy,0.7603673338890076
high_overlap_easy,0.764333963394165
high_overlap_easy,0.656791090965271
high_overlap_easy,0.5733399987220764
high_overlap_easy,0.8359706997871399
high_overlap_easy,0.7461437582969666
high_overlap_easy,0.7549368739128113
high_overlap_easy,0.7301554083824158
high_overlap_easy,0.8027116060256958
high_overlap_easy,0.8366090655326843
high_overlap_easy,0.7974308133125305
high_overlap_easy,0.8056392073631287
high_overlap_easy,0.8372106552124023
high_overlap_easy,0.8023481965065002
high_overlap_easy,0.8329166769981384
high_overlap_easy,0.6478965282440186
high_overlap_easy,0.7974638342857361
high_overlap_easy,0.6980238556861877
high_overlap_easy,0.7879683375358582
high_overlap_easy,0.5609134435653687
high_overlap_easy,0.8015471696853638
high_overlap_easy,0.5624472498893738
high_overlap_easy,0.7302154302597046
high_overlap_easy,0.7878562808036804
high_overlap_easy,0.6903855204582214
high_overlap_easy,0.6962292194366455
high_overlap_easy,0.6588805317878723
high_overlap_easy,0.737683117389679
high_overlap_easy,0.7528688311576843
high_overlap_easy,0.766754686832428
high_overlap_easy,0.46482259035110474
high_overlap_easy,0.7747676372528076
high_overlap_easy,0.8125460147857666
high_overlap_easy,0.8505415320396423
high_overlap_easy,0.7536507844924927
high_overlap_easy,0.8309284448623657
high_overlap_easy,0.8977670669555664
high_overlap_easy,0.7045698761940002
high_overlap_easy,0.803229570388794
high_overlap_easy,0.5897469520568848
high_overlap_easy,0.8260273933410645
high_overlap_easy,0.6566987037658691
high_overlap_easy,0.7119094729423523
high_overlap_easy,0.5528503656387329
high_overlap_easy,0.773215651512146
high_overlap_easy,0.7421413064002991
high_overlap_easy,0.7917775511741638
high_overlap_easy,0.8872618675231934
high_overlap_easy,0.8855597972869873
high_overlap_easy,0.8493770360946655
high_overlap_easy,0.8642285466194153
high_overlap_easy,0.6921093463897705
high_overlap_easy,0.7768195867538452
high_overlap_easy,0.6095000505447388
high_overlap_easy,0.6253988742828369
high_overlap_easy,0.8173718452453613
high_overlap_easy,0.5894489288330078
high_overlap_easy,0.7051732540130615
high_overlap_easy,0.697176992893219
high_overlap_easy,0.534076988697052
high_overlap_easy,0.6141555905342102
high_overlap_easy,0.6018509864807129
high_overlap_easy,0.5619499683380127
high_overlap_easy,0.6730506420135498
high_overlap_easy,0.5712652206420898
high_overlap_easy,0.5676407217979431
high_overlap_easy,0.6214382648468018
high_overlap_easy,0.8291139602661133
high_overlap_easy,0.5916110277175903
high_overlap_easy,0.6705568432807922
high_overlap_easy,0.6949789524078369
high_overlap_easy,0.8899352550506592
high_overlap_easy,0.7510519027709961
high_overlap_easy,0.8526719808578491
high_overlap_easy,0.8708478212356567
high_overlap_easy,0.799011766910553
high_overlap_easy,0.7876473665237427
high_overlap_easy,0.6982533931732178
high_overlap_easy,0.7541108131408691
high_overlap_easy,0.7997270822525024
high_overlap_easy,0.6092728972434998
high_overlap_easy,0.6765211820602417
high_overlap_easy,0.82082599401474
high_overlap_easy,0.6471580266952515
high_overlap_easy,0.47756442427635193
high_overlap_easy,0.8142794370651245
high_overlap_easy,0.6765344142913818
high_overlap_easy,0.5011141300201416
high_overlap_easy,0.6484863758087158
high_overlap_easy,0.4749530553817749
high_overlap_easy,0.8265700936317444
high_overlap_easy,0.8425769805908203
high_overlap_easy,0.8998350501060486
high_overlap_easy,0.8415441513061523
high_overlap_easy,0.7490277886390686
high_overlap_easy,0.814433217048645
high_overlap_easy,0.8974956274032593
high_overlap_easy,0.7628234028816223
high_overlap_easy,0.491064190864563
high_overlap_easy,0.7549392580986023
high_overlap_easy,0.7756485342979431
high_overlap_easy,0.853251039981842
high_overlap_easy,0.8387628197669983
high_overlap_easy,0.7863182425498962
high_overlap_easy,0.8583939075469971
high_overlap_easy,0.6965851783752441
high_overlap_easy,0.7294255495071411
high_overlap_easy,0.6282284259796143
high_overlap_easy,0.7415482401847839
high_overlap_easy,0.5415346622467041
high_overlap_easy,0.5853539109230042
high_overlap_easy,0.8322244882583618
high_overlap_easy,0.7300422191619873
high_overlap_easy,0.7758970856666565
high_overlap_easy,0.7607190608978271
high_overlap_easy,0.5848634839057922
high_overlap_easy,0.6889544725418091
high_overlap_easy,0.5245079398155212
high_overlap_easy,0.7021596431732178
high_overlap_easy,0.8534791469573975
high_overlap_easy,0.8246593475341797
high_overlap_easy,0.824959397315979
high_overlap_easy,0.8683095574378967
high_overlap_easy,0.6197556853294373
high_overlap_easy,0.8190146088600159
high_overlap_easy,0.8432650566101074
high_overlap_easy,0.897249698638916
high_overlap_easy,0.8446020483970642
high_overlap_easy,0.7881112694740295
high_overlap_easy,0.7225785255432129
high_overlap_easy,0.8522937893867493
high_overlap_easy,0.921368420124054
high_overlap_easy,0.8742200136184692
high_overlap_easy,0.8428557515144348
high_overlap_easy,0.872962236404419
high_overlap_easy,0.8656708002090454
high_overlap_easy,0.8100014328956604
high_overlap_easy,0.7488672733306885
high_overlap_easy,0.7120220065116882
high_overlap_easy,0.7178115248680115
high_overlap_easy,0.8281518816947937
high_overlap_easy,0.680338978767395
high_overlap_easy,0.8088722825050354
high_overlap_easy,0.8005368709564209
high_overlap_easy,0.7499572038650513
high_overlap_easy,0.6306101679801941
high_overlap_easy,0.6714114546775818
high_overlap_easy,0.6298587322235107
high_overlap_easy,0.5266338586807251
high_overlap_easy,0.622327983379364
high_overlap_easy,0.5883068442344666
high_overlap_easy,0.6565802097320557
high_overlap_easy,0.6095036268234253
high_overlap_easy,0.6652910709381104
high_overlap_easy,0.6353797316551208
high_overlap_easy,0.537102997303009
high_overlap_easy,0.7298317551612854
high_overlap_easy,0.7751065492630005
high_overlap_easy,0.5791829228401184
high_overlap_easy,0.8953962922096252
high_overlap_easy,0.8711872100830078
high_overlap_easy,0.8372997045516968
high_overlap_easy,0.7730422019958496
high_overlap_easy,0.7779947519302368
high_overlap_easy,0.8035988211631775
high_overlap_easy,0.6348915696144104
high_overlap_easy,0.9000678658485413
high_overlap_easy,0.660725474357605
high_overlap_easy,0.7143608331680298
high_overlap_easy,0.6822226643562317
high_overlap_easy,0.8464540839195251
high_overlap_easy,0.8420282602310181
high_overlap_easy,0.6223229765892029
high_overlap_easy,0.8491054773330688
high_overlap_easy,0.8384641408920288
high_overlap_easy,0.7783145308494568
high_overlap_easy,0.7581804394721985
high_overlap_easy,0.735214114189148
high_overlap_easy,0.8818854689598083
high_overlap_easy,0.8877130150794983
high_overlap_easy,0.7354084849357605
high_overlap_easy,0.7596390247344971
high_overlap_easy,0.8065792918205261
high_overlap_easy,0.7415165901184082
high_overlap_easy,0.6307047605514526
high_overlap_easy,0.7853147387504578
high_overlap_easy,0.7855900526046753
high_overlap_easy,0.5489823222160339
high_overlap_easy,0.5746928453445435
high_overlap_easy,0.5892046689987183
high_overlap_easy,0.915005087852478
high_overlap_easy,0.7830711007118225
high_overlap_easy,0.7202834486961365
high_overlap_easy,0.9271465539932251
high_overlap_easy,0.6954938769340515
high_overlap_easy,0.7896174788475037
high_overlap_easy,0.7549782991409302
high_overlap_easy,0.8138877153396606
high_overlap_easy,0.720818042755127
high_overlap_easy,0.6503475308418274
high_overlap_easy,0.8014611005783081
high_overlap_easy,0.8221424221992493
high_overlap_easy,0.7827059030532837
high_overlap_easy,0.612433135509491
high_overlap_easy,0.7679078578948975
high_overlap_easy,0.8474480509757996
high_overlap_easy,0.746749758720398
high_overlap_easy,0.7456356287002563
high_overlap_easy,0.7626321911811829
high_overlap_easy,0.7558441162109375
high_overlap_easy,0.4744454324245453
high_overlap_easy,0.7081688046455383
high_overlap_easy,0.8844192028045654
high_overlap_easy,0.6583163738250732
high_overlap_easy,0.714443027973175
high_overlap_easy,0.7484855055809021
high_overlap_easy,0.7926406264305115
high_overlap_easy,0.7476392388343811
high_overlap_easy,0.7647298574447632
high_overlap_easy,0.5689185857772827
high_overlap_easy,0.7975290417671204
high_overlap_easy,0.7728416919708252
high_overlap_easy,0.8720332384109497
high_overlap_easy,0.8568651676177979
high_overlap_easy,0.7792184948921204
high_overlap_easy,0.526416540145874
high_overlap_easy,0.797378420829773
high_overlap_easy,0.8215265274047852
high_overlap_easy,0.8262444138526917
high_overlap_easy,0.699268102645874
high_overlap_easy,0.8218828439712524
high_overlap_easy,0.7160860896110535
high_overlap_easy,0.7925557494163513
high_overlap_easy,0.7191671133041382
high_overlap_easy,0.6495230793952942
high_overlap_easy,0.7187709808349609
high_overlap_easy,0.7397266030311584
high_overlap_easy,0.7274760007858276
high_overlap_easy,0.8820453882217407
high_overlap_easy,0.862913966178894
high_overlap_easy,0.6537179946899414
high_overlap_easy,0.49949973821640015
high_overlap_easy,0.5231577754020691
high_overlap_easy,0.6958749294281006
high_overlap_easy,0.7668502330780029
high_overlap_easy,0.6874924302101135
high_overlap_easy,0.6623115539550781
high_overlap_easy,0.8606132864952087
high_overlap_easy,0.6875953674316406
high_overlap_easy,0.853600800037384
high_overlap_easy,0.9087817668914795
high_overlap_easy,0.9373528361320496
high_overlap_easy,0.8865633606910706
high_overlap_easy,0.7958464622497559
high_overlap_easy,0.8392292261123657
high_overlap_easy,0.8756553530693054
high_overlap_easy,0.7971746921539307
high_overlap_easy,0.8558682203292847
high_overlap_easy,0.7996955513954163
high_overlap_easy,0.9055964350700378
high_overlap_easy,0.7650412917137146
high_overlap_easy,0.8065829873085022
high_overlap_easy,0.7491124272346497
high_overlap_easy,0.8656251430511475
high_overlap_easy,0.866788387298584
high_overlap_easy,0.8940935730934143
high_overlap_easy,0.8638992309570312
high_overlap_easy,0.6829447746276855
high_overlap_easy,0.7924047112464905
high_overlap_easy,0.8874226212501526
high_overlap_easy,0.731526792049408
high_overlap_easy,0.8349531888961792
high_overlap_easy,0.800842821598053
high_overlap_easy,0.7843664288520813
high_overlap_easy,0.9202399849891663
high_overlap_easy,0.8389490842819214
high_overlap_easy,0.9268897771835327
high_overlap_easy,0.9150571823120117
high_overlap_easy,0.7339209318161011
high_overlap_easy,0.767192542552948
high_overlap_easy,0.7630136609077454
high_overlap_easy,0.7427496910095215
high_overlap_easy,0.8053352236747742
high_overlap_easy,0.867272138595581
high_overlap_easy,0.7622566223144531
high_overlap_easy,0.7309464812278748
high_overlap_easy,0.5494852066040039
high_overlap_easy,0.6316556930541992
high_overlap_easy,0.46607765555381775
high_overlap_easy,0.8586556315422058
high_overlap_easy,0.8610208034515381
high_overlap_easy,0.7164246439933777
high_overlap_easy,0.8045600652694702
high_overlap_easy,0.8420135974884033
high_overlap_easy,0.8478641510009766
high_overlap_easy,0.903577446937561
high_overlap_easy,0.9108891487121582
high_overlap_easy,0.8495448231697083
high_overlap_easy,0.7345134019851685
high_overlap_easy,0.668127179145813
high_overlap_easy,0.6459546685218811
high_overlap_easy,0.717938244342804
high_overlap_easy,0.8502506017684937
high_overlap_easy,0.7501869201660156
high_overlap_easy,0.8014352321624756
high_overlap_easy,0.8203021883964539
high_overlap_easy,0.7263515591621399
high_overlap_easy,0.7885736227035522
high_overlap_easy,0.8686082363128662
high_overlap_easy,0.9270951151847839
high_overlap_easy,0.7794714570045471
high_overlap_easy,0.8709864020347595
high_overlap_easy,0.8414589166641235
high_overlap_easy,0.8284122943878174
high_overlap_easy,0.7743725776672363
high_overlap_easy,0.8597819209098816
high_overlap_easy,0.8020848631858826
high_overlap_easy,0.747581958770752
high_overlap_easy,0.7098910808563232
high_overlap_easy,0.8972411751747131
high_overlap_easy,0.7758522033691406
high_overlap_easy,0.8019330501556396
high_overlap_easy,0.8102587461471558
high_overlap_easy,0.9075253009796143
high_overlap_easy,0.8148067593574524
high_overlap_easy,0.8241011500358582
high_overlap_easy,0.9115480184555054
high_overlap_easy,0.654814600944519
high_overlap_easy,0.6054800748825073
high_overlap_easy,0.5940073728561401
high_overlap_easy,0.6463591456413269
high_overlap_easy,0.4847121238708496
high_overlap_easy,0.7045799493789673
high_overlap_easy,0.9070841073989868
high_overlap_easy,0.7949466109275818
high_overlap_easy,0.7290950417518616
high_overlap_easy,0.8214319348335266
high_overlap_easy,0.7383418679237366
high_overlap_easy,0.6669062376022339
high_overlap_easy,0.667820155620575
high_overlap_easy,0.7093971371650696
high_overlap_easy,0.7389359474182129
high_overlap_easy,0.8423486948013306
high_overlap_easy,0.6920526623725891
high_overlap_easy,0.5939670205116272
high_overlap_easy,0.9020219445228577
high_overlap_easy,0.9079700112342834
high_overlap_easy,0.5008388161659241
high_overlap_easy,0.7659653425216675
high_overlap_easy,0.7317928671836853
high_overlap_easy,0.807694673538208
high_overlap_easy,0.8225964307785034
high_overlap_easy,0.7731268405914307
high_overlap_easy,0.8440281748771667
high_overlap_easy,0.6596786379814148
high_overlap_easy,0.719908595085144
high_overlap_easy,0.5602867007255554
high_overlap_easy,0.7256124019622803
high_overlap_easy,0.622107744216919
high_overlap_easy,0.8162900805473328
high_overlap_easy,0.6130496859550476
high_overlap_easy,0.8418459892272949
high_overlap_easy,0.7984361052513123
high_overlap_easy,0.7887805700302124
high_overlap_easy,0.6286940574645996
high_overlap_easy,0.6535279750823975
high_overlap_easy,0.5877004861831665
high_overlap_easy,0.6814109683036804
high_overlap_easy,0.6561782360076904
high_overlap_easy,0.7778977751731873
high_overlap_easy,0.699386477470398
high_overlap_easy,0.8183159828186035
high_overlap_easy,0.8420785665512085
high_overlap_easy,0.8654860258102417
high_overlap_easy,0.8439939618110657
high_overlap_easy,0.7866398096084595
high_overlap_easy,0.7345069646835327
high_overlap_easy,0.9024193286895752
high_overlap_easy,0.7724961638450623
high_overlap_easy,0.7733180522918701
high_overlap_easy,0.8643564581871033
high_overlap_easy,0.8950951099395752
high_overlap_easy,0.8833475708961487
high_overlap_easy,0.8746488690376282
high_overlap_easy,0.8316587209701538
high_overlap_easy,0.8731359839439392
high_overlap_easy,0.5491400957107544
high_overlap_easy,0.701171875
high_overlap_easy,0.7507777810096741
high_overlap_easy,0.8387126326560974
high_overlap_easy,0.8380686640739441
high_overlap_easy,0.8892577886581421
high_overlap_easy,0.6976100206375122
high_overlap_easy,0.7283183336257935
high_overlap_easy,0.49090853333473206
high_overlap_easy,0.5893405675888062
high_overlap_easy,0.8936440348625183
high_overlap_easy,0.7059616446495056
high_overlap_easy,0.5063537359237671
high_overlap_easy,0.9037474989891052
high_overlap_easy,0.6140831708908081
high_overlap_easy,0.683856725692749
high_overlap_easy,0.6973823308944702
high_overlap_easy,0.5172858834266663
high_overlap_easy,0.5344613790512085
high_overlap_easy,0.5507878661155701
high_overlap_easy,0.7221283912658691
high_overlap_easy,0.6851409077644348
high_overlap_easy,0.5000877976417542
high_overlap_easy,0.6403281092643738
high_overlap_easy,0.7025737166404724
high_overlap_easy,0.5066732168197632
high_overlap_easy,0.711162805557251
high_overlap_easy,0.5146145820617676
high_overlap_easy,0.5397481322288513
high_overlap_easy,0.5904046893119812
high_overlap_easy,0.5258693695068359
high_overlap_easy,0.7099851369857788
high_overlap_easy,0.5704628229141235
high_overlap_easy,0.6152167320251465
high_overlap_easy,0.5970392823219299
high_overlap_easy,0.5137504935264587
high_overlap_easy,0.6065594553947449
high_overlap_easy,0.7826723456382751
high_overlap_easy,0.7141605019569397
high_overlap_easy,0.7403598427772522
high_overlap_easy,0.698994517326355
high_overlap_easy,0.8667763471603394
high_overlap_easy,0.7078627347946167
high_overlap_easy,0.5680139064788818
high_overlap_easy,0.7488795518875122
high_overlap_easy,0.58548504114151
high_overlap_easy,0.870895504951477
high_overlap_easy,0.8128677010536194
high_overlap_easy,0.8177276253700256
high_overlap_easy,0.5925019383430481
high_overlap_easy,0.613943874835968
high_overlap_easy,0.6569488048553467
high_overlap_easy,0.7849124670028687
high_overlap_easy,0.8029515743255615
high_overlap_easy,0.8095343112945557
high_overlap_easy,0.7130098938941956
high_overlap_easy,0.7282436490058899
high_overlap_easy,0.5384621024131775
high_overlap_easy,0.7631548643112183
high_overlap_easy,0.8721016049385071
high_overlap_easy,0.49601951241493225
high_overlap_easy,0.6921622157096863
high_overlap_easy,0.6998609304428101
high_overlap_easy,0.44641023874282837
high_overlap_easy,0.6205542683601379
high_overlap_easy,0.6119264364242554
high_overlap_easy,0.48020532727241516
high_overlap_easy,0.622234046459198
high_overlap_easy,0.602558970451355
high_overlap_easy,0.658387303352356
high_overlap_easy,0.6532300114631653
high_overlap_easy,0.8386962413787842
high_overlap_easy,0.7498028874397278
high_overlap_easy,0.7817115783691406
high_overlap_easy,0.550343930721283
high_overlap_easy,0.6280653476715088
high_overlap_easy,0.7109624147415161
high_overlap_easy,0.7012833952903748
high_overlap_easy,0.536304235458374
high_overlap_easy,0.7419765591621399
high_overlap_easy,0.8014854788780212
high_overlap_easy,0.7215896248817444
high_overlap_easy,0.7712172269821167
high_overlap_easy,0.6258024573326111
high_overlap_easy,0.7776967287063599
high_overlap_easy,0.7457106709480286
high_overlap_easy,0.7665802240371704
high_overlap_easy,0.8233583569526672
high_overlap_easy,0.7789720296859741
high_overlap_easy,0.8128923177719116
high_overlap_easy,0.803252100944519
high_overlap_easy,0.7428693771362305
high_overlap_easy,0.8244309425354004
high_overlap_easy,0.875080406665802
high_overlap_easy,0.8814655542373657
high_overlap_easy,0.6696155071258545
high_overlap_easy,0.5015769004821777
high_overlap_easy,0.6092159748077393
high_overlap_easy,0.725181519985199
high_overlap_easy,0.6427069306373596
high_overlap_easy,0.6174392700195312
high_overlap_easy,0.6487551927566528
high_overlap_easy,0.44222307205200195
high_overlap_easy,0.6281556487083435
high_overlap_easy,0.670386791229248
high_overlap_easy,0.8048999905586243
high_overlap_easy,0.6857046484947205
high_overlap_easy,0.767403781414032
high_overlap_easy,0.5594964623451233
high_overlap_easy,0.8202904462814331
high_overlap_easy,0.7203793525695801
high_overlap_easy,0.6299589276313782
high_overlap_easy,0.5700222849845886
high_overlap_easy,0.7713723182678223
high_overlap_easy,0.5798395276069641
high_overlap_easy,0.708074152469635
high_overlap_easy,0.7514501810073853
high_overlap_easy,0.8801611065864563
high_overlap_easy,0.6743130087852478
high_overlap_easy,0.782556414604187
high_overlap_easy,0.721097469329834
high_overlap_easy,0.675847589969635
high_overlap_easy,0.682985782623291
high_overlap_easy,0.7025763392448425
high_overlap_easy,0.6988061666488647
high_overlap_easy,0.8235535025596619
high_overlap_easy,0.7974810600280762
high_overlap_easy,0.6239075660705566
high_overlap_easy,0.605926513671875
high_overlap_easy,0.8735814094543457
high_overlap_easy,0.7907224893569946
high_overlap_easy,0.5998368263244629
high_overlap_easy,0.6632434725761414
high_overlap_easy,0.4595222771167755
high_overlap_easy,0.6103482246398926
high_overlap_easy,0.7443315386772156
high_overlap_easy,0.5441651940345764
high_overlap_easy,0.7461223602294922
high_overlap_easy,0.5190374851226807
high_overlap_easy,0.7060476541519165
high_overlap_easy,0.5534231066703796
high_overlap_easy,0.8478374481201172
high_overlap_easy,0.8636152744293213
high_overlap_easy,0.5396782159805298
high_overlap_easy,0.6829237341880798
high_overlap_easy,0.5504435896873474
high_overlap_easy,0.7997738718986511
high_overlap_easy,0.7824062705039978
high_overlap_easy,0.8489778637886047
high_overlap_easy,0.8320610523223877
high_overlap_easy,0.7436856031417847
high_overlap_easy,0.6852603554725647
high_overlap_easy,0.8530600070953369
high_overlap_easy,0.6583290100097656
high_overlap_easy,0.8541067838668823
high_overlap_easy,0.8035643100738525
high_overlap_easy,0.839421272277832
high_overlap_easy,0.8850542902946472
high_overlap_easy,0.8427168726921082
high_overlap_easy,0.8676542639732361
high_overlap_easy,0.8509154915809631
high_overlap_easy,0.8739311099052429
high_overlap_easy,0.6996505260467529
high_overlap_easy,0.7923350930213928
high_overlap_easy,0.7055641412734985
high_overlap_easy,0.6314235925674438
high_overlap_easy,0.6618329286575317
high_overlap_easy,0.8656781911849976
high_overlap_easy,0.721634030342102
high_overlap_easy,0.6303187608718872
high_overlap_easy,0.7782819867134094
high_overlap_easy,0.7665700316429138
high_overlap_easy,0.5065949559211731
high_overlap_easy,0.6051956415176392
high_overlap_easy,0.6668632626533508
high_overlap_easy,0.6172358393669128
high_overlap_easy,0.5864654779434204
high_overlap_easy,0.6163887977600098
high_overlap_easy,0.6173763275146484
high_overlap_easy,0.8008917570114136
high_overlap_easy,0.7699277997016907
high_overlap_easy,0.8796758651733398
high_overlap_easy,0.8988004326820374
high_overlap_easy,0.7542018294334412
high_overlap_easy,0.8856186270713806
high_overlap_easy,0.6403804421424866
high_overlap_easy,0.838966965675354
high_overlap_easy,0.9302326440811157
high_overlap_easy,0.8669382333755493
high_overlap_easy,0.9059639573097229
high_overlap_easy,0.9245778918266296
high_overlap_easy,0.9049535393714905
high_overlap_easy,0.9538078308105469
high_overlap_easy,0.8690923452377319
high_overlap_easy,0.865730881690979
high_overlap_easy,0.9537756443023682
high_overlap_easy,0.9448435306549072
high_overlap_easy,0.9177452921867371
high_overlap_easy,0.9081448316574097
high_overlap_easy,0.8853309750556946
high_overlap_easy,0.8871886730194092
high_overlap_easy,0.8964308500289917
high_overlap_easy,0.89780193567276
high_overlap_easy,0.9092715382575989
high_overlap_easy,0.9157521724700928
high_overlap_easy,0.8828624486923218
high_overlap_easy,0.9314708709716797
high_overlap_easy,0.9127438068389893
high_overlap_easy,0.9611203670501709
high_overlap_easy,0.9231473803520203
high_overlap_easy,0.8925731182098389
high_overlap_easy,0.9021607637405396
high_overlap_easy,0.9211650490760803
high_overlap_easy,0.8799559473991394
high_overlap_easy,0.916202187538147
high_overlap_easy,0.9304957389831543
high_overlap_easy,0.9469760060310364
high_overlap_easy,0.9173740744590759
high_overlap_easy,0.9144182801246643
high_overlap_easy,0.8962507843971252
high_overlap_easy,0.9503629207611084
high_overlap_easy,0.8557471036911011
high_overlap_easy,0.909755289554596
high_overlap_easy,0.9264930486679077
high_overlap_easy,0.9039734601974487
high_overlap_easy,0.9403743743896484
high_overlap_easy,0.8162641525268555
high_overlap_easy,0.9304957389831543
high_overlap_easy,0.7020586729049683
high_overlap_easy,0.6981379389762878
high_overlap_easy,0.7682932615280151
high_overlap_easy,0.8392747640609741
high_overlap_easy,0.8320345878601074
high_overlap_easy,0.761775553226471
high_overlap_easy,0.8098981976509094
high_overlap_easy,0.8648539185523987
high_overlap_easy,0.8309361934661865
high_overlap_easy,0.865614116191864
high_overlap_easy,0.6107054948806763
high_overlap_easy,0.6073566675186157
high_overlap_easy,0.7434002757072449
high_overlap_easy,0.8244504332542419
high_overlap_easy,0.8239296674728394
high_overlap_easy,0.816663384437561
high_overlap_easy,0.8087465763092041
high_overlap_easy,0.8174357414245605
high_overlap_easy,0.8203935027122498
high_overlap_easy,0.8290866613388062
high_overlap_easy,0.6724451780319214
high_overlap_easy,0.8799606561660767
high_overlap_easy,0.8139837980270386
high_overlap_easy,0.7998626828193665
high_overlap_easy,0.9191249012947083
high_overlap_easy,0.7206213474273682
high_overlap_easy,0.7088751196861267
high_overlap_easy,0.7988938093185425
high_overlap_easy,0.8312848210334778
high_overlap_easy,0.8095331788063049
high_overlap_easy,0.6014728546142578
high_overlap_easy,0.7394559383392334
high_overlap_easy,0.7271183133125305
high_overlap_easy,0.7360305190086365
high_overlap_easy,0.8678262233734131
high_overlap_easy,0.7617591619491577
high_overlap_easy,0.8033019304275513
high_overlap_easy,0.8187568783760071
high_overlap_easy,0.7474063634872437
high_overlap_easy,0.759402871131897
high_overlap_easy,0.8211092948913574
high_overlap_easy,0.884426474571228
high_overlap_easy,0.8880187273025513
high_overlap_easy,0.9029291272163391
high_overlap_easy,0.766047477722168
high_overlap_easy,0.6796807646751404
high_overlap_easy,0.8347313404083252
high_overlap_easy,0.8355502486228943
high_overlap_easy,0.8636783957481384
high_overlap_easy,0.8914586901664734
high_overlap_easy,0.8765448331832886
high_overlap_easy,0.8920493125915527
high_overlap_easy,0.5520734190940857
high_overlap_easy,0.8993027210235596
high_overlap_easy,0.6652594208717346
high_overlap_easy,0.7384811043739319
high_overlap_easy,0.622226893901825
high_overlap_easy,0.7869856357574463
high_overlap_easy,0.8621017932891846
high_overlap_easy,0.7311387658119202
high_overlap_easy,0.8166383504867554
high_overlap_easy,0.7755309343338013
high_overlap_easy,0.7488596439361572
high_overlap_easy,0.8059266209602356
high_overlap_easy,0.791516125202179
high_overlap_easy,0.6850249767303467
high_overlap_easy,0.7497415542602539
high_overlap_easy,0.7889768481254578
high_overlap_easy,0.6873202919960022
high_overlap_easy,0.7305954694747925
high_overlap_easy,0.7404471039772034
high_overlap_easy,0.8199161291122437
high_overlap_easy,0.8527845740318298
high_overlap_easy,0.6141868829727173
high_overlap_easy,0.4624239504337311
high_overlap_easy,0.7841286659240723
high_overlap_easy,0.7110434174537659
high_overlap_easy,0.8641120791435242
high_overlap_easy,0.821993887424469
high_overlap_easy,0.9099948406219482
high_overlap_easy,0.6355836987495422
high_overlap_easy,0.830966591835022
high_overlap_easy,0.7464971542358398
high_overlap_easy,0.7712136507034302
high_overlap_easy,0.78464275598526
high_overlap_easy,0.7801852822303772
high_overlap_easy,0.8008874654769897
high_overlap_easy,0.8778502941131592
high_overlap_easy,0.7494138479232788
high_overlap_easy,0.8476844429969788
high_overlap_easy,0.7968795895576477
high_overlap_easy,0.827701210975647
high_overlap_easy,0.8292162418365479
high_overlap_easy,0.8370572328567505
high_overlap_easy,0.8036378622055054
high_overlap_easy,0.7693160772323608
high_overlap_easy,0.8964407444000244
high_overlap_easy,0.9412068128585815
high_overlap_easy,0.8700341582298279
high_overlap_easy,0.8732801079750061
high_overlap_easy,0.9060903787612915
high_overlap_easy,0.8584645986557007
high_overlap_easy,0.8147258758544922
high_overlap_easy,0.5999748110771179
high_overlap_easy,0.8629846572875977
high_overlap_easy,0.7384680509567261
high_overlap_easy,0.7834407687187195
high_overlap_easy,0.8499337434768677
high_overlap_easy,0.6696741580963135
high_overlap_easy,0.6612522006034851
high_overlap_easy,0.740950882434845
high_overlap_easy,0.5583198070526123
high_overlap_easy,0.8437445759773254
high_overlap_easy,0.6253359317779541
high_overlap_easy,0.7942960262298584
high_overlap_easy,0.8394805192947388
high_overlap_easy,0.8208727240562439
high_overlap_easy,0.7654991745948792
high_overlap_easy,0.9091839790344238
high_overlap_easy,0.6324523687362671
high_overlap_easy,0.7891271710395813
high_overlap_easy,0.6485940217971802
high_overlap_easy,0.8156755566596985
high_overlap_easy,0.5403507947921753
high_overlap_easy,0.7709171175956726
high_overlap_easy,0.7833671569824219
high_overlap_easy,0.5110374093055725
high_overlap_easy,0.6842352151870728
high_overlap_easy,0.775314211845398
high_overlap_easy,0.503466010093689
high_overlap_easy,0.7877548336982727
high_overlap_easy,0.782934308052063
high_overlap_easy,0.8167073130607605
high_overlap_easy,0.8681771755218506
high_overlap_easy,0.8056662678718567
high_overlap_easy,0.8535174131393433
high_overlap_easy,0.8621861338615417
high_overlap_easy,0.7995073795318604
high_overlap_easy,0.7882766127586365
high_overlap_easy,0.8353216052055359
high_overlap_easy,0.7667397260665894
high_overlap_easy,0.7990072965621948
high_overlap_easy,0.8759601712226868
high_overlap_easy,0.8205029368400574
high_overlap_easy,0.8978537917137146
high_overlap_easy,0.8115398287773132
high_overlap_easy,0.5272454023361206
high_overlap_easy,0.8678421974182129
high_overlap_easy,0.5947550535202026
high_overlap_easy,0.5121501088142395
high_overlap_easy,0.7084428071975708
high_overlap_easy,0.599024772644043
high_overlap_easy,0.5194385647773743
high_overlap_easy,0.5576061606407166
high_overlap_easy,0.8157770037651062
high_overlap_easy,0.5164114236831665
high_overlap_easy,0.6849505305290222
high_overlap_easy,0.8709651231765747
high_overlap_easy,0.6590336561203003
high_overlap_easy,0.803229033946991
high_overlap_easy,0.8543052673339844
high_overlap_easy,0.8147478103637695
high_overlap_easy,0.7017242908477783
high_overlap_easy,0.6049184799194336
high_overlap_easy,0.712185263633728
high_overlap_easy,0.7379103302955627
high_overlap_easy,0.7228485345840454
high_overlap_easy,0.5639786124229431
high_overlap_easy,0.675919771194458
high_overlap_easy,0.7164293527603149
high_overlap_easy,0.8330286741256714
high_overlap_easy,0.7680976390838623
high_overlap_easy,0.5892400741577148
high_overlap_easy,0.8596875071525574
high_overlap_easy,0.8148788809776306
high_overlap_easy,0.5540727376937866
high_overlap_easy,0.8237847685813904
high_overlap_easy,0.898223340511322
high_overlap_easy,0.8061867952346802
high_overlap_easy,0.8671780228614807
high_overlap_easy,0.8379355072975159
high_overlap_easy,0.8093814849853516
high_overlap_easy,0.9002400636672974
high_overlap_easy,0.8856151700019836
high_overlap_easy,0.8169711828231812
high_overlap_easy,0.6428900957107544
high_overlap_easy,0.4674079418182373
high_overlap_easy,0.4324401617050171
high_overlap_easy,0.5872208476066589
high_overlap_easy,0.5948589444160461
high_overlap_easy,0.7289164662361145
high_overlap_easy,0.5509814620018005
high_overlap_easy,0.7373479008674622
high_overlap_easy,0.7160085439682007
high_overlap_easy,0.649371862411499
high_overlap_easy,0.8332357406616211
high_overlap_easy,0.9222890734672546
high_overlap_easy,0.7040435671806335
high_overlap_easy,0.8467055559158325
high_overlap_easy,0.8180631399154663
high_overlap_easy,0.7557351589202881
high_overlap_easy,0.8534713387489319
high_overlap_easy,0.6590996384620667
high_overlap_easy,0.8101463317871094
high_overlap_easy,0.7130622863769531
high_overlap_easy,0.7085009217262268
high_overlap_easy,0.8023586273193359
high_overlap_easy,0.8626125454902649
high_overlap_easy,0.8372507095336914
high_overlap_easy,0.8191723823547363
high_overlap_easy,0.801609218120575
high_overlap_easy,0.8308002352714539
high_overlap_easy,0.7959477305412292
high_overlap_easy,0.804213285446167
high_overlap_easy,0.7408151030540466
high_overlap_easy,0.7906403541564941
high_overlap_easy,0.8562909960746765
high_overlap_easy,0.7026395797729492
high_overlap_easy,0.6713778972625732
high_overlap_easy,0.6462991237640381
high_overlap_easy,0.6400164365768433
high_overlap_easy,0.7539563179016113
high_overlap_easy,0.7186850905418396
high_overlap_easy,0.8490493893623352
high_overlap_easy,0.7361841797828674
high_overlap_easy,0.7818994522094727
high_overlap_easy,0.8349131941795349
high_overlap_easy,0.6747704744338989
high_overlap_easy,0.8650146126747131
high_overlap_easy,0.8956131935119629
high_overlap_easy,0.6224474906921387
high_overlap_easy,0.6843067407608032
high_overlap_easy,0.857229471206665
high_overlap_easy,0.8037847280502319
high_overlap_easy,0.5951164364814758
high_overlap_easy,0.7967438697814941
high_overlap_easy,0.6941536664962769
high_overlap_easy,0.8118890523910522
high_overlap_easy,0.893581748008728
high_overlap_easy,0.8752434253692627
high_overlap_easy,0.7100294828414917
high_overlap_easy,0.6467177271842957
high_overlap_easy,0.6320836544036865
high_overlap_easy,0.538831889629364
high_overlap_easy,0.6154207587242126
high_overlap_easy,0.7025217413902283
high_overlap_easy,0.6608434915542603
high_overlap_easy,0.5764410495758057
high_overlap_easy,0.6762736439704895
high_overlap_easy,0.8400253057479858
high_overlap_easy,0.8422715663909912
high_overlap_easy,0.5549070835113525
high_overlap_easy,0.6884039044380188
high_overlap_easy,0.5854699611663818
high_overlap_easy,0.6943498253822327
high_overlap_easy,0.4353731572628021
high_overlap_easy,0.6511273384094238
high_overlap_easy,0.5391002893447876
high_overlap_easy,0.5126599073410034
high_overlap_easy,0.5872931480407715
high_overlap_easy,0.575772762298584
high_overlap_easy,0.7958436608314514
high_overlap_easy,0.5878136157989502
high_overlap_easy,0.4771524667739868
high_overlap_easy,0.7140079140663147
high_overlap_easy,0.6364566087722778
high_overlap_easy,0.5676389336585999
high_overlap_easy,0.7342790365219116
high_overlap_easy,0.4469257891178131
high_overlap_easy,0.6565689444541931
high_overlap_easy,0.6621320843696594
high_overlap_easy,0.5249629020690918
high_overlap_easy,0.6847981810569763
high_overlap_easy,0.46073275804519653
high_overlap_easy,0.5423237681388855
high_overlap_easy,0.5951865911483765
high_overlap_easy,0.5695964097976685
high_overlap_easy,0.583298921585083
high_overlap_easy,0.7116578221321106
high_overlap_easy,0.6560033559799194
high_overlap_easy,0.64530348777771
high_overlap_easy,0.5423589944839478
high_overlap_easy,0.5006699562072754
high_overlap_easy,0.49442264437675476
high_overlap_easy,0.6601110100746155
high_overlap_easy,0.6986788511276245
high_overlap_easy,0.6120801568031311
high_overlap_easy,0.6378064751625061
high_overlap_easy,0.654504120349884
high_overlap_easy,0.6513515114784241
high_overlap_easy,0.7837021946907043
high_overlap_easy,0.8955885171890259
high_overlap_easy,0.8350544571876526
high_overlap_easy,0.9403426051139832
high_overlap_easy,0.7142800688743591
high_overlap_easy,0.6942369937896729
high_overlap_easy,0.8702514171600342
high_overlap_easy,0.8454620838165283
high_overlap_easy,0.6899222135543823
high_overlap_easy,0.8369698524475098
high_overlap_easy,0.7512843608856201
high_overlap_easy,0.8412400484085083
high_overlap_easy,0.9085724949836731
high_overlap_easy,0.8487910628318787
high_overlap_easy,0.7469455003738403
high_overlap_easy,0.8480623960494995
high_overlap_easy,0.8130249977111816
high_overlap_easy,0.8007097244262695
high_overlap_easy,0.8410627841949463
high_overlap_easy,0.8573134541511536
high_overlap_easy,0.7426260113716125
high_overlap_easy,0.7300590872764587
high_overlap_easy,0.8134801983833313
high_overlap_easy,0.7005768418312073
high_overlap_easy,0.46474435925483704
high_overlap_easy,0.7541929483413696
high_overlap_easy,0.8123661875724792
high_overlap_easy,0.6290826797485352
high_overlap_easy,0.6777573227882385
high_overlap_easy,0.7361019849777222
high_overlap_easy,0.6349620223045349
high_overlap_easy,0.9005595445632935
high_overlap_easy,0.8124964833259583
high_overlap_easy,0.7222234010696411
high_overlap_easy,0.7289477586746216
high_overlap_easy,0.798414945602417
high_overlap_easy,0.8666943907737732
high_overlap_easy,0.8062255382537842
high_overlap_easy,0.7480506300926208
high_overlap_easy,0.8476479053497314
high_overlap_easy,0.7891820073127747
high_overlap_easy,0.8011237978935242
high_overlap_easy,0.6183826923370361
high_overlap_easy,0.82967609167099
high_overlap_easy,0.7894529700279236
high_overlap_easy,0.6637963056564331
high_overlap_easy,0.4745435416698456
high_overlap_easy,0.4856732189655304
high_overlap_easy,0.45137515664100647
high_overlap_easy,0.5329563617706299
high_overlap_easy,0.5374732613563538
high_overlap_easy,0.6770844459533691
high_overlap_easy,0.8388267755508423
high_overlap_easy,0.6675719022750854
high_overlap_easy,0.47467923164367676
high_overlap_easy,0.755855143070221
high_overlap_easy,0.5488954186439514
high_overlap_easy,0.7620938420295715
high_overlap_easy,0.6253011226654053
high_overlap_easy,0.6252855062484741
high_overlap_easy,0.8219752311706543
high_overlap_easy,0.5831681489944458
high_overlap_easy,0.5041720867156982
high_overlap_easy,0.8264054656028748
high_overlap_easy,0.7881130576133728
high_overlap_easy,0.7090585827827454
high_overlap_easy,0.8169392943382263
high_overlap_easy,0.8335014581680298
high_overlap_easy,0.8908095955848694
high_overlap_easy,0.8141291737556458
high_overlap_easy,0.8056415915489197
high_overlap_easy,0.8400468826293945
high_overlap_easy,0.7561558485031128
high_overlap_easy,0.6319549083709717
high_overlap_easy,0.5254511833190918
high_overlap_easy,0.8155825138092041
high_overlap_easy,0.8439717888832092
high_overlap_easy,0.8216712474822998
high_overlap_easy,0.6750075221061707
high_overlap_easy,0.8200756311416626
high_overlap_easy,0.7991045713424683
high_overlap_easy,0.6686242818832397
high_overlap_easy,0.7167109251022339
high_overlap_easy,0.7184198498725891
high_overlap_easy,0.7078009247779846
high_overlap_easy,0.7537112832069397
high_overlap_easy,0.674312174320221
high_overlap_easy,0.5134938955307007
high_overlap_easy,0.6670082807540894
high_overlap_easy,0.8668650388717651
high_overlap_easy,0.7341971397399902
high_overlap_easy,0.785664439201355
high_overlap_easy,0.5935449600219727
high_overlap_easy,0.49943724274635315
high_overlap_easy,0.6836155652999878
high_overlap_easy,0.5068625211715698
high_overlap_easy,0.7207666039466858
high_overlap_easy,0.5069065093994141
high_overlap_easy,0.6834617257118225
high_overlap_easy,0.7396020889282227
high_overlap_easy,0.45890238881111145
high_overlap_easy,0.5269263386726379
high_overlap_easy,0.6372339725494385
high_overlap_easy,0.7362733483314514
high_overlap_easy,0.868837833404541
high_overlap_easy,0.8337305784225464
high_overlap_easy,0.6922650933265686
high_overlap_easy,0.47476714849472046
high_overlap_easy,0.47832557559013367
high_overlap_easy,0.4939645230770111
high_overlap_easy,0.47166016697883606
high_overlap_easy,0.7124588489532471
high_overlap_easy,0.7501236796379089
high_overlap_easy,0.6994034051895142
high_overlap_easy,0.7165826559066772
high_overlap_easy,0.5853586792945862
high_overlap_easy,0.538865327835083
high_overlap_easy,0.5953912734985352
high_overlap_easy,0.7495025396347046
high_overlap_easy,0.663473904132843
high_overlap_easy,0.5614460110664368
high_overlap_easy,0.47141748666763306
high_overlap_easy,0.9048426151275635
high_overlap_easy,0.7890271544456482
high_overlap_easy,0.8924301862716675
high_overlap_easy,0.8371384739875793
high_overlap_easy,0.6419676542282104
high_overlap_easy,0.6459240317344666
high_overlap_easy,0.8909716606140137
high_overlap_easy,0.7409576177597046
high_overlap_easy,0.8065831065177917
high_overlap_easy,0.7181349396705627
high_overlap_easy,0.8230381011962891
high_overlap_easy,0.9118669629096985
high_overlap_easy,0.7388321161270142
high_overlap_easy,0.7616155743598938
high_overlap_easy,0.6613366603851318
high_overlap_easy,0.6004137396812439
high_overlap_easy,0.8546945452690125
high_overlap_easy,0.854950487613678
high_overlap_easy,0.8087880611419678
high_overlap_easy,0.7241969704627991
high_overlap_easy,0.7845969796180725
high_overlap_easy,0.6357923746109009
high_overlap_easy,0.8157340288162231
high_overlap_easy,0.837640106678009
high_overlap_easy,0.7353922128677368
high_overlap_easy,0.8451821804046631
high_overlap_easy,0.7700592875480652
high_overlap_easy,0.7940000295639038
high_overlap_easy,0.6558798551559448
high_overlap_easy,0.7086355090141296
high_overlap_easy,0.8054225444793701
high_overlap_easy,0.4278365969657898
high_overlap_easy,0.6649411916732788
high_overlap_easy,0.9047011137008667
high_overlap_easy,0.9049554467201233
high_overlap_easy,0.5646878480911255
high_overlap_easy,0.7724804878234863
high_overlap_easy,0.826121985912323
high_overlap_easy,0.7419873476028442
high_overlap_easy,0.49241557717323303
high_overlap_easy,0.6026869416236877
high_overlap_easy,0.6567113995552063
high_overlap_easy,0.6796478033065796
high_overlap_easy,0.7394306063652039
high_overlap_easy,0.7356328964233398
high_overlap_easy,0.804192841053009
high_overlap_easy,0.8216018676757812
high_overlap_easy,0.8460060954093933
high_overlap_easy,0.7310739159584045
high_overlap_easy,0.8340222835540771
high_overlap_easy,0.6917041540145874
high_overlap_easy,0.7924110293388367
high_overlap_easy,0.7275490164756775
high_overlap_easy,0.7965797185897827
high_overlap_easy,0.8272659182548523
high_overlap_easy,0.8768914341926575
high_overlap_easy,0.7553252577781677
high_overlap_easy,0.7648763656616211
high_overlap_easy,0.8063130974769592
high_overlap_easy,0.6318356394767761
high_overlap_easy,0.5662241578102112
high_overlap_easy,0.5547833442687988
high_overlap_easy,0.5717219114303589
high_overlap_easy,0.8040348887443542
high_overlap_easy,0.5993819236755371
high_overlap_easy,0.6196012496948242
high_overlap_easy,0.6141555905342102
high_overlap_easy,0.5361526608467102
high_overlap_easy,0.6963506937026978
high_overlap_easy,0.7051732540130615
high_overlap_easy,0.5858630537986755
high_overlap_easy,0.8025892376899719
high_overlap_easy,0.6620705127716064
high_overlap_easy,0.7380387187004089
high_overlap_easy,0.46676576137542725
high_overlap_easy,0.454414963722229
high_overlap_easy,0.545795738697052
high_overlap_easy,0.6315683126449585
high_overlap_easy,0.8344886302947998
high_overlap_easy,0.6001610159873962
high_overlap_easy,0.7411749958992004
high_overlap_easy,0.8487281799316406
high_overlap_easy,0.7796136736869812
high_overlap_easy,0.6309821009635925
high_overlap_easy,0.7247133851051331
high_overlap_easy,0.750970184803009
high_overlap_easy,0.7500022053718567
high_overlap_easy,0.5441294312477112
high_overlap_easy,0.6832454204559326
high_overlap_easy,0.5527653694152832
high_overlap_easy,0.5897804498672485
high_overlap_easy,0.6418188810348511
high_overlap_easy,0.7018065452575684
high_overlap_easy,0.6967759728431702
high_overlap_easy,0.5277310609817505
high_overlap_easy,0.7238933444023132
high_overlap_easy,0.7781010270118713
high_overlap_easy,0.7656776309013367
high_overlap_easy,0.6941121816635132
high_overlap_easy,0.7782785892486572
high_overlap_easy,0.6189032196998596
high_overlap_easy,0.6970646381378174
high_overlap_easy,0.7723760008811951
high_overlap_easy,0.6371240019798279
high_overlap_easy,0.6626012325286865
high_overlap_easy,0.5876745581626892
high_overlap_easy,0.5593758821487427
high_overlap_easy,0.5689340829849243
high_overlap_easy,0.6327945590019226
high_overlap_easy,0.5183483362197876
high_overlap_easy,0.5565367937088013
high_overlap_easy,0.6020687818527222
high_overlap_easy,0.6413721442222595
high_overlap_easy,0.5717695355415344
high_overlap_easy,0.8298912048339844
high_overlap_easy,0.6600895524024963
high_overlap_easy,0.6056864261627197
high_overlap_easy,0.6527418494224548
high_overlap_easy,0.7313289642333984
high_overlap_easy,0.6011703014373779
high_overlap_easy,0.5397563576698303
high_overlap_easy,0.6830679774284363
high_overlap_easy,0.6706774830818176
high_overlap_easy,0.6186805367469788
high_overlap_easy,0.5131059288978577
high_overlap_easy,0.4869645833969116
high_overlap_easy,0.6420663595199585
high_overlap_easy,0.862919270992279
high_overlap_easy,0.6378005743026733
high_overlap_easy,0.5550052523612976
high_overlap_easy,0.5804221034049988
high_overlap_easy,0.6524437069892883
high_overlap_easy,0.5511833429336548
high_overlap_easy,0.7573654651641846
high_overlap_easy,0.7583487629890442
high_overlap_easy,0.786679744720459
high_overlap_easy,0.7492697834968567
high_overlap_easy,0.44620516896247864
high_overlap_easy,0.7750145196914673
high_overlap_easy,0.6363200545310974
high_overlap_easy,0.8790572285652161
high_overlap_easy,0.8523659110069275
high_overlap_easy,0.8567342162132263
high_overlap_easy,0.6724758744239807
high_overlap_easy,0.735571563243866
high_overlap_easy,0.709229588508606
high_overlap_easy,0.6271469593048096
high_overlap_easy,0.610700249671936
high_overlap_easy,0.6822344660758972
high_overlap_easy,0.722430944442749
high_overlap_easy,0.7377917766571045
high_overlap_easy,0.7807396054267883
high_overlap_easy,0.8140963315963745
high_overlap_easy,0.8700818419456482
high_overlap_easy,0.8652089238166809
high_overlap_easy,0.7300879955291748
high_overlap_easy,0.6516340374946594
high_overlap_easy,0.7824308276176453
high_overlap_easy,0.6222761273384094
high_overlap_easy,0.693955659866333
high_overlap_easy,0.6662390828132629
high_overlap_easy,0.6430010199546814
high_overlap_easy,0.7462135553359985
high_overlap_easy,0.7231603860855103
high_overlap_easy,0.6864612698554993
high_overlap_easy,0.7797539234161377
high_overlap_easy,0.7757182121276855
high_overlap_easy,0.7687475681304932
high_overlap_easy,0.8409067392349243
high_overlap_easy,0.7537999153137207
high_overlap_easy,0.7164109945297241
high_overlap_easy,0.8414179682731628
high_overlap_easy,0.7439214587211609
high_overlap_easy,0.7774412631988525
high_overlap_easy,0.7583075165748596
high_overlap_easy,0.9464386701583862
high_overlap_easy,0.9205991625785828
high_overlap_easy,0.6361750960350037
high_overlap_easy,0.5482358336448669
high_overlap_easy,0.4819508194923401
high_overlap_easy,0.6453299522399902
high_overlap_easy,0.6597172617912292
high_overlap_easy,0.5885351896286011
high_overlap_easy,0.6546710133552551
high_overlap_easy,0.6988247036933899
high_overlap_easy,0.7540664076805115
high_overlap_easy,0.8291154503822327
high_overlap_easy,0.6371476054191589
high_overlap_easy,0.593535840511322
high_overlap_easy,0.7558464407920837
high_overlap_easy,0.7241101264953613
high_overlap_easy,0.5905270576477051
high_overlap_easy,0.8048643469810486
high_overlap_easy,0.7226589918136597
high_overlap_easy,0.7445783019065857
high_overlap_easy,0.6950677037239075
high_overlap_easy,0.6926450133323669
high_overlap_easy,0.8029785752296448
high_overlap_easy,0.5038039088249207
high_overlap_easy,0.5115452408790588
high_overlap_easy,0.6006388068199158
high_overlap_easy,0.7238611578941345
high_overlap_easy,0.7257744669914246
high_overlap_easy,0.7045488953590393
high_overlap_easy,0.8075005412101746
high_overlap_easy,0.7813187837600708
high_overlap_easy,0.6713522672653198
high_overlap_easy,0.6675589680671692
high_overlap_easy,0.7075642347335815
high_overlap_easy,0.7606068849563599
high_overlap_easy,0.7902408838272095
high_overlap_easy,0.8557919859886169
high_overlap_easy,0.7785230875015259
high_overlap_easy,0.7404475212097168
high_overlap_easy,0.7290325164794922
high_overlap_easy,0.7783806920051575
high_overlap_easy,0.7582387924194336
high_overlap_easy,0.6287226676940918
high_overlap_easy,0.7206366658210754
high_overlap_easy,0.7897917032241821
high_overlap_easy,0.7219070792198181
high_overlap_easy,0.7222952842712402
high_overlap_easy,0.7482300996780396
high_overlap_easy,0.7800748944282532
high_overlap_easy,0.601996660232544
high_overlap_easy,0.6003983616828918
high_overlap_easy,0.6532971262931824
high_overlap_easy,0.674710750579834
high_overlap_easy,0.8930119276046753
high_overlap_easy,0.8903653621673584
high_overlap_easy,0.8959131240844727
high_overlap_easy,0.7858985662460327
high_overlap_easy,0.8393319845199585
high_overlap_easy,0.9003648161888123
high_overlap_easy,0.8832464814186096
high_overlap_easy,0.7574627995491028
high_overlap_easy,0.8888728618621826
high_overlap_easy,0.8149001002311707
high_overlap_easy,0.7108415365219116
high_overlap_easy,0.8192047476768494
high_overlap_easy,0.5160472989082336
high_overlap_easy,0.6732562184333801
high_overlap_easy,0.8635464310646057
high_overlap_easy,0.7490227222442627
high_overlap_easy,0.6103088855743408
high_overlap_easy,0.7275363206863403
high_overlap_easy,0.5172869563102722
high_overlap_easy,0.7267093658447266
high_overlap_easy,0.7271647453308105
high_overlap_easy,0.5022790431976318
high_overlap_easy,0.6880282759666443
high_overlap_easy,0.6903611421585083
high_overlap_easy,0.4337824881076813
high_overlap_easy,0.7383362054824829
high_overlap_easy,0.7941091656684875
high_overlap_easy,0.7114613652229309
high_overlap_easy,0.8773000240325928
high_overlap_easy,0.7969342470169067
high_overlap_easy,0.9077281355857849
high_overlap_easy,0.8047192096710205
high_overlap_easy,0.6640901565551758
high_overlap_easy,0.6673084497451782
high_overlap_easy,0.7400554418563843
high_overlap_easy,0.8881860375404358
high_overlap_easy,0.8102307915687561
high_overlap_easy,0.5273928046226501
high_overlap_easy,0.8047787547111511
high_overlap_easy,0.8336334228515625
high_overlap_easy,0.8490628004074097
high_overlap_easy,0.7442920207977295
high_overlap_easy,0.58952796459198
high_overlap_easy,0.6033554673194885
high_overlap_easy,0.7929858565330505
high_overlap_easy,0.5902629494667053
high_overlap_easy,0.7679661512374878
high_overlap_easy,0.8203603029251099
high_overlap_easy,0.8089978694915771
high_overlap_easy,0.8380780816078186
high_overlap_easy,0.6852073073387146
high_overlap_easy,0.7250218987464905
high_overlap_easy,0.6155902147293091
high_overlap_easy,0.7459852695465088
high_overlap_easy,0.7512511610984802
high_overlap_easy,0.6574879288673401
high_overlap_easy,0.5861985683441162
high_overlap_easy,0.8055742383003235
high_overlap_easy,0.7754034996032715
high_overlap_easy,0.7295958995819092
high_overlap_easy,0.5987427234649658
high_overlap_easy,0.6378748416900635
high_overlap_easy,0.7861802577972412
high_overlap_easy,0.5670058131217957
high_overlap_easy,0.8812583684921265
high_overlap_easy,0.8566259145736694
high_overlap_easy,0.6869445443153381
high_overlap_easy,0.7048889398574829
high_overlap_easy,0.5215080380439758
high_overlap_easy,0.8712630867958069
high_overlap_easy,0.7760711312294006
high_overlap_easy,0.7965401411056519
high_overlap_easy,0.868619441986084
high_overlap_easy,0.9180107712745667
high_overlap_easy,0.9133888483047485
high_overlap_easy,0.9119822382926941
high_overlap_easy,0.7420865297317505
high_overlap_easy,0.8093801140785217
high_overlap_easy,0.8086968660354614
high_overlap_easy,0.8001984357833862
high_overlap_easy,0.7611603140830994
high_overlap_easy,0.8329162001609802
high_overlap_easy,0.8654457926750183
high_overlap_easy,0.7766188979148865
high_overlap_easy,0.8370007276535034
high_overlap_easy,0.49301767349243164
high_overlap_easy,0.470947802066803
high_overlap_easy,0.46690019965171814
high_overlap_easy,0.5496118068695068
high_overlap_easy,0.49245673418045044
high_overlap_easy,0.635127604007721
high_overlap_easy,0.5948057174682617
high_overlap_easy,0.8203557133674622
high_overlap_easy,0.7704257965087891
high_overlap_easy,0.8210625648498535
high_overlap_easy,0.8665586709976196
high_overlap_easy,0.5278857350349426
high_overlap_easy,0.5354280471801758
high_overlap_easy,0.6379032135009766
high_overlap_easy,0.6380876898765564
high_overlap_easy,0.7080981731414795
high_overlap_easy,0.6028397679328918
high_overlap_easy,0.6535308361053467
high_overlap_easy,0.4542860686779022
high_overlap_easy,0.7767034769058228
high_overlap_easy,0.6215734481811523
high_overlap_easy,0.5633429288864136
high_overlap_easy,0.6135590672492981
high_overlap_easy,0.595377504825592
high_overlap_easy,0.48469361662864685
high_overlap_easy,0.5272355675697327
high_overlap_easy,0.7147573232650757
high_overlap_easy,0.7365392446517944
high_overlap_easy,0.5909165143966675
high_overlap_easy,0.5478046536445618
high_overlap_easy,0.5873120427131653
high_overlap_easy,0.6723996996879578
high_overlap_easy,0.5094121098518372
high_overlap_easy,0.8085137605667114
high_overlap_easy,0.7007260322570801
high_overlap_easy,0.7803312540054321
high_overlap_easy,0.6371464133262634
high_overlap_easy,0.7227398157119751
high_overlap_easy,0.5979419350624084
high_overlap_easy,0.5332543849945068
high_overlap_easy,0.6449174284934998
high_overlap_easy,0.5991382002830505
high_overlap_easy,0.6959150433540344
high_overlap_easy,0.6319546699523926
high_overlap_easy,0.5935541391372681
multi_org_balanced,0.8847973346710205
multi_org_balanced,0.9293879866600037
multi_org_balanced,0.8700300455093384
multi_org_balanced,0.9686814546585083
multi_org_balanced,0.9486641883850098
multi_org_balanced,0.7871410846710205
multi_org_balanced,0.8410594463348389
multi_org_balanced,0.9207171201705933
multi_org_balanced,0.8722928762435913
multi_org_balanced,0.7957841157913208
multi_org_balanced,0.9638817310333252
multi_org_balanced,0.9341137409210205
multi_org_balanced,0.5953457951545715
multi_org_balanced,0.7681681513786316
multi_org_balanced,0.6958572268486023
multi_org_balanced,0.9201599359512329
multi_org_balanced,0.8441754579544067
multi_org_balanced,0.8572177886962891
multi_org_balanced,0.6982191801071167
multi_org_balanced,0.65279620885849
multi_org_balanced,0.6059316396713257
multi_org_balanced,0.6640830636024475
multi_org_balanced,0.584729015827179
multi_org_balanced,0.6110424995422363
multi_org_balanced,0.7469863891601562
multi_org_balanced,0.601168155670166
multi_org_balanced,0.7159026861190796
multi_org_balanced,0.7923553586006165
multi_org_balanced,0.7092675566673279
multi_org_balanced,0.5994539856910706
multi_org_balanced,0.8457868099212646
multi_org_balanced,0.6327012777328491
multi_org_balanced,0.7613123059272766
multi_org_balanced,0.6851416230201721
multi_org_balanced,0.653404951095581
multi_org_balanced,0.6657524108886719
multi_org_balanced,0.8425872921943665
multi_org_balanced,0.7770673036575317
multi_org_balanced,0.718752384185791
multi_org_balanced,0.6461024880409241
multi_org_balanced,0.6904105544090271
multi_org_balanced,0.6612976789474487
multi_org_balanced,0.8601792454719543
multi_org_balanced,0.7884534597396851
multi_org_balanced,0.7134367823600769
multi_org_balanced,0.6446251273155212
multi_org_balanced,0.5583672523498535
multi_org_balanced,0.9495532512664795
multi_org_balanced,0.8509114980697632
multi_org_balanced,0.867530345916748
multi_org_balanced,0.5923699140548706
multi_org_balanced,0.76978600025177
multi_org_balanced,0.7693833112716675
multi_org_balanced,0.8674148321151733
multi_org_balanced,0.8364582657814026
multi_org_balanced,0.7306571006774902
multi_org_balanced,0.578858494758606
multi_org_balanced,0.7416177988052368
multi_org_balanced,0.9584751725196838
multi_org_balanced,0.6039656400680542
multi_org_balanced,0.6633150577545166
multi_org_balanced,0.8675602078437805
multi_org_balanced,0.9719948768615723
multi_org_balanced,0.969143271446228
multi_org_balanced,0.7540540099143982
multi_org_balanced,0.9525101184844971
multi_org_balanced,0.9325132966041565
multi_org_balanced,0.930038571357727
multi_org_balanced,0.8481113910675049
multi_org_balanced,0.915456235408783
multi_org_balanced,0.9428589940071106
multi_org_balanced,0.9469068646430969
multi_org_balanced,0.9795902967453003
multi_org_balanced,0.9572350978851318
multi_org_balanced,0.8517345190048218
multi_org_balanced,0.9373636245727539
multi_org_balanced,0.9442417621612549
multi_org_balanced,0.9654828310012817
multi_org_balanced,0.9383936524391174
multi_org_balanced,0.9412575364112854
multi_org_balanced,0.779555082321167
multi_org_balanced,0.6645644307136536
multi_org_balanced,0.6746061444282532
multi_org_balanced,0.6493968963623047
multi_org_balanced,0.8368848562240601
multi_org_balanced,0.9523776769638062
multi_org_balanced,0.7950336933135986
multi_org_balanced,0.8633850812911987
multi_org_balanced,0.9658066034317017
multi_org_balanced,0.9627624750137329
multi_org_balanced,0.9699551463127136
multi_org_balanced,0.9812342524528503
multi_org_balanced,0.9694640636444092
multi_org_balanced,0.9682255983352661
multi_org_balanced,0.9572426080703735
multi_org_balanced,0.5656329393386841
multi_org_balanced,0.5780807733535767
multi_org_balanced,0.9544241428375244
multi_org_balanced,0.9822320342063904
multi_org_balanced,0.5492770075798035
multi_org_balanced,0.974219560623169
multi_org_balanced,0.9730295538902283
multi_org_balanced,0.9349451661109924
multi_org_balanced,0.9670639634132385
multi_org_balanced,0.9664726257324219
multi_org_balanced,0.9601496458053589
multi_org_balanced,0.9597769379615784
multi_org_balanced,0.9148600101470947
multi_org_balanced,0.9148309826850891
multi_org_balanced,0.9515520334243774
multi_org_balanced,0.9174607992172241
multi_org_balanced,0.9745736122131348
multi_org_balanced,0.9701371192932129
multi_org_balanced,0.8972328305244446
multi_org_balanced,0.9657713770866394
multi_org_balanced,0.9397135972976685
multi_org_balanced,0.9621009230613708
multi_org_balanced,0.9718425869941711
multi_org_balanced,0.8902190327644348
multi_org_balanced,0.9043582677841187
multi_org_balanced,0.9671293497085571
multi_org_balanced,0.9799949526786804
multi_org_balanced,0.9689371585845947
multi_org_balanced,0.9615678191184998
multi_org_balanced,0.6159236431121826
multi_org_balanced,0.9557324647903442
multi_org_balanced,0.9313337206840515
multi_org_balanced,0.9745657444000244
multi_org_balanced,0.951594352722168
multi_org_balanced,0.8630529046058655
multi_org_balanced,0.895712673664093
multi_org_balanced,0.9766285419464111
multi_org_balanced,0.9462223649024963
multi_org_balanced,0.9386916756629944
multi_org_balanced,0.9827477931976318
multi_org_balanced,0.8993939757347107
multi_org_balanced,0.9448222517967224
multi_org_balanced,0.8381112813949585
multi_org_balanced,0.8831585645675659
multi_org_balanced,0.952026903629303
multi_org_balanced,0.8278490900993347
multi_org_balanced,0.9541347026824951
multi_org_balanced,0.9742474555969238
multi_org_balanced,0.982282280921936
multi_org_balanced,0.9383253455162048
multi_org_balanced,0.871369481086731
multi_org_balanced,0.8473466038703918
multi_org_balanced,0.9434505105018616
multi_org_balanced,0.9447879791259766
multi_org_balanced,0.9776768088340759
multi_org_balanced,0.8736435174942017
multi_org_balanced,0.972870945930481
multi_org_balanced,0.9640252590179443
multi_org_balanced,0.9122863411903381
multi_org_balanced,0.9466196298599243
multi_org_balanced,0.971129834651947
multi_org_balanced,0.8928089737892151
multi_org_balanced,0.9535008668899536
multi_org_balanced,0.9684115052223206
multi_org_balanced,0.9584362506866455
multi_org_balanced,0.9685762524604797
multi_org_balanced,0.9457319378852844
multi_org_balanced,0.9706558585166931
multi_org_balanced,0.7668246626853943
multi_org_balanced,0.9570446610450745
multi_org_balanced,0.945131778717041
multi_org_balanced,0.9814821481704712
multi_org_balanced,0.9639162421226501
multi_org_balanced,0.9541464447975159
multi_org_balanced,0.9189012050628662
multi_org_balanced,0.5672568082809448
multi_org_balanced,0.940205454826355
multi_org_balanced,0.9791229367256165
multi_org_balanced,0.9016846418380737
multi_org_balanced,0.9669325351715088
multi_org_balanced,0.9470851421356201
multi_org_balanced,0.8472930192947388
multi_org_balanced,0.9765284657478333
multi_org_balanced,0.9452059268951416
multi_org_balanced,0.9747565984725952
multi_org_balanced,0.972299337387085
multi_org_balanced,0.9484519362449646
multi_org_balanced,0.9712957739830017
multi_org_balanced,0.9380831718444824
multi_org_balanced,0.9139806628227234
multi_org_balanced,0.651533842086792
multi_org_balanced,0.9593820571899414
multi_org_balanced,0.9565843343734741
multi_org_balanced,0.9414584040641785
multi_org_balanced,0.8667058944702148
multi_org_balanced,0.6766880750656128
multi_org_balanced,0.680842936038971
multi_org_balanced,0.8792164921760559
multi_org_balanced,0.9074767231941223
multi_org_balanced,0.7947733998298645
multi_org_balanced,0.8375562429428101
multi_org_balanced,0.5981189608573914
multi_org_balanced,0.7671319842338562
multi_org_balanced,0.7428951263427734
multi_org_balanced,0.9643075466156006
multi_org_balanced,0.9002086520195007
multi_org_balanced,0.7473344802856445
multi_org_balanced,0.9601579904556274
multi_org_balanced,0.6169601678848267
multi_org_balanced,0.5729352831840515
multi_org_balanced,0.9204518795013428
multi_org_balanced,0.9524443745613098
multi_org_balanced,0.5926929116249084
multi_org_balanced,0.7064033150672913
multi_org_balanced,0.6546192765235901
multi_org_balanced,0.6605837345123291
multi_org_balanced,0.7042548656463623
multi_org_balanced,0.8561661243438721
multi_org_balanced,0.7275850176811218
multi_org_balanced,0.884560227394104
multi_org_balanced,0.7102358937263489
multi_org_balanced,0.5205073952674866
multi_org_balanced,0.6559498310089111
multi_org_balanced,0.6230916976928711
multi_org_balanced,0.8168603181838989
multi_org_balanced,0.6216578483581543
multi_org_balanced,0.6222270131111145
multi_org_balanced,0.6097854375839233
multi_org_balanced,0.8287324905395508
multi_org_balanced,0.632402777671814
multi_org_balanced,0.9232854247093201
multi_org_balanced,0.9260071516036987
multi_org_balanced,0.9377681612968445
multi_org_balanced,0.9603467583656311
multi_org_balanced,0.9574528932571411
multi_org_balanced,0.7082840204238892
multi_org_balanced,0.8549748063087463
multi_org_balanced,0.928490400314331
multi_org_balanced,0.9069904088973999
multi_org_balanced,0.9792146682739258
multi_org_balanced,0.9555034041404724
multi_org_balanced,0.8379580974578857
multi_org_balanced,0.9427071809768677
multi_org_balanced,0.9462970495223999
multi_org_balanced,0.9370361566543579
multi_org_balanced,0.9705960154533386
multi_org_balanced,0.9257891178131104
multi_org_balanced,0.918543815612793
multi_org_balanced,0.9327018857002258
multi_org_balanced,0.9807359576225281
multi_org_balanced,0.9790619611740112
multi_org_balanced,0.9682223200798035
multi_org_balanced,0.9683853387832642
multi_org_balanced,0.8871995806694031
multi_org_balanced,0.7547363638877869
multi_org_balanced,0.9487449526786804
multi_org_balanced,0.9163105487823486
multi_org_balanced,0.9303123950958252
multi_org_balanced,0.8387388586997986
multi_org_balanced,0.7162898182868958
multi_org_balanced,0.9628401398658752
multi_org_balanced,0.6251708269119263
multi_org_balanced,0.9381366968154907
multi_org_balanced,0.9699862599372864
multi_org_balanced,0.934188961982727
multi_org_balanced,0.951313316822052
multi_org_balanced,0.9769368767738342
multi_org_balanced,0.648414671421051
multi_org_balanced,0.9418464303016663
multi_org_balanced,0.8779134750366211
multi_org_balanced,0.9715020656585693
multi_org_balanced,0.9651263952255249
multi_org_balanced,0.8951435685157776
multi_org_balanced,0.9496288895606995
multi_org_balanced,0.92343670129776
multi_org_balanced,0.9855789542198181
multi_org_balanced,0.9804352521896362
multi_org_balanced,0.9707276225090027
multi_org_balanced,0.9653250575065613
multi_org_balanced,0.9876664876937866
multi_org_balanced,0.9836705327033997
multi_org_balanced,0.9505633115768433
multi_org_balanced,0.9424667954444885
multi_org_balanced,0.9512698650360107
multi_org_balanced,0.9800844192504883
multi_org_balanced,0.9815785884857178
multi_org_balanced,0.9350948333740234
multi_org_balanced,0.9681603908538818
multi_org_balanced,0.9339860677719116
multi_org_balanced,0.9019454717636108
multi_org_balanced,0.9527109265327454
multi_org_balanced,0.9414299726486206
multi_org_balanced,0.9720442295074463
multi_org_balanced,0.9505491256713867
multi_org_balanced,0.9318770170211792
multi_org_balanced,0.8299963474273682
multi_org_balanced,0.931749165058136
multi_org_balanced,0.9363521337509155
multi_org_balanced,0.9020708203315735
multi_org_balanced,0.9738377928733826
multi_org_balanced,0.927811861038208
multi_org_balanced,0.9055206775665283
multi_org_balanced,0.9192567467689514
multi_org_balanced,0.9595263600349426
multi_org_balanced,0.8924951553344727
multi_org_balanced,0.9210595488548279
multi_org_balanced,0.8650375604629517
multi_org_balanced,0.9255516529083252
multi_org_balanced,0.9659924507141113
multi_org_balanced,0.9680907726287842
multi_org_balanced,0.9582969546318054
multi_org_balanced,0.9647126197814941
multi_org_balanced,0.9433332085609436
multi_org_balanced,0.793980062007904
multi_org_balanced,0.7187091112136841
multi_org_balanced,0.644439697265625
multi_org_balanced,0.9674930572509766
multi_org_balanced,0.9715370535850525
multi_org_balanced,0.9200340509414673
multi_org_balanced,0.9497755765914917
multi_org_balanced,0.9005383849143982
multi_org_balanced,0.7035739421844482
multi_org_balanced,0.948753833770752
multi_org_balanced,0.5640849471092224
multi_org_balanced,0.9439078569412231
multi_org_balanced,0.8508565425872803
multi_org_balanced,0.8300619125366211
multi_org_balanced,0.6989899277687073
multi_org_balanced,0.9033229947090149
multi_org_balanced,0.9683231115341187
multi_org_balanced,0.8881862163543701
multi_org_balanced,0.9117971062660217
multi_org_balanced,0.9660114049911499
multi_org_balanced,0.9477365016937256
multi_org_balanced,0.969025194644928
multi_org_balanced,0.880559504032135
multi_org_balanced,0.7722054719924927
multi_org_balanced,0.9721973538398743
multi_org_balanced,0.8249893188476562
multi_org_balanced,0.7087123394012451
multi_org_balanced,0.8881884217262268
multi_org_balanced,0.918128490447998
multi_org_balanced,0.6188313364982605
multi_org_balanced,0.9056650400161743
multi_org_balanced,0.8236497044563293
multi_org_balanced,0.926490843296051
multi_org_balanced,0.9454925060272217
multi_org_balanced,0.8251570463180542
multi_org_balanced,0.9434688091278076
multi_org_balanced,0.9253479242324829
multi_org_balanced,0.9864330291748047
multi_org_balanced,0.9833040833473206
multi_org_balanced,0.9265753030776978
multi_org_balanced,0.6225394010543823
multi_org_balanced,0.9176971912384033
multi_org_balanced,0.9794660806655884
multi_org_balanced,0.9315412044525146
multi_org_balanced,0.9225897789001465
multi_org_balanced,0.8706604242324829
multi_org_balanced,0.7283253073692322
multi_org_balanced,0.9616031646728516
multi_org_balanced,0.9753158092498779
multi_org_balanced,0.9876912236213684
multi_org_balanced,0.9862816333770752
multi_org_balanced,0.9806771278381348
multi_org_balanced,0.9773757457733154
multi_org_balanced,0.9785706996917725
multi_org_balanced,0.9713701605796814
multi_org_balanced,0.9710249900817871
multi_org_balanced,0.9549760818481445
multi_org_balanced,0.7726621627807617
multi_org_balanced,0.9862433075904846
multi_org_balanced,0.9720102548599243
multi_org_balanced,0.960125207901001
multi_org_balanced,0.9607024192810059
multi_org_balanced,0.7159234285354614
multi_org_balanced,0.9188436269760132
multi_org_balanced,0.9509998559951782
multi_org_balanced,0.9553373456001282
multi_org_balanced,0.9582673907279968
multi_org_balanced,0.8943595886230469
multi_org_balanced,0.6208842992782593
multi_org_balanced,0.8490233421325684
multi_org_balanced,0.948384702205658
multi_org_balanced,0.9552309513092041
multi_org_balanced,0.9522621035575867
multi_org_balanced,0.881793200969696
multi_org_balanced,0.958378791809082
multi_org_balanced,0.8955080509185791
multi_org_balanced,0.9485210180282593
multi_org_balanced,0.968185544013977
multi_org_balanced,0.6950975060462952
multi_org_balanced,0.7432270050048828
multi_org_balanced,0.9595357775688171
multi_org_balanced,0.9057188034057617
multi_org_balanced,0.7604156732559204
multi_org_balanced,0.6690956354141235
multi_org_balanced,0.7601248025894165
multi_org_balanced,0.6223601698875427
multi_org_balanced,0.5607026815414429
multi_org_balanced,0.747844934463501
multi_org_balanced,0.6271542906761169
multi_org_balanced,0.6318166851997375
multi_org_balanced,0.832179069519043
multi_org_balanced,0.8862006068229675
multi_org_balanced,0.5812746286392212
multi_org_balanced,0.9260019063949585
multi_org_balanced,0.9760378003120422
multi_org_balanced,0.8430346846580505
multi_org_balanced,0.9836877584457397
multi_org_balanced,0.9292758107185364
multi_org_balanced,0.9783967137336731
multi_org_balanced,0.9443907737731934
multi_org_balanced,0.9790431261062622
multi_org_balanced,0.9502580165863037
multi_org_balanced,0.9866474270820618
multi_org_balanced,0.9607629776000977
multi_org_balanced,0.7417522072792053
multi_org_balanced,0.9643670916557312
multi_org_balanced,0.8919364809989929
multi_org_balanced,0.9638375043869019
multi_org_balanced,0.9583404064178467
multi_org_balanced,0.9357187747955322
multi_org_balanced,0.6919898390769958
multi_org_balanced,0.9571349620819092
multi_org_balanced,0.9488407373428345
multi_org_balanced,0.9770421981811523
multi_org_balanced,0.9146804809570312
multi_org_balanced,0.9758031964302063
multi_org_balanced,0.9714807271957397
multi_org_balanced,0.9651276469230652
multi_org_balanced,0.9293568134307861
multi_org_balanced,0.9610592722892761
multi_org_balanced,0.9076424837112427
multi_org_balanced,0.8692552447319031
multi_org_balanced,0.9082201719284058
multi_org_balanced,0.9203475713729858
multi_org_balanced,0.9321654438972473
multi_org_balanced,0.667626678943634
multi_org_balanced,0.9747949242591858
multi_org_balanced,0.8630052804946899
multi_org_balanced,0.9501302242279053
multi_org_balanced,0.9225277900695801
multi_org_balanced,0.8238048553466797
multi_org_balanced,0.511381208896637
multi_org_balanced,0.8871185779571533
multi_org_balanced,0.9632299542427063
multi_org_balanced,0.8922015428543091
multi_org_balanced,0.9545125961303711
multi_org_balanced,0.9779766798019409
multi_org_balanced,0.8283602595329285
multi_org_balanced,0.8900577425956726
multi_org_balanced,0.980387806892395
multi_org_balanced,0.9455255270004272
multi_org_balanced,0.8608028292655945
multi_org_balanced,0.9874776005744934
multi_org_balanced,0.9715801477432251
multi_org_balanced,0.9510473012924194
multi_org_balanced,0.9476889371871948
multi_org_balanced,0.9234326481819153
multi_org_balanced,0.9587040543556213
multi_org_balanced,0.935141921043396
multi_org_balanced,0.9278796911239624
multi_org_balanced,0.9203491806983948
multi_org_balanced,0.8819369673728943
multi_org_balanced,0.9779961109161377
multi_org_balanced,0.8889278173446655
multi_org_balanced,0.9239835739135742
multi_org_balanced,0.8904129266738892
multi_org_balanced,0.8801979422569275
multi_org_balanced,0.8995641469955444
multi_org_balanced,0.9045618772506714
multi_org_balanced,0.9668102264404297
multi_org_balanced,0.968519926071167
multi_org_balanced,0.975960910320282
multi_org_balanced,0.979863703250885
multi_org_balanced,0.9827839732170105
multi_org_balanced,0.9720334410667419
multi_org_balanced,0.9488304853439331
multi_org_balanced,0.9705851078033447
multi_org_balanced,0.9676035046577454
multi_org_balanced,0.9391754865646362
multi_org_balanced,0.9191620349884033
multi_org_balanced,0.966909646987915
multi_org_balanced,0.9391077756881714
multi_org_balanced,0.949077844619751
multi_org_balanced,0.9246811866760254
multi_org_balanced,0.9813034534454346
multi_org_balanced,0.9667715430259705
multi_org_balanced,0.6737372279167175
multi_org_balanced,0.8888496160507202
multi_org_balanced,0.8522388935089111
multi_org_balanced,0.9419708847999573
multi_org_balanced,0.9365443587303162
multi_org_balanced,0.942036509513855
multi_org_balanced,0.9730346202850342
multi_org_balanced,0.9555312395095825
multi_org_balanced,0.9144924879074097
multi_org_balanced,0.8182218074798584
multi_org_balanced,0.9726799726486206
multi_org_balanced,0.9507544040679932
multi_org_balanced,0.9681352972984314
multi_org_balanced,0.9455970525741577
multi_org_balanced,0.8773818612098694
multi_org_balanced,0.9190490245819092
multi_org_balanced,0.9298921823501587
multi_org_balanced,0.9656221866607666
multi_org_balanced,0.9678171873092651
multi_org_balanced,0.8616572022438049
multi_org_balanced,0.9719557762145996
multi_org_balanced,0.9649343490600586
multi_org_balanced,0.9573033452033997
multi_org_balanced,0.9196834564208984
multi_org_balanced,0.9561829566955566
multi_org_balanced,0.9410771727561951
multi_org_balanced,0.8934018015861511
multi_org_balanced,0.913796067237854
multi_org_balanced,0.9309641122817993
multi_org_balanced,0.9457505345344543
multi_org_balanced,0.9479706287384033
multi_org_balanced,0.9722107648849487
multi_org_balanced,0.9558385610580444
multi_org_balanced,0.9199029803276062
multi_org_balanced,0.9805893898010254
multi_org_balanced,0.9148963689804077
multi_org_balanced,0.88929682970047
multi_org_balanced,0.9662570357322693
multi_org_balanced,0.8363378643989563
multi_org_balanced,0.9859375953674316
multi_org_balanced,0.9593796133995056
multi_org_balanced,0.9238399267196655
multi_org_balanced,0.9729602932929993
multi_org_balanced,0.9406078457832336
multi_org_balanced,0.9385839104652405
multi_org_balanced,0.9009599089622498
multi_org_balanced,0.983802318572998
multi_org_balanced,0.9575918316841125
multi_org_balanced,0.9829881191253662
multi_org_balanced,0.9651623368263245
multi_org_balanced,0.9761319160461426
multi_org_balanced,0.7808952331542969
multi_org_balanced,0.8540751934051514
multi_org_balanced,0.9723896384239197
multi_org_balanced,0.9385684728622437
multi_org_balanced,0.9182928204536438
multi_org_balanced,0.9420146942138672
multi_org_balanced,0.9064093828201294
multi_org_balanced,0.950127899646759
multi_org_balanced,0.9785321950912476
multi_org_balanced,0.9450410008430481
multi_org_balanced,0.9268990159034729
multi_org_balanced,0.9651506543159485
multi_org_balanced,0.9783504605293274
multi_org_balanced,0.9207983613014221
multi_org_balanced,0.9552530646324158
multi_org_balanced,0.9586738348007202
multi_org_balanced,0.799684464931488
multi_org_balanced,0.9480099678039551
multi_org_balanced,0.9645254015922546
multi_org_balanced,0.9329918026924133
multi_org_balanced,0.9311136603355408
multi_org_balanced,0.9582740664482117
multi_org_balanced,0.9197028279304504
multi_org_balanced,0.9748136401176453
multi_org_balanced,0.9356686472892761
multi_org_balanced,0.9016231298446655
multi_org_balanced,0.9818631410598755
multi_org_balanced,0.9656344652175903
multi_org_balanced,0.9736031889915466
multi_org_balanced,0.9802666306495667
multi_org_balanced,0.9538229703903198
multi_org_balanced,0.9610906839370728
multi_org_balanced,0.9505230784416199
multi_org_balanced,0.9702149629592896
multi_org_balanced,0.9534406661987305
multi_org_balanced,0.9276050329208374
multi_org_balanced,0.8986336588859558
multi_org_balanced,0.6998626589775085
multi_org_balanced,0.6665679812431335
multi_org_balanced,0.6348283886909485
multi_org_balanced,0.655370831489563
multi_org_balanced,0.7042312622070312
multi_org_balanced,0.9734025001525879
multi_org_balanced,0.9705712199211121
multi_org_balanced,0.8976083993911743
multi_org_balanced,0.9874376654624939
multi_org_balanced,0.974186897277832
multi_org_balanced,0.9796960353851318
multi_org_balanced,0.9439268112182617
multi_org_balanced,0.9668116569519043
multi_org_balanced,0.9577181339263916
multi_org_balanced,0.9567105770111084
multi_org_balanced,0.9583960771560669
multi_org_balanced,0.9607317447662354
multi_org_balanced,0.9705398082733154
multi_org_balanced,0.9803552627563477
multi_org_balanced,0.9647910594940186
multi_org_balanced,0.8487527966499329
multi_org_balanced,0.9677916169166565
multi_org_balanced,0.9734445810317993
multi_org_balanced,0.9742470383644104
multi_org_balanced,0.9814349412918091
multi_org_balanced,0.9298505783081055
multi_org_balanced,0.9795763492584229
multi_org_balanced,0.9320653080940247
multi_org_balanced,0.9809046387672424
multi_org_balanced,0.910814106464386
multi_org_balanced,0.6325936317443848
multi_org_balanced,0.926404595375061
multi_org_balanced,0.4497658908367157
multi_org_balanced,0.9269603490829468
multi_org_balanced,0.9505072832107544
multi_org_balanced,0.5476957559585571
multi_org_balanced,0.8549522757530212
multi_org_balanced,0.9169226288795471
multi_org_balanced,0.6105176210403442
multi_org_balanced,0.8780022859573364
multi_org_balanced,0.8187189102172852
multi_org_balanced,0.8870311975479126
multi_org_balanced,0.8938260674476624
multi_org_balanced,0.9440135359764099
multi_org_balanced,0.8724859356880188
multi_org_balanced,0.6487940549850464
multi_org_balanced,0.9616968631744385
multi_org_balanced,0.9649953246116638
multi_org_balanced,0.9252655506134033
multi_org_balanced,0.7968957424163818
multi_org_balanced,0.8291705846786499
multi_org_balanced,0.7063437700271606
multi_org_balanced,0.704673171043396
multi_org_balanced,0.8963712453842163
multi_org_balanced,0.8883785605430603
multi_org_balanced,0.9635559320449829
multi_org_balanced,0.9071111083030701
multi_org_balanced,0.7188931107521057
multi_org_balanced,0.9013949036598206
multi_org_balanced,0.5666271448135376
multi_org_balanced,0.9488828778266907
multi_org_balanced,0.9759871363639832
multi_org_balanced,0.6584106683731079
multi_org_balanced,0.9683715105056763
multi_org_balanced,0.948896050453186
multi_org_balanced,0.7984183430671692
multi_org_balanced,0.8381243348121643
multi_org_balanced,0.8272601962089539
multi_org_balanced,0.9555017352104187
multi_org_balanced,0.7746233940124512
multi_org_balanced,0.8444079160690308
multi_org_balanced,0.8545330166816711
multi_org_balanced,0.9680485725402832
multi_org_balanced,0.9682717323303223
multi_org_balanced,0.7051452994346619
multi_org_balanced,0.8373236060142517
multi_org_balanced,0.9612511396408081
multi_org_balanced,0.9572269916534424
multi_org_balanced,0.9129633903503418
multi_org_balanced,0.979470431804657
multi_org_balanced,0.7011552453041077
multi_org_balanced,0.9542416334152222
multi_org_balanced,0.8972553610801697
multi_org_balanced,0.5287440419197083
multi_org_balanced,0.955244243144989
multi_org_balanced,0.8805921673774719
multi_org_balanced,0.9730023145675659
multi_org_balanced,0.9749115705490112
multi_org_balanced,0.9706742763519287
multi_org_balanced,0.9466042518615723
multi_org_balanced,0.9700415134429932
multi_org_balanced,0.9713748097419739
multi_org_balanced,0.9485388994216919
multi_org_balanced,0.9451262950897217
multi_org_balanced,0.860718846321106
multi_org_balanced,0.9642457962036133
multi_org_balanced,0.9794293642044067
multi_org_balanced,0.8252174854278564
multi_org_balanced,0.9753438830375671
multi_org_balanced,0.966442346572876
multi_org_balanced,0.6677010655403137
multi_org_balanced,0.9050816893577576
multi_org_balanced,0.8903650045394897
multi_org_balanced,0.9528816938400269
multi_org_balanced,0.9612675905227661
multi_org_balanced,0.9137724041938782
multi_org_balanced,0.6592467427253723
multi_org_balanced,0.9565184712409973
multi_org_balanced,0.9608694911003113
multi_org_balanced,0.9154502153396606
multi_org_balanced,0.9552750587463379
multi_org_balanced,0.8898392915725708
multi_org_balanced,0.974338948726654
multi_org_balanced,0.9613053798675537
multi_org_balanced,0.9780468940734863
multi_org_balanced,0.9621393084526062
multi_org_balanced,0.9650062322616577
multi_org_balanced,0.9671390056610107
multi_org_balanced,0.9603769183158875
multi_org_balanced,0.9702898859977722
multi_org_balanced,0.9035235643386841
multi_org_balanced,0.9397267699241638
multi_org_balanced,0.9752935171127319
multi_org_balanced,0.9697281122207642
multi_org_balanced,0.9188593029975891
multi_org_balanced,0.9743366241455078
multi_org_balanced,0.9665837287902832
multi_org_balanced,0.9788379669189453
multi_org_balanced,0.9486203193664551
multi_org_balanced,0.9822565913200378
multi_org_balanced,0.9285781383514404
multi_org_balanced,0.9720150232315063
multi_org_balanced,0.9210466146469116
multi_org_balanced,0.974580705165863
multi_org_balanced,0.8260782361030579
multi_org_balanced,0.8080923557281494
multi_org_balanced,0.9764863848686218
multi_org_balanced,0.8709688782691956
multi_org_balanced,0.6671040654182434
multi_org_balanced,0.8813459277153015
multi_org_balanced,0.9429336786270142
multi_org_balanced,0.9849669933319092
multi_org_balanced,0.8093544244766235
multi_org_balanced,0.9543245434761047
multi_org_balanced,0.9418527483940125
multi_org_balanced,0.9263644218444824
multi_org_balanced,0.9111313223838806
multi_org_balanced,0.9561947584152222
multi_org_balanced,0.9846900105476379
multi_org_balanced,0.9745847582817078
multi_org_balanced,0.9685839414596558
multi_org_balanced,0.7223517298698425
multi_org_balanced,0.7068303823471069
multi_org_balanced,0.8934171199798584
multi_org_balanced,0.821450412273407
multi_org_balanced,0.9726150035858154
multi_org_balanced,0.9804724454879761
multi_org_balanced,0.9581877589225769
multi_org_balanced,0.9407185912132263
multi_org_balanced,0.9028455018997192
multi_org_balanced,0.9512880444526672
multi_org_balanced,0.9334487318992615
multi_org_balanced,0.8797199726104736
multi_org_balanced,0.9588660001754761
multi_org_balanced,0.8418301939964294
multi_org_balanced,0.8577973246574402
multi_org_balanced,0.9155528545379639
multi_org_balanced,0.5528120994567871
multi_org_balanced,0.9681675434112549
multi_org_balanced,0.8971325159072876
multi_org_balanced,0.9116830825805664
multi_org_balanced,0.8699549436569214
multi_org_balanced,0.979202151298523
multi_org_balanced,0.9253899455070496
multi_org_balanced,0.9656164646148682
multi_org_balanced,0.9365968108177185
multi_org_balanced,0.9354045987129211
multi_org_balanced,0.9560041427612305
multi_org_balanced,0.7322548627853394
multi_org_balanced,0.9141572117805481
multi_org_balanced,0.9337236881256104
multi_org_balanced,0.9621840715408325
multi_org_balanced,0.9171630144119263
multi_org_balanced,0.6743640303611755
multi_org_balanced,0.6572318077087402
multi_org_balanced,0.9171118140220642
multi_org_balanced,0.8660525679588318
multi_org_balanced,0.9039191007614136
multi_org_balanced,0.7523831129074097
multi_org_balanced,0.9210261106491089
multi_org_balanced,0.9511917233467102
multi_org_balanced,0.7773699164390564
multi_org_balanced,0.9543604850769043
multi_org_balanced,0.9159893989562988
multi_org_balanced,0.8425151109695435
multi_org_balanced,0.9474856853485107
multi_org_balanced,0.9541793465614319
multi_org_balanced,0.9371042251586914
multi_org_balanced,0.9510729312896729
multi_org_balanced,0.9809462428092957
multi_org_balanced,0.8394681811332703
multi_org_balanced,0.5680730938911438
multi_org_balanced,0.8359838724136353
multi_org_balanced,0.5464144945144653
multi_org_balanced,0.8137400150299072
multi_org_balanced,0.8145815134048462
multi_org_balanced,0.8561629056930542
multi_org_balanced,0.9786373376846313
multi_org_balanced,0.963648796081543
multi_org_balanced,0.9445700645446777
multi_org_balanced,0.9660756587982178
multi_org_balanced,0.9536280035972595
multi_org_balanced,0.9148686528205872
multi_org_balanced,0.96136075258255
multi_org_balanced,0.8692981004714966
multi_org_balanced,0.9210166335105896
multi_org_balanced,0.9546998143196106
multi_org_balanced,0.982901930809021
multi_org_balanced,0.9884956479072571
multi_org_balanced,0.9586786031723022
multi_org_balanced,0.9532487988471985
multi_org_balanced,0.9516663551330566
multi_org_balanced,0.9589988589286804
multi_org_balanced,0.9562133550643921
multi_org_balanced,0.9756491780281067
multi_org_balanced,0.9417233467102051
multi_org_balanced,0.9459334015846252
multi_org_balanced,0.925257682800293
multi_org_balanced,0.8859801292419434
multi_org_balanced,0.8987261652946472
multi_org_balanced,0.961581826210022
multi_org_balanced,0.9193402528762817
multi_org_balanced,0.9637383222579956
multi_org_balanced,0.5445218086242676
multi_org_balanced,0.9606095552444458
multi_org_balanced,0.9360857009887695
multi_org_balanced,0.9737015962600708
multi_org_balanced,0.9690486192703247
multi_org_balanced,0.9722970128059387
multi_org_balanced,0.9474741816520691
multi_org_balanced,0.9665732383728027
multi_org_balanced,0.9752631783485413
multi_org_balanced,0.9681603312492371
multi_org_balanced,0.8987795114517212
multi_org_balanced,0.9658593535423279
multi_org_balanced,0.9720200896263123
multi_org_balanced,0.9030208587646484
multi_org_balanced,0.922299325466156
multi_org_balanced,0.9221655130386353
multi_org_balanced,0.9443473219871521
multi_org_balanced,0.9711195230484009
multi_org_balanced,0.9634962677955627
multi_org_balanced,0.9779517650604248
multi_org_balanced,0.9307792782783508
multi_org_balanced,0.97452712059021
multi_org_balanced,0.9682032465934753
multi_org_balanced,0.9660026431083679
multi_org_balanced,0.8975091576576233
multi_org_balanced,0.9504961967468262
multi_org_balanced,0.9544469118118286
multi_org_balanced,0.8460884094238281
multi_org_balanced,0.934500515460968
multi_org_balanced,0.9581613540649414
multi_org_balanced,0.9104963541030884
multi_org_balanced,0.9474133253097534
multi_org_balanced,0.9743545055389404
multi_org_balanced,0.9577434062957764
multi_org_balanced,0.9670894742012024
multi_org_balanced,0.9553142786026001
multi_org_balanced,0.9660516381263733
multi_org_balanced,0.961979866027832
multi_org_balanced,0.9594641327857971
multi_org_balanced,0.6959893703460693
multi_org_balanced,0.9201430678367615
multi_org_balanced,0.825128436088562
multi_org_balanced,0.9394387006759644
multi_org_balanced,0.9357343316078186
multi_org_balanced,0.9737806916236877
multi_org_balanced,0.9789072275161743
multi_org_balanced,0.7349776029586792
multi_org_balanced,0.7824529409408569
multi_org_balanced,0.6805227994918823
multi_org_balanced,0.6898562908172607
multi_org_balanced,0.9826126098632812
multi_org_balanced,0.9747276902198792
multi_org_balanced,0.797997236251831
multi_org_balanced,0.9455780386924744
multi_org_balanced,0.9881517887115479
multi_org_balanced,0.9788911938667297
multi_org_balanced,0.9520067572593689
multi_org_balanced,0.9789334535598755
multi_org_balanced,0.9548245072364807
multi_org_balanced,0.9657381176948547
multi_org_balanced,0.9098012447357178
multi_org_balanced,0.9527460336685181
multi_org_balanced,0.9719593524932861
multi_org_balanced,0.9617605805397034
multi_org_balanced,0.9595757126808167
multi_org_balanced,0.9821767807006836
multi_org_balanced,0.9801158308982849
multi_org_balanced,0.9051289558410645
multi_org_balanced,0.9242135286331177
multi_org_balanced,0.9348633885383606
multi_org_balanced,0.8938490152359009
multi_org_balanced,0.9227944016456604
multi_org_balanced,0.8358027935028076
multi_org_balanced,0.8204892873764038
multi_org_balanced,0.46976763010025024
multi_org_balanced,0.885310173034668
multi_org_balanced,0.9220383167266846
multi_org_balanced,0.9781886339187622
multi_org_balanced,0.9578782320022583
multi_org_balanced,0.9774273633956909
multi_org_balanced,0.9863938093185425
multi_org_balanced,0.9835154414176941
multi_org_balanced,0.9736813306808472
multi_org_balanced,0.9417957067489624
multi_org_balanced,0.9786408543586731
multi_org_balanced,0.9531589150428772
multi_org_balanced,0.9694415926933289
multi_org_balanced,0.9734394550323486
multi_org_balanced,0.9678619503974915
multi_org_balanced,0.9511222243309021
multi_org_balanced,0.9834589958190918
multi_org_balanced,0.9188287258148193
multi_org_balanced,0.9358382225036621
multi_org_balanced,0.9806806445121765
multi_org_balanced,0.913356602191925
multi_org_balanced,0.9247199892997742
multi_org_balanced,0.9341791868209839
multi_org_balanced,0.9524761438369751
multi_org_balanced,0.9456948637962341
multi_org_balanced,0.8741806149482727
multi_org_balanced,0.9853127002716064
multi_org_balanced,0.9744446277618408
multi_org_balanced,0.9666998386383057
multi_org_balanced,0.9727063179016113
multi_org_balanced,0.9214171767234802
multi_org_balanced,0.9713274240493774
multi_org_balanced,0.9446166157722473
multi_org_balanced,0.938508152961731
multi_org_balanced,0.9397174119949341
multi_org_balanced,0.9536799788475037
multi_org_balanced,0.9671900272369385
multi_org_balanced,0.9177418947219849
multi_org_balanced,0.9274599552154541
multi_org_balanced,0.9622770547866821
multi_org_balanced,0.8940675258636475
multi_org_balanced,0.9634093046188354
multi_org_balanced,0.9497442841529846
multi_org_balanced,0.9694700241088867
multi_org_balanced,0.9587534666061401
multi_org_balanced,0.9166247248649597
multi_org_balanced,0.9667443037033081
multi_org_balanced,0.5709758996963501
multi_org_balanced,0.959229588508606
multi_org_balanced,0.9356849193572998
multi_org_balanced,0.9469533562660217
multi_org_balanced,0.9519903063774109
multi_org_balanced,0.9558030366897583
multi_org_balanced,0.9545950889587402
multi_org_balanced,0.7923444509506226
multi_org_balanced,0.8887041807174683
multi_org_balanced,0.7501466274261475
multi_org_balanced,0.8235740661621094
multi_org_balanced,0.8143918514251709
multi_org_balanced,0.8128683567047119
multi_org_balanced,0.7270035743713379
multi_org_balanced,0.6905852556228638
multi_org_balanced,0.5967270731925964
multi_org_balanced,0.7476530075073242
multi_org_balanced,0.9450405836105347
multi_org_balanced,0.8705533742904663
multi_org_balanced,0.7590135931968689
multi_org_balanced,0.8465762138366699
multi_org_balanced,0.8904168605804443
multi_org_balanced,0.6664844155311584
multi_org_balanced,0.9486543536186218
multi_org_balanced,0.9689564108848572
multi_org_balanced,0.9559518098831177
multi_org_balanced,0.9548654556274414
multi_org_balanced,0.9579502940177917
multi_org_balanced,0.9385596513748169
multi_org_balanced,0.7227202653884888
multi_org_balanced,0.5184544324874878
multi_org_balanced,0.9613293409347534
multi_org_balanced,0.9558939337730408
multi_org_balanced,0.7297484278678894
multi_org_balanced,0.9528235793113708
multi_org_balanced,0.7307404279708862
multi_org_balanced,0.7315759658813477
multi_org_balanced,0.925653874874115
multi_org_balanced,0.8753092288970947
multi_org_balanced,0.7595124244689941
multi_org_balanced,0.8447457551956177
multi_org_balanced,0.7570735812187195
multi_org_balanced,0.847870945930481
multi_org_balanced,0.9427444934844971
multi_org_balanced,0.9528819918632507
multi_org_balanced,0.6945466995239258
multi_org_balanced,0.9432506561279297
multi_org_balanced,0.9421852827072144
multi_org_balanced,0.9545254707336426
multi_org_balanced,0.8504340648651123
multi_org_balanced,0.8727529048919678
multi_org_balanced,0.9721222519874573
multi_org_balanced,0.9656993746757507
multi_org_balanced,0.870568037033081
multi_org_balanced,0.8176888823509216
multi_org_balanced,0.7952612638473511
multi_org_balanced,0.8547821044921875
multi_org_balanced,0.8078385591506958
multi_org_balanced,0.7055636048316956
multi_org_balanced,0.7013393640518188
multi_org_balanced,0.9652165174484253
multi_org_balanced,0.9731422066688538
multi_org_balanced,0.9683041572570801
multi_org_balanced,0.6275299787521362
multi_org_balanced,0.5510889291763306
multi_org_balanced,0.5705180168151855
multi_org_balanced,0.9415119886398315
multi_org_balanced,0.9339359998703003
multi_org_balanced,0.9573302268981934
multi_org_balanced,0.9739490151405334
multi_org_balanced,0.9133613109588623
multi_org_balanced,0.8399312496185303
multi_org_balanced,0.8146857023239136
multi_org_balanced,0.9621761441230774
multi_org_balanced,0.9754501581192017
multi_org_balanced,0.955021321773529
multi_org_balanced,0.9738953709602356
multi_org_balanced,0.8891324996948242
multi_org_balanced,0.9140506386756897
multi_org_balanced,0.9528490304946899
multi_org_balanced,0.9418234825134277
multi_org_balanced,0.9674035310745239
multi_org_balanced,0.9833741784095764
multi_org_balanced,0.8717432022094727
multi_org_balanced,0.8873988389968872
multi_org_balanced,0.9636733531951904
multi_org_balanced,0.9715774655342102
multi_org_balanced,0.9831046462059021
multi_org_balanced,0.7554848194122314
multi_org_balanced,0.9368798732757568
multi_org_balanced,0.9667133092880249
multi_org_balanced,0.7130486369132996
multi_org_balanced,0.9560394287109375
multi_org_balanced,0.985459566116333
multi_org_balanced,0.9830895662307739
multi_org_balanced,0.9307863712310791
multi_org_balanced,0.9310814142227173
multi_org_balanced,0.9801585674285889
multi_org_balanced,0.9795167446136475
multi_org_balanced,0.9757564067840576
multi_org_balanced,0.9610130190849304
multi_org_balanced,0.9755129814147949
multi_org_balanced,0.9522833824157715
multi_org_balanced,0.9161193370819092
multi_org_balanced,0.9840847253799438
multi_org_balanced,0.8527971506118774
multi_org_balanced,0.9490606188774109
multi_org_balanced,0.963274359703064
multi_org_balanced,0.9836003184318542
multi_org_balanced,0.9815593361854553
multi_org_balanced,0.9784073829650879
multi_org_balanced,0.9707851409912109
multi_org_balanced,0.953136682510376
multi_org_balanced,0.9124525785446167
multi_org_balanced,0.8921315670013428
multi_org_balanced,0.9635288715362549
multi_org_balanced,0.9622624516487122
multi_org_balanced,0.969075083732605
multi_org_balanced,0.95496666431427
multi_org_balanced,0.968226969242096
multi_org_balanced,0.6386287212371826
multi_org_balanced,0.5517542362213135
multi_org_balanced,0.6262613534927368
multi_org_balanced,0.9684306383132935
multi_org_balanced,0.9648558497428894
multi_org_balanced,0.9882599115371704
multi_org_balanced,0.9017341732978821
multi_org_balanced,0.9483476281166077
multi_org_balanced,0.9072636365890503
multi_org_balanced,0.5935264825820923
multi_org_balanced,0.633972704410553
multi_org_balanced,0.9072636365890503
multi_org_balanced,0.9474838972091675
multi_org_balanced,0.9808239936828613
multi_org_balanced,0.9453792572021484
multi_org_balanced,0.9123644828796387
multi_org_balanced,0.9506586194038391
multi_org_balanced,0.962343692779541
multi_org_balanced,0.9804363250732422
multi_org_balanced,0.960332989692688
multi_org_balanced,0.9632013440132141
multi_org_balanced,0.8705410957336426
multi_org_balanced,0.9855870008468628
multi_org_balanced,0.9463697075843811
multi_org_balanced,0.9508773684501648
multi_org_balanced,0.9769091606140137
multi_org_balanced,0.927206814289093
multi_org_balanced,0.9799711108207703
multi_org_balanced,0.8829975724220276
multi_org_balanced,0.6399250030517578
multi_org_balanced,0.9356256127357483
multi_org_balanced,0.9490839838981628
multi_org_balanced,0.9645068645477295
multi_org_balanced,0.9635099768638611
multi_org_balanced,0.9421910047531128
multi_org_balanced,0.9542858600616455
multi_org_balanced,0.9607934355735779
multi_org_balanced,0.9287303686141968
multi_org_balanced,0.9620673060417175
multi_org_balanced,0.9714648127555847
multi_org_balanced,0.9348126649856567
multi_org_balanced,0.7263774871826172
multi_org_balanced,0.9511986970901489
multi_org_balanced,0.912547767162323
multi_org_balanced,0.915922999382019
multi_org_balanced,0.981684148311615
multi_org_balanced,0.985369086265564
multi_org_balanced,0.9778820872306824
multi_org_balanced,0.9702787399291992
multi_org_balanced,0.9626064300537109
multi_org_balanced,0.9837021827697754
multi_org_balanced,0.9277051687240601
multi_org_balanced,0.9352302551269531
multi_org_balanced,0.7136179804801941
multi_org_balanced,0.965420663356781
multi_org_balanced,0.9452562928199768
multi_org_balanced,0.9891382455825806
multi_org_balanced,0.9593877792358398
multi_org_balanced,0.9472546577453613
multi_org_balanced,0.7083547115325928
multi_org_balanced,0.9729812741279602
multi_org_balanced,0.9839109778404236
multi_org_balanced,0.9772690534591675
multi_org_balanced,0.9380739331245422
multi_org_balanced,0.982620358467102
multi_org_balanced,0.9814958572387695
multi_org_balanced,0.9780908823013306
multi_org_balanced,0.9801107048988342
multi_org_balanced,0.9794662594795227
multi_org_balanced,0.9574925899505615
multi_org_balanced,0.8942825794219971
multi_org_balanced,0.9537777304649353
multi_org_balanced,0.9172881245613098
multi_org_balanced,0.9732945561408997
multi_org_balanced,0.9667774438858032
multi_org_balanced,0.9700002074241638
multi_org_balanced,0.5839060544967651
multi_org_balanced,0.7359555959701538
multi_org_balanced,0.6223878264427185
multi_org_balanced,0.9583300948143005
multi_org_balanced,0.8317527770996094
multi_org_balanced,0.803810179233551
multi_org_balanced,0.6610893607139587
multi_org_balanced,0.8603825569152832
multi_org_balanced,0.8873721957206726
multi_org_balanced,0.6529998183250427
multi_org_balanced,0.7383939027786255
multi_org_balanced,0.7199264764785767
multi_org_balanced,0.7315788269042969
multi_org_balanced,0.6130784153938293
multi_org_balanced,0.7815755009651184
multi_org_balanced,0.6425920724868774
multi_org_balanced,0.6271904706954956
multi_org_balanced,0.569085955619812
multi_org_balanced,0.5842065811157227
multi_org_balanced,0.538363516330719
multi_org_balanced,0.6884233355522156
multi_org_balanced,0.9244043827056885
multi_org_balanced,0.9084272980690002
multi_org_balanced,0.9278977513313293
multi_org_balanced,0.7226036787033081
multi_org_balanced,0.5280994772911072
multi_org_balanced,0.5991621017456055
multi_org_balanced,0.701601505279541
multi_org_balanced,0.9190238118171692
multi_org_balanced,0.96379154920578
multi_org_balanced,0.8908057808876038
multi_org_balanced,0.789423942565918
multi_org_balanced,0.9059593677520752
multi_org_balanced,0.7756953239440918
multi_org_balanced,0.5813054442405701
multi_org_balanced,0.5955990552902222
multi_org_balanced,0.758263885974884
multi_org_balanced,0.8557717800140381
multi_org_balanced,0.9018559455871582
multi_org_balanced,0.9560489654541016
multi_org_balanced,0.9458996057510376
multi_org_balanced,0.9211100935935974
multi_org_balanced,0.9430702328681946
multi_org_balanced,0.923608124256134
multi_org_balanced,0.8087040185928345
multi_org_balanced,0.9368444681167603
multi_org_balanced,0.9254921674728394
multi_org_balanced,0.9301326274871826
multi_org_balanced,0.9205301403999329
multi_org_balanced,0.9114782810211182
multi_org_balanced,0.9352806210517883
multi_org_balanced,0.768527090549469
multi_org_balanced,0.9456825256347656
multi_org_balanced,0.6695095896720886
multi_org_balanced,0.6335833072662354
multi_org_balanced,0.9428476691246033
multi_org_balanced,0.9753566980361938
multi_org_balanced,0.9568344950675964
multi_org_balanced,0.9580382704734802
multi_org_balanced,0.5741056203842163
multi_org_balanced,0.9259953498840332
multi_org_balanced,0.6800654530525208
multi_org_balanced,0.9069651365280151
multi_org_balanced,0.8383211493492126
multi_org_balanced,0.684303343296051
multi_org_balanced,0.8197458982467651
multi_org_balanced,0.9058992266654968
multi_org_balanced,0.9409496188163757
multi_org_balanced,0.9716612100601196
multi_org_balanced,0.9713284969329834
multi_org_balanced,0.9701243042945862
multi_org_balanced,0.9737473130226135
multi_org_balanced,0.96100252866745
multi_org_balanced,0.9561565518379211
multi_org_balanced,0.9439117908477783
multi_org_balanced,0.8965440988540649
multi_org_balanced,0.9430251121520996
multi_org_balanced,0.9739570617675781
multi_org_balanced,0.9415857195854187
multi_org_balanced,0.8601963520050049
multi_org_balanced,0.9057216048240662
multi_org_balanced,0.9199268221855164
multi_org_balanced,0.9542850255966187
multi_org_balanced,0.9248649477958679
multi_org_balanced,0.9181172251701355
multi_org_balanced,0.9537652134895325
multi_org_balanced,0.9615132212638855
multi_org_balanced,0.7225820422172546
multi_org_balanced,0.8539960384368896
multi_org_balanced,0.9507479667663574
multi_org_balanced,0.9320573806762695
multi_org_balanced,0.924395740032196
multi_org_balanced,0.9450691342353821
multi_org_balanced,0.9630759358406067
multi_org_balanced,0.8702147006988525
multi_org_balanced,0.8918594717979431
multi_org_balanced,0.8603174090385437
multi_org_balanced,0.6745411157608032
multi_org_balanced,0.6257777810096741
multi_org_balanced,0.6000806093215942
multi_org_balanced,0.9378551840782166
multi_org_balanced,0.7431881427764893
multi_org_balanced,0.8870014548301697
multi_org_balanced,0.9540873765945435
multi_org_balanced,0.8975130319595337
multi_org_balanced,0.9567997455596924
multi_org_balanced,0.6993863582611084
multi_org_balanced,0.9702056050300598
multi_org_balanced,0.9287277460098267
multi_org_balanced,0.9341708421707153
multi_org_balanced,0.9607422351837158
multi_org_balanced,0.958895206451416
multi_org_balanced,0.8213040232658386
multi_org_balanced,0.900957465171814
multi_org_balanced,0.9827326536178589
multi_org_balanced,0.7766094207763672
multi_org_balanced,0.9706349968910217
multi_org_balanced,0.7729710340499878
multi_org_balanced,0.9854824542999268
multi_org_balanced,0.9770628213882446
multi_org_balanced,0.9617071151733398
multi_org_balanced,0.8878099918365479
multi_org_balanced,0.9000958800315857
multi_org_balanced,0.9410341382026672
multi_org_balanced,0.9325762987136841
multi_org_balanced,0.8543962836265564
multi_org_balanced,0.9769204258918762
multi_org_balanced,0.9441378116607666
multi_org_balanced,0.9744492769241333
multi_org_balanced,0.9617315530776978
multi_org_balanced,0.9716889262199402
multi_org_balanced,0.9632603526115417
multi_org_balanced,0.9858262538909912
multi_org_balanced,0.9616130590438843
multi_org_balanced,0.9363297820091248
multi_org_balanced,0.9002548456192017
multi_org_balanced,0.974628210067749
multi_org_balanced,0.9283326864242554
multi_org_balanced,0.9764924049377441
multi_org_balanced,0.9504126310348511
multi_org_balanced,0.8921681642532349
multi_org_balanced,0.8038437366485596
multi_org_balanced,0.97955721616745
multi_org_balanced,0.9657242894172668
multi_org_balanced,0.9435474872589111
multi_org_balanced,0.9796470403671265
multi_org_balanced,0.7172806262969971
multi_org_balanced,0.9444467425346375
multi_org_balanced,0.9766442179679871
multi_org_balanced,0.9774027466773987
multi_org_balanced,0.9885432124137878
multi_org_balanced,0.9212338924407959
multi_org_balanced,0.9144627451896667
multi_org_balanced,0.950545608997345
multi_org_balanced,0.9312208890914917
multi_org_balanced,0.9522684216499329
multi_org_balanced,0.9685964584350586
multi_org_balanced,0.9711102247238159
multi_org_balanced,0.9064767956733704
multi_org_balanced,0.9472246170043945
multi_org_balanced,0.9552140235900879
multi_org_balanced,0.9040554761886597
multi_org_balanced,0.8972498178482056
multi_org_balanced,0.9578139185905457
multi_org_balanced,0.9713431596755981
multi_org_balanced,0.9513596892356873
multi_org_balanced,0.974618136882782
multi_org_balanced,0.9757183790206909
multi_org_balanced,0.9583672881126404
multi_org_balanced,0.9078392386436462
multi_org_balanced,0.9700990915298462
multi_org_balanced,0.9613420367240906
multi_org_balanced,0.7594062685966492
multi_org_balanced,0.9764439463615417
multi_org_balanced,0.8369957208633423
multi_org_balanced,0.7304868698120117
multi_org_balanced,0.9226524829864502
multi_org_balanced,0.9117534160614014
multi_org_balanced,0.9596700072288513
multi_org_balanced,0.9503682255744934
multi_org_balanced,0.9222968816757202
multi_org_balanced,0.9487543106079102
multi_org_balanced,0.6215047836303711
multi_org_balanced,0.9650557637214661
multi_org_balanced,0.9794777631759644
multi_org_balanced,0.9751893281936646
multi_org_balanced,0.852967381477356
multi_org_balanced,0.9513698220252991
multi_org_balanced,0.8567570447921753
multi_org_balanced,0.9383413791656494
multi_org_balanced,0.924304723739624
multi_org_balanced,0.9366370439529419
multi_org_balanced,0.9373747706413269
multi_org_balanced,0.9744287729263306
multi_org_balanced,0.9854832291603088
multi_org_balanced,0.9806638956069946
multi_org_balanced,0.9659414887428284
multi_org_balanced,0.9494943022727966
multi_org_balanced,0.9896653890609741
multi_org_balanced,0.9509072303771973
multi_org_balanced,0.9007375836372375
multi_org_balanced,0.9383797645568848
multi_org_balanced,0.8111099600791931
multi_org_balanced,0.9511299133300781
multi_org_balanced,0.946010410785675
multi_org_balanced,0.9629628658294678
multi_org_balanced,0.6832360029220581
multi_org_balanced,0.8953181505203247
multi_org_balanced,0.9553550481796265
multi_org_balanced,0.9487758278846741
multi_org_balanced,0.9512447118759155
multi_org_balanced,0.9736383557319641
multi_org_balanced,0.9228860139846802
multi_org_balanced,0.6104162931442261
multi_org_balanced,0.8969190120697021
multi_org_balanced,0.9281188249588013
multi_org_balanced,0.960888147354126
multi_org_balanced,0.5979073643684387
multi_org_balanced,0.9312842488288879
multi_org_balanced,0.5497011542320251
multi_org_balanced,0.9398004412651062
multi_org_balanced,0.9545047283172607
multi_org_balanced,0.9114553332328796
multi_org_balanced,0.9852327108383179
multi_org_balanced,0.9715491533279419
multi_org_balanced,0.9273034334182739
multi_org_balanced,0.9736835360527039
multi_org_balanced,0.9698970913887024
multi_org_balanced,0.9859545230865479
multi_org_balanced,0.987910807132721
multi_org_balanced,0.9809694886207581
multi_org_balanced,0.9745198488235474
multi_org_balanced,0.9886072278022766
multi_org_balanced,0.9645140171051025
multi_org_balanced,0.9870343208312988
multi_org_balanced,0.9885395765304565
multi_org_balanced,0.9828364253044128
multi_org_balanced,0.9889401197433472
multi_org_balanced,0.9913036823272705
multi_org_balanced,0.9801278114318848
multi_org_balanced,0.9901571869850159
multi_org_balanced,0.9911550283432007
multi_org_balanced,0.9888789057731628
multi_org_balanced,0.9712854027748108
multi_org_balanced,0.9754049777984619
multi_org_balanced,0.9846420884132385
multi_org_balanced,0.9336768388748169
multi_org_balanced,0.9809252023696899
multi_org_balanced,0.987485945224762
multi_org_balanced,0.989756166934967
multi_org_balanced,0.9746589660644531
multi_org_balanced,0.9833212494850159
multi_org_balanced,0.9917406439781189
multi_org_balanced,0.9839123487472534
multi_org_balanced,0.8799559473991394
multi_org_balanced,0.9924679398536682
multi_org_balanced,0.9803141951560974
multi_org_balanced,0.9838373064994812
multi_org_balanced,0.9891037940979004
multi_org_balanced,0.9834869503974915
multi_org_balanced,0.9829787015914917
multi_org_balanced,0.9861730337142944
multi_org_balanced,0.9674176573753357
multi_org_balanced,0.9789474010467529
multi_org_balanced,0.9894982576370239
multi_org_balanced,0.9889761209487915
multi_org_balanced,0.9666464924812317
multi_org_balanced,0.9705265760421753
multi_org_balanced,0.9769338369369507
multi_org_balanced,0.9543587565422058
multi_org_balanced,0.8729084730148315
multi_org_balanced,0.9253727197647095
multi_org_balanced,0.9710482358932495
multi_org_balanced,0.9679750800132751
multi_org_balanced,0.9556061029434204
multi_org_balanced,0.9784818291664124
multi_org_balanced,0.9811708927154541
multi_org_balanced,0.9783788323402405
multi_org_balanced,0.9523784518241882
multi_org_balanced,0.9118296504020691
multi_org_balanced,0.9321678876876831
multi_org_balanced,0.9528246521949768
multi_org_balanced,0.9606761932373047
multi_org_balanced,0.746807336807251
multi_org_balanced,0.9895626306533813
multi_org_balanced,0.9680526256561279
multi_org_balanced,0.9248088598251343
multi_org_balanced,0.9334172010421753
multi_org_balanced,0.9596944451332092
multi_org_balanced,0.986253559589386
multi_org_balanced,0.9067221283912659
multi_org_balanced,0.8290866613388062
multi_org_balanced,0.9505484104156494
multi_org_balanced,0.9770401120185852
multi_org_balanced,0.9327384829521179
multi_org_balanced,0.9701867699623108
multi_org_balanced,0.9771398305892944
multi_org_balanced,0.97034752368927
multi_org_balanced,0.9641866683959961
multi_org_balanced,0.9651066660881042
multi_org_balanced,0.9563201069831848
multi_org_balanced,0.9342669248580933
multi_org_balanced,0.9423156976699829
multi_org_balanced,0.9436622858047485
multi_org_balanced,0.9270648956298828
multi_org_balanced,0.9606584310531616
multi_org_balanced,0.9712458252906799
multi_org_balanced,0.9555317759513855
multi_org_balanced,0.9766032695770264
multi_org_balanced,0.9445116519927979
multi_org_balanced,0.9125293493270874
multi_org_balanced,0.9412230253219604
multi_org_balanced,0.967161238193512
multi_org_balanced,0.9630736112594604
multi_org_balanced,0.9710380434989929
multi_org_balanced,0.9505719542503357
multi_org_balanced,0.9467875957489014
multi_org_balanced,0.9478389024734497
multi_org_balanced,0.9695735573768616
multi_org_balanced,0.9745729565620422
multi_org_balanced,0.9859708547592163
multi_org_balanced,0.9706170558929443
multi_org_balanced,0.9853235483169556
multi_org_balanced,0.9530681371688843
multi_org_balanced,0.81729656457901
multi_org_balanced,0.7461074590682983
multi_org_balanced,0.7680034637451172
multi_org_balanced,0.9557901620864868
multi_org_balanced,0.9553404450416565
multi_org_balanced,0.90562903881073
multi_org_balanced,0.9398161768913269
multi_org_balanced,0.9666674137115479
multi_org_balanced,0.9638450741767883
multi_org_balanced,0.926466703414917
multi_org_balanced,0.9646135568618774
multi_org_balanced,0.9340177178382874
multi_org_balanced,0.7480664849281311
multi_org_balanced,0.6518905162811279
multi_org_balanced,0.9458481669425964
multi_org_balanced,0.5875049829483032
multi_org_balanced,0.924588143825531
multi_org_balanced,0.8938583135604858
multi_org_balanced,0.8995243310928345
multi_org_balanced,0.9792416095733643
multi_org_balanced,0.941070020198822
multi_org_balanced,0.9484565854072571
multi_org_balanced,0.9466606378555298
multi_org_balanced,0.97245192527771
multi_org_balanced,0.9580610990524292
multi_org_balanced,0.9654883146286011
multi_org_balanced,0.9428800344467163
multi_org_balanced,0.898729145526886
multi_org_balanced,0.9539438486099243
multi_org_balanced,0.9669075608253479
multi_org_balanced,0.9596265554428101
multi_org_balanced,0.9155310988426208
multi_org_balanced,0.9742248058319092
multi_org_balanced,0.8733505010604858
multi_org_balanced,0.9580278396606445
multi_org_balanced,0.9559653997421265
multi_org_balanced,0.8037700653076172
multi_org_balanced,0.9474223256111145
multi_org_balanced,0.7604089975357056
multi_org_balanced,0.906580924987793
multi_org_balanced,0.952673614025116
multi_org_balanced,0.8673402667045593
multi_org_balanced,0.8415954113006592
multi_org_balanced,0.8757721185684204
multi_org_balanced,0.7099685668945312
multi_org_balanced,0.5671043395996094
multi_org_balanced,0.6352829337120056
multi_org_balanced,0.9484260678291321
multi_org_balanced,0.9657197594642639
multi_org_balanced,0.9609654545783997
multi_org_balanced,0.9713818430900574
multi_org_balanced,0.9477964639663696
multi_org_balanced,0.9671427607536316
multi_org_balanced,0.969465434551239
multi_org_balanced,0.9554606080055237
multi_org_balanced,0.9676710963249207
multi_org_balanced,0.9325724840164185
multi_org_balanced,0.826990008354187
multi_org_balanced,0.9156411290168762
multi_org_balanced,0.9708247780799866
multi_org_balanced,0.9751613140106201
multi_org_balanced,0.9555524587631226
multi_org_balanced,0.970953643321991
multi_org_balanced,0.9638685584068298
multi_org_balanced,0.9773538708686829
multi_org_balanced,0.9139357805252075
multi_org_balanced,0.9426537156105042
multi_org_balanced,0.9544509649276733
multi_org_balanced,0.9637031555175781
multi_org_balanced,0.9687753915786743
multi_org_balanced,0.9763554334640503
multi_org_balanced,0.9047964811325073
multi_org_balanced,0.7918245196342468
multi_org_balanced,0.8850497007369995
multi_org_balanced,0.9711735248565674
multi_org_balanced,0.9508780837059021
multi_org_balanced,0.973517894744873
multi_org_balanced,0.9695120453834534
multi_org_balanced,0.9648130536079407
multi_org_balanced,0.9735971093177795
multi_org_balanced,0.9516656398773193
multi_org_balanced,0.9574000239372253
multi_org_balanced,0.9726501703262329
multi_org_balanced,0.6367884278297424
multi_org_balanced,0.6192061305046082
multi_org_balanced,0.6112551093101501
multi_org_balanced,0.5380181074142456
multi_org_balanced,0.9300293922424316
multi_org_balanced,0.9366728067398071
multi_org_balanced,0.9597108960151672
multi_org_balanced,0.9740433692932129
multi_org_balanced,0.9663798809051514
multi_org_balanced,0.9686656594276428
multi_org_balanced,0.9224136471748352
multi_org_balanced,0.870105504989624
multi_org_balanced,0.8446871042251587
multi_org_balanced,0.9713526368141174
multi_org_balanced,0.9355972409248352
multi_org_balanced,0.8847215175628662
multi_org_balanced,0.8229891061782837
multi_org_balanced,0.6512904763221741
multi_org_balanced,0.7109256386756897
multi_org_balanced,0.7289485931396484
multi_org_balanced,0.7171581387519836
multi_org_balanced,0.7441415190696716
multi_org_balanced,0.5510497689247131
multi_org_balanced,0.9787211418151855
multi_org_balanced,0.761243462562561
multi_org_balanced,0.856951892375946
multi_org_balanced,0.979656457901001
multi_org_balanced,0.9320510029792786
multi_org_balanced,0.9689028859138489
multi_org_balanced,0.9431648850440979
multi_org_balanced,0.9712091684341431
multi_org_balanced,0.9526017904281616
multi_org_balanced,0.7856562733650208
multi_org_balanced,0.9558009505271912
multi_org_balanced,0.9129851460456848
multi_org_balanced,0.914429783821106
multi_org_balanced,0.9739529490470886
multi_org_balanced,0.9707702994346619
multi_org_balanced,0.9744510054588318
multi_org_balanced,0.9764072895050049
multi_org_balanced,0.9511134028434753
multi_org_balanced,0.8469759225845337
multi_org_balanced,0.9400661587715149
multi_org_balanced,0.9834297895431519
multi_org_balanced,0.8915949463844299
multi_org_balanced,0.776605486869812
multi_org_balanced,0.9706125259399414
multi_org_balanced,0.9701993465423584
multi_org_balanced,0.9439570903778076
multi_org_balanced,0.8772338628768921
multi_org_balanced,0.9303380846977234
multi_org_balanced,0.8210473656654358
multi_org_balanced,0.9632123708724976
multi_org_balanced,0.9626439213752747
multi_org_balanced,0.938435435295105
multi_org_balanced,0.9744085073471069
multi_org_balanced,0.8931711316108704
multi_org_balanced,0.9550257921218872
multi_org_balanced,0.9058535099029541
multi_org_balanced,0.9497987031936646
multi_org_balanced,0.9581261873245239
multi_org_balanced,0.9599419832229614
multi_org_balanced,0.9740598201751709
multi_org_balanced,0.9404048323631287
multi_org_balanced,0.9774537682533264
multi_org_balanced,0.9641373157501221
multi_org_balanced,0.9006252884864807
multi_org_balanced,0.848156750202179
multi_org_balanced,0.9591721296310425
multi_org_balanced,0.9022888541221619
multi_org_balanced,0.9395843148231506
multi_org_balanced,0.9504698514938354
multi_org_balanced,0.9709104299545288
multi_org_balanced,0.9694408178329468
multi_org_balanced,0.9714978337287903
multi_org_balanced,0.9390910267829895
multi_org_balanced,0.9274512529373169
multi_org_balanced,0.9762284159660339
multi_org_balanced,0.9797084927558899
multi_org_balanced,0.9628309011459351
multi_org_balanced,0.9743927717208862
multi_org_balanced,0.9512614607810974
multi_org_balanced,0.941226601600647
multi_org_balanced,0.9391533136367798
multi_org_balanced,0.979682981967926
multi_org_balanced,0.9360528588294983
multi_org_balanced,0.978106677532196
multi_org_balanced,0.9652329087257385
multi_org_balanced,0.9624916911125183
multi_org_balanced,0.9630901217460632
multi_org_balanced,0.9255044460296631
multi_org_balanced,0.8878695964813232
multi_org_balanced,0.7179257273674011
multi_org_balanced,0.9264212846755981
multi_org_balanced,0.9136415123939514
multi_org_balanced,0.9551544189453125
multi_org_balanced,0.9127972722053528
multi_org_balanced,0.9134922027587891
multi_org_balanced,0.987905740737915
multi_org_balanced,0.9670546054840088
multi_org_balanced,0.5912612080574036
multi_org_balanced,0.9720850586891174
multi_org_balanced,0.9359192848205566
multi_org_balanced,0.9831126928329468
multi_org_balanced,0.831457257270813
multi_org_balanced,0.697827935218811
multi_org_balanced,0.9783304333686829
multi_org_balanced,0.6894674897193909
multi_org_balanced,0.6398799419403076
multi_org_balanced,0.6887069940567017
multi_org_balanced,0.9665808081626892
multi_org_balanced,0.9598107933998108
multi_org_balanced,0.9510834217071533
multi_org_balanced,0.9547737240791321
multi_org_balanced,0.7864919304847717
multi_org_balanced,0.8772025108337402
multi_org_balanced,0.6408780217170715
multi_org_balanced,0.9690179824829102
multi_org_balanced,0.9624179005622864
multi_org_balanced,0.9548830986022949
multi_org_balanced,0.9433816075325012
multi_org_balanced,0.9269140362739563
multi_org_balanced,0.9455656409263611
multi_org_balanced,0.751954197883606
multi_org_balanced,0.6758202910423279
multi_org_balanced,0.7436555624008179
multi_org_balanced,0.9740871787071228
multi_org_balanced,0.9627637267112732
multi_org_balanced,0.9633791446685791
multi_org_balanced,0.8966525793075562
multi_org_balanced,0.977117121219635
multi_org_balanced,0.9873678684234619
multi_org_balanced,0.9352278709411621
multi_org_balanced,0.8740181922912598
multi_org_balanced,0.9722004532814026
multi_org_balanced,0.9721888303756714
multi_org_balanced,0.8587238192558289
multi_org_balanced,0.9491812586784363
multi_org_balanced,0.9621538519859314
multi_org_balanced,0.943977415561676
multi_org_balanced,0.9461088180541992
multi_org_balanced,0.875777006149292
multi_org_balanced,0.8868515491485596
multi_org_balanced,0.8786177635192871
multi_org_balanced,0.9619402885437012
multi_org_balanced,0.9397314786911011
multi_org_balanced,0.9380332827568054
multi_org_balanced,0.9533050060272217
multi_org_balanced,0.7336505651473999
multi_org_balanced,0.9659354090690613
multi_org_balanced,0.9572328329086304
multi_org_balanced,0.9671963453292847
multi_org_balanced,0.9059484601020813
multi_org_balanced,0.9616842269897461
multi_org_balanced,0.9702445268630981
multi_org_balanced,0.9738496541976929
multi_org_balanced,0.9630314111709595
multi_org_balanced,0.8750009536743164
multi_org_balanced,0.5659018158912659
multi_org_balanced,0.5432029366493225
multi_org_balanced,0.5203031897544861
multi_org_balanced,0.5591340065002441
multi_org_balanced,0.6349811553955078
multi_org_balanced,0.6278983950614929
multi_org_balanced,0.709534227848053
multi_org_balanced,0.8165164589881897
multi_org_balanced,0.9553945064544678
multi_org_balanced,0.9403723478317261
multi_org_balanced,0.9353266954421997
multi_org_balanced,0.9832305908203125
multi_org_balanced,0.9183839559555054
multi_org_balanced,0.9750769734382629
multi_org_balanced,0.9761621952056885
multi_org_balanced,0.9428565502166748
multi_org_balanced,0.9701313972473145
multi_org_balanced,0.9366627931594849
multi_org_balanced,0.9839630126953125
multi_org_balanced,0.9808188080787659
multi_org_balanced,0.8868589997291565
multi_org_balanced,0.9669675827026367
multi_org_balanced,0.9057608842849731
multi_org_balanced,0.933921754360199
multi_org_balanced,0.775083065032959
multi_org_balanced,0.9576797485351562
multi_org_balanced,0.9501959681510925
multi_org_balanced,0.9719862937927246
multi_org_balanced,0.9305064678192139
multi_org_balanced,0.9422581195831299
multi_org_balanced,0.9263640642166138
multi_org_balanced,0.6772646903991699
multi_org_balanced,0.9570703506469727
multi_org_balanced,0.9831811189651489
multi_org_balanced,0.974516749382019
multi_org_balanced,0.9374234676361084
multi_org_balanced,0.9439143538475037
multi_org_balanced,0.7530351877212524
multi_org_balanced,0.9143807888031006
multi_org_balanced,0.6950708031654358
multi_org_balanced,0.9647217988967896
multi_org_balanced,0.9423950910568237
multi_org_balanced,0.743868887424469
multi_org_balanced,0.969913899898529
multi_org_balanced,0.9648393392562866
multi_org_balanced,0.6766539812088013
multi_org_balanced,0.9060418009757996
multi_org_balanced,0.9625605344772339
multi_org_balanced,0.9878349304199219
multi_org_balanced,0.9877902269363403
multi_org_balanced,0.9472074508666992
multi_org_balanced,0.9417527318000793
multi_org_balanced,0.9552714228630066
multi_org_balanced,0.9726278781890869
multi_org_balanced,0.9545707702636719
multi_org_balanced,0.9713897705078125
multi_org_balanced,0.9743416905403137
multi_org_balanced,0.9653507471084595
multi_org_balanced,0.9667477011680603
multi_org_balanced,0.9519041776657104
multi_org_balanced,0.9352092742919922
multi_org_balanced,0.972387433052063
multi_org_balanced,0.9338899254798889
multi_org_balanced,0.9350447058677673
multi_org_balanced,0.8817697167396545
multi_org_balanced,0.9686844348907471
multi_org_balanced,0.6633008718490601
multi_org_balanced,0.9589096903800964
multi_org_balanced,0.9220942258834839
multi_org_balanced,0.8866622447967529
multi_org_balanced,0.9161565899848938
multi_org_balanced,0.8890323042869568
multi_org_balanced,0.941917359828949
multi_org_balanced,0.9343054890632629
multi_org_balanced,0.9552111625671387
multi_org_balanced,0.961664080619812
multi_org_balanced,0.7511486411094666
multi_org_balanced,0.9583597183227539
multi_org_balanced,0.9513082504272461
multi_org_balanced,0.9708508849143982
multi_org_balanced,0.9071996212005615
multi_org_balanced,0.9658734798431396
multi_org_balanced,0.8257859945297241
multi_org_balanced,0.9468508958816528
multi_org_balanced,0.9457104206085205
multi_org_balanced,0.9424402713775635
multi_org_balanced,0.9719237685203552
multi_org_balanced,0.7279876470565796
multi_org_balanced,0.9636031985282898
multi_org_balanced,0.9743914604187012
multi_org_balanced,0.9070924520492554
multi_org_balanced,0.9742286205291748
multi_org_balanced,0.9568806886672974
multi_org_balanced,0.978549063205719
multi_org_balanced,0.9803907871246338
multi_org_balanced,0.88527512550354
multi_org_balanced,0.9649562835693359
multi_org_balanced,0.9606569409370422
multi_org_balanced,0.9615049362182617
multi_org_balanced,0.964589536190033
multi_org_balanced,0.9312504529953003
multi_org_balanced,0.9625657200813293
multi_org_balanced,0.9546511769294739
multi_org_balanced,0.9881780743598938
multi_org_balanced,0.9420394897460938
multi_org_balanced,0.9566248655319214
multi_org_balanced,0.9197409152984619
multi_org_balanced,0.9597574472427368
multi_org_balanced,0.9012570381164551
multi_org_balanced,0.959545373916626
multi_org_balanced,0.9627801775932312
multi_org_balanced,0.9877081513404846
multi_org_balanced,0.9741122722625732
multi_org_balanced,0.9329639673233032
multi_org_balanced,0.8967007398605347
multi_org_balanced,0.8719502687454224
multi_org_balanced,0.9206962585449219
multi_org_balanced,0.970812201499939
multi_org_balanced,0.939134955406189
multi_org_balanced,0.9419224262237549
multi_org_balanced,0.9864570498466492
multi_org_balanced,0.9754173755645752
multi_org_balanced,0.9635510444641113
multi_org_balanced,0.9183149933815002
multi_org_balanced,0.8172355890274048
multi_org_balanced,0.9228392243385315
multi_org_balanced,0.9623514413833618
multi_org_balanced,0.9451223015785217
multi_org_balanced,0.9841208457946777
multi_org_balanced,0.9827385544776917
multi_org_balanced,0.9503486156463623
multi_org_balanced,0.9733303785324097
multi_org_balanced,0.9425687193870544
multi_org_balanced,0.9551639556884766
multi_org_balanced,0.9897401332855225
multi_org_balanced,0.9878748655319214
multi_org_balanced,0.7100211381912231
multi_org_balanced,0.9219712018966675
multi_org_balanced,0.7374844551086426
multi_org_balanced,0.8899076581001282
multi_org_balanced,0.9604696035385132
multi_org_balanced,0.9538853168487549
multi_org_balanced,0.9672924280166626
multi_org_balanced,0.9609326124191284
multi_org_balanced,0.9721902012825012
multi_org_balanced,0.9588996171951294
multi_org_balanced,0.6657553911209106
multi_org_balanced,0.9615217447280884
multi_org_balanced,0.8906427621841431
multi_org_balanced,0.6170762777328491
multi_org_balanced,0.6177158355712891
multi_org_balanced,0.8970710635185242
multi_org_balanced,0.9109421968460083
multi_org_balanced,0.8880987167358398
multi_org_balanced,0.8310653567314148
multi_org_balanced,0.9647787809371948
multi_org_balanced,0.8928507566452026
multi_org_balanced,0.8366726636886597
multi_org_balanced,0.9347793459892273
multi_org_balanced,0.7267296314239502
multi_org_balanced,0.7558464407920837
multi_org_balanced,0.8359500765800476
multi_org_balanced,0.855985701084137
multi_org_balanced,0.7785651683807373
multi_org_balanced,0.9507791996002197
multi_org_balanced,0.8380049467086792
multi_org_balanced,0.6769888997077942
multi_org_balanced,0.9630426168441772
multi_org_balanced,0.977316677570343
multi_org_balanced,0.9363507032394409
multi_org_balanced,0.7016605734825134
multi_org_balanced,0.7832996845245361
multi_org_balanced,0.7831185460090637
multi_org_balanced,0.7903361320495605
multi_org_balanced,0.7749618887901306
multi_org_balanced,0.6796278357505798
multi_org_balanced,0.7681781053543091
multi_org_balanced,0.7027284502983093
multi_org_balanced,0.6228677034378052
multi_org_balanced,0.6473610401153564
multi_org_balanced,0.7877846956253052
multi_org_balanced,0.9706113338470459
multi_org_balanced,0.8147521018981934
multi_org_balanced,0.9242464303970337
multi_org_balanced,0.9193187952041626
multi_org_balanced,0.9589118957519531
multi_org_balanced,0.9704055190086365
multi_org_balanced,0.6414121985435486
multi_org_balanced,0.960943877696991
multi_org_balanced,0.9768630862236023
multi_org_balanced,0.9658979773521423
multi_org_balanced,0.968417227268219
multi_org_balanced,0.9337373971939087
multi_org_balanced,0.9382957816123962
multi_org_balanced,0.9787429571151733
multi_org_balanced,0.8659013509750366
multi_org_balanced,0.9737125039100647
multi_org_balanced,0.6093510389328003
multi_org_balanced,0.7654975652694702
multi_org_balanced,0.8475329279899597
multi_org_balanced,0.9027060866355896
multi_org_balanced,0.9418553709983826
multi_org_balanced,0.6230342984199524
multi_org_balanced,0.9814145565032959
multi_org_balanced,0.9456512331962585
multi_org_balanced,0.6540290117263794
multi_org_balanced,0.8836808800697327
multi_org_balanced,0.7673136591911316
multi_org_balanced,0.693150520324707
multi_org_balanced,0.9386143684387207
multi_org_balanced,0.9492703080177307
multi_org_balanced,0.9574966430664062
multi_org_balanced,0.6248200535774231
multi_org_balanced,0.6758671402931213
multi_org_balanced,0.7263892889022827
multi_org_balanced,0.9228715300559998
multi_org_balanced,0.8296796083450317
multi_org_balanced,0.8226462006568909
multi_org_balanced,0.6920998096466064
multi_org_balanced,0.6670058369636536
multi_org_balanced,0.7366920709609985
multi_org_balanced,0.649087131023407
multi_org_balanced,0.5266388058662415
multi_org_balanced,0.7528311014175415
multi_org_balanced,0.5259372591972351
multi_org_balanced,0.5485106706619263
multi_org_balanced,0.6871274709701538
multi_org_balanced,0.5402559638023376
multi_org_balanced,0.6038274765014648
multi_org_balanced,0.6731913089752197
multi_org_balanced,0.6744180917739868
multi_org_balanced,0.7263956069946289
multi_org_balanced,0.5748057961463928
multi_org_balanced,0.705265462398529
multi_org_balanced,0.8771363496780396
multi_org_balanced,0.8527497053146362
multi_org_balanced,0.7580487728118896
multi_org_balanced,0.9685415029525757
multi_org_balanced,0.6540833115577698
multi_org_balanced,0.7913309931755066
multi_org_balanced,0.706089198589325
multi_org_balanced,0.4827488958835602
multi_org_balanced,0.5469305515289307
multi_org_balanced,0.9702127575874329
multi_org_balanced,0.9507595896720886
multi_org_balanced,0.9299249649047852
multi_org_balanced,0.9125802516937256
multi_org_balanced,0.9636312127113342
multi_org_balanced,0.8541349172592163
multi_org_balanced,0.9899059534072876
multi_org_balanced,0.9778133034706116
multi_org_balanced,0.9425890445709229
multi_org_balanced,0.8707419633865356
multi_org_balanced,0.8876615166664124
multi_org_balanced,0.9732210040092468
multi_org_balanced,0.9849212765693665
multi_org_balanced,0.9702892899513245
multi_org_balanced,0.9711139798164368
multi_org_balanced,0.9667620658874512
multi_org_balanced,0.9559656977653503
multi_org_balanced,0.9424431324005127
multi_org_balanced,0.9623194932937622
multi_org_balanced,0.8959541320800781
multi_org_balanced,0.9205249547958374
multi_org_balanced,0.9685953259468079
multi_org_balanced,0.961785078048706
multi_org_balanced,0.9598401784896851
multi_org_balanced,0.9702377915382385
multi_org_balanced,0.9690166115760803
multi_org_balanced,0.9538058638572693
multi_org_balanced,0.9389230012893677
multi_org_balanced,0.9554234743118286
multi_org_balanced,0.6813946962356567
multi_org_balanced,0.9331998229026794
multi_org_balanced,0.9650726914405823
multi_org_balanced,0.9026464223861694
multi_org_balanced,0.892776370048523
multi_org_balanced,0.8910243511199951
multi_org_balanced,0.8458552956581116
multi_org_balanced,0.8995066285133362
multi_org_balanced,0.9675149321556091
multi_org_balanced,0.9503921270370483
multi_org_balanced,0.7249939441680908
multi_org_balanced,0.9748888611793518
multi_org_balanced,0.9654470682144165
multi_org_balanced,0.9572645425796509
multi_org_balanced,0.9664244055747986
multi_org_balanced,0.8675401210784912
multi_org_balanced,0.9404942393302917
multi_org_balanced,0.976493775844574
multi_org_balanced,0.6379107236862183
multi_org_balanced,0.9642353653907776
multi_org_balanced,0.9801728129386902
multi_org_balanced,0.9782876968383789
multi_org_balanced,0.9638203978538513
multi_org_balanced,0.9144998788833618
multi_org_balanced,0.5883916020393372
multi_org_balanced,0.938338577747345
multi_org_balanced,0.933057427406311
multi_org_balanced,0.9436509013175964
multi_org_balanced,0.9448356628417969
multi_org_balanced,0.5303358435630798
multi_org_balanced,0.6857634782791138
multi_org_balanced,0.8173772692680359
multi_org_balanced,0.9042515754699707
multi_org_balanced,0.9705963134765625
multi_org_balanced,0.941531777381897
multi_org_balanced,0.9533332586288452
multi_org_balanced,0.6025443077087402
multi_org_balanced,0.530317485332489
multi_org_balanced,0.9476474523544312
multi_org_balanced,0.9612184762954712
multi_org_balanced,0.9379801750183105
multi_org_balanced,0.8532828688621521
multi_org_balanced,0.9192677736282349
multi_org_balanced,0.9384006857872009
multi_org_balanced,0.9590431451797485
multi_org_balanced,0.9597505331039429
multi_org_balanced,0.9375404119491577
multi_org_balanced,0.9240044355392456
multi_org_balanced,0.8905051946640015
multi_org_balanced,0.6570186614990234
multi_org_balanced,0.816703200340271
multi_org_balanced,0.848526120185852
multi_org_balanced,0.8925634622573853
multi_org_balanced,0.7141493558883667
multi_org_balanced,0.8159288763999939
multi_org_balanced,0.8290460109710693
multi_org_balanced,0.8863966464996338
multi_org_balanced,0.9624289274215698
multi_org_balanced,0.8113735318183899
multi_org_balanced,0.6167137622833252
multi_org_balanced,0.9396728873252869
multi_org_balanced,0.9515954852104187
multi_org_balanced,0.7668293714523315
multi_org_balanced,0.9398478865623474
multi_org_balanced,0.9430732131004333
multi_org_balanced,0.8209652900695801
multi_org_balanced,0.8193089962005615
multi_org_balanced,0.7447014451026917
multi_org_balanced,0.7097309827804565
multi_org_balanced,0.6494760513305664
multi_org_balanced,0.7882758378982544
multi_org_balanced,0.6087962985038757
multi_org_balanced,0.6123955249786377
multi_org_balanced,0.6039084196090698
multi_org_balanced,0.6635873317718506
multi_org_balanced,0.6582304239273071
multi_org_balanced,0.7084124684333801
multi_org_balanced,0.6302111148834229
multi_org_balanced,0.7107915282249451
multi_org_balanced,0.5697662234306335
multi_org_balanced,0.9724103212356567
multi_org_balanced,0.9739891886711121
multi_org_balanced,0.8807119727134705
multi_org_balanced,0.9246798753738403
multi_org_balanced,0.9853500127792358
multi_org_balanced,0.9741213917732239
multi_org_balanced,0.9826963543891907
multi_org_balanced,0.9727163910865784
multi_org_balanced,0.9731729626655579
multi_org_balanced,0.7926408052444458
multi_org_balanced,0.9735125303268433
multi_org_balanced,0.9591003060340881
multi_org_balanced,0.9670283198356628
multi_org_balanced,0.9835690855979919
multi_org_balanced,0.8618168830871582
multi_org_balanced,0.9827136993408203
multi_org_balanced,0.9481666684150696
multi_org_balanced,0.9666256904602051
multi_org_balanced,0.9721952676773071
multi_org_balanced,0.9414002895355225
multi_org_balanced,0.9707142114639282
multi_org_balanced,0.9839813709259033
multi_org_balanced,0.9878247976303101
multi_org_balanced,0.9808189272880554
multi_org_balanced,0.7750896215438843
multi_org_balanced,0.8188095092773438
multi_org_balanced,0.7297694683074951
multi_org_balanced,0.9449170231819153
multi_org_balanced,0.9289765357971191
multi_org_balanced,0.6576088666915894
multi_org_balanced,0.757039487361908
multi_org_balanced,0.930773913860321
multi_org_balanced,0.5796487927436829
multi_org_balanced,0.7354499697685242
multi_org_balanced,0.7011221647262573
multi_org_balanced,0.6308924555778503
multi_org_balanced,0.6588962078094482
multi_org_balanced,0.4687928557395935
multi_org_balanced,0.6675238609313965
multi_org_balanced,0.9323168992996216
multi_org_balanced,0.5837478637695312
multi_org_balanced,0.6915309429168701
multi_org_balanced,0.9409700632095337
multi_org_balanced,0.9019100666046143
multi_org_balanced,0.9542974829673767
multi_org_balanced,0.9713690876960754
multi_org_balanced,0.9833128452301025
multi_org_balanced,0.9370735883712769
multi_org_balanced,0.9505700469017029
multi_org_balanced,0.8807682394981384
multi_org_balanced,0.7307547330856323
multi_org_balanced,0.7754349708557129
multi_org_balanced,0.7691129446029663
multi_org_balanced,0.9619240164756775
multi_org_balanced,0.9775950908660889
multi_org_balanced,0.8961654305458069
multi_org_balanced,0.9149396419525146
multi_org_balanced,0.9617128968238831
multi_org_balanced,0.8909350037574768
multi_org_balanced,0.828506350517273
multi_org_balanced,0.9467604160308838
multi_org_balanced,0.908141553401947
multi_org_balanced,0.9347077012062073
multi_org_balanced,0.9645014405250549
multi_org_balanced,0.8391570448875427
multi_org_balanced,0.9312852025032043
multi_org_balanced,0.8015950918197632
multi_org_balanced,0.8916527032852173
multi_org_balanced,0.9662399888038635
multi_org_balanced,0.9396670460700989
multi_org_balanced,0.9526928067207336
multi_org_balanced,0.9450803995132446
multi_org_balanced,0.8541830778121948
multi_org_balanced,0.6563636064529419
multi_org_balanced,0.9427251219749451
multi_org_balanced,0.9442808032035828
multi_org_balanced,0.8340575098991394
multi_org_balanced,0.9004424810409546
multi_org_balanced,0.9266964793205261
multi_org_balanced,0.928632915019989
multi_org_balanced,0.9167289137840271
multi_org_balanced,0.9694724678993225
multi_org_balanced,0.9489811658859253
multi_org_balanced,0.8406250476837158
multi_org_balanced,0.6847756505012512
multi_org_balanced,0.9581685662269592
multi_org_balanced,0.7879760265350342
multi_org_balanced,0.7657115459442139
multi_org_balanced,0.9238795638084412
multi_org_balanced,0.7432441711425781
multi_org_balanced,0.938012957572937
multi_org_balanced,0.9470940828323364
multi_org_balanced,0.9532876014709473
multi_org_balanced,0.8426963090896606
multi_org_balanced,0.9085566997528076
multi_org_balanced,0.7235304117202759
multi_org_balanced,0.9390645623207092
multi_org_balanced,0.9403438568115234
multi_org_balanced,0.9475263953208923
multi_org_balanced,0.9512832164764404
multi_org_balanced,0.9399764537811279
multi_org_balanced,0.9563117623329163
multi_org_balanced,0.938238263130188
multi_org_balanced,0.9752264618873596
multi_org_balanced,0.9603852033615112
multi_org_balanced,0.9619196653366089
multi_org_balanced,0.9775600433349609
multi_org_balanced,0.966483473777771
multi_org_balanced,0.9562360048294067
multi_org_balanced,0.9549071788787842
multi_org_balanced,0.9547638893127441
multi_org_balanced,0.9285203814506531
multi_org_balanced,0.918503999710083
multi_org_balanced,0.977746844291687
multi_org_balanced,0.9537805318832397
multi_org_balanced,0.7047913670539856
multi_org_balanced,0.9023134112358093
multi_org_balanced,0.9715035557746887
multi_org_balanced,0.8268167972564697
multi_org_balanced,0.9350855946540833
multi_org_balanced,0.8595447540283203
multi_org_balanced,0.938873291015625
multi_org_balanced,0.952871561050415
multi_org_balanced,0.935206413269043
multi_org_balanced,0.8380306363105774
multi_org_balanced,0.9632401466369629
multi_org_balanced,0.8997907042503357
multi_org_balanced,0.9286465644836426
multi_org_balanced,0.9504274129867554
multi_org_balanced,0.9489597082138062
multi_org_balanced,0.9285556674003601
multi_org_balanced,0.939245879650116
multi_org_balanced,0.9183645248413086
multi_org_balanced,0.7863854765892029
multi_org_balanced,0.9691641330718994
multi_org_balanced,0.9654735922813416
multi_org_balanced,0.9494854211807251
multi_org_balanced,0.8719260692596436
multi_org_balanced,0.8814674019813538
multi_org_balanced,0.7588281631469727
multi_org_balanced,0.9639081358909607
multi_org_balanced,0.962260365486145
multi_org_balanced,0.9742873311042786
multi_org_balanced,0.9856271147727966
multi_org_balanced,0.9548943042755127
multi_org_balanced,0.9423866271972656
multi_org_balanced,0.9726737141609192
multi_org_balanced,0.9522477388381958
multi_org_balanced,0.9737932085990906
multi_org_balanced,0.8270571231842041
multi_org_balanced,0.9196268320083618
multi_org_balanced,0.9135798215866089
multi_org_balanced,0.9203472137451172
multi_org_balanced,0.6348663568496704
multi_org_balanced,0.9183324575424194
multi_org_balanced,0.921576738357544
multi_org_balanced,0.9764969348907471
multi_org_balanced,0.7096429467201233
multi_org_balanced,0.9560741186141968
multi_org_balanced,0.9712398052215576
multi_org_balanced,0.8839512467384338
multi_org_balanced,0.7545655369758606
multi_org_balanced,0.9311011433601379
multi_org_balanced,0.9678590893745422
multi_org_balanced,0.928566575050354
multi_org_balanced,0.9535925388336182
multi_org_balanced,0.9035752415657043
multi_org_balanced,0.8898000717163086
multi_org_balanced,0.9394400715827942
multi_org_balanced,0.9045200347900391
multi_org_balanced,0.6333882808685303
multi_org_balanced,0.6783031225204468
multi_org_balanced,0.8197706341743469
multi_org_balanced,0.9425093531608582
multi_org_balanced,0.7228171229362488
multi_org_balanced,0.9354195594787598
multi_org_balanced,0.8326379656791687
multi_org_balanced,0.6778944134712219
multi_org_balanced,0.9318929314613342
multi_org_balanced,0.8948805928230286
multi_org_balanced,0.9198678135871887
multi_org_balanced,0.8839989900588989
multi_org_balanced,0.7921454906463623
multi_org_balanced,0.6628227233886719
multi_org_balanced,0.7054450511932373
multi_org_balanced,0.725091814994812
multi_org_balanced,0.9647549986839294
multi_org_balanced,0.5062234401702881
multi_org_balanced,0.9418609738349915
multi_org_balanced,0.9614778161048889
multi_org_balanced,0.7732309699058533
multi_org_balanced,0.9525213241577148
multi_org_balanced,0.9702034592628479
multi_org_balanced,0.9381031394004822
multi_org_balanced,0.9052935242652893
multi_org_balanced,0.9427781105041504
multi_org_balanced,0.956250786781311
multi_org_balanced,0.9193780422210693
multi_org_balanced,0.9464303851127625
multi_org_balanced,0.9633532762527466
multi_org_balanced,0.6991366147994995
multi_org_balanced,0.6383116841316223
multi_org_balanced,0.8825153708457947
multi_org_balanced,0.772642195224762
multi_org_balanced,0.675451397895813
multi_org_balanced,0.7736570835113525
multi_org_balanced,0.8126903772354126
multi_org_balanced,0.6580662727355957
multi_org_balanced,0.7059279084205627
multi_org_balanced,0.7604967355728149
multi_org_balanced,0.7206655144691467
multi_org_balanced,0.8276801109313965
multi_org_balanced,0.9484977722167969
multi_org_balanced,0.8816821575164795
multi_org_balanced,0.8345864415168762
multi_org_balanced,0.952698826789856
multi_org_balanced,0.9472124576568604
multi_org_balanced,0.7728521227836609
multi_org_balanced,0.8143438696861267
multi_org_balanced,0.6071792244911194
multi_org_balanced,0.9612141847610474
multi_org_balanced,0.8486424088478088
multi_org_balanced,0.9813265204429626
multi_org_balanced,0.9779606461524963
multi_org_balanced,0.9493538737297058
multi_org_balanced,0.8536472320556641
multi_org_balanced,0.9627422094345093
multi_org_balanced,0.9029562473297119
multi_org_balanced,0.9710003733634949
multi_org_balanced,0.9752897024154663
multi_org_balanced,0.9726830124855042
multi_org_balanced,0.9795498847961426
multi_org_balanced,0.975773811340332
multi_org_balanced,0.9001185297966003
multi_org_balanced,0.8964853882789612
multi_org_balanced,0.49859994649887085
multi_org_balanced,0.9311619400978088
multi_org_balanced,0.9081292152404785
multi_org_balanced,0.9379174709320068
multi_org_balanced,0.9543737173080444
multi_org_balanced,0.9637498259544373
multi_org_balanced,0.9709033966064453
multi_org_balanced,0.9735797047615051
multi_org_balanced,0.9658872485160828
multi_org_balanced,0.9418560266494751
multi_org_balanced,0.950772762298584
multi_org_balanced,0.9392537474632263
multi_org_balanced,0.9815980792045593
multi_org_balanced,0.9790941476821899
multi_org_balanced,0.9737148880958557
multi_org_balanced,0.9280082583427429
multi_org_balanced,0.9350888729095459
multi_org_balanced,0.9458813667297363
multi_org_balanced,0.9416977167129517
multi_org_balanced,0.9572573900222778
multi_org_balanced,0.961921215057373
multi_org_balanced,0.9511045217514038
multi_org_balanced,0.9108096957206726
multi_org_balanced,0.9692557454109192
multi_org_balanced,0.9654159545898438
multi_org_balanced,0.9104185700416565
multi_org_balanced,0.9555143117904663
multi_org_balanced,0.9183112382888794
multi_org_balanced,0.9499993324279785
multi_org_balanced,0.9314048290252686
multi_org_balanced,0.9726631045341492
multi_org_balanced,0.6681734919548035
multi_org_balanced,0.9674733877182007
multi_org_balanced,0.983789324760437
multi_org_balanced,0.9870617985725403
multi_org_balanced,0.9705554246902466
multi_org_balanced,0.9760031700134277
multi_org_balanced,0.9136055111885071
multi_org_balanced,0.9700512886047363
multi_org_balanced,0.9618490934371948
multi_org_balanced,0.9732858538627625
multi_org_balanced,0.8648782968521118
multi_org_balanced,0.5993532538414001
multi_org_balanced,0.8422632217407227
multi_org_balanced,0.7765287160873413
multi_org_balanced,0.7906622290611267
multi_org_balanced,0.8485457301139832
multi_org_balanced,0.9409909248352051
multi_org_balanced,0.9297932982444763
multi_org_balanced,0.9598180651664734
multi_org_balanced,0.9334231615066528
multi_org_balanced,0.9294956922531128
multi_org_balanced,0.9658425450325012
multi_org_balanced,0.9429997205734253
multi_org_balanced,0.9547668099403381
multi_org_balanced,0.9495569467544556
multi_org_balanced,0.8563635349273682
multi_org_balanced,0.9465449452400208
multi_org_balanced,0.9184370040893555
multi_org_balanced,0.9262356162071228
multi_org_balanced,0.8741777539253235
multi_org_balanced,0.9373964667320251
multi_org_balanced,0.9447320699691772
multi_org_balanced,0.859632670879364
multi_org_balanced,0.7530553340911865
multi_org_balanced,0.7873047590255737
multi_org_balanced,0.9297394752502441
multi_org_balanced,0.8025404214859009
multi_org_balanced,0.949827253818512
multi_org_balanced,0.9068967700004578
multi_org_balanced,0.8907891511917114
multi_org_balanced,0.5734856724739075
multi_org_balanced,0.9534034132957458
multi_org_balanced,0.7627362608909607
multi_org_balanced,0.9718266725540161
multi_org_balanced,0.7994780540466309
multi_org_balanced,0.9467979073524475
multi_org_balanced,0.5287335515022278
multi_org_balanced,0.855291485786438
multi_org_balanced,0.7680593729019165
multi_org_balanced,0.8978832960128784
multi_org_balanced,0.9651601314544678
multi_org_balanced,0.9494113922119141
multi_org_balanced,0.9220991134643555
multi_org_balanced,0.9676687717437744
multi_org_balanced,0.9656253457069397
multi_org_balanced,0.9293575286865234
multi_org_balanced,0.9562795162200928
multi_org_balanced,0.8498817086219788
multi_org_balanced,0.5938270092010498
multi_org_balanced,0.9284910559654236
multi_org_balanced,0.7187172174453735
multi_org_balanced,0.9794697761535645
multi_org_balanced,0.9268283247947693
multi_org_balanced,0.9555187821388245
multi_org_balanced,0.9397249221801758
multi_org_balanced,0.9676241278648376
multi_org_balanced,0.9761389493942261
multi_org_balanced,0.9645557403564453
multi_org_balanced,0.9524679780006409
multi_org_balanced,0.9833498597145081
multi_org_balanced,0.9512887597084045
multi_org_balanced,0.8958957195281982
multi_org_balanced,0.9361592531204224
multi_org_balanced,0.9751636385917664
multi_org_balanced,0.9759729504585266
multi_org_balanced,0.9736021161079407
multi_org_balanced,0.9248560070991516
multi_org_balanced,0.929175853729248
multi_org_balanced,0.9761924743652344
multi_org_balanced,0.9703758358955383
multi_org_balanced,0.9314985275268555
multi_org_balanced,0.9792177677154541
multi_org_balanced,0.9791406393051147
multi_org_balanced,0.8752879500389099
multi_org_balanced,0.9112831354141235
multi_org_balanced,0.8546445369720459
multi_org_balanced,0.9739556908607483
multi_org_balanced,0.9568783640861511
multi_org_balanced,0.9802792072296143
multi_org_balanced,0.9426633715629578
multi_org_balanced,0.954314649105072
multi_org_balanced,0.9600022435188293
multi_org_balanced,0.8266066312789917
multi_org_balanced,0.9807947278022766
multi_org_balanced,0.9340683817863464
multi_org_balanced,0.9519832730293274
multi_org_balanced,0.9664274454116821
multi_org_balanced,0.9738942384719849
multi_org_balanced,0.7346285581588745
multi_org_balanced,0.9746144413948059
multi_org_balanced,0.9716842770576477
multi_org_balanced,0.9189031720161438
multi_org_balanced,0.9714593887329102
multi_org_balanced,0.9065428376197815
multi_org_balanced,0.9752857685089111
multi_org_balanced,0.8738586902618408
multi_org_balanced,0.9112332463264465
multi_org_balanced,0.9704062938690186
multi_org_balanced,0.8731650114059448
multi_org_balanced,0.8544751405715942
multi_org_balanced,0.9383285045623779
multi_org_balanced,0.8478161692619324
multi_org_balanced,0.9619344472885132
multi_org_balanced,0.9523605704307556
multi_org_balanced,0.9576025605201721
multi_org_balanced,0.9731155633926392
multi_org_balanced,0.8872901201248169
multi_org_balanced,0.6075676679611206
multi_org_balanced,0.7143527269363403
multi_org_balanced,0.9674647450447083
multi_org_balanced,0.9648877382278442
multi_org_balanced,0.9793631434440613
multi_org_balanced,0.9344170093536377
multi_org_balanced,0.9550300240516663
multi_org_balanced,0.987174391746521
multi_org_balanced,0.9406701326370239
multi_org_balanced,0.9648246169090271
multi_org_balanced,0.97462397813797
multi_org_balanced,0.9832480549812317
multi_org_balanced,0.9331547617912292
multi_org_balanced,0.9581397771835327
multi_org_balanced,0.9692436456680298
multi_org_balanced,0.9630752801895142
multi_org_balanced,0.960063099861145
multi_org_balanced,0.949932336807251
multi_org_balanced,0.947469174861908
multi_org_balanced,0.9337621927261353
multi_org_balanced,0.9732772707939148
multi_org_balanced,0.9830664396286011
multi_org_balanced,0.9344058632850647
multi_org_balanced,0.961929976940155
multi_org_balanced,0.9198163151741028
multi_org_balanced,0.959901750087738
multi_org_balanced,0.9224991202354431
multi_org_balanced,0.9767062664031982
multi_org_balanced,0.885310173034668
multi_org_balanced,0.9805770516395569
multi_org_balanced,0.9338496327400208
multi_org_balanced,0.9235577583312988
multi_org_balanced,0.9248557090759277
multi_org_balanced,0.9197081923484802
multi_org_balanced,0.9312053322792053
multi_org_balanced,0.9761148691177368
multi_org_balanced,0.9614640474319458
multi_org_balanced,0.9733654260635376
multi_org_balanced,0.9835880398750305
multi_org_balanced,0.9721880555152893
multi_org_balanced,0.9784514307975769
multi_org_balanced,0.5687726736068726
multi_org_balanced,0.8825329542160034
multi_org_balanced,0.7212015390396118
multi_org_balanced,0.9327441453933716
multi_org_balanced,0.9484802484512329
multi_org_balanced,0.9044015407562256
multi_org_balanced,0.7682905197143555
multi_org_balanced,0.8048264384269714
multi_org_balanced,0.8857468366622925
multi_org_balanced,0.8982275724411011
multi_org_balanced,0.8881716132164001
multi_org_balanced,0.8598918914794922
multi_org_balanced,0.8220282793045044
multi_org_balanced,0.9360920190811157
multi_org_balanced,0.8148379921913147
multi_org_balanced,0.9650558829307556
multi_org_balanced,0.9394494295120239
multi_org_balanced,0.8831747770309448
multi_org_balanced,0.9219824075698853
multi_org_balanced,0.9246017336845398
multi_org_balanced,0.9035138487815857
multi_org_balanced,0.9041510224342346
multi_org_balanced,0.952426552772522
multi_org_balanced,0.9732797741889954
multi_org_balanced,0.93562912940979
multi_org_balanced,0.815069854259491
multi_org_balanced,0.9738220572471619
multi_org_balanced,0.9024994373321533
multi_org_balanced,0.9166473150253296
multi_org_balanced,0.9241027235984802
multi_org_balanced,0.9586530923843384
multi_org_balanced,0.9745632410049438
multi_org_balanced,0.8744313716888428
multi_org_balanced,0.9661604166030884
multi_org_balanced,0.9232311248779297
multi_org_balanced,0.9569568037986755
multi_org_balanced,0.9652836322784424
multi_org_balanced,0.9022414684295654
multi_org_balanced,0.5514190196990967
multi_org_balanced,0.744225025177002
multi_org_balanced,0.6969649791717529
multi_org_balanced,0.751021683216095
multi_org_balanced,0.8432764410972595
multi_org_balanced,0.9611631631851196
multi_org_balanced,0.8545900583267212
multi_org_balanced,0.7845895886421204
multi_org_balanced,0.6597930192947388
multi_org_balanced,0.5065573453903198
multi_org_balanced,0.953251838684082
multi_org_balanced,0.9572354555130005
multi_org_balanced,0.9774102568626404
multi_org_balanced,0.8929544687271118
multi_org_balanced,0.9482916593551636
multi_org_balanced,0.9571869373321533
multi_org_balanced,0.8153278827667236
multi_org_balanced,0.9515855312347412
multi_org_balanced,0.972528874874115
multi_org_balanced,0.9723255634307861
multi_org_balanced,0.9433056712150574
multi_org_balanced,0.8553333282470703
multi_org_balanced,0.8864281177520752
multi_org_balanced,0.8085535168647766
multi_org_balanced,0.9606700539588928
multi_org_balanced,0.9440858364105225
multi_org_balanced,0.9744584560394287
multi_org_balanced,0.8997377753257751
multi_org_balanced,0.9619565010070801
multi_org_balanced,0.9813377261161804
multi_org_balanced,0.9379317164421082
multi_org_balanced,0.9519208073616028
multi_org_balanced,0.9488695859909058
multi_org_balanced,0.9582101106643677
multi_org_balanced,0.9623364210128784
multi_org_balanced,0.834403932094574
multi_org_balanced,0.7415626049041748
multi_org_balanced,0.9293882846832275
multi_org_balanced,0.904011070728302
multi_org_balanced,0.9731994271278381
multi_org_balanced,0.9174329042434692
multi_org_balanced,0.9495334625244141
multi_org_balanced,0.9501891136169434
multi_org_balanced,0.900876522064209
multi_org_balanced,0.7395590543746948
multi_org_balanced,0.7892526388168335
multi_org_balanced,0.8585880398750305
multi_org_balanced,0.9262861013412476
multi_org_balanced,0.8582374453544617
multi_org_balanced,0.6640441417694092
multi_org_balanced,0.9099510908126831
multi_org_balanced,0.9653412103652954
multi_org_balanced,0.9356042742729187
multi_org_balanced,0.9668446183204651
multi_org_balanced,0.9321362376213074
multi_org_balanced,0.9217727780342102
multi_org_balanced,0.9429711699485779
multi_org_balanced,0.9605527520179749
multi_org_balanced,0.9850207567214966
multi_org_balanced,0.9423695802688599
multi_org_balanced,0.9394101500511169
multi_org_balanced,0.9567663669586182
multi_org_balanced,0.9649976491928101
multi_org_balanced,0.86758953332901
multi_org_balanced,0.950116753578186
multi_org_balanced,0.9803813695907593
multi_org_balanced,0.9442917108535767
multi_org_balanced,0.9836444854736328
multi_org_balanced,0.9612945318222046
multi_org_balanced,0.9755593538284302
multi_org_balanced,0.9626229405403137
multi_org_balanced,0.9760454297065735
multi_org_balanced,0.9398683309555054
multi_org_balanced,0.9480319619178772
multi_org_balanced,0.9568937420845032
multi_org_balanced,0.9640390872955322
multi_org_balanced,0.9799159169197083
multi_org_balanced,0.9578988552093506
multi_org_balanced,0.9663594961166382
multi_org_balanced,0.9591701626777649
multi_org_balanced,0.9389105439186096
multi_org_balanced,0.9600868225097656
multi_org_balanced,0.9746719598770142
multi_org_balanced,0.9823709726333618
multi_org_balanced,0.9731477499008179
multi_org_balanced,0.9726747274398804
multi_org_balanced,0.9695947766304016
multi_org_balanced,0.9788012504577637
multi_org_balanced,0.9874038696289062
multi_org_balanced,0.9740417003631592
multi_org_balanced,0.9810650944709778
multi_org_balanced,0.8285253047943115
multi_org_balanced,0.947309672832489
multi_org_balanced,0.9712701439857483
multi_org_balanced,0.7528653740882874
multi_org_balanced,0.9444910287857056
multi_org_balanced,0.9829321503639221
multi_org_balanced,0.980656623840332
multi_org_balanced,0.952887237071991
multi_org_balanced,0.9875768423080444
multi_org_balanced,0.9833223819732666
multi_org_balanced,0.971541166305542
multi_org_balanced,0.6576739549636841
multi_org_balanced,0.8140040636062622
multi_org_balanced,0.9021607041358948
multi_org_balanced,0.8662900328636169
multi_org_balanced,0.8631913661956787
multi_org_balanced,0.9129091501235962
multi_org_balanced,0.659055233001709
multi_org_balanced,0.9263228178024292
multi_org_balanced,0.9635986685752869
multi_org_balanced,0.7053127288818359
multi_org_balanced,0.9500654935836792
multi_org_balanced,0.9516223073005676
multi_org_balanced,0.6553075909614563
multi_org_balanced,0.9331087470054626
multi_org_balanced,0.6506127119064331
multi_org_balanced,0.9481407403945923
multi_org_balanced,0.9475523829460144
multi_org_balanced,0.9377189874649048
multi_org_balanced,0.9720500707626343
multi_org_balanced,0.8026569485664368
multi_org_balanced,0.9490576386451721
multi_org_balanced,0.9831276535987854
multi_org_balanced,0.9356780648231506
multi_org_balanced,0.9522542357444763
multi_org_balanced,0.9455631375312805
multi_org_balanced,0.6762441992759705
multi_org_balanced,0.693551778793335
multi_org_balanced,0.514514684677124
multi_org_balanced,0.9072566032409668
multi_org_balanced,0.9545236229896545
multi_org_balanced,0.941820502281189
multi_org_balanced,0.9411426782608032
multi_org_balanced,0.9651452898979187
multi_org_balanced,0.9722782373428345
multi_org_balanced,0.8687613010406494
multi_org_balanced,0.9382742643356323
multi_org_balanced,0.9409360289573669
multi_org_balanced,0.9659160375595093
multi_org_balanced,0.800739049911499
multi_org_balanced,0.823549211025238
multi_org_balanced,0.8961285948753357
multi_org_balanced,0.8506205677986145
multi_org_balanced,0.9138631820678711
multi_org_balanced,0.9306250810623169
multi_org_balanced,0.9400845766067505
multi_org_balanced,0.9679692983627319
multi_org_balanced,0.9641358256340027
multi_org_balanced,0.9684476852416992
multi_org_balanced,0.9657648801803589
multi_org_balanced,0.8698201179504395
multi_org_balanced,0.9100188612937927
multi_org_balanced,0.9654147028923035
multi_org_balanced,0.7856525182723999
multi_org_balanced,0.9142872095108032
multi_org_balanced,0.9055080413818359
multi_org_balanced,0.9345933794975281
multi_org_balanced,0.9599730372428894
multi_org_balanced,0.9689266085624695
multi_org_balanced,0.8797434568405151
multi_org_balanced,0.9450926780700684
multi_org_balanced,0.9548342227935791
multi_org_balanced,0.9784085154533386
multi_org_balanced,0.9664015173912048
multi_org_balanced,0.9477893710136414
multi_org_balanced,0.7364500761032104
multi_org_balanced,0.9419131875038147
multi_org_balanced,0.9319931268692017
multi_org_balanced,0.9496393203735352
multi_org_balanced,0.8838201761245728
multi_org_balanced,0.8594146370887756
multi_org_balanced,0.9057817459106445
multi_org_balanced,0.9412826299667358
multi_org_balanced,0.9500789642333984
multi_org_balanced,0.9069225788116455
multi_org_balanced,0.9768338203430176
multi_org_balanced,0.9656760096549988
multi_org_balanced,0.8740319609642029
multi_org_balanced,0.8028147220611572
multi_org_balanced,0.859302282333374
multi_org_balanced,0.9790182113647461
multi_org_balanced,0.9593151807785034
multi_org_balanced,0.9756011962890625
multi_org_balanced,0.9823290109634399
multi_org_balanced,0.9510916471481323
multi_org_balanced,0.9134417176246643
multi_org_balanced,0.975314736366272
multi_org_balanced,0.9692174196243286
multi_org_balanced,0.9674619436264038
multi_org_balanced,0.9815303087234497
multi_org_balanced,0.9744166731834412
multi_org_balanced,0.8502268195152283
multi_org_balanced,0.9657299518585205
multi_org_balanced,0.9765158295631409
multi_org_balanced,0.9684348106384277
multi_org_balanced,0.9335266351699829
multi_org_balanced,0.9775545001029968
multi_org_balanced,0.9595705270767212
multi_org_balanced,0.7870504260063171
multi_org_balanced,0.8199669122695923
multi_org_balanced,0.9183683395385742
multi_org_balanced,0.9416147470474243
multi_org_balanced,0.8835102319717407
multi_org_balanced,0.9711633920669556
multi_org_balanced,0.9205394387245178
multi_org_balanced,0.9410845041275024
multi_org_balanced,0.9126098155975342
multi_org_balanced,0.9350215196609497
multi_org_balanced,0.777099609375
multi_org_balanced,0.6413338780403137
multi_org_balanced,0.9081767201423645
multi_org_balanced,0.8927702307701111
multi_org_balanced,0.5866370797157288
multi_org_balanced,0.6311658620834351
multi_org_balanced,0.6067749857902527
multi_org_balanced,0.9095608592033386
multi_org_balanced,0.8480494618415833
multi_org_balanced,0.9528218507766724
multi_org_balanced,0.9471693634986877
multi_org_balanced,0.895056962966919
multi_org_balanced,0.7875356674194336
multi_org_balanced,0.8224781155586243
multi_org_balanced,0.75608229637146
multi_org_balanced,0.8600948452949524
multi_org_balanced,0.9428161382675171
multi_org_balanced,0.7852592468261719
multi_org_balanced,0.6752379536628723
multi_org_balanced,0.8002792000770569
multi_org_balanced,0.8640075922012329
multi_org_balanced,0.965319037437439
multi_org_balanced,0.9164110422134399
multi_org_balanced,0.8732445240020752
multi_org_balanced,0.9161034226417542
multi_org_balanced,0.9838268160820007
multi_org_balanced,0.9774969220161438
multi_org_balanced,0.966318666934967
multi_org_balanced,0.8477219343185425
multi_org_balanced,0.9448345303535461
multi_org_balanced,0.605408787727356
multi_org_balanced,0.5741461515426636
multi_org_balanced,0.7831313610076904
multi_org_balanced,0.9731302857398987
multi_org_balanced,0.9350934624671936
multi_org_balanced,0.9469029307365417
multi_org_balanced,0.8198865056037903
multi_org_balanced,0.9463253021240234
multi_org_balanced,0.9590741395950317
multi_org_balanced,0.9542466998100281
multi_org_balanced,0.7513812184333801
multi_org_balanced,0.9793522953987122
multi_org_balanced,0.8890975713729858
multi_org_balanced,0.8140701651573181
multi_org_balanced,0.9628288745880127
multi_org_balanced,0.9535835981369019
multi_org_balanced,0.8153063654899597
multi_org_balanced,0.9492357969284058
multi_org_balanced,0.8315354585647583
multi_org_balanced,0.9791764616966248
multi_org_balanced,0.9510049819946289
multi_org_balanced,0.9793067574501038
multi_org_balanced,0.8783938884735107
multi_org_balanced,0.5814844965934753
multi_org_balanced,0.9529018998146057
multi_org_balanced,0.9651613235473633
multi_org_balanced,0.9725180864334106
multi_org_balanced,0.8945388197898865
multi_org_balanced,0.9350137710571289
multi_org_balanced,0.9711211323738098
multi_org_balanced,0.9012131094932556
multi_org_balanced,0.9793456792831421
multi_org_balanced,0.9489808082580566
multi_org_balanced,0.9760115146636963
multi_org_balanced,0.9670819044113159
multi_org_balanced,0.9901366829872131
multi_org_balanced,0.9916363954544067
multi_org_balanced,0.9760560393333435
multi_org_balanced,0.9621468186378479
multi_org_balanced,0.9585221409797668
multi_org_balanced,0.9816420674324036
multi_org_balanced,0.9569936990737915
multi_org_balanced,0.8924234509468079
multi_org_balanced,0.9821173548698425
multi_org_balanced,0.9649578332901001
multi_org_balanced,0.9739822745323181
multi_org_balanced,0.9716758728027344
multi_org_balanced,0.795659065246582
multi_org_balanced,0.9541672468185425
multi_org_balanced,0.7654326558113098
multi_org_balanced,0.9170124530792236
multi_org_balanced,0.9241974353790283
multi_org_balanced,0.9339370131492615
multi_org_balanced,0.9421896934509277
multi_org_balanced,0.9303931593894958
multi_org_balanced,0.9017060995101929
multi_org_balanced,0.9546793103218079
multi_org_balanced,0.9506077766418457
multi_org_balanced,0.9478916525840759
multi_org_balanced,0.9706284403800964
multi_org_balanced,0.9296662211418152
multi_org_balanced,0.9793153405189514
multi_org_balanced,0.9509439468383789
multi_org_balanced,0.9595456719398499
multi_org_balanced,0.9550211429595947
multi_org_balanced,0.9496533274650574
multi_org_balanced,0.7782290577888489
multi_org_balanced,0.9207022190093994
multi_org_balanced,0.7303164005279541
multi_org_balanced,0.8149200081825256
multi_org_balanced,0.801930844783783
multi_org_balanced,0.9533457159996033
multi_org_balanced,0.9465893507003784
multi_org_balanced,0.9639014005661011
multi_org_balanced,0.8791854381561279
multi_org_balanced,0.9416525363922119
multi_org_balanced,0.9609931111335754
multi_org_balanced,0.9688920974731445
multi_org_balanced,0.9493865966796875
multi_org_balanced,0.8910954594612122
multi_org_balanced,0.9118728637695312
multi_org_balanced,0.9275086522102356
multi_org_balanced,0.9565603137016296
multi_org_balanced,0.7030727863311768
multi_org_balanced,0.8854700326919556
multi_org_balanced,0.9786920547485352
multi_org_balanced,0.9781302213668823
multi_org_balanced,0.7215003371238708
multi_org_balanced,0.9102874398231506
multi_org_balanced,0.9384518265724182
multi_org_balanced,0.9790796637535095
multi_org_balanced,0.9330340623855591
multi_org_balanced,0.9840195178985596
multi_org_balanced,0.969441831111908
multi_org_balanced,0.9542351961135864
multi_org_balanced,0.9705457091331482
multi_org_balanced,0.9636938571929932
multi_org_balanced,0.7152692675590515
multi_org_balanced,0.8874938488006592
multi_org_balanced,0.939499020576477
multi_org_balanced,0.9646715521812439
multi_org_balanced,0.7865193486213684
multi_org_balanced,0.8226144313812256
multi_org_balanced,0.9486842155456543
multi_org_balanced,0.9500923156738281
multi_org_balanced,0.952784538269043
multi_org_balanced,0.967456579208374
multi_org_balanced,0.9554023742675781
multi_org_balanced,0.9337350130081177
multi_org_balanced,0.9261497855186462
multi_org_balanced,0.7779090404510498
multi_org_balanced,0.9837275147438049
multi_org_balanced,0.9560950994491577
multi_org_balanced,0.9107263088226318
multi_org_balanced,0.9579589366912842
multi_org_balanced,0.9444445371627808
multi_org_balanced,0.9309757351875305
multi_org_balanced,0.9755261540412903
multi_org_balanced,0.9756081104278564
multi_org_balanced,0.9798808097839355
multi_org_balanced,0.9716787338256836
multi_org_balanced,0.9238022565841675
multi_org_balanced,0.9161556959152222
multi_org_balanced,0.9708393812179565
multi_org_balanced,0.9363845586776733
multi_org_balanced,0.9697798490524292
multi_org_balanced,0.5230830311775208
multi_org_balanced,0.9426906704902649
multi_org_balanced,0.9432956576347351
multi_org_balanced,0.9492618441581726
multi_org_balanced,0.9396402835845947
multi_org_balanced,0.7000197172164917
multi_org_balanced,0.962714672088623
multi_org_balanced,0.8685421347618103
multi_org_balanced,0.9166109561920166
multi_org_balanced,0.7224976420402527
multi_org_balanced,0.5816233158111572
multi_org_balanced,0.6367318630218506
multi_org_balanced,0.7391287088394165
multi_org_balanced,0.8110113143920898
multi_org_balanced,0.9430208802223206
multi_org_balanced,0.8797318339347839
multi_org_balanced,0.9748761653900146
multi_org_balanced,0.9144710302352905
multi_org_balanced,0.5840588808059692
multi_org_balanced,0.7385855317115784
multi_org_balanced,0.5556715130805969
multi_org_balanced,0.564841091632843
multi_org_balanced,0.7313141226768494
multi_org_balanced,0.5974350571632385
multi_org_balanced,0.6103227138519287
multi_org_balanced,0.8386166095733643
multi_org_balanced,0.6528997421264648
multi_org_balanced,0.964386522769928
multi_org_balanced,0.965546727180481
multi_org_balanced,0.9524903297424316
multi_org_balanced,0.9896492958068848
multi_org_balanced,0.959045946598053
multi_org_balanced,0.9503169655799866
multi_org_balanced,0.9299398064613342
multi_org_balanced,0.9801326394081116
multi_org_balanced,0.9292433261871338
multi_org_balanced,0.9341785907745361
multi_org_balanced,0.9287782311439514
multi_org_balanced,0.8530168533325195
multi_org_balanced,0.9065462946891785
multi_org_balanced,0.949801504611969
multi_org_balanced,0.5715720057487488
multi_org_balanced,0.887442946434021
multi_org_balanced,0.8921939730644226
multi_org_balanced,0.8881555199623108
multi_org_balanced,0.8685404062271118
multi_org_balanced,0.945544958114624
multi_org_balanced,0.8879188895225525
multi_org_balanced,0.9617069959640503
multi_org_balanced,0.9550276398658752
multi_org_balanced,0.9735971093177795
multi_org_balanced,0.8657104969024658
multi_org_balanced,0.8126993775367737
multi_org_balanced,0.912630021572113
multi_org_balanced,0.9513517022132874
multi_org_balanced,0.8339964747428894
multi_org_balanced,0.8379784226417542
multi_org_balanced,0.7499135732650757
multi_org_balanced,0.9336856007575989
multi_org_balanced,0.8293832540512085
multi_org_balanced,0.9167711138725281
multi_org_balanced,0.8809178471565247
multi_org_balanced,0.8575514554977417
multi_org_balanced,0.8011453151702881
multi_org_balanced,0.7346043586730957
multi_org_balanced,0.8656727075576782
multi_org_balanced,0.9482516646385193
multi_org_balanced,0.9254787564277649
multi_org_balanced,0.928189754486084
multi_org_balanced,0.8068289756774902
multi_org_balanced,0.8879655003547668
multi_org_balanced,0.9605137705802917
multi_org_balanced,0.9109130501747131
multi_org_balanced,0.9596037268638611
multi_org_balanced,0.9430603384971619
multi_org_balanced,0.9612935185432434
multi_org_balanced,0.8952971696853638
multi_org_balanced,0.9753825068473816
multi_org_balanced,0.8941739201545715
multi_org_balanced,0.9695785641670227
multi_org_balanced,0.9523599147796631
multi_org_balanced,0.9589799642562866
multi_org_balanced,0.9689028263092041
multi_org_balanced,0.9567548036575317
multi_org_balanced,0.9319778680801392
multi_org_balanced,0.7428522109985352
multi_org_balanced,0.9565512537956238
multi_org_balanced,0.9552149772644043
multi_org_balanced,0.567055344581604
multi_org_balanced,0.7027978897094727
multi_org_balanced,0.6420841217041016
multi_org_balanced,0.7478094696998596
multi_org_balanced,0.6823201775550842
multi_org_balanced,0.6841351985931396
multi_org_balanced,0.5171101689338684
multi_org_balanced,0.6223583817481995
multi_org_balanced,0.6535775065422058
multi_org_balanced,0.8769385814666748
multi_org_balanced,0.7097575664520264
multi_org_balanced,0.5943993330001831
multi_org_balanced,0.624323308467865
multi_org_balanced,0.6586748361587524
multi_org_balanced,0.6115246415138245
multi_org_balanced,0.605049729347229
multi_org_balanced,0.5613264441490173
multi_org_balanced,0.6568401455879211
multi_org_balanced,0.5883327126502991
multi_org_balanced,0.5864381194114685
multi_org_balanced,0.9519097805023193
multi_org_balanced,0.9711927175521851
multi_org_balanced,0.9675818085670471
multi_org_balanced,0.9510689377784729
multi_org_balanced,0.9346548318862915
multi_org_balanced,0.9666239619255066
multi_org_balanced,0.5667544007301331
multi_org_balanced,0.8540561199188232
multi_org_balanced,0.9290062189102173
multi_org_balanced,0.6753923892974854
multi_org_balanced,0.7922697067260742
multi_org_balanced,0.7374644875526428
multi_org_balanced,0.9568042755126953
multi_org_balanced,0.956119179725647
multi_org_balanced,0.8615276217460632
multi_org_balanced,0.9804732799530029
multi_org_balanced,0.9907059073448181
multi_org_balanced,0.955867350101471
multi_org_balanced,0.9821279048919678
multi_org_balanced,0.9727020859718323
multi_org_balanced,0.9588062763214111
multi_org_balanced,0.9550604820251465
multi_org_balanced,0.6798956990242004
multi_org_balanced,0.9296208024024963
multi_org_balanced,0.8442317247390747
multi_org_balanced,0.9638668298721313
multi_org_balanced,0.956756055355072
multi_org_balanced,0.9807397127151489
multi_org_balanced,0.9754729270935059
multi_org_balanced,0.9787877202033997
multi_org_balanced,0.9736873507499695
multi_org_balanced,0.9497320652008057
multi_org_balanced,0.9354254603385925
multi_org_balanced,0.9623169898986816
multi_org_balanced,0.9548773169517517
multi_org_balanced,0.9759092926979065
multi_org_balanced,0.9579261541366577
multi_org_balanced,0.9788824319839478
multi_org_balanced,0.9585187435150146
multi_org_balanced,0.9644230008125305
multi_org_balanced,0.9712834358215332
multi_org_balanced,0.9856864213943481
multi_org_balanced,0.9749690890312195
multi_org_balanced,0.8408032655715942
multi_org_balanced,0.87900710105896
multi_org_balanced,0.9446915984153748
multi_org_balanced,0.892067015171051
multi_org_balanced,0.9545708298683167
multi_org_balanced,0.9628683924674988
multi_org_balanced,0.8966249227523804
multi_org_balanced,0.8928776383399963
multi_org_balanced,0.9446484446525574
multi_org_balanced,0.7991344332695007
multi_org_balanced,0.7583326101303101
multi_org_balanced,0.8552776575088501
multi_org_balanced,0.933768093585968
multi_org_balanced,0.9290897846221924
multi_org_balanced,0.8341386318206787
multi_org_balanced,0.9535542726516724
multi_org_balanced,0.9773582816123962
multi_org_balanced,0.9650770425796509
multi_org_balanced,0.9251891374588013
multi_org_balanced,0.9802730083465576
multi_org_balanced,0.8606378436088562
multi_org_balanced,0.9664366841316223
multi_org_balanced,0.928705632686615
multi_org_balanced,0.9652560949325562
multi_org_balanced,0.9438318014144897
multi_org_balanced,0.957484245300293
multi_org_balanced,0.9492791295051575
multi_org_balanced,0.9591925740242004
multi_org_balanced,0.8304692506790161
multi_org_balanced,0.9463543891906738
multi_org_balanced,0.9167597889900208
multi_org_balanced,0.8557295799255371
multi_org_balanced,0.8573330044746399
multi_org_balanced,0.9340600371360779
multi_org_balanced,0.9582222104072571
multi_org_balanced,0.8643222451210022
multi_org_balanced,0.909546971321106
multi_org_balanced,0.9592154026031494
multi_org_balanced,0.9460785984992981
multi_org_balanced,0.6177131533622742
multi_org_balanced,0.9557735919952393
multi_org_balanced,0.5398747324943542
multi_org_balanced,0.9745760560035706
multi_org_balanced,0.8878017067909241
multi_org_balanced,0.569398045539856
multi_org_balanced,0.7493511438369751
multi_org_balanced,0.6751080751419067
multi_org_balanced,0.7184284925460815
multi_org_balanced,0.9494754672050476
multi_org_balanced,0.7797520756721497
multi_org_balanced,0.8925105333328247
multi_org_balanced,0.8329346776008606
multi_org_balanced,0.8589953184127808
multi_org_balanced,0.7768682837486267
multi_org_balanced,0.5720304250717163
multi_org_balanced,0.7974110245704651
multi_org_balanced,0.7964528799057007
multi_org_balanced,0.8286083936691284
multi_org_balanced,0.8332675695419312
multi_org_balanced,0.7421362400054932
multi_org_balanced,0.4791540503501892
multi_org_balanced,0.8982540369033813
multi_org_balanced,0.9756498336791992
multi_org_balanced,0.920613706111908
multi_org_balanced,0.9709002375602722
multi_org_balanced,0.6919959783554077
multi_org_balanced,0.654755711555481
multi_org_balanced,0.6638216972351074
multi_org_balanced,0.6309071183204651
multi_org_balanced,0.600155234336853
multi_org_balanced,0.5683625340461731
multi_org_balanced,0.8418754935264587
multi_org_balanced,0.9039543271064758
multi_org_balanced,0.5322420001029968
multi_org_balanced,0.9191846251487732
multi_org_balanced,0.9208930730819702
multi_org_balanced,0.6964011192321777
multi_org_balanced,0.744137167930603
multi_org_balanced,0.8466966152191162
multi_org_balanced,0.9682524800300598
multi_org_balanced,0.980747640132904
multi_org_balanced,0.9817182421684265
multi_org_balanced,0.9729804992675781
multi_org_balanced,0.9592220783233643
multi_org_balanced,0.9312654733657837
multi_org_balanced,0.9827798008918762
multi_org_balanced,0.9647538661956787
multi_org_balanced,0.9671490788459778
multi_org_balanced,0.9484445452690125
multi_org_balanced,0.9698858261108398
multi_org_balanced,0.9821967482566833
multi_org_balanced,0.9698747396469116
multi_org_balanced,0.9281356334686279
multi_org_balanced,0.9759753942489624
multi_org_balanced,0.9825913906097412
multi_org_balanced,0.960861086845398
multi_org_balanced,0.9842092990875244
multi_org_balanced,0.9620414972305298
multi_org_balanced,0.9573333263397217
multi_org_balanced,0.9457937479019165
multi_org_balanced,0.971407949924469
multi_org_balanced,0.9637594819068909
multi_org_balanced,0.9662491083145142
multi_org_balanced,0.9650216698646545
multi_org_balanced,0.9708007574081421
multi_org_balanced,0.9557429552078247
multi_org_balanced,0.8841968774795532
multi_org_balanced,0.9637510180473328
multi_org_balanced,0.9692066311836243
multi_org_balanced,0.9777505993843079
multi_org_balanced,0.8590227961540222
multi_org_balanced,0.8798070549964905
multi_org_balanced,0.949716329574585
multi_org_balanced,0.9870700240135193
multi_org_balanced,0.6128697395324707
multi_org_balanced,0.6620092391967773
multi_org_balanced,0.7196081280708313
multi_org_balanced,0.6461107134819031
multi_org_balanced,0.9539129734039307
multi_org_balanced,0.6546587347984314
multi_org_balanced,0.9410197734832764
multi_org_balanced,0.8942217230796814
multi_org_balanced,0.637952446937561
multi_org_balanced,0.9625533223152161
multi_org_balanced,0.9619531631469727
multi_org_balanced,0.947606086730957
multi_org_balanced,0.9583026170730591
multi_org_balanced,0.9163578748703003
multi_org_balanced,0.8529773950576782
multi_org_balanced,0.9494589567184448
multi_org_balanced,0.9138627052307129
multi_org_balanced,0.9415091872215271
multi_org_balanced,0.8798084259033203
multi_org_balanced,0.8765032291412354
multi_org_balanced,0.8910423517227173
multi_org_balanced,0.8073645830154419
multi_org_balanced,0.9250856637954712
multi_org_balanced,0.8430510759353638
multi_org_balanced,0.9450894594192505
multi_org_balanced,0.9178000688552856
multi_org_balanced,0.8662108778953552
multi_org_balanced,0.6841311454772949
multi_org_balanced,0.872577428817749
multi_org_balanced,0.9152110815048218
multi_org_balanced,0.9301131367683411
multi_org_balanced,0.8059667944908142
multi_org_balanced,0.9691669344902039
multi_org_balanced,0.9136860370635986
multi_org_balanced,0.8643934726715088
multi_org_balanced,0.8768340945243835
multi_org_balanced,0.7289156317710876
multi_org_balanced,0.7647324204444885
multi_org_balanced,0.8652526140213013
multi_org_balanced,0.7616331577301025
multi_org_balanced,0.9701732397079468
multi_org_balanced,0.8380037546157837
multi_org_balanced,0.9457862973213196
multi_org_balanced,0.8282802104949951
multi_org_balanced,0.8673085570335388
multi_org_balanced,0.908814013004303
multi_org_balanced,0.8599390387535095
multi_org_balanced,0.7600181698799133
multi_org_balanced,0.913860023021698
multi_org_balanced,0.9077857136726379
multi_org_balanced,0.9682966470718384
multi_org_balanced,0.9005419015884399
multi_org_balanced,0.9445314407348633
multi_org_balanced,0.961056649684906
multi_org_balanced,0.5593404769897461
multi_org_balanced,0.5960946083068848
multi_org_balanced,0.5330758094787598
multi_org_balanced,0.7303228974342346
multi_org_balanced,0.8015860319137573
multi_org_balanced,0.737293004989624
multi_org_balanced,0.6039467453956604
multi_org_balanced,0.9478529691696167
multi_org_balanced,0.9546028971672058
multi_org_balanced,0.9807449579238892
multi_org_balanced,0.9579347372055054
multi_org_balanced,0.9800927042961121
multi_org_balanced,0.9594798684120178
multi_org_balanced,0.940546452999115
multi_org_balanced,0.9461081027984619
multi_org_balanced,0.9318217635154724
multi_org_balanced,0.9465562701225281
multi_org_balanced,0.9207934141159058
multi_org_balanced,0.866725504398346
multi_org_balanced,0.9553462862968445
multi_org_balanced,0.9161246418952942
multi_org_balanced,0.85941082239151
multi_org_balanced,0.9157764315605164
multi_org_balanced,0.9034850001335144
multi_org_balanced,0.837969958782196
multi_org_balanced,0.7492632269859314
multi_org_balanced,0.9560467004776001
multi_org_balanced,0.9752912521362305
multi_org_balanced,0.8115326762199402
multi_org_balanced,0.9058354496955872
multi_org_balanced,0.9529315829277039
multi_org_balanced,0.9331192970275879
multi_org_balanced,0.9683623313903809
multi_org_balanced,0.9608749151229858
multi_org_balanced,0.9650881886482239
multi_org_balanced,0.971164882183075
multi_org_balanced,0.9719546437263489
multi_org_balanced,0.9764353036880493
multi_org_balanced,0.9192119836807251
multi_org_balanced,0.9606034755706787
multi_org_balanced,0.9597160220146179
multi_org_balanced,0.9276440143585205
multi_org_balanced,0.9618015289306641
multi_org_balanced,0.964264988899231
multi_org_balanced,0.975396990776062
multi_org_balanced,0.9645986557006836
multi_org_balanced,0.9813677072525024
multi_org_balanced,0.9576310515403748
multi_org_balanced,0.9877644181251526
multi_org_balanced,0.9678611755371094
multi_org_balanced,0.9467011094093323
multi_org_balanced,0.7392438650131226
multi_org_balanced,0.9659843444824219
multi_org_balanced,0.9596026539802551
multi_org_balanced,0.9660541415214539
multi_org_balanced,0.6248502731323242
multi_org_balanced,0.9682788848876953
multi_org_balanced,0.983826756477356
multi_org_balanced,0.9569905400276184
multi_org_balanced,0.8634620308876038
multi_org_balanced,0.9640064239501953
multi_org_balanced,0.9861544370651245
multi_org_balanced,0.9835275411605835
multi_org_balanced,0.8075836896896362
multi_org_balanced,0.9816455841064453
multi_org_balanced,0.9656909704208374
multi_org_balanced,0.9720632433891296
multi_org_balanced,0.9589394927024841
multi_org_balanced,0.8808519244194031
multi_org_balanced,0.9668737649917603
multi_org_balanced,0.9750184416770935
multi_org_balanced,0.9379106760025024
multi_org_balanced,0.9240155220031738
multi_org_balanced,0.974901556968689
multi_org_balanced,0.9492382407188416
multi_org_balanced,0.9753817319869995
multi_org_balanced,0.9666233062744141
multi_org_balanced,0.9838932752609253
multi_org_balanced,0.9757440090179443
multi_org_balanced,0.980527937412262
multi_org_balanced,0.9672772288322449
multi_org_balanced,0.9050273895263672
multi_org_balanced,0.569959819316864
multi_org_balanced,0.6936765909194946
multi_org_balanced,0.9174031019210815
multi_org_balanced,0.9389809966087341
multi_org_balanced,0.9518802165985107
multi_org_balanced,0.8866912722587585
multi_org_balanced,0.7269513010978699
multi_org_balanced,0.9592616558074951
multi_org_balanced,0.8448475003242493
multi_org_balanced,0.8721746206283569
multi_org_balanced,0.9738110899925232
multi_org_balanced,0.9559711217880249
multi_org_balanced,0.5467455387115479
multi_org_balanced,0.9501233696937561
multi_org_balanced,0.8731824159622192
multi_org_balanced,0.727125883102417
multi_org_balanced,0.7487167716026306
multi_org_balanced,0.9466260671615601
multi_org_balanced,0.780363917350769
multi_org_balanced,0.9517241716384888
multi_org_balanced,0.9434897303581238
multi_org_balanced,0.947456419467926
multi_org_balanced,0.7396864891052246
multi_org_balanced,0.9282920956611633
multi_org_balanced,0.8642664551734924
multi_org_balanced,0.9486562013626099
multi_org_balanced,0.946452260017395
multi_org_balanced,0.9255946278572083
multi_org_balanced,0.9328962564468384
multi_org_balanced,0.687536895275116
multi_org_balanced,0.9060022234916687
multi_org_balanced,0.9394078254699707
multi_org_balanced,0.9022555351257324
multi_org_balanced,0.9806297421455383
multi_org_balanced,0.6943129897117615
multi_org_balanced,0.9120152592658997
multi_org_balanced,0.8554660677909851
multi_org_balanced,0.8886127471923828
multi_org_balanced,0.8009189963340759
multi_org_balanced,0.9534326791763306
multi_org_balanced,0.9453499913215637
multi_org_balanced,0.9377118945121765
multi_org_balanced,0.98062664270401
multi_org_balanced,0.9333350658416748
multi_org_balanced,0.9656267762184143
multi_org_balanced,0.9632733464241028
multi_org_balanced,0.9092515110969543
multi_org_balanced,0.9745314121246338
multi_org_balanced,0.949165403842926
multi_org_balanced,0.7952311038970947
multi_org_balanced,0.9242769479751587
multi_org_balanced,0.9655977487564087
multi_org_balanced,0.9531433582305908
multi_org_balanced,0.9488857388496399
multi_org_balanced,0.9809756278991699
multi_org_balanced,0.9656209349632263
multi_org_balanced,0.9636374115943909
multi_org_balanced,0.9770058989524841
multi_org_balanced,0.9870005249977112
multi_org_balanced,0.9367119669914246
multi_org_balanced,0.964288055896759
multi_org_balanced,0.9341208338737488
multi_org_balanced,0.9763793349266052
multi_org_balanced,0.9698389768600464
multi_org_balanced,0.969965398311615
multi_org_balanced,0.956825315952301
multi_org_balanced,0.8799663186073303
multi_org_balanced,0.9790946841239929
multi_org_balanced,0.89956134557724
multi_org_balanced,0.9454760551452637
multi_org_balanced,0.9336898922920227
multi_org_balanced,0.7869893908500671
multi_org_balanced,0.936358630657196
multi_org_balanced,0.9184079170227051
multi_org_balanced,0.9835138916969299
multi_org_balanced,0.9058605432510376
multi_org_balanced,0.9499492049217224
multi_org_balanced,0.8694572448730469
multi_org_balanced,0.9366400837898254
multi_org_balanced,0.7182475328445435
multi_org_balanced,0.9653971791267395
multi_org_balanced,0.9682281017303467
multi_org_balanced,0.9632025361061096
multi_org_balanced,0.9656044244766235
multi_org_balanced,0.9357823729515076
multi_org_balanced,0.8832243084907532
multi_org_balanced,0.826520562171936
multi_org_balanced,0.8866673707962036
multi_org_balanced,0.8194621801376343
multi_org_balanced,0.8960391283035278
multi_org_balanced,0.9330376386642456
multi_org_balanced,0.9620434045791626
multi_org_balanced,0.9444154500961304
multi_org_balanced,0.9640700221061707
multi_org_balanced,0.9767323732376099
multi_org_balanced,0.9801252484321594
multi_org_balanced,0.9365453720092773
multi_org_balanced,0.9549245834350586
multi_org_balanced,0.8029652237892151
multi_org_balanced,0.9066654443740845
multi_org_balanced,0.8914189338684082
multi_org_balanced,0.9787663221359253
multi_org_balanced,0.9673397541046143
multi_org_balanced,0.7941263914108276
multi_org_balanced,0.9640475511550903
multi_org_balanced,0.953908383846283
multi_org_balanced,0.919384241104126
multi_org_balanced,0.9653633236885071
multi_org_balanced,0.960952639579773
multi_org_balanced,0.9664332270622253
multi_org_balanced,0.9169988036155701
multi_org_balanced,0.9031723737716675
multi_org_balanced,0.9696498513221741
multi_org_balanced,0.9229152202606201
multi_org_balanced,0.9554029107093811
multi_org_balanced,0.948685348033905
multi_org_balanced,0.9094375371932983
multi_org_balanced,0.9533973336219788
multi_org_balanced,0.8088793158531189
multi_org_balanced,0.9700517058372498
multi_org_balanced,0.9292477369308472
multi_org_balanced,0.5299754738807678
multi_org_balanced,0.92647784948349
multi_org_balanced,0.5714787840843201
multi_org_balanced,0.8609976768493652
multi_org_balanced,0.906718909740448
multi_org_balanced,0.6657553911209106
multi_org_balanced,0.9503624439239502
multi_org_balanced,0.9525020122528076
multi_org_balanced,0.9686999917030334
multi_org_balanced,0.9573588967323303
multi_org_balanced,0.9277392625808716
multi_org_balanced,0.7806968092918396
multi_org_balanced,0.8970168828964233
multi_org_balanced,0.9537420868873596
multi_org_balanced,0.9727922677993774
multi_org_balanced,0.9512361288070679
multi_org_balanced,0.9272602200508118
multi_org_balanced,0.9568518996238708
multi_org_balanced,0.974269449710846
multi_org_balanced,0.9638970494270325
multi_org_balanced,0.8221696615219116
multi_org_balanced,0.8322467803955078
multi_org_balanced,0.9238331317901611
multi_org_balanced,0.9610689878463745
multi_org_balanced,0.9586788415908813
multi_org_balanced,0.942862868309021
multi_org_balanced,0.5975167155265808
multi_org_balanced,0.8114474415779114
multi_org_balanced,0.9655543565750122
multi_org_balanced,0.664579451084137
multi_org_balanced,0.9609776735305786
multi_org_balanced,0.9585500359535217
multi_org_balanced,0.6391994953155518
multi_org_balanced,0.9424467086791992
multi_org_balanced,0.9400554895401001
multi_org_balanced,0.6758285164833069
multi_org_balanced,0.9193781018257141
multi_org_balanced,0.7320513725280762
multi_org_balanced,0.8965469002723694
multi_org_balanced,0.9236716628074646
multi_org_balanced,0.8999794721603394
multi_org_balanced,0.4528954029083252
multi_org_balanced,0.9144855737686157
multi_org_balanced,0.8696314096450806
multi_org_balanced,0.9563348293304443
multi_org_balanced,0.9298299551010132
multi_org_balanced,0.8767392039299011
multi_org_balanced,0.9561851620674133
multi_org_balanced,0.6035414338111877
multi_org_balanced,0.9274069666862488
multi_org_balanced,0.6871070861816406
multi_org_balanced,0.9593696594238281
multi_org_balanced,0.8744102120399475
multi_org_balanced,0.7841491103172302
multi_org_balanced,0.9051246047019958
multi_org_balanced,0.9283579587936401
multi_org_balanced,0.92234206199646
multi_org_balanced,0.9059038758277893
multi_org_balanced,0.9347298741340637
multi_org_balanced,0.9465131759643555
multi_org_balanced,0.9624759554862976
multi_org_balanced,0.9749940633773804
multi_org_balanced,0.9726171493530273
multi_org_balanced,0.9630060195922852
multi_org_balanced,0.9665804505348206
multi_org_balanced,0.9520835876464844
multi_org_balanced,0.9724395275115967
multi_org_balanced,0.9664493799209595
multi_org_balanced,0.9418230652809143
multi_org_balanced,0.7189371585845947
multi_org_balanced,0.9590479135513306
multi_org_balanced,0.9294226169586182
multi_org_balanced,0.9744012951850891
multi_org_balanced,0.9843363761901855
multi_org_balanced,0.9746330380439758
multi_org_balanced,0.8517078161239624
multi_org_balanced,0.9681613445281982
multi_org_balanced,0.9641891717910767
multi_org_balanced,0.9564576745033264
multi_org_balanced,0.9671927094459534
multi_org_balanced,0.9414067268371582
multi_org_balanced,0.9717313051223755
multi_org_balanced,0.9591416120529175
multi_org_balanced,0.938205361366272
multi_org_balanced,0.9752030372619629
multi_org_balanced,0.9555283784866333
multi_org_balanced,0.7754138112068176
multi_org_balanced,0.6581538915634155
multi_org_balanced,0.8733313679695129
multi_org_balanced,0.861871063709259
multi_org_balanced,0.835895836353302
multi_org_balanced,0.8394807577133179
multi_org_balanced,0.9381252527236938
multi_org_balanced,0.5962216258049011
multi_org_balanced,0.6352902054786682
multi_org_balanced,0.752780556678772
multi_org_balanced,0.678268313407898
multi_org_balanced,0.6039044260978699
multi_org_balanced,0.7361395955085754
multi_org_balanced,0.7820326089859009
multi_org_balanced,0.557788074016571
multi_org_balanced,0.6390953660011292
multi_org_balanced,0.5842393040657043
multi_org_balanced,0.6377678513526917
multi_org_balanced,0.45625466108322144
multi_org_balanced,0.7571106553077698
multi_org_balanced,0.8300489187240601
multi_org_balanced,0.6919954419136047
multi_org_balanced,0.8382408618927002
multi_org_balanced,0.8507286906242371
multi_org_balanced,0.6552653908729553
multi_org_balanced,0.9167320728302002
multi_org_balanced,0.9383283853530884
multi_org_balanced,0.9089139103889465
multi_org_balanced,0.930264949798584
multi_org_balanced,0.7777949571609497
multi_org_balanced,0.9132286906242371
multi_org_balanced,0.5850740671157837
multi_org_balanced,0.9144222140312195
multi_org_balanced,0.959924578666687
multi_org_balanced,0.947494626045227
multi_org_balanced,0.9716151356697083
multi_org_balanced,0.9050087928771973
multi_org_balanced,0.9610127210617065
multi_org_balanced,0.9097426533699036
multi_org_balanced,0.8876897096633911
multi_org_balanced,0.9575463533401489
multi_org_balanced,0.7715715765953064
multi_org_balanced,0.9727469682693481
multi_org_balanced,0.7165083289146423
multi_org_balanced,0.7568251490592957
multi_org_balanced,0.8592455983161926
multi_org_balanced,0.9462428092956543
multi_org_balanced,0.9468516707420349
multi_org_balanced,0.5989284515380859
multi_org_balanced,0.9109787940979004
multi_org_balanced,0.8832613229751587
multi_org_balanced,0.933265209197998
multi_org_balanced,0.9582564830780029
multi_org_balanced,0.9664268493652344
multi_org_balanced,0.9655994772911072
multi_org_balanced,0.8637046813964844
multi_org_balanced,0.708764910697937
multi_org_balanced,0.8011690378189087
multi_org_balanced,0.9518083333969116
multi_org_balanced,0.9676462411880493
multi_org_balanced,0.919826328754425
multi_org_balanced,0.9226019382476807
multi_org_balanced,0.8964641690254211
multi_org_balanced,0.9756819605827332
multi_org_balanced,0.9690424203872681
multi_org_balanced,0.9656240940093994
multi_org_balanced,0.5802621841430664
multi_org_balanced,0.6973798871040344
multi_org_balanced,0.7227385640144348
multi_org_balanced,0.8053544759750366
multi_org_balanced,0.684624433517456
multi_org_balanced,0.756736695766449
multi_org_balanced,0.6724356412887573
multi_org_balanced,0.9462846517562866
multi_org_balanced,0.9136922955513
multi_org_balanced,0.9173197746276855
multi_org_balanced,0.6254668235778809
multi_org_balanced,0.6999711394309998
multi_org_balanced,0.6317869424819946
multi_org_balanced,0.5199117064476013
multi_org_balanced,0.6122751235961914
multi_org_balanced,0.6012329459190369
multi_org_balanced,0.6562790870666504
multi_org_balanced,0.7913126945495605
multi_org_balanced,0.7546364068984985
multi_org_balanced,0.8026517033576965
multi_org_balanced,0.6837254762649536
multi_org_balanced,0.8005259037017822
multi_org_balanced,0.7913903594017029
multi_org_balanced,0.7398831844329834
multi_org_balanced,0.8020933866500854
multi_org_balanced,0.9574529528617859
multi_org_balanced,0.8058758974075317
multi_org_balanced,0.5774056315422058
multi_org_balanced,0.6441060304641724
multi_org_balanced,0.8252676725387573
multi_org_balanced,0.6547154188156128
multi_org_balanced,0.7714917063713074
multi_org_balanced,0.7601848244667053
multi_org_balanced,0.9452072978019714
multi_org_balanced,0.9403389096260071
multi_org_balanced,0.9832482933998108
multi_org_balanced,0.9645586013793945
multi_org_balanced,0.8983374238014221
multi_org_balanced,0.942680835723877
multi_org_balanced,0.7687972187995911
multi_org_balanced,0.7029224634170532
multi_org_balanced,0.6516287326812744
multi_org_balanced,0.9483076930046082
multi_org_balanced,0.9673524498939514
multi_org_balanced,0.9630834460258484
multi_org_balanced,0.8858375549316406
multi_org_balanced,0.984483003616333
multi_org_balanced,0.8329013586044312
multi_org_balanced,0.9678019881248474
multi_org_balanced,0.9530686736106873
multi_org_balanced,0.94915372133255
multi_org_balanced,0.9816573262214661
multi_org_balanced,0.6240336894989014
multi_org_balanced,0.8683542013168335
multi_org_balanced,0.5526465773582458
multi_org_balanced,0.7615023255348206
multi_org_balanced,0.8259968161582947
multi_org_balanced,0.8599398732185364
multi_org_balanced,0.533340334892273
multi_org_balanced,0.5827834606170654
multi_org_balanced,0.897120475769043
multi_org_balanced,0.914859414100647
multi_org_balanced,0.9151663780212402
multi_org_balanced,0.9728281497955322
multi_org_balanced,0.9332232475280762
multi_org_balanced,0.8317746520042419
multi_org_balanced,0.9641428589820862
multi_org_balanced,0.9327942728996277
multi_org_balanced,0.904155433177948
multi_org_balanced,0.9495264291763306
multi_org_balanced,0.9669179916381836
multi_org_balanced,0.9819046854972839
multi_org_balanced,0.889289140701294
multi_org_balanced,0.9204144477844238
multi_org_balanced,0.9422892332077026
multi_org_balanced,0.9187923669815063
multi_org_balanced,0.974168598651886
multi_org_balanced,0.9487929940223694
multi_org_balanced,0.9272146224975586
multi_org_balanced,0.9578657746315002
multi_org_balanced,0.96235191822052
multi_org_balanced,0.9438024759292603
multi_org_balanced,0.9674918055534363
multi_org_balanced,0.5794666409492493
multi_org_balanced,0.9032275080680847
multi_org_balanced,0.9297263622283936
multi_org_balanced,0.979174017906189
multi_org_balanced,0.8962802886962891
multi_org_balanced,0.9502586126327515
multi_org_balanced,0.9571889042854309
multi_org_balanced,0.9700482487678528
multi_org_balanced,0.9542191624641418
multi_org_balanced,0.787560224533081
multi_org_balanced,0.9670635461807251
multi_org_balanced,0.9669749140739441
multi_org_balanced,0.9697276949882507
multi_org_balanced,0.9819332361221313
multi_org_balanced,0.9518219828605652
multi_org_balanced,0.9797996878623962
multi_org_balanced,0.8913745880126953
multi_org_balanced,0.910308837890625
multi_org_balanced,0.964087963104248
multi_org_balanced,0.9704393148422241
multi_org_balanced,0.8955875635147095
multi_org_balanced,0.9148939847946167
multi_org_balanced,0.9461948871612549
multi_org_balanced,0.970134973526001
multi_org_balanced,0.9427790641784668
multi_org_balanced,0.9783146977424622
multi_org_balanced,0.9624641537666321
multi_org_balanced,0.9742897748947144
multi_org_balanced,0.8723152875900269
multi_org_balanced,0.9699205160140991
multi_org_balanced,0.9579753875732422
multi_org_balanced,0.8620103001594543
multi_org_balanced,0.9416236281394958
multi_org_balanced,0.9268025159835815
multi_org_balanced,0.8737077116966248
multi_org_balanced,0.8991577625274658
multi_org_balanced,0.9464632272720337
multi_org_balanced,0.8601762056350708
multi_org_balanced,0.9177504181861877
multi_org_balanced,0.9734638929367065
multi_org_balanced,0.9347506761550903
multi_org_balanced,0.9628453850746155
multi_org_balanced,0.973122775554657
multi_org_balanced,0.9809870719909668
multi_org_balanced,0.9842512607574463
multi_org_balanced,0.9580823183059692
multi_org_balanced,0.9400234818458557
multi_org_balanced,0.9714949727058411
multi_org_balanced,0.9446960091590881
multi_org_balanced,0.9369919896125793
multi_org_balanced,0.7851309180259705
multi_org_balanced,0.9468588829040527
multi_org_balanced,0.9424028396606445
multi_org_balanced,0.9725452661514282
multi_org_balanced,0.9758868217468262
multi_org_balanced,0.9617757797241211
multi_org_balanced,0.9398953318595886
multi_org_balanced,0.9688892960548401
multi_org_balanced,0.9505793452262878
multi_org_balanced,0.9646793603897095
multi_org_balanced,0.7317399978637695
multi_org_balanced,0.9733319282531738
multi_org_balanced,0.9746096730232239
multi_org_balanced,0.9877148866653442
multi_org_balanced,0.9795278310775757
multi_org_balanced,0.9064563512802124
multi_org_balanced,0.9434457421302795
multi_org_balanced,0.9681669473648071
multi_org_balanced,0.9698478579521179
multi_org_balanced,0.9397053718566895
multi_org_balanced,0.8927704095840454
multi_org_balanced,0.983207106590271
multi_org_balanced,0.925177812576294
multi_org_balanced,0.9857688546180725
multi_org_balanced,0.9635142087936401
multi_org_balanced,0.9234055876731873
multi_org_balanced,0.952850341796875
multi_org_balanced,0.9146897196769714
multi_org_balanced,0.9805992245674133
multi_org_balanced,0.9627456665039062
multi_org_balanced,0.9673017263412476
multi_org_balanced,0.963963508605957
multi_org_balanced,0.970057487487793
multi_org_balanced,0.9626927375793457
multi_org_balanced,0.9568877220153809
multi_org_balanced,0.9565322399139404
multi_org_balanced,0.9368182420730591
multi_org_balanced,0.8958681225776672
multi_org_balanced,0.9726874828338623
multi_org_balanced,0.9401079416275024
multi_org_balanced,0.9472929835319519
multi_org_balanced,0.9673935174942017
multi_org_balanced,0.9154937267303467
multi_org_balanced,0.9518739581108093
multi_org_balanced,0.9448111653327942
multi_org_balanced,0.9739266037940979
multi_org_balanced,0.9366320967674255
multi_org_balanced,0.9315783977508545
multi_org_balanced,0.9337515234947205
multi_org_balanced,0.9387931227684021
multi_org_balanced,0.9400606155395508
multi_org_balanced,0.9410133361816406
multi_org_balanced,0.9602657556533813
multi_org_balanced,0.9316886067390442
multi_org_balanced,0.8451939821243286
multi_org_balanced,0.833261251449585
multi_org_balanced,0.9663640260696411
multi_org_balanced,0.9685840606689453
multi_org_balanced,0.9375523328781128
multi_org_balanced,0.8164617419242859
multi_org_balanced,0.9578086137771606
multi_org_balanced,0.9711254835128784
multi_org_balanced,0.9668699502944946
multi_org_balanced,0.9831708669662476
multi_org_balanced,0.7277319431304932
multi_org_balanced,0.5900542736053467
multi_org_balanced,0.8839783668518066
multi_org_balanced,0.967165470123291
multi_org_balanced,0.9136776328086853
multi_org_balanced,0.9855232834815979
multi_org_balanced,0.9488399028778076
multi_org_balanced,0.9257544279098511
multi_org_balanced,0.9093706011772156
multi_org_balanced,0.9181278944015503
multi_org_balanced,0.9701378345489502
multi_org_balanced,0.8867140412330627
multi_org_balanced,0.8452042937278748
multi_org_balanced,0.9587463140487671
multi_org_balanced,0.8758897185325623
multi_org_balanced,0.9228922724723816
multi_org_balanced,0.9726147651672363
multi_org_balanced,0.9653570652008057
multi_org_balanced,0.9181484580039978
multi_org_balanced,0.9871439337730408
multi_org_balanced,0.8805835247039795
multi_org_balanced,0.7285922765731812
multi_org_balanced,0.9842886328697205
multi_org_balanced,0.9832164645195007
multi_org_balanced,0.947617769241333
multi_org_balanced,0.9430845379829407
multi_org_balanced,0.7110759019851685
multi_org_balanced,0.9409583210945129
multi_org_balanced,0.9164972901344299
multi_org_balanced,0.8934416174888611
multi_org_balanced,0.9510515928268433
multi_org_balanced,0.9553326964378357
multi_org_balanced,0.8132528066635132
multi_org_balanced,0.9638979434967041
multi_org_balanced,0.9552978277206421
multi_org_balanced,0.953405499458313
multi_org_balanced,0.933014452457428
multi_org_balanced,0.7595800161361694
multi_org_balanced,0.8865318298339844
multi_org_balanced,0.886908233165741
multi_org_balanced,0.8260815739631653
multi_org_balanced,0.9507742524147034
multi_org_balanced,0.9111649990081787
multi_org_balanced,0.894428551197052
multi_org_balanced,0.9438809156417847
multi_org_balanced,0.9109177589416504
multi_org_balanced,0.8638221621513367
multi_org_balanced,0.939359188079834
multi_org_balanced,0.9106968641281128
multi_org_balanced,0.9082173705101013
multi_org_balanced,0.9783020615577698
multi_org_balanced,0.9538086652755737
multi_org_balanced,0.97957444190979
multi_org_balanced,0.8648237586021423
multi_org_balanced,0.8643631339073181
multi_org_balanced,0.8379915356636047
multi_org_balanced,0.9336459636688232
multi_org_balanced,0.9501810669898987
multi_org_balanced,0.9068667888641357
multi_org_balanced,0.9472060799598694
multi_org_balanced,0.9144825339317322
multi_org_balanced,0.7136750221252441
multi_org_balanced,0.9617772698402405
multi_org_balanced,0.7554762363433838
multi_org_balanced,0.9593399167060852
multi_org_balanced,0.9336039423942566
multi_org_balanced,0.9449463486671448
multi_org_balanced,0.9640762209892273
multi_org_balanced,0.9554559588432312
multi_org_balanced,0.7860023379325867
multi_org_balanced,0.5953417420387268
multi_org_balanced,0.9386257529258728
multi_org_balanced,0.7781327962875366
multi_org_balanced,0.9327877759933472
multi_org_balanced,0.8855219483375549
multi_org_balanced,0.6536447405815125
multi_org_balanced,0.7908260822296143
multi_org_balanced,0.8149269223213196
multi_org_balanced,0.8820340037345886
multi_org_balanced,0.9404358863830566
multi_org_balanced,0.9054178595542908
multi_org_balanced,0.9274005889892578
multi_org_balanced,0.954031765460968
multi_org_balanced,0.9700219035148621
multi_org_balanced,0.9353665113449097
multi_org_balanced,0.7122707962989807
multi_org_balanced,0.9066166877746582
multi_org_balanced,0.6401939988136292
multi_org_balanced,0.9255055785179138
multi_org_balanced,0.9399559497833252
multi_org_balanced,0.8064742088317871
multi_org_balanced,0.6134109497070312
multi_org_balanced,0.9441754817962646
multi_org_balanced,0.9539045691490173
multi_org_balanced,0.8915300369262695
multi_org_balanced,0.8424581289291382
multi_org_balanced,0.8632342219352722
multi_org_balanced,0.9156827330589294
multi_org_balanced,0.736272931098938
multi_org_balanced,0.7614221572875977
multi_org_balanced,0.5899579524993896
multi_org_balanced,0.9017945528030396
multi_org_balanced,0.6207028031349182
multi_org_balanced,0.8977726101875305
multi_org_balanced,0.7179402112960815
multi_org_balanced,0.9467775225639343
multi_org_balanced,0.6553553342819214
multi_org_balanced,0.8522161245346069
multi_org_balanced,0.9077978730201721
multi_org_balanced,0.8069781064987183
multi_org_balanced,0.8821415901184082
multi_org_balanced,0.5453019142150879
multi_org_balanced,0.5817611217498779
multi_org_balanced,0.5628746151924133
multi_org_balanced,0.8775152564048767
multi_org_balanced,0.9042370319366455
multi_org_balanced,0.8862000703811646
multi_org_balanced,0.8426796793937683
multi_org_balanced,0.9014255404472351
multi_org_balanced,0.8545341491699219
multi_org_balanced,0.9520246386528015
multi_org_balanced,0.9365147948265076
multi_org_balanced,0.7838428616523743
multi_org_balanced,0.9332557916641235
multi_org_balanced,0.9377678632736206
multi_org_balanced,0.9204915761947632
multi_org_balanced,0.6943187117576599
multi_org_balanced,0.5590319037437439
multi_org_balanced,0.7542104721069336
multi_org_balanced,0.7330817580223083
multi_org_balanced,0.7452833652496338
multi_org_balanced,0.9596018195152283
multi_org_balanced,0.9531533718109131
multi_org_balanced,0.833927571773529
multi_org_balanced,0.948855459690094
multi_org_balanced,0.6586621999740601
multi_org_balanced,0.956811785697937
multi_org_balanced,0.608558177947998
multi_org_balanced,0.8740793466567993
multi_org_balanced,0.9405952095985413
multi_org_balanced,0.971947193145752
multi_org_balanced,0.9449464082717896
multi_org_balanced,0.8573107719421387
multi_org_balanced,0.9203376770019531
multi_org_balanced,0.9680038690567017
multi_org_balanced,0.9573472738265991
multi_org_balanced,0.9307950139045715
multi_org_balanced,0.9678648114204407
multi_org_balanced,0.9696470499038696
multi_org_balanced,0.9465884566307068
multi_org_balanced,0.892767608165741
multi_org_balanced,0.9345021843910217
multi_org_balanced,0.9417345523834229
multi_org_balanced,0.9351537823677063
multi_org_balanced,0.9635147452354431
multi_org_balanced,0.9307659864425659
multi_org_balanced,0.6732782125473022
multi_org_balanced,0.6101378798484802
multi_org_balanced,0.8633992671966553
multi_org_balanced,0.9543930888175964
multi_org_balanced,0.941111147403717
multi_org_balanced,0.6614412665367126
multi_org_balanced,0.903071403503418
multi_org_balanced,0.613205075263977
multi_org_balanced,0.8566200137138367
multi_org_balanced,0.6639907956123352
multi_org_balanced,0.919628918170929
multi_org_balanced,0.6158526539802551
multi_org_balanced,0.841396152973175
multi_org_balanced,0.6498508453369141
multi_org_balanced,0.7084128856658936
multi_org_balanced,0.7548325657844543
multi_org_balanced,0.82767254114151
multi_org_balanced,0.9230201244354248
multi_org_balanced,0.4702971577644348
multi_org_balanced,0.7093144655227661
multi_org_balanced,0.8713830709457397
multi_org_balanced,0.6879664063453674
multi_org_balanced,0.6087210178375244
multi_org_balanced,0.6356396675109863
multi_org_balanced,0.5718413591384888
multi_org_balanced,0.7699924111366272
multi_org_balanced,0.6913349032402039
multi_org_balanced,0.7184940576553345
multi_org_balanced,0.657371997833252
multi_org_balanced,0.7360546588897705
multi_org_balanced,0.5031207799911499
multi_org_balanced,0.5951237678527832
multi_org_balanced,0.9644755125045776
multi_org_balanced,0.8408075571060181
multi_org_balanced,0.529706597328186
multi_org_balanced,0.8921750783920288
multi_org_balanced,0.767079770565033
multi_org_balanced,0.615824282169342
multi_org_balanced,0.5626999735832214
multi_org_balanced,0.5763354897499084
multi_org_balanced,0.6382414102554321
multi_org_balanced,0.9337992668151855
multi_org_balanced,0.9234789609909058
multi_org_balanced,0.7001930475234985
multi_org_balanced,0.7766768336296082
multi_org_balanced,0.9286243319511414
multi_org_balanced,0.6894821524620056
multi_org_balanced,0.6139119863510132
multi_org_balanced,0.9039983749389648
multi_org_balanced,0.8682910203933716
multi_org_balanced,0.9561296701431274
multi_org_balanced,0.8183053731918335
multi_org_balanced,0.9648983478546143
multi_org_balanced,0.9514629244804382
multi_org_balanced,0.9238478541374207
multi_org_balanced,0.964530348777771
multi_org_balanced,0.8935846090316772
multi_org_balanced,0.9727227687835693
multi_org_balanced,0.8441321849822998
multi_org_balanced,0.9231705665588379
multi_org_balanced,0.748927116394043
multi_org_balanced,0.9662822484970093
multi_org_balanced,0.9772099852561951
multi_org_balanced,0.9328676462173462
multi_org_balanced,0.9835445284843445
multi_org_balanced,0.9834463000297546
multi_org_balanced,0.986107349395752
multi_org_balanced,0.9683969020843506
multi_org_balanced,0.9259668588638306
multi_org_balanced,0.9545406699180603
multi_org_balanced,0.9415858387947083
multi_org_balanced,0.9598235487937927
multi_org_balanced,0.8412265181541443
multi_org_balanced,0.9325289130210876
multi_org_balanced,0.8834761381149292
multi_org_balanced,0.9637276530265808
multi_org_balanced,0.9390047192573547
multi_org_balanced,0.9063999056816101
multi_org_balanced,0.9749647378921509
multi_org_balanced,0.8915601968765259
multi_org_balanced,0.8975149393081665
multi_org_balanced,0.681934118270874
multi_org_balanced,0.7332445979118347
multi_org_balanced,0.6230636835098267
multi_org_balanced,0.700056254863739
multi_org_balanced,0.9581776261329651
multi_org_balanced,0.8548837900161743
multi_org_balanced,0.8249538540840149
multi_org_balanced,0.9268465638160706
multi_org_balanced,0.9347407221794128
multi_org_balanced,0.92955482006073
multi_org_balanced,0.9362059235572815
multi_org_balanced,0.8865747451782227
multi_org_balanced,0.8823987245559692
multi_org_balanced,0.9650623202323914
multi_org_balanced,0.9610978364944458
multi_org_balanced,0.8216648101806641
multi_org_balanced,0.84597247838974
multi_org_balanced,0.9446913003921509
multi_org_balanced,0.8426364660263062
multi_org_balanced,0.9079368710517883
multi_org_balanced,0.9743398427963257
multi_org_balanced,0.9694397449493408
multi_org_balanced,0.980535089969635
multi_org_balanced,0.9011772871017456
multi_org_balanced,0.89841628074646
multi_org_balanced,0.8600488901138306
multi_org_balanced,0.9160501956939697
multi_org_balanced,0.7448821663856506
multi_org_balanced,0.8726996183395386
multi_org_balanced,0.9068969488143921
multi_org_balanced,0.9529862999916077
multi_org_balanced,0.8488317131996155
multi_org_balanced,0.8956632614135742
multi_org_balanced,0.6551721096038818
multi_org_balanced,0.7366071343421936
multi_org_balanced,0.7076674699783325
multi_org_balanced,0.750563383102417
multi_org_balanced,0.6900426149368286
multi_org_balanced,0.4734610617160797
multi_org_balanced,0.8635755777359009
multi_org_balanced,0.6417081952095032
multi_org_balanced,0.8439574241638184
multi_org_balanced,0.7552319169044495
multi_org_balanced,0.7010784149169922
multi_org_balanced,0.9673187732696533
multi_org_balanced,0.5738463401794434
multi_org_balanced,0.9029510021209717
multi_org_balanced,0.8653773069381714
multi_org_balanced,0.8960952758789062
multi_org_balanced,0.9724529981613159
multi_org_balanced,0.8437188267707825
multi_org_balanced,0.9068211913108826
multi_org_balanced,0.8912931084632874
multi_org_balanced,0.8826777338981628
multi_org_balanced,0.9860450625419617
multi_org_balanced,0.9407138824462891
multi_org_balanced,0.9578102827072144
multi_org_balanced,0.9645229578018188
multi_org_balanced,0.9462632536888123
multi_org_balanced,0.6100250482559204
multi_org_balanced,0.8838976621627808
multi_org_balanced,0.9737796783447266
multi_org_balanced,0.9622513055801392
multi_org_balanced,0.9410393834114075
multi_org_balanced,0.974155068397522
multi_org_balanced,0.9659802317619324
multi_org_balanced,0.9169232249259949
multi_org_balanced,0.5864638090133667
multi_org_balanced,0.9474848508834839
multi_org_balanced,0.9769713282585144
multi_org_balanced,0.9332946538925171
multi_org_balanced,0.909263551235199
multi_org_balanced,0.5963161587715149
multi_org_balanced,0.9732613563537598
multi_org_balanced,0.9018639326095581
multi_org_balanced,0.9681829214096069
multi_org_balanced,0.9542637467384338
multi_org_balanced,0.837785005569458
multi_org_balanced,0.9651091694831848
multi_org_balanced,0.9841644763946533
multi_org_balanced,0.9506735801696777
multi_org_balanced,0.9185631275177002
multi_org_balanced,0.9450963735580444
multi_org_balanced,0.7908871173858643
multi_org_balanced,0.9047697186470032
multi_org_balanced,0.8195836544036865
multi_org_balanced,0.6958502531051636
multi_org_balanced,0.5389504432678223
multi_org_balanced,0.5490853786468506
multi_org_balanced,0.8044556975364685
multi_org_balanced,0.548118531703949
multi_org_balanced,0.5822800993919373
multi_org_balanced,0.5107711553573608
multi_org_balanced,0.8928254246711731
multi_org_balanced,0.9768438339233398
multi_org_balanced,0.804763674736023
multi_org_balanced,0.9397853016853333
multi_org_balanced,0.8859686255455017
multi_org_balanced,0.7425850033760071
multi_org_balanced,0.8019839525222778
multi_org_balanced,0.9661646485328674
multi_org_balanced,0.7495013475418091
multi_org_balanced,0.9701523184776306
multi_org_balanced,0.9400328993797302
multi_org_balanced,0.697864830493927
multi_org_balanced,0.8814679384231567
multi_org_balanced,0.9501632452011108
multi_org_balanced,0.8860935568809509
multi_org_balanced,0.932176947593689
multi_org_balanced,0.9156432151794434
multi_org_balanced,0.9189774990081787
multi_org_balanced,0.809960126876831
multi_org_balanced,0.9689818620681763
multi_org_balanced,0.926712155342102
multi_org_balanced,0.9727175235748291
multi_org_balanced,0.982081949710846
multi_org_balanced,0.9842333197593689
multi_org_balanced,0.979621410369873
multi_org_balanced,0.9779821634292603
multi_org_balanced,0.9811743497848511
multi_org_balanced,0.7524926662445068
multi_org_balanced,0.5727222561836243
multi_org_balanced,0.656623899936676
multi_org_balanced,0.5476982593536377
multi_org_balanced,0.768571674823761
multi_org_balanced,0.4703114628791809
multi_org_balanced,0.7596067786216736
multi_org_balanced,0.7485597133636475
multi_org_balanced,0.9471819996833801
multi_org_balanced,0.9365907907485962
multi_org_balanced,0.9405134916305542
multi_org_balanced,0.9727256298065186
multi_org_balanced,0.9169676303863525
multi_org_balanced,0.9255699515342712
multi_org_balanced,0.9526411294937134
multi_org_balanced,0.9054598808288574
multi_org_balanced,0.4494239091873169
multi_org_balanced,0.9456093311309814
multi_org_balanced,0.6184747219085693
multi_org_balanced,0.8397356271743774
multi_org_balanced,0.8091036081314087
multi_org_balanced,0.96524977684021
multi_org_balanced,0.9415686130523682
multi_org_balanced,0.9618729948997498
multi_org_balanced,0.8393535614013672
multi_org_balanced,0.9530903100967407
multi_org_balanced,0.7961732149124146
multi_org_balanced,0.48377612233161926
multi_org_balanced,0.9426151514053345
multi_org_balanced,0.7069690227508545
multi_org_balanced,0.5164174437522888
multi_org_balanced,0.912793755531311
multi_org_balanced,0.8149614930152893
multi_org_balanced,0.9522591233253479
multi_org_balanced,0.6559265851974487
multi_org_balanced,0.7139927744865417
multi_org_balanced,0.6118173599243164
multi_org_balanced,0.7798994779586792
multi_org_balanced,0.6189478635787964
multi_org_balanced,0.8265308141708374
multi_org_balanced,0.8402762413024902
multi_org_balanced,0.5432785153388977
multi_org_balanced,0.6272461414337158
multi_org_balanced,0.5336006879806519
multi_org_balanced,0.5921083688735962
multi_org_balanced,0.659838855266571
multi_org_balanced,0.9203015565872192
multi_org_balanced,0.5358021855354309
multi_org_balanced,0.529850959777832
multi_org_balanced,0.5970234274864197
multi_org_balanced,0.606706976890564
multi_org_balanced,0.6523194909095764
multi_org_balanced,0.9457122087478638
multi_org_balanced,0.6635347008705139
multi_org_balanced,0.5912933349609375
multi_org_balanced,0.5664458274841309
multi_org_balanced,0.6169766783714294
multi_org_balanced,0.6814368963241577
multi_org_balanced,0.8512681722640991
multi_org_balanced,0.8271927237510681
multi_org_balanced,0.6493000388145447
multi_org_balanced,0.6139962077140808
multi_org_balanced,0.9340333342552185
multi_org_balanced,0.9245261549949646
multi_org_balanced,0.8559333682060242
multi_org_balanced,0.5602507591247559
multi_org_balanced,0.5801007747650146
multi_org_balanced,0.624896764755249
multi_org_balanced,0.7246841788291931
multi_org_balanced,0.8634706139564514
multi_org_balanced,0.9221838712692261
multi_org_balanced,0.8062052130699158
multi_org_balanced,0.9193728566169739
multi_org_balanced,0.9447846412658691
multi_org_balanced,0.8868602514266968
multi_org_balanced,0.8674579858779907
multi_org_balanced,0.5573107600212097
multi_org_balanced,0.9741299748420715
multi_org_balanced,0.9246985912322998
multi_org_balanced,0.8917843699455261
multi_org_balanced,0.913835346698761
multi_org_balanced,0.9426670074462891
multi_org_balanced,0.9072118997573853
multi_org_balanced,0.8955188393592834
multi_org_balanced,0.9661651849746704
multi_org_balanced,0.9722684025764465
multi_org_balanced,0.8672527074813843
multi_org_balanced,0.88846755027771
multi_org_balanced,0.9582204818725586
multi_org_balanced,0.9635317325592041
multi_org_balanced,0.9077375531196594
multi_org_balanced,0.9508070349693298
multi_org_balanced,0.9490594863891602
multi_org_balanced,0.8692679405212402
multi_org_balanced,0.9203934073448181
multi_org_balanced,0.8562742471694946
multi_org_balanced,0.8853774070739746
multi_org_balanced,0.8896679878234863
multi_org_balanced,0.902789294719696
multi_org_balanced,0.6266931295394897
multi_org_balanced,0.822629988193512
multi_org_balanced,0.9709891080856323
multi_org_balanced,0.89333575963974
multi_org_balanced,0.9504117369651794
multi_org_balanced,0.9520253539085388
multi_org_balanced,0.9737880229949951
multi_org_balanced,0.7407018542289734
multi_org_balanced,0.8365480303764343
multi_org_balanced,0.8612724542617798
multi_org_balanced,0.6848514676094055
multi_org_balanced,0.9657649993896484
multi_org_balanced,0.9534924030303955
multi_org_balanced,0.8117076754570007
multi_org_balanced,0.9256640672683716
multi_org_balanced,0.9509570002555847
multi_org_balanced,0.6659324169158936
multi_org_balanced,0.9476754665374756
multi_org_balanced,0.9472211003303528
multi_org_balanced,0.7050474882125854
multi_org_balanced,0.9206032156944275
multi_org_balanced,0.9717993140220642
multi_org_balanced,0.9103325605392456
multi_org_balanced,0.8946296572685242
multi_org_balanced,0.9282329678535461
multi_org_balanced,0.6396089792251587
multi_org_balanced,0.6107357144355774
multi_org_balanced,0.9598153829574585
multi_org_balanced,0.9346976280212402
multi_org_balanced,0.8089627027511597
multi_org_balanced,0.7120335698127747
multi_org_balanced,0.957740306854248
multi_org_balanced,0.8815951347351074
multi_org_balanced,0.9435969591140747
multi_org_balanced,0.9605158567428589
multi_org_balanced,0.9763125777244568
multi_org_balanced,0.9481824040412903
multi_org_balanced,0.9818776845932007
multi_org_balanced,0.9309343695640564
multi_org_balanced,0.9109371304512024
multi_org_balanced,0.9562901258468628
multi_org_balanced,0.49022388458251953
multi_org_balanced,0.9069421291351318
multi_org_balanced,0.8941190838813782
multi_org_balanced,0.9640869498252869
multi_org_balanced,0.9401711225509644
multi_org_balanced,0.9346304535865784
multi_org_balanced,0.5992461442947388
multi_org_balanced,0.6152462959289551
multi_org_balanced,0.6776357889175415
multi_org_balanced,0.8924821615219116
multi_org_balanced,0.716867983341217
multi_org_balanced,0.6993800401687622
multi_org_balanced,0.7244371771812439
multi_org_balanced,0.9650846123695374
multi_org_balanced,0.9775202870368958
multi_org_balanced,0.9587240219116211
multi_org_balanced,0.9404089450836182
multi_org_balanced,0.8207722902297974
multi_org_balanced,0.9594630599021912
multi_org_balanced,0.9211719632148743
multi_org_balanced,0.9080267548561096
multi_org_balanced,0.9497042298316956
multi_org_balanced,0.8974252343177795
multi_org_balanced,0.8414099812507629
multi_org_balanced,0.9178516864776611
multi_org_balanced,0.9721060991287231
multi_org_balanced,0.9618080854415894
multi_org_balanced,0.903937578201294
multi_org_balanced,0.9128201603889465
multi_org_balanced,0.901159405708313
multi_org_balanced,0.9670838713645935
multi_org_balanced,0.9613410830497742
multi_org_balanced,0.9655353426933289
multi_org_balanced,0.8921493291854858
multi_org_balanced,0.9512938261032104
multi_org_balanced,0.7352294921875
multi_org_balanced,0.8494471311569214
multi_org_balanced,0.8715109825134277
multi_org_balanced,0.9826263189315796
multi_org_balanced,0.9751295447349548
multi_org_balanced,0.9549280405044556
multi_org_balanced,0.8838257193565369
multi_org_balanced,0.8282879590988159
multi_org_balanced,0.9269220232963562
multi_org_balanced,0.9630331993103027
multi_org_balanced,0.9533332586288452
multi_org_balanced,0.6823855042457581
multi_org_balanced,0.8459955453872681
multi_org_balanced,0.8496701121330261
multi_org_balanced,0.7871061563491821
multi_org_balanced,0.7799919247627258
multi_org_balanced,0.9327571392059326
multi_org_balanced,0.8065837621688843
multi_org_balanced,0.9448107481002808
multi_org_balanced,0.8809543251991272
multi_org_balanced,0.9456528425216675
multi_org_balanced,0.9368192553520203
multi_org_balanced,0.8788583874702454
multi_org_balanced,0.9478270411491394
multi_org_balanced,0.948597252368927
multi_org_balanced,0.9068586826324463
multi_org_balanced,0.9295610785484314
multi_org_balanced,0.8616400361061096
multi_org_balanced,0.8561435341835022
multi_org_balanced,0.9651578664779663
multi_org_balanced,0.7553970217704773
multi_org_balanced,0.9341240525245667
multi_org_balanced,0.9329733848571777
multi_org_balanced,0.6373268961906433
multi_org_balanced,0.6949747204780579
multi_org_balanced,0.9686704277992249
multi_org_balanced,0.9823477864265442
multi_org_balanced,0.847909152507782
multi_org_balanced,0.8661142587661743
multi_org_balanced,0.7720553874969482
multi_org_balanced,0.9078200459480286
multi_org_balanced,0.9268768429756165
multi_org_balanced,0.8136640191078186
multi_org_balanced,0.8699758052825928
multi_org_balanced,0.9321927428245544
multi_org_balanced,0.9786733388900757
multi_org_balanced,0.9329825639724731
multi_org_balanced,0.9542307257652283
multi_org_balanced,0.574558675289154
multi_org_balanced,0.9277932643890381
multi_org_balanced,0.6811467409133911
multi_org_balanced,0.9340144991874695
multi_org_balanced,0.8810634613037109
multi_org_balanced,0.9715713262557983
multi_org_balanced,0.9725406765937805
multi_org_balanced,0.9816218614578247
multi_org_balanced,0.9689250588417053
multi_org_balanced,0.9418094754219055
multi_org_balanced,0.9667904376983643
multi_org_balanced,0.9222676157951355
multi_org_balanced,0.7735611796379089
multi_org_balanced,0.9489617943763733
multi_org_balanced,0.9650847911834717
multi_org_balanced,0.971962034702301
multi_org_balanced,0.906461238861084
multi_org_balanced,0.8651115894317627
multi_org_balanced,0.6861464977264404
multi_org_balanced,0.7418215274810791
multi_org_balanced,0.5322316288948059
multi_org_balanced,0.6810958981513977
multi_org_balanced,0.9360926151275635
multi_org_balanced,0.70582115650177
multi_org_balanced,0.8601334691047668
multi_org_balanced,0.7157427072525024
multi_org_balanced,0.8108930587768555
multi_org_balanced,0.8055127859115601
multi_org_balanced,0.8245537281036377
multi_org_balanced,0.8939552307128906
multi_org_balanced,0.8212494850158691
multi_org_balanced,0.9314180016517639
multi_org_balanced,0.819898784160614
multi_org_balanced,0.9449325203895569
multi_org_balanced,0.8935254216194153
multi_org_balanced,0.857661247253418
multi_org_balanced,0.6961439251899719
multi_org_balanced,0.5091856718063354
multi_org_balanced,0.9032155275344849
multi_org_balanced,0.8842392563819885
multi_org_balanced,0.9391825795173645
multi_org_balanced,0.8514721989631653
multi_org_balanced,0.6768863201141357
multi_org_balanced,0.9491325616836548
multi_org_balanced,0.9735634326934814
multi_org_balanced,0.9514415860176086
multi_org_balanced,0.9148557782173157
multi_org_balanced,0.9380555748939514
multi_org_balanced,0.8038522005081177
multi_org_balanced,0.6411506533622742
multi_org_balanced,0.6783629059791565
multi_org_balanced,0.8597771525382996
multi_org_balanced,0.7108134031295776
multi_org_balanced,0.7091734409332275
multi_org_balanced,0.7601279020309448
multi_org_balanced,0.6792320609092712
multi_org_balanced,0.9563719630241394
multi_org_balanced,0.9657905697822571
multi_org_balanced,0.9559136629104614
multi_org_balanced,0.9333908557891846
multi_org_balanced,0.9383454918861389
multi_org_balanced,0.9449443817138672
multi_org_balanced,0.9522607326507568
multi_org_balanced,0.9508640170097351
multi_org_balanced,0.9728371500968933
multi_org_balanced,0.9625645279884338
multi_org_balanced,0.9320999979972839
multi_org_balanced,0.8991301655769348
multi_org_balanced,0.9236249327659607
multi_org_balanced,0.8455997705459595
multi_org_balanced,0.9461172223091125
multi_org_balanced,0.8689289093017578
multi_org_balanced,0.8706603646278381
multi_org_balanced,0.9588611721992493
multi_org_balanced,0.8581764698028564
multi_org_balanced,0.925914466381073
multi_org_balanced,0.8813197612762451
multi_org_balanced,0.9585320949554443
multi_org_balanced,0.9184667468070984
multi_org_balanced,0.8346468806266785
multi_org_balanced,0.8950275182723999
multi_org_balanced,0.8458783030509949
multi_org_balanced,0.698601484298706
multi_org_balanced,0.6116820573806763
multi_org_balanced,0.9472214579582214
multi_org_balanced,0.7612869739532471
multi_org_balanced,0.6915827393531799
multi_org_balanced,0.7295553684234619
multi_org_balanced,0.47560423612594604
multi_org_balanced,0.5472727417945862
multi_org_balanced,0.5688118934631348
multi_org_balanced,0.924497127532959
multi_org_balanced,0.716191291809082
multi_org_balanced,0.8018335103988647
multi_org_balanced,0.6142454743385315
multi_org_balanced,0.9086831212043762
multi_org_balanced,0.8855399489402771
multi_org_balanced,0.7382683753967285
multi_org_balanced,0.6722214221954346
multi_org_balanced,0.5914760231971741
multi_org_balanced,0.8370590209960938
multi_org_balanced,0.6106503009796143
multi_org_balanced,0.7559491991996765
multi_org_balanced,0.5874027013778687
multi_org_balanced,0.6329665780067444
multi_org_balanced,0.8515483140945435
multi_org_balanced,0.6482800841331482
multi_org_balanced,0.6682512760162354
multi_org_balanced,0.8265095949172974
multi_org_balanced,0.8037797212600708
multi_org_balanced,0.6144731640815735
multi_org_balanced,0.5512169003486633
multi_org_balanced,0.5529501438140869
multi_org_balanced,0.5681293606758118
multi_org_balanced,0.8249605298042297
multi_org_balanced,0.6973546743392944
multi_org_balanced,0.9732986092567444
multi_org_balanced,0.7274543046951294
multi_org_balanced,0.9610145092010498
multi_org_balanced,0.9564369916915894
multi_org_balanced,0.7982427477836609
multi_org_balanced,0.8978915810585022
multi_org_balanced,0.9358425736427307
multi_org_balanced,0.8750946521759033
multi_org_balanced,0.7948779463768005
multi_org_balanced,0.9147295355796814
multi_org_balanced,0.962077260017395
multi_org_balanced,0.95975661277771
multi_org_balanced,0.9506693482398987
multi_org_balanced,0.8195738196372986
multi_org_balanced,0.6488454937934875
multi_org_balanced,0.7155976891517639
multi_org_balanced,0.8444715142250061
multi_org_balanced,0.9081000089645386
multi_org_balanced,0.948634922504425
multi_org_balanced,0.7021629214286804
multi_org_balanced,0.5870940089225769
multi_org_balanced,0.7832245826721191
multi_org_balanced,0.6257736086845398
multi_org_balanced,0.9488499164581299
multi_org_balanced,0.8884437680244446
multi_org_balanced,0.9666392803192139
multi_org_balanced,0.9390596747398376
multi_org_balanced,0.958272397518158
multi_org_balanced,0.9719223976135254
multi_org_balanced,0.8470128774642944
multi_org_balanced,0.7427568435668945
multi_org_balanced,0.8871506452560425
multi_org_balanced,0.9740158319473267
multi_org_balanced,0.7082074284553528
multi_org_balanced,0.8978127241134644
multi_org_balanced,0.9485204219818115
multi_org_balanced,0.9334904551506042
multi_org_balanced,0.826293408870697
multi_org_balanced,0.9288901090621948
multi_org_balanced,0.507659375667572
multi_org_balanced,0.9576889872550964
multi_org_balanced,0.8529921770095825
multi_org_balanced,0.9016298651695251
multi_org_balanced,0.9434991478919983
multi_org_balanced,0.891448974609375
multi_org_balanced,0.9656950235366821
multi_org_balanced,0.9596719145774841
multi_org_balanced,0.9750100374221802
multi_org_balanced,0.9754713773727417
multi_org_balanced,0.9420104026794434
multi_org_balanced,0.9545302987098694
multi_org_balanced,0.8993197083473206
multi_org_balanced,0.9807682037353516
multi_org_balanced,0.921441912651062
multi_org_balanced,0.8984196186065674
multi_org_balanced,0.6170477867126465
multi_org_balanced,0.9302327632904053
multi_org_balanced,0.955923318862915
multi_org_balanced,0.9345170855522156
multi_org_balanced,0.9611946940422058
multi_org_balanced,0.879173219203949
multi_org_balanced,0.8339925408363342
multi_org_balanced,0.7470263838768005
multi_org_balanced,0.937721848487854
multi_org_balanced,0.7982736229896545
multi_org_balanced,0.8053044080734253
multi_org_balanced,0.866034746170044
multi_org_balanced,0.8843741416931152
multi_org_balanced,0.6081340312957764
multi_org_balanced,0.7617521286010742
multi_org_balanced,0.6826666593551636
multi_org_balanced,0.6485206484794617
multi_org_balanced,0.7068596482276917
multi_org_balanced,0.881637454032898
multi_org_balanced,0.9246071577072144
multi_org_balanced,0.7571603059768677
multi_org_balanced,0.8032671809196472
multi_org_balanced,0.5283421874046326
multi_org_balanced,0.7809162735939026
multi_org_balanced,0.9280791282653809
multi_org_balanced,0.8850348591804504
multi_org_balanced,0.6851508617401123
multi_org_balanced,0.7336544990539551
multi_org_balanced,0.6767470240592957
multi_org_balanced,0.8939701318740845
multi_org_balanced,0.6965381503105164
multi_org_balanced,0.7216670513153076
multi_org_balanced,0.7599570751190186
multi_org_balanced,0.8249523639678955
multi_org_balanced,0.9270840287208557
multi_org_balanced,0.6991166472434998
multi_org_balanced,0.7055864334106445
multi_org_balanced,0.6990556120872498
multi_org_balanced,0.5745994448661804
multi_org_balanced,0.7175419330596924
multi_org_balanced,0.7207403182983398
multi_org_balanced,0.6479098200798035
multi_org_balanced,0.705782413482666
multi_org_balanced,0.6817182302474976
multi_org_balanced,0.626350462436676
multi_org_balanced,0.6728954911231995
multi_org_balanced,0.5621636509895325
multi_org_balanced,0.6713767647743225
multi_org_balanced,0.7397010922431946
multi_org_balanced,0.7689216136932373
multi_org_balanced,0.6438422203063965
multi_org_balanced,0.7528582811355591
multi_org_balanced,0.612163782119751
multi_org_balanced,0.610490083694458
multi_org_balanced,0.6579173803329468
multi_org_balanced,0.9490278959274292
multi_org_balanced,0.7137128710746765
multi_org_balanced,0.570583701133728
multi_org_balanced,0.7605248689651489
multi_org_balanced,0.9036567807197571
multi_org_balanced,0.5969357490539551
multi_org_balanced,0.7427054643630981
multi_org_balanced,0.9069091081619263
multi_org_balanced,0.6485818028450012
multi_org_balanced,0.638557493686676
multi_org_balanced,0.7396020889282227
multi_org_balanced,0.6719986200332642
multi_org_balanced,0.6258566379547119
multi_org_balanced,0.9363956451416016
multi_org_balanced,0.5628753900527954
multi_org_balanced,0.8231953978538513
multi_org_balanced,0.7281478047370911
multi_org_balanced,0.9235342144966125
multi_org_balanced,0.6975274682044983
multi_org_balanced,0.4748496115207672
multi_org_balanced,0.5549216270446777
multi_org_balanced,0.9096325635910034
multi_org_balanced,0.5809013247489929
multi_org_balanced,0.7484502792358398
multi_org_balanced,0.964111328125
multi_org_balanced,0.8018584251403809
multi_org_balanced,0.6950928568840027
multi_org_balanced,0.852102518081665
multi_org_balanced,0.6282862424850464
multi_org_balanced,0.5486341714859009
multi_org_balanced,0.7964317798614502
multi_org_balanced,0.7195866107940674
multi_org_balanced,0.8249272108078003
multi_org_balanced,0.6841623783111572
multi_org_balanced,0.8327300548553467
multi_org_balanced,0.561508297920227
multi_org_balanced,0.704475462436676
multi_org_balanced,0.9178996086120605
multi_org_balanced,0.7330163717269897
multi_org_balanced,0.9135187268257141
multi_org_balanced,0.9463032484054565
multi_org_balanced,0.6841385364532471
multi_org_balanced,0.8103855848312378
multi_org_balanced,0.9068403244018555
multi_org_balanced,0.9252133369445801
multi_org_balanced,0.5563580393791199
multi_org_balanced,0.9331415295600891
multi_org_balanced,0.8453966379165649
multi_org_balanced,0.9782029390335083
multi_org_balanced,0.9571596384048462
multi_org_balanced,0.9687485098838806
multi_org_balanced,0.9466882348060608
multi_org_balanced,0.9421542882919312
multi_org_balanced,0.959482729434967
multi_org_balanced,0.9651671648025513
multi_org_balanced,0.9308800101280212
multi_org_balanced,0.9691529870033264
multi_org_balanced,0.9620816707611084
multi_org_balanced,0.6608575582504272
multi_org_balanced,0.6772320866584778
multi_org_balanced,0.765026330947876
multi_org_balanced,0.9598151445388794
multi_org_balanced,0.7395259141921997
multi_org_balanced,0.8204209208488464
multi_org_balanced,0.8875945210456848
multi_org_balanced,0.8305926322937012
multi_org_balanced,0.8585643768310547
multi_org_balanced,0.8628940582275391
multi_org_balanced,0.9615461826324463
multi_org_balanced,0.9495304822921753
multi_org_balanced,0.8837687969207764
multi_org_balanced,0.9000709056854248
multi_org_balanced,0.9425048828125
multi_org_balanced,0.7705096006393433
multi_org_balanced,0.5885764360427856
multi_org_balanced,0.9290065765380859
multi_org_balanced,0.9601014256477356
multi_org_balanced,0.9496829509735107
multi_org_balanced,0.9577388167381287
multi_org_balanced,0.9149327278137207
multi_org_balanced,0.955914318561554
multi_org_balanced,0.9707493185997009
multi_org_balanced,0.9433192610740662
multi_org_balanced,0.9690147042274475
multi_org_balanced,0.9583294987678528
multi_org_balanced,0.9771333932876587
multi_org_balanced,0.8500202298164368
multi_org_balanced,0.9193435907363892
multi_org_balanced,0.8736162185668945
multi_org_balanced,0.8773744702339172
multi_org_balanced,0.8327112197875977
multi_org_balanced,0.859657347202301
multi_org_balanced,0.9538435935974121
multi_org_balanced,0.9189120531082153
multi_org_balanced,0.6231349110603333
multi_org_balanced,0.6447661519050598
multi_org_balanced,0.8378771543502808
multi_org_balanced,0.8381926417350769
multi_org_balanced,0.9141602516174316
multi_org_balanced,0.9316562414169312
multi_org_balanced,0.9338358044624329
multi_org_balanced,0.9360510110855103
multi_org_balanced,0.9751203060150146
multi_org_balanced,0.9649086594581604
multi_org_balanced,0.9788805246353149
multi_org_balanced,0.6992456912994385
multi_org_balanced,0.7834864258766174
multi_org_balanced,0.9354360103607178
multi_org_balanced,0.9380534291267395
multi_org_balanced,0.9153568744659424
multi_org_balanced,0.9095538258552551
multi_org_balanced,0.922477662563324
multi_org_balanced,0.9353159666061401
multi_org_balanced,0.8831359148025513
multi_org_balanced,0.931267261505127
multi_org_balanced,0.9101573824882507
multi_org_balanced,0.948755145072937
multi_org_balanced,0.7963612079620361
multi_org_balanced,0.8719165921211243
multi_org_balanced,0.8997471928596497
multi_org_balanced,0.9471383690834045
multi_org_balanced,0.8997147083282471
multi_org_balanced,0.878977358341217
multi_org_balanced,0.9228634834289551
multi_org_balanced,0.7560787796974182
multi_org_balanced,0.9232986569404602
multi_org_balanced,0.8359687924385071
multi_org_balanced,0.9138297438621521
multi_org_balanced,0.9259588718414307
multi_org_balanced,0.9227602481842041
multi_org_balanced,0.9041468501091003
multi_org_balanced,0.8673040866851807
multi_org_balanced,0.928683876991272
multi_org_balanced,0.74161297082901
multi_org_balanced,0.963167667388916
multi_org_balanced,0.7831423878669739
multi_org_balanced,0.7740848660469055
multi_org_balanced,0.9007729291915894
multi_org_balanced,0.6060522198677063
multi_org_balanced,0.8807470798492432
multi_org_balanced,0.9215468168258667
multi_org_balanced,0.9305451512336731
multi_org_balanced,0.9264194369316101
multi_org_balanced,0.7810304760932922
multi_org_balanced,0.9256725311279297
multi_org_balanced,0.9441558718681335
multi_org_balanced,0.6377198100090027
multi_org_balanced,0.9401097297668457
multi_org_balanced,0.9441193342208862
multi_org_balanced,0.9661116600036621
multi_org_balanced,0.966635525226593
multi_org_balanced,0.6491655707359314
multi_org_balanced,0.9398384094238281
multi_org_balanced,0.8585458993911743
multi_org_balanced,0.7681159377098083
multi_org_balanced,0.5982307195663452
multi_org_balanced,0.7006909847259521
multi_org_balanced,0.6256153583526611
multi_org_balanced,0.7613661885261536
multi_org_balanced,0.5816927552223206
multi_org_balanced,0.6418637633323669
multi_org_balanced,0.69889235496521
multi_org_balanced,0.8014488220214844
multi_org_balanced,0.7191094160079956
multi_org_balanced,0.5811958909034729
multi_org_balanced,0.8452277779579163
multi_org_balanced,0.6604572534561157
multi_org_balanced,0.7130534052848816
multi_org_balanced,0.9043147563934326
multi_org_balanced,0.9113175868988037
multi_org_balanced,0.9434916973114014
multi_org_balanced,0.6038253307342529
multi_org_balanced,0.8732107877731323
multi_org_balanced,0.9096601605415344
multi_org_balanced,0.9443520903587341
multi_org_balanced,0.654717206954956
multi_org_balanced,0.8438405990600586
multi_org_balanced,0.6851783990859985
multi_org_balanced,0.9737529754638672
multi_org_balanced,0.9304541945457458
multi_org_balanced,0.7669939994812012
multi_org_balanced,0.5655083656311035
multi_org_balanced,0.7499211430549622
multi_org_balanced,0.8412091135978699
multi_org_balanced,0.9147841334342957
multi_org_balanced,0.6008976697921753
multi_org_balanced,0.563347578048706
multi_org_balanced,0.6377716660499573
multi_org_balanced,0.794480562210083
multi_org_balanced,0.7089980244636536
multi_org_balanced,0.8929443955421448
multi_org_balanced,0.6348096132278442
multi_org_balanced,0.8033362030982971
multi_org_balanced,0.7591491937637329
multi_org_balanced,0.5591495037078857
multi_org_balanced,0.9207141399383545
multi_org_balanced,0.8512162566184998
multi_org_balanced,0.9085853099822998
multi_org_balanced,0.5604349970817566
multi_org_balanced,0.8822910189628601
multi_org_balanced,0.5505174994468689
multi_org_balanced,0.5448992848396301
multi_org_balanced,0.7366346716880798
multi_org_balanced,0.6260248422622681
multi_org_balanced,0.7517449259757996
multi_org_balanced,0.8456517457962036
multi_org_balanced,0.6308859586715698
multi_org_balanced,0.8102728128433228
multi_org_balanced,0.5878942608833313
multi_org_balanced,0.7131387591362
multi_org_balanced,0.8880996704101562
multi_org_balanced,0.8728460669517517
multi_org_balanced,0.5342545509338379
multi_org_balanced,0.8642341494560242
multi_org_balanced,0.6306715607643127
multi_org_balanced,0.80882328748703
multi_org_balanced,0.6960271596908569
multi_org_balanced,0.675898551940918
multi_org_balanced,0.8538579344749451
multi_org_balanced,0.7765987515449524
multi_org_balanced,0.750572919845581
multi_org_balanced,0.7053571939468384
multi_org_balanced,0.6949799656867981
multi_org_balanced,0.7224336862564087
multi_org_balanced,0.5224658250808716
multi_org_balanced,0.7899435758590698
multi_org_balanced,0.6709679365158081
multi_org_balanced,0.6554660201072693
multi_org_balanced,0.6443641185760498
multi_org_balanced,0.47866570949554443
multi_org_balanced,0.5184121131896973
multi_org_balanced,0.8579131364822388
multi_org_balanced,0.5616320967674255
multi_org_balanced,0.6056278944015503
multi_org_balanced,0.70832359790802
multi_org_balanced,0.814028799533844
multi_org_balanced,0.7993779182434082
multi_org_balanced,0.7271420359611511
multi_org_balanced,0.7936123609542847
multi_org_balanced,0.6856293678283691
multi_org_balanced,0.777923047542572
multi_org_balanced,0.74361252784729
multi_org_balanced,0.6978687047958374
multi_org_balanced,0.5003597140312195
multi_org_balanced,0.5419184565544128
multi_org_balanced,0.6211025714874268
multi_org_balanced,0.6788603663444519
multi_org_balanced,0.5577759146690369
multi_org_balanced,0.6982089281082153
multi_org_balanced,0.7429749965667725
multi_org_balanced,0.6121205687522888
multi_org_balanced,0.7423886060714722
multi_org_balanced,0.9431493282318115
multi_org_balanced,0.8833946585655212
multi_org_balanced,0.6435163617134094
multi_org_balanced,0.7947919368743896
multi_org_balanced,0.8254223465919495
multi_org_balanced,0.6673604249954224
multi_org_balanced,0.7985005378723145
multi_org_balanced,0.9294643998146057
multi_org_balanced,0.7121304273605347
multi_org_balanced,0.8746787309646606
multi_org_balanced,0.7362282872200012
multi_org_balanced,0.6978600025177002
multi_org_balanced,0.7958379983901978
multi_org_balanced,0.7500659227371216
multi_org_balanced,0.5488250851631165
multi_org_balanced,0.6828034520149231
multi_org_balanced,0.6291531920433044
multi_org_balanced,0.825187623500824
multi_org_balanced,0.7627105116844177
multi_org_balanced,0.6659451127052307
multi_org_balanced,0.8448191285133362
multi_org_balanced,0.8601681590080261
multi_org_balanced,0.8217501044273376
multi_org_balanced,0.8873804211616516
multi_org_balanced,0.9311453104019165
multi_org_balanced,0.7264032363891602
multi_org_balanced,0.8250570297241211
multi_org_balanced,0.6534266471862793
multi_org_balanced,0.85650235414505
multi_org_balanced,0.844933271408081
multi_org_balanced,0.7883987426757812
multi_org_balanced,0.8804401159286499
multi_org_balanced,0.6694610118865967
multi_org_balanced,0.7758345007896423
multi_org_balanced,0.7112811207771301
multi_org_balanced,0.7669520974159241
multi_org_balanced,0.6408770680427551
multi_org_balanced,0.9584487676620483
multi_org_balanced,0.9666619300842285
multi_org_balanced,0.9322469234466553
multi_org_balanced,0.9481257796287537
multi_org_balanced,0.9289819002151489
multi_org_balanced,0.955763578414917
multi_org_balanced,0.8132433891296387
multi_org_balanced,0.8591639995574951
multi_org_balanced,0.9124256372451782
multi_org_balanced,0.9536830186843872
multi_org_balanced,0.8665606379508972
multi_org_balanced,0.8761994242668152
multi_org_balanced,0.9248926639556885
multi_org_balanced,0.9466177225112915
multi_org_balanced,0.5734274983406067
multi_org_balanced,0.773593544960022
multi_org_balanced,0.8656005263328552
multi_org_balanced,0.9337459802627563
multi_org_balanced,0.8964322805404663
multi_org_balanced,0.510657012462616
multi_org_balanced,0.8255347609519958
multi_org_balanced,0.9200477600097656
multi_org_balanced,0.9580051898956299
multi_org_balanced,0.9601803421974182
multi_org_balanced,0.915885329246521
multi_org_balanced,0.9631531238555908
multi_org_balanced,0.6275084614753723
multi_org_balanced,0.8512619733810425
multi_org_balanced,0.9600856304168701
multi_org_balanced,0.9543996453285217
multi_org_balanced,0.9127604961395264
multi_org_balanced,0.8054034113883972
multi_org_balanced,0.8582363724708557
multi_org_balanced,0.9163656234741211
multi_org_balanced,0.9318653345108032
multi_org_balanced,0.8783374428749084
multi_org_balanced,0.8392533659934998
multi_org_balanced,0.9618434906005859
multi_org_balanced,0.7074716687202454
multi_org_balanced,0.8639576435089111
multi_org_balanced,0.884113073348999
multi_org_balanced,0.8124547600746155
multi_org_balanced,0.643422544002533
multi_org_balanced,0.6148430705070496
multi_org_balanced,0.6589145660400391
multi_org_balanced,0.6515848636627197
multi_org_balanced,0.712317705154419
multi_org_balanced,0.6999897360801697
multi_org_balanced,0.9303998947143555
multi_org_balanced,0.6656716465950012
multi_org_balanced,0.4868423342704773
multi_org_balanced,0.7231799364089966
multi_org_balanced,0.6809766888618469
multi_org_balanced,0.5396845936775208
multi_org_balanced,0.7248861789703369
multi_org_balanced,0.5221637487411499
multi_org_balanced,0.5896713733673096
multi_org_balanced,0.5918834805488586
multi_org_balanced,0.4991110563278198
multi_org_balanced,0.6728987693786621
multi_org_balanced,0.840330958366394
multi_org_balanced,0.9519651532173157
multi_org_balanced,0.9165365695953369
multi_org_balanced,0.8721177577972412
multi_org_balanced,0.9539732933044434
multi_org_balanced,0.9259520769119263
multi_org_balanced,0.5566822290420532
multi_org_balanced,0.6794492602348328
multi_org_balanced,0.7712160348892212
multi_org_balanced,0.6938438415527344
multi_org_balanced,0.7430335879325867
multi_org_balanced,0.5646350979804993
multi_org_balanced,0.8544628024101257
multi_org_balanced,0.8994601964950562
multi_org_balanced,0.7111984491348267
multi_org_balanced,0.9539377093315125
multi_org_balanced,0.9653956890106201
multi_org_balanced,0.7274357676506042
multi_org_balanced,0.5512444376945496
multi_org_balanced,0.7121870517730713
multi_org_balanced,0.8895222544670105
multi_org_balanced,0.7048264741897583
multi_org_balanced,0.8453487753868103
multi_org_balanced,0.6365880966186523
multi_org_balanced,0.8715360164642334
multi_org_balanced,0.9383979439735413
multi_org_balanced,0.9069864749908447
multi_org_balanced,0.6443811655044556
multi_org_balanced,0.9740113615989685
multi_org_balanced,0.9600093364715576
multi_org_balanced,0.825200080871582
multi_org_balanced,0.9246911406517029
multi_org_balanced,0.9423558115959167
multi_org_balanced,0.8579398393630981
multi_org_balanced,0.9730599522590637
multi_org_balanced,0.9200326204299927
multi_org_balanced,0.8059842586517334
multi_org_balanced,0.8998410701751709
multi_org_balanced,0.8092373609542847
multi_org_balanced,0.8015239238739014
multi_org_balanced,0.7700080871582031
multi_org_balanced,0.7637665271759033
multi_org_balanced,0.7774491310119629
multi_org_balanced,0.838836669921875
multi_org_balanced,0.8978386521339417
multi_org_balanced,0.7964888215065002
multi_org_balanced,0.7530604600906372
multi_org_balanced,0.5072246789932251
multi_org_balanced,0.9547004103660583
multi_org_balanced,0.7720775604248047
multi_org_balanced,0.6358352303504944
multi_org_balanced,0.7459213733673096
multi_org_balanced,0.9450003504753113
multi_org_balanced,0.7132205367088318
multi_org_balanced,0.8285530805587769
multi_org_balanced,0.9504445791244507
multi_org_balanced,0.8651663661003113
multi_org_balanced,0.9545773863792419
multi_org_balanced,0.8955600261688232
multi_org_balanced,0.9115086793899536
multi_org_balanced,0.9094856381416321
multi_org_balanced,0.9778969883918762
multi_org_balanced,0.9653056263923645
multi_org_balanced,0.7640844583511353
multi_org_balanced,0.9574248790740967
multi_org_balanced,0.9547605514526367
multi_org_balanced,0.8494040369987488
multi_org_balanced,0.8792838454246521
multi_org_balanced,0.8882226943969727
multi_org_balanced,0.9686126112937927
multi_org_balanced,0.9197991490364075
multi_org_balanced,0.9689927697181702
multi_org_balanced,0.968055009841919
multi_org_balanced,0.6535276770591736
multi_org_balanced,0.7734702229499817
multi_org_balanced,0.8138830661773682
multi_org_balanced,0.8918346166610718
multi_org_balanced,0.8944583535194397
multi_org_balanced,0.89650559425354
multi_org_balanced,0.8580716848373413
multi_org_balanced,0.7191687226295471
multi_org_balanced,0.6151711344718933
multi_org_balanced,0.7033042907714844
multi_org_balanced,0.8138751983642578
multi_org_balanced,0.8635008931159973
multi_org_balanced,0.6976543664932251
multi_org_balanced,0.8972499966621399
multi_org_balanced,0.7439531087875366
multi_org_balanced,0.6817998290061951
multi_org_balanced,0.7754588723182678
multi_org_balanced,0.8868749141693115
multi_org_balanced,0.8704419136047363
multi_org_balanced,0.9125183820724487
multi_org_balanced,0.8317873477935791
multi_org_balanced,0.8659572005271912
multi_org_balanced,0.8750686645507812
multi_org_balanced,0.8799182772636414
multi_org_balanced,0.8722866773605347
multi_org_balanced,0.8472721576690674
multi_org_balanced,0.8326349854469299
multi_org_balanced,0.5634190440177917
multi_org_balanced,0.8383609056472778
multi_org_balanced,0.6880686283111572
multi_org_balanced,0.8583910465240479
multi_org_balanced,0.8248012661933899
multi_org_balanced,0.647408127784729
multi_org_balanced,0.8962041139602661
multi_org_balanced,0.6457136869430542
multi_org_balanced,0.6902327537536621
multi_org_balanced,0.8545252084732056
multi_org_balanced,0.8196339011192322
multi_org_balanced,0.8560689091682434
multi_org_balanced,0.7367465496063232
multi_org_balanced,0.8156849145889282
multi_org_balanced,0.749251127243042
multi_org_balanced,0.8676252961158752
multi_org_balanced,0.9465053081512451
multi_org_balanced,0.8758159875869751
multi_org_balanced,0.6435758471488953
multi_org_balanced,0.6878279447555542
multi_org_balanced,0.9645664691925049
multi_org_balanced,0.9720734357833862
multi_org_balanced,0.9668245911598206
multi_org_balanced,0.9480324983596802
multi_org_balanced,0.9210972785949707
multi_org_balanced,0.6727301478385925
multi_org_balanced,0.5980731248855591
multi_org_balanced,0.9235482215881348
multi_org_balanced,0.9434100389480591
multi_org_balanced,0.8387344479560852
multi_org_balanced,0.9087817072868347
multi_org_balanced,0.9381134510040283
multi_org_balanced,0.887469470500946
multi_org_balanced,0.9268764853477478
multi_org_balanced,0.7970818877220154
multi_org_balanced,0.9025320410728455
multi_org_balanced,0.9080988168716431
multi_org_balanced,0.9637532234191895
multi_org_balanced,0.9433740377426147
multi_org_balanced,0.9771720767021179
multi_org_balanced,0.9048435091972351
multi_org_balanced,0.9576785564422607
multi_org_balanced,0.9638310074806213
multi_org_balanced,0.8940812945365906
multi_org_balanced,0.7530698180198669
multi_org_balanced,0.8252867460250854
multi_org_balanced,0.9156229496002197
multi_org_balanced,0.7013128399848938
multi_org_balanced,0.9255462884902954
multi_org_balanced,0.9595709443092346
multi_org_balanced,0.9489728212356567
multi_org_balanced,0.8307844996452332
multi_org_balanced,0.9306263327598572
multi_org_balanced,0.9133648872375488
multi_org_balanced,0.8835288882255554
multi_org_balanced,0.9707174301147461
multi_org_balanced,0.9542925953865051
multi_org_balanced,0.9469299912452698
multi_org_balanced,0.919035792350769
multi_org_balanced,0.8644241690635681
multi_org_balanced,0.8581856489181519
multi_org_balanced,0.5838145017623901
multi_org_balanced,0.8892441391944885
multi_org_balanced,0.9307042956352234
multi_org_balanced,0.9088668823242188
multi_org_balanced,0.9725239276885986
multi_org_balanced,0.891086220741272
multi_org_balanced,0.8662692308425903
multi_org_balanced,0.9686309099197388
multi_org_balanced,0.8525592684745789
multi_org_balanced,0.9569953680038452
multi_org_balanced,0.9520292282104492
multi_org_balanced,0.8830448389053345
multi_org_balanced,0.5555819272994995
multi_org_balanced,0.8079028725624084
multi_org_balanced,0.7589454054832458
multi_org_balanced,0.7268692255020142
multi_org_balanced,0.9106418490409851
multi_org_balanced,0.8906984329223633
multi_org_balanced,0.9385543465614319
multi_org_balanced,0.9538154006004333
multi_org_balanced,0.9753068089485168
multi_org_balanced,0.9095098972320557
multi_org_balanced,0.9637959003448486
multi_org_balanced,0.8626813888549805
multi_org_balanced,0.9056378602981567
multi_org_balanced,0.895070493221283
multi_org_balanced,0.6729510426521301
multi_org_balanced,0.7148730754852295
multi_org_balanced,0.7241977453231812
multi_org_balanced,0.9231142401695251
multi_org_balanced,0.663550615310669
multi_org_balanced,0.9428849816322327
multi_org_balanced,0.7962952852249146
multi_org_balanced,0.6364863514900208
multi_org_balanced,0.9280110597610474
multi_org_balanced,0.8234207034111023
multi_org_balanced,0.603791356086731
multi_org_balanced,0.9205398559570312
multi_org_balanced,0.6854281425476074
multi_org_balanced,0.890216588973999
multi_org_balanced,0.9135643839836121
multi_org_balanced,0.615944504737854
multi_org_balanced,0.7965993285179138
multi_org_balanced,0.704449474811554
multi_org_balanced,0.6836651563644409
multi_org_balanced,0.5793636441230774
multi_org_balanced,0.5831407308578491
multi_org_balanced,0.5739870667457581
multi_org_balanced,0.6659658551216125
multi_org_balanced,0.687606692314148
multi_org_balanced,0.6868141293525696
multi_org_balanced,0.779269278049469
multi_org_balanced,0.6176818013191223
multi_org_balanced,0.5997629165649414
multi_org_balanced,0.5889981985092163
multi_org_balanced,0.9296407103538513
multi_org_balanced,0.6974365711212158
multi_org_balanced,0.677703857421875
multi_org_balanced,0.7848308086395264
multi_org_balanced,0.6715152859687805
multi_org_balanced,0.9398324489593506
multi_org_balanced,0.9030945897102356
multi_org_balanced,0.560850977897644
multi_org_balanced,0.5807071924209595
multi_org_balanced,0.7507060766220093
multi_org_balanced,0.9264271259307861
multi_org_balanced,0.7777018547058105
multi_org_balanced,0.7547287344932556
multi_org_balanced,0.604013204574585
multi_org_balanced,0.6731663346290588
multi_org_balanced,0.7389904260635376
multi_org_balanced,0.7559388279914856
multi_org_balanced,0.6831044554710388
multi_org_balanced,0.6650714874267578
multi_org_balanced,0.7018933892250061
multi_org_balanced,0.9226254224777222
multi_org_balanced,0.9498509168624878
multi_org_balanced,0.9167259931564331
multi_org_balanced,0.9315235018730164
multi_org_balanced,0.8386296033859253
multi_org_balanced,0.8876309394836426
multi_org_balanced,0.9196942448616028
multi_org_balanced,0.6278946399688721
multi_org_balanced,0.6502231955528259
multi_org_balanced,0.9225068092346191
multi_org_balanced,0.6964266300201416
multi_org_balanced,0.9395929574966431
multi_org_balanced,0.698435366153717
multi_org_balanced,0.9717087745666504
multi_org_balanced,0.9600823521614075
multi_org_balanced,0.9342120885848999
multi_org_balanced,0.6317655444145203
multi_org_balanced,0.761787474155426
multi_org_balanced,0.659697949886322
multi_org_balanced,0.5858215093612671
multi_org_balanced,0.575736939907074
multi_org_balanced,0.7330454587936401
multi_org_balanced,0.5898010730743408
multi_org_balanced,0.6822080016136169
multi_org_balanced,0.7615545988082886
multi_org_balanced,0.8244119882583618
multi_org_balanced,0.8830068707466125
multi_org_balanced,0.7395638823509216
multi_org_balanced,0.7114241719245911
multi_org_balanced,0.8620771765708923
multi_org_balanced,0.9247772097587585
multi_org_balanced,0.6423597931861877
multi_org_balanced,0.5663570165634155
multi_org_balanced,0.8077353835105896
multi_org_balanced,0.7136730551719666
multi_org_balanced,0.7617706656455994
multi_org_balanced,0.6308634877204895
multi_org_balanced,0.7976593375205994
multi_org_balanced,0.8811119198799133
multi_org_balanced,0.728928804397583
multi_org_balanced,0.548719048500061
multi_org_balanced,0.8464463353157043
multi_org_balanced,0.6952751874923706
multi_org_balanced,0.8967657685279846
multi_org_balanced,0.7559906244277954
multi_org_balanced,0.797203779220581
multi_org_balanced,0.6399177312850952
multi_org_balanced,0.8607852458953857
multi_org_balanced,0.9607981443405151
multi_org_balanced,0.9473083019256592
multi_org_balanced,0.6342587471008301
multi_org_balanced,0.6310388445854187
multi_org_balanced,0.7216172218322754
multi_org_balanced,0.8572215437889099
multi_org_balanced,0.6307981014251709
multi_org_balanced,0.7955611944198608
multi_org_balanced,0.6849443912506104
multi_org_balanced,0.886673092842102
multi_org_balanced,0.5588608384132385
multi_org_balanced,0.6315997838973999
multi_org_balanced,0.7218201160430908
multi_org_balanced,0.7966957092285156
multi_org_balanced,0.5475302934646606
multi_org_balanced,0.8560545444488525
multi_org_balanced,0.6952544450759888
multi_org_balanced,0.6576660871505737
multi_org_balanced,0.9702292680740356
multi_org_balanced,0.9368413686752319
multi_org_balanced,0.8974277377128601
multi_org_balanced,0.9530898928642273
multi_org_balanced,0.9686163067817688
multi_org_balanced,0.9123547077178955
multi_org_balanced,0.93512362241745
multi_org_balanced,0.818933367729187
multi_org_balanced,0.8936319947242737
multi_org_balanced,0.5667640566825867
multi_org_balanced,0.8344309329986572
multi_org_balanced,0.9619371891021729
multi_org_balanced,0.9642454981803894
multi_org_balanced,0.8896686434745789
multi_org_balanced,0.9686824083328247
multi_org_balanced,0.9670795202255249
multi_org_balanced,0.767622709274292
multi_org_balanced,0.7331252098083496
multi_org_balanced,0.9552424550056458
multi_org_balanced,0.8323764801025391
multi_org_balanced,0.8913676142692566
multi_org_balanced,0.8988497257232666
multi_org_balanced,0.9416510462760925
multi_org_balanced,0.9216029047966003
multi_org_balanced,0.9419146776199341
multi_org_balanced,0.9707543849945068
multi_org_balanced,0.9678250551223755
multi_org_balanced,0.9052921533584595
multi_org_balanced,0.9619850516319275
multi_org_balanced,0.9653941988945007
multi_org_balanced,0.8628840446472168
multi_org_balanced,0.6359425783157349
multi_org_balanced,0.9317488074302673
multi_org_balanced,0.6831070780754089
multi_org_balanced,0.504557728767395
multi_org_balanced,0.9386696815490723
multi_org_balanced,0.8436618447303772
multi_org_balanced,0.8416635990142822
multi_org_balanced,0.9086304306983948
multi_org_balanced,0.8323761224746704
multi_org_balanced,0.9248847365379333
multi_org_balanced,0.8119911551475525
multi_org_balanced,0.8748033046722412
multi_org_balanced,0.9533154964447021
multi_org_balanced,0.6645736694335938
multi_org_balanced,0.9548096656799316
multi_org_balanced,0.92877197265625
multi_org_balanced,0.9573143124580383
multi_org_balanced,0.9279035329818726
multi_org_balanced,0.4606558084487915
multi_org_balanced,0.9048470258712769
multi_org_balanced,0.68681800365448
multi_org_balanced,0.6916435956954956
multi_org_balanced,0.8924862146377563
multi_org_balanced,0.8970901966094971
multi_org_balanced,0.9112063050270081
multi_org_balanced,0.9716367721557617
multi_org_balanced,0.8873324394226074
multi_org_balanced,0.8941770792007446
multi_org_balanced,0.9076291918754578
multi_org_balanced,0.5069777369499207
multi_org_balanced,0.9569342136383057
multi_org_balanced,0.9415798783302307
multi_org_balanced,0.8623505234718323
multi_org_balanced,0.8963145613670349
multi_org_balanced,0.9607109427452087
multi_org_balanced,0.9614865779876709
multi_org_balanced,0.9596222639083862
multi_org_balanced,0.9500117301940918
multi_org_balanced,0.9152963161468506
multi_org_balanced,0.8032350540161133
multi_org_balanced,0.8837606310844421
multi_org_balanced,0.9310085773468018
multi_org_balanced,0.8878951668739319
multi_org_balanced,0.7594964504241943
multi_org_balanced,0.9041761159896851
multi_org_balanced,0.9119958877563477
multi_org_balanced,0.9025830030441284
multi_org_balanced,0.9277657270431519
multi_org_balanced,0.9708714485168457
multi_org_balanced,0.9590970873832703
multi_org_balanced,0.9446545839309692
multi_org_balanced,0.9391874074935913
multi_org_balanced,0.9197872281074524
multi_org_balanced,0.8946376442909241
multi_org_balanced,0.849228024482727
multi_org_balanced,0.9056101441383362
multi_org_balanced,0.9359394311904907
multi_org_balanced,0.8719478249549866
multi_org_balanced,0.9616082310676575
multi_org_balanced,0.9675378799438477
multi_org_balanced,0.9739490747451782
multi_org_balanced,0.9339236617088318
multi_org_balanced,0.962384045124054
multi_org_balanced,0.8766828179359436
multi_org_balanced,0.8839375972747803
multi_org_balanced,0.9309335350990295
multi_org_balanced,0.9469072222709656
multi_org_balanced,0.9682520627975464
multi_org_balanced,0.9058855175971985
multi_org_balanced,0.8916388750076294
multi_org_balanced,0.8499287366867065
multi_org_balanced,0.5290693640708923
multi_org_balanced,0.8218266367912292
multi_org_balanced,0.9386543035507202
multi_org_balanced,0.9202117919921875
multi_org_balanced,0.9346976280212402
multi_org_balanced,0.6228747367858887
multi_org_balanced,0.7151402235031128
multi_org_balanced,0.9490145444869995
multi_org_balanced,0.9049391746520996
multi_org_balanced,0.7827602028846741
multi_org_balanced,0.937527596950531
multi_org_balanced,0.9045252203941345
multi_org_balanced,0.6685720086097717
multi_org_balanced,0.6883234977722168
multi_org_balanced,0.8032814264297485
multi_org_balanced,0.6300542950630188
multi_org_balanced,0.5734249353408813
multi_org_balanced,0.7508833408355713
multi_org_balanced,0.6462759375572205
multi_org_balanced,0.5852128267288208
multi_org_balanced,0.919741153717041
multi_org_balanced,0.6796711683273315
multi_org_balanced,0.8732999563217163
multi_org_balanced,0.74662846326828
multi_org_balanced,0.6809914112091064
multi_org_balanced,0.6323733925819397
multi_org_balanced,0.6050705909729004
multi_org_balanced,0.7644359469413757
multi_org_balanced,0.7828530073165894
multi_org_balanced,0.5674021244049072
multi_org_balanced,0.7045632004737854
multi_org_balanced,0.5545362830162048
multi_org_balanced,0.7218338251113892
multi_org_balanced,0.7086485028266907
multi_org_balanced,0.6268982291221619
multi_org_balanced,0.5167680978775024
multi_org_balanced,0.8174648284912109
multi_org_balanced,0.839247465133667
multi_org_balanced,0.7868199348449707
multi_org_balanced,0.944065511226654
multi_org_balanced,0.7779414057731628
multi_org_balanced,0.5197343230247498
multi_org_balanced,0.9472049474716187
multi_org_balanced,0.8486023545265198
multi_org_balanced,0.7429256439208984
multi_org_balanced,0.8917712569236755
multi_org_balanced,0.7965129613876343
multi_org_balanced,0.6149677634239197
multi_org_balanced,0.7357532382011414
multi_org_balanced,0.5236132144927979
multi_org_balanced,0.7646090984344482
multi_org_balanced,0.8963669538497925
multi_org_balanced,0.6691902279853821
multi_org_balanced,0.7822273969650269
multi_org_balanced,0.7783032059669495
multi_org_balanced,0.8717979788780212
multi_org_balanced,0.8918368816375732
multi_org_balanced,0.7733308672904968
multi_org_balanced,0.7105935215950012
multi_org_balanced,0.6627926826477051
multi_org_balanced,0.5537459254264832
multi_org_balanced,0.6158475279808044
multi_org_balanced,0.6383360028266907
multi_org_balanced,0.726392388343811
multi_org_balanced,0.730154812335968
multi_org_balanced,0.5881285071372986
multi_org_balanced,0.6642752885818481
multi_org_balanced,0.6848605275154114
multi_org_balanced,0.7681914567947388
multi_org_balanced,0.638113260269165
multi_org_balanced,0.9027184844017029
multi_org_balanced,0.8845531344413757
multi_org_balanced,0.7538196444511414
multi_org_balanced,0.7262992858886719
multi_org_balanced,0.5942186713218689
multi_org_balanced,0.7685553431510925
multi_org_balanced,0.4994882047176361
multi_org_balanced,0.778451681137085
multi_org_balanced,0.8463749885559082
multi_org_balanced,0.8220226764678955
multi_org_balanced,0.7274457216262817
multi_org_balanced,0.7794707417488098
multi_org_balanced,0.9272344708442688
multi_org_balanced,0.6278138160705566
multi_org_balanced,0.8849592804908752
multi_org_balanced,0.7937861084938049
multi_org_balanced,0.7436442375183105
multi_org_balanced,0.9350124001502991
multi_org_balanced,0.7934825420379639
multi_org_balanced,0.8627976775169373
multi_org_balanced,0.8537392020225525
multi_org_balanced,0.7471577525138855
multi_org_balanced,0.6818678975105286
multi_org_balanced,0.7486228346824646
multi_org_balanced,0.7886508107185364
multi_org_balanced,0.6395369172096252
multi_org_balanced,0.7259534597396851
multi_org_balanced,0.6645467877388
multi_org_balanced,0.7692277431488037
multi_org_balanced,0.7453023791313171
multi_org_balanced,0.7121967077255249
multi_org_balanced,0.789233386516571
multi_org_balanced,0.900951087474823
multi_org_balanced,0.5745777487754822
multi_org_balanced,0.7086135149002075
multi_org_balanced,0.9286987781524658
multi_org_balanced,0.6252894997596741
multi_org_balanced,0.7114297151565552
multi_org_balanced,0.8670609593391418
multi_org_balanced,0.9384869933128357
multi_org_balanced,0.8580164313316345
multi_org_balanced,0.9528470039367676
multi_org_balanced,0.9328453540802002
multi_org_balanced,0.9236029982566833
multi_org_balanced,0.901176393032074
multi_org_balanced,0.9292925596237183
multi_org_balanced,0.919203519821167
multi_org_balanced,0.825202226638794
multi_org_balanced,0.940923810005188
multi_org_balanced,0.9680548310279846
multi_org_balanced,0.7227439284324646
multi_org_balanced,0.9706433415412903
multi_org_balanced,0.972380518913269
multi_org_balanced,0.9805600047111511
multi_org_balanced,0.9560575485229492
multi_org_balanced,0.9451333284378052
multi_org_balanced,0.9718866944313049
multi_org_balanced,0.981924831867218
multi_org_balanced,0.9779853820800781
multi_org_balanced,0.9511823654174805
multi_org_balanced,0.9342327117919922
multi_org_balanced,0.9828555583953857
multi_org_balanced,0.945615828037262
multi_org_balanced,0.917343258857727
multi_org_balanced,0.9717110395431519
multi_org_balanced,0.97788006067276
multi_org_balanced,0.9755281209945679
multi_org_balanced,0.9601427316665649
multi_org_balanced,0.9487332701683044
multi_org_balanced,0.9127736687660217
multi_org_balanced,0.9818361401557922
multi_org_balanced,0.9846186637878418
multi_org_balanced,0.9848085641860962
multi_org_balanced,0.9656417369842529
multi_org_balanced,0.9703752994537354
multi_org_balanced,0.805717408657074
multi_org_balanced,0.9674872159957886
multi_org_balanced,0.9571081399917603
multi_org_balanced,0.9696592092514038
multi_org_balanced,0.9669877886772156
multi_org_balanced,0.9612635374069214
multi_org_balanced,0.9553923010826111
multi_org_balanced,0.9058994054794312
multi_org_balanced,0.9718073606491089
multi_org_balanced,0.5820441246032715
multi_org_balanced,0.6095372438430786
multi_org_balanced,0.9702933430671692
multi_org_balanced,0.9687966704368591
multi_org_balanced,0.9736970067024231
multi_org_balanced,0.931786060333252
multi_org_balanced,0.6657553911209106
multi_org_balanced,0.935267448425293
multi_org_balanced,0.9647626876831055
multi_org_balanced,0.8855071663856506
multi_org_balanced,0.9085550904273987
multi_org_balanced,0.9696301817893982
multi_org_balanced,0.9604844450950623
multi_org_balanced,0.7321588397026062
multi_org_balanced,0.9450947046279907
multi_org_balanced,0.9500076770782471
multi_org_balanced,0.8857329487800598
multi_org_balanced,0.9210624098777771
multi_org_balanced,0.8684880137443542
multi_org_balanced,0.9219218492507935
multi_org_balanced,0.9030336737632751
multi_org_balanced,0.9633038640022278
multi_org_balanced,0.8944715857505798
multi_org_balanced,0.9226880073547363
multi_org_balanced,0.9055349230766296
multi_org_balanced,0.6963405609130859
multi_org_balanced,0.9702115058898926
multi_org_balanced,0.9198303818702698
multi_org_balanced,0.9573643803596497
multi_org_balanced,0.9156429767608643
multi_org_balanced,0.9202883839607239
multi_org_balanced,0.9291542172431946
multi_org_balanced,0.9267552495002747
multi_org_balanced,0.9098528623580933
multi_org_balanced,0.9655739068984985
multi_org_balanced,0.9533571600914001
multi_org_balanced,0.9151276350021362
multi_org_balanced,0.9612281322479248
multi_org_balanced,0.9478732347488403
multi_org_balanced,0.7892690896987915
multi_org_balanced,0.938788652420044
multi_org_balanced,0.9011488556861877
multi_org_balanced,0.6878513693809509
multi_org_balanced,0.636981725692749
multi_org_balanced,0.6208767294883728
multi_org_balanced,0.6359348297119141
multi_org_balanced,0.8295494914054871
multi_org_balanced,0.7251560091972351
multi_org_balanced,0.8290778398513794
multi_org_balanced,0.8171031475067139
multi_org_balanced,0.6527878046035767
multi_org_balanced,0.6464844942092896
multi_org_balanced,0.6838061809539795
multi_org_balanced,0.9242668151855469
multi_org_balanced,0.9670810699462891
multi_org_balanced,0.9051191210746765
multi_org_balanced,0.8477022051811218
multi_org_balanced,0.5219417214393616
multi_org_balanced,0.7670838832855225
multi_org_balanced,0.6402899026870728
multi_org_balanced,0.7809732556343079
multi_org_balanced,0.6473711133003235
multi_org_balanced,0.6199874877929688
multi_org_balanced,0.8843607902526855
multi_org_balanced,0.5812505483627319
multi_org_balanced,0.845148503780365
multi_org_balanced,0.7367978692054749
multi_org_balanced,0.949976921081543
multi_org_balanced,0.8639940023422241
multi_org_balanced,0.7088888883590698
multi_org_balanced,0.6593864560127258
multi_org_balanced,0.6874567866325378
multi_org_balanced,0.8516370058059692
multi_org_balanced,0.7718883752822876
multi_org_balanced,0.8618113398551941
multi_org_balanced,0.726656973361969
multi_org_balanced,0.7958368062973022
multi_org_balanced,0.6764561533927917
multi_org_balanced,0.8657797574996948
multi_org_balanced,0.7595282793045044
multi_org_balanced,0.6303215622901917
multi_org_balanced,0.8949288129806519
multi_org_balanced,0.8997076749801636
multi_org_balanced,0.8355781435966492
multi_org_balanced,0.7860195636749268
multi_org_balanced,0.9131549000740051
multi_org_balanced,0.9599863290786743
multi_org_balanced,0.9556930065155029
multi_org_balanced,0.7363116145133972
multi_org_balanced,0.9024192094802856
multi_org_balanced,0.942757248878479
multi_org_balanced,0.9736611843109131
multi_org_balanced,0.9240396022796631
multi_org_balanced,0.955686628818512
multi_org_balanced,0.9759427309036255
multi_org_balanced,0.931045413017273
multi_org_balanced,0.7528799176216125
multi_org_balanced,0.8570130467414856
multi_org_balanced,0.6304258108139038
multi_org_balanced,0.895306408405304
multi_org_balanced,0.7282991409301758
multi_org_balanced,0.919036865234375
multi_org_balanced,0.8977123498916626
multi_org_balanced,0.8868680596351624
multi_org_balanced,0.8200514316558838
multi_org_balanced,0.8887746930122375
multi_org_balanced,0.8586682677268982
multi_org_balanced,0.8596451878547668
multi_org_balanced,0.8620887994766235
multi_org_balanced,0.6117367148399353
multi_org_balanced,0.7032111287117004
multi_org_balanced,0.8482390642166138
multi_org_balanced,0.7857375741004944
multi_org_balanced,0.9437031149864197
multi_org_balanced,0.9010411500930786
multi_org_balanced,0.638643741607666
multi_org_balanced,0.8112066984176636
multi_org_balanced,0.5618000626564026
multi_org_balanced,0.5651452541351318
multi_org_balanced,0.7571017742156982
multi_org_balanced,0.5814058780670166
multi_org_balanced,0.511293888092041
multi_org_balanced,0.5754368305206299
multi_org_balanced,0.9083154201507568
multi_org_balanced,0.8607904314994812
multi_org_balanced,0.9049795866012573
multi_org_balanced,0.5792612433433533
multi_org_balanced,0.8035023212432861
multi_org_balanced,0.7089213728904724
multi_org_balanced,0.7161916494369507
multi_org_balanced,0.9072633981704712
multi_org_balanced,0.954596996307373
multi_org_balanced,0.9488466382026672
multi_org_balanced,0.7824393510818481
multi_org_balanced,0.9500802755355835
multi_org_balanced,0.8775853514671326
multi_org_balanced,0.9146760106086731
multi_org_balanced,0.9597879648208618
multi_org_balanced,0.6865617632865906
multi_org_balanced,0.8527815341949463
multi_org_balanced,0.8099498748779297
multi_org_balanced,0.9369211196899414
multi_org_balanced,0.6099323034286499
multi_org_balanced,0.6569028496742249
multi_org_balanced,0.8588496446609497
multi_org_balanced,0.5705621838569641
multi_org_balanced,0.8854381442070007
multi_org_balanced,0.8298049569129944
multi_org_balanced,0.8505468368530273
multi_org_balanced,0.6325323581695557
multi_org_balanced,0.6278515458106995
multi_org_balanced,0.6743858456611633
multi_org_balanced,0.8321229219436646
multi_org_balanced,0.8399679660797119
multi_org_balanced,0.7575376033782959
multi_org_balanced,0.7772129774093628
multi_org_balanced,0.8461306095123291
multi_org_balanced,0.6533933877944946
multi_org_balanced,0.6243994235992432
multi_org_balanced,0.9251084923744202
multi_org_balanced,0.8477703928947449
multi_org_balanced,0.9661679267883301
multi_org_balanced,0.7152277231216431
multi_org_balanced,0.6454734802246094
multi_org_balanced,0.7957584857940674
multi_org_balanced,0.7055913805961609
multi_org_balanced,0.5219712257385254
multi_org_balanced,0.9207969307899475
multi_org_balanced,0.9050233960151672
multi_org_balanced,0.5684363842010498
multi_org_balanced,0.8626937866210938
multi_org_balanced,0.7757467031478882
multi_org_balanced,0.5696871876716614
multi_org_balanced,0.5342977643013
multi_org_balanced,0.9051239490509033
multi_org_balanced,0.844687283039093
multi_org_balanced,0.7801733016967773
multi_org_balanced,0.7125623226165771
multi_org_balanced,0.5790879130363464
multi_org_balanced,0.6577649116516113
multi_org_balanced,0.6521391272544861
multi_org_balanced,0.6632641553878784
multi_org_balanced,0.7482393980026245
multi_org_balanced,0.47171929478645325
multi_org_balanced,0.5438094139099121
multi_org_balanced,0.9441893100738525
multi_org_balanced,0.6793227791786194
multi_org_balanced,0.9371907711029053
multi_org_balanced,0.9358586668968201
multi_org_balanced,0.5995806455612183
multi_org_balanced,0.6858004331588745
multi_org_balanced,0.7208215594291687
multi_org_balanced,0.48200154304504395
multi_org_balanced,0.7897610068321228
multi_org_balanced,0.47620734572410583
multi_org_balanced,0.6764243841171265
multi_org_balanced,0.7575867772102356
multi_org_balanced,0.9766509532928467
multi_org_balanced,0.7687395215034485
multi_org_balanced,0.9627721905708313
multi_org_balanced,0.9751628637313843
multi_org_balanced,0.4848563075065613
multi_org_balanced,0.9525188207626343
multi_org_balanced,0.9641987681388855
multi_org_balanced,0.7207067608833313
multi_org_balanced,0.6462293863296509
multi_org_balanced,0.5618557929992676
multi_org_balanced,0.6608700156211853
multi_org_balanced,0.7710869908332825
multi_org_balanced,0.8165061473846436
multi_org_balanced,0.5799747109413147
multi_org_balanced,0.8409228920936584
multi_org_balanced,0.8841303586959839
multi_org_balanced,0.6980751752853394
multi_org_balanced,0.9710442423820496
multi_org_balanced,0.8138169050216675
multi_org_balanced,0.5914188623428345
multi_org_balanced,0.8194043040275574
multi_org_balanced,0.7317882776260376
multi_org_balanced,0.6301089525222778
multi_org_balanced,0.4988216161727905
multi_org_balanced,0.8472035527229309
multi_org_balanced,0.7960817217826843
multi_org_balanced,0.6750209331512451
multi_org_balanced,0.8933476209640503
multi_org_balanced,0.6922346353530884
multi_org_balanced,0.7828565239906311
multi_org_balanced,0.84840327501297
multi_org_balanced,0.6967551708221436
multi_org_balanced,0.7598443031311035
multi_org_balanced,0.7751307487487793
multi_org_balanced,0.7055833339691162
multi_org_balanced,0.7518615126609802
multi_org_balanced,0.7328141331672668
multi_org_balanced,0.7470400333404541
multi_org_balanced,0.911766767501831
multi_org_balanced,0.9539414048194885
multi_org_balanced,0.6958234310150146
multi_org_balanced,0.5361509323120117
multi_org_balanced,0.7179020047187805
multi_org_balanced,0.820799708366394
multi_org_balanced,0.8606752157211304
multi_org_balanced,0.7410398125648499
multi_org_balanced,0.6109778881072998
multi_org_balanced,0.8249284029006958
multi_org_balanced,0.9478851556777954
multi_org_balanced,0.9537161588668823
multi_org_balanced,0.749775767326355
multi_org_balanced,0.8277785778045654
multi_org_balanced,0.8931711316108704
multi_org_balanced,0.8216866254806519
multi_org_balanced,0.9226636290550232
multi_org_balanced,0.6974422931671143
multi_org_balanced,0.8361825942993164
multi_org_balanced,0.7474852800369263
multi_org_balanced,0.8942041993141174
multi_org_balanced,0.598192036151886
multi_org_balanced,0.5753583908081055
multi_org_balanced,0.884674072265625
multi_org_balanced,0.9048038721084595
multi_org_balanced,0.602254331111908
multi_org_balanced,0.9563860893249512
multi_org_balanced,0.8703961968421936
multi_org_balanced,0.8112003803253174
multi_org_balanced,0.9165645241737366
multi_org_balanced,0.6862743496894836
multi_org_balanced,0.855578601360321
multi_org_balanced,0.9210320711135864
multi_org_balanced,0.9538376331329346
multi_org_balanced,0.8381911516189575
multi_org_balanced,0.5879122018814087
multi_org_balanced,0.8628177642822266
multi_org_balanced,0.6200165152549744
multi_org_balanced,0.6883563995361328
multi_org_balanced,0.7592830061912537
multi_org_balanced,0.5730538964271545
multi_org_balanced,0.8814385533332825
multi_org_balanced,0.6865478754043579
multi_org_balanced,0.7026921510696411
multi_org_balanced,0.7936133146286011
multi_org_balanced,0.5091246366500854
multi_org_balanced,0.7288723587989807
multi_org_balanced,0.6007898449897766
multi_org_balanced,0.8636244535446167
multi_org_balanced,0.5879489183425903
multi_org_balanced,0.6809655427932739
multi_org_balanced,0.7463703155517578
multi_org_balanced,0.6823106408119202
multi_org_balanced,0.6478603482246399
multi_org_balanced,0.7655291557312012
multi_org_balanced,0.807966947555542
multi_org_balanced,0.8086819648742676
multi_org_balanced,0.578302800655365
multi_org_balanced,0.776921808719635
multi_org_balanced,0.9659410119056702
multi_org_balanced,0.7594687342643738
multi_org_balanced,0.9014565348625183
multi_org_balanced,0.944975733757019
multi_org_balanced,0.9696595072746277
multi_org_balanced,0.9451014995574951
multi_org_balanced,0.9542526602745056
multi_org_balanced,0.9611689448356628
multi_org_balanced,0.9583690166473389
multi_org_balanced,0.9718194007873535
multi_org_balanced,0.7503254413604736
multi_org_balanced,0.9621274471282959
multi_org_balanced,0.8384900093078613
multi_org_balanced,0.9252113103866577
multi_org_balanced,0.9046842455863953
multi_org_balanced,0.8954732418060303
multi_org_balanced,0.9520363807678223
multi_org_balanced,0.9281846880912781
multi_org_balanced,0.938119113445282
multi_org_balanced,0.8407889008522034
multi_org_balanced,0.8147894144058228
multi_org_balanced,0.789121150970459
